image,image_index,num_gt,prob_N,f1_N,precision_N,recall_N,latency_N,prob_S,f1_S,precision_S,recall_S,latency_S,prob_L,f1_L,precision_L,recall_L,latency_L,prob_X,f1_X,precision_X,recall_X,latency_X,selected_0p00,selected_0p10,selected_0p20,selected_0p30,selected_0p40,selected_0p50,selected_0p60,selected_0p70,selected_0p80,selected_0p90,selected_1p00
0000001_02999_d_0000005.jpg,1,127,0.06274225990911296,0.3314917127071823,0.5555555555555556,0.23622047244094488,28.55779099991196,0.06282628285657538,0.41530054644808745,0.6785714285714286,0.2992125984251969,23.49687100013398,0.4504578146090563,0.4631578947368421,0.6984126984126984,0.3464566929133858,49.37980800013975,0.4239736426252554,0.4639175257731959,0.6716417910447762,0.3543307086614173,48.930616000234295,L,L,L,L,L,L,L,L,L,L,L
0000001_03499_d_0000006.jpg,2,77,0.08074120531202639,0.3818181818181818,0.6363636363636364,0.2727272727272727,27.430553999693075,0.07145601727376559,0.3893805309734514,0.6111111111111112,0.2857142857142857,31.683061999956408,0.4431393603747679,0.4132231404958678,0.5681818181818182,0.3246753246753247,42.30730000017502,0.40466341703944014,0.4615384615384615,0.675,0.35064935064935066,30.85568799997418,L,L,L,L,L,L,L,L,L,L,L
0000001_03999_d_0000007.jpg,3,48,0.07991101603488865,0.4054054054054054,0.5769230769230769,0.3125,26.639929999873857,0.04837417843441835,0.43373493975903615,0.5142857142857142,0.375,19.4163269998171,0.35811537359736745,0.5473684210526316,0.5531914893617021,0.5416666666666666,44.44448399999601,0.5135994319333252,0.5360824742268041,0.5306122448979592,0.5416666666666666,32.08384900017336,X,X,X,X,X,X,X,X,X,X,L
0000001_04527_d_0000008.jpg,4,115,0.04541448302579251,0.15714285714285714,0.44,0.09565217391304348,21.69748099959179,0.09818762283578995,0.3875,0.6888888888888889,0.26956521739130435,19.435695000083797,0.367204435662635,0.48235294117647054,0.7454545454545455,0.3565217391304348,29.97606100007033,0.489193458475782,0.4311377245508982,0.6923076923076923,0.3130434782608696,51.63395599993237,X,X,X,X,X,X,X,X,X,L,L
0000001_05249_d_0000009.jpg,5,113,0.05884572210416238,0.6267281105990784,0.6538461538461539,0.6017699115044248,26.753527999971993,0.09249470529426766,0.64,0.6428571428571429,0.6371681415929203,29.076995000195893,0.4043055022042981,0.6995515695067264,0.7090909090909091,0.6902654867256637,46.84228999985862,0.44435407039727176,0.7410714285714286,0.7477477477477478,0.7345132743362832,47.54413399996338,X,X,X,X,X,L,L,L,L,L,L
0000001_05499_d_0000010.jpg,6,140,0.11288223238792673,0.6147186147186148,0.7802197802197802,0.5071428571428571,21.98921299986978,0.11279368258770482,0.6519823788546255,0.8505747126436781,0.5285714285714286,22.870620000048802,0.4727080407029736,0.721311475409836,0.8461538461538461,0.6285714285714286,41.134887999760394,0.30161604432139477,0.7058823529411764,0.8571428571428571,0.6,36.75970499989489,L,L,L,L,L,L,L,L,L,L,L
0000001_05999_d_0000011.jpg,7,115,0.053970301613139336,0.47311827956989244,0.6197183098591549,0.3826086956521739,20.880533999843465,0.09356991401868023,0.5189189189189188,0.6857142857142857,0.41739130434782606,28.753243000210205,0.4002453500547778,0.5894736842105264,0.7466666666666667,0.48695652173913045,29.78972299979432,0.4522144343134028,0.5894736842105264,0.7466666666666667,0.48695652173913045,30.502301999604242,X,X,X,X,X,X,L,L,L,L,L
0000001_07999_d_0000012.jpg,8,136,0.05439202905421283,0.27835051546391754,0.46551724137931033,0.19852941176470587,22.253065000313654,0.047944609627186024,0.36000000000000004,0.5625,0.2647058823529412,20.62734699984503,0.4064797678738982,0.4886877828054299,0.6352941176470588,0.39705882352941174,29.79920799998581,0.49118359344470286,0.4867256637168142,0.6111111111111112,0.40441176470588236,30.277549999937037,X,X,X,X,X,X,X,X,L,L,L
0000001_08414_d_0000013.jpg,9,164,0.09046001506625068,0.35398230088495575,0.6451612903225806,0.24390243902439024,30.79044000014619,0.047139417987155215,0.40851063829787226,0.676056338028169,0.2926829268292683,25.817102000019077,0.3609997480677109,0.46969696969696967,0.62,0.3780487804878049,34.88326300021072,0.5014008188788833,0.5037037037037037,0.6415094339622641,0.4146341463414634,50.62891299985495,X,X,X,X,X,X,X,X,X,X,L
0000021_00000_d_0000001.jpg,10,31,0.09903619657249031,0.22727272727272727,0.38461538461538464,0.16129032258064516,18.854863999877125,0.15744154945639774,0.3181818181818182,0.5384615384615384,0.22580645161290322,23.43891700002132,0.402617493604743,0.3404255319148936,0.5,0.25806451612903225,30.69213899971146,0.34090476036636913,0.3043478260869565,0.4666666666666667,0.22580645161290322,40.89905400041971,L,L,L,L,L,L,L,L,L,L,L
0000021_00500_d_0000002.jpg,11,17,0.15710746735808556,0.29629629629629634,0.4,0.23529411764705882,30.76241500002652,0.1596493114021842,0.41379310344827586,0.5,0.35294117647058826,17.288571999870328,0.3610032923026926,0.43749999999999994,0.4666666666666667,0.4117647058823529,19.427741000072274,0.32223992893703757,0.41379310344827586,0.5,0.35294117647058826,26.8827129998499,L,L,L,L,L,L,L,L,L,N,N
0000021_00800_d_0000003.jpg,12,7,0.1846454599433873,0.39999999999999997,0.375,0.42857142857142855,18.045334999897022,0.14678577147978994,0.39999999999999997,0.375,0.42857142857142855,23.93688900019697,0.4141707039145719,0.5,0.4444444444444444,0.5714285714285714,37.934230000246316,0.2543980646622513,0.7999999999999999,0.75,0.8571428571428571,26.075665000007575,L,L,L,L,L,L,L,L,L,N,N
0000022_00000_d_0000004.jpg,13,41,0.06328746636687638,0.5,0.6296296296296297,0.4146341463414634,30.064716000197222,0.06271340861887355,0.5753424657534246,0.65625,0.5121951219512195,15.596391999679327,0.38962680669732064,0.7692307692307694,0.8108108108108109,0.7317073170731707,39.14707300009468,0.48437231831692956,0.6753246753246753,0.7222222222222222,0.6341463414634146,26.313672000014776,X,X,X,X,X,X,X,X,L,L,L
0000022_00500_d_0000005.jpg,14,32,0.05607551064190594,0.6333333333333334,0.6785714285714286,0.59375,21.893754999837256,0.13550469302333304,0.7540983606557378,0.7931034482758621,0.71875,25.42054300010932,0.38039272434382937,0.8307692307692308,0.8181818181818182,0.84375,33.01096499990308,0.4280270719909322,0.823529411764706,0.7777777777777778,0.875,26.988250000158587,X,X,X,X,X,X,L,L,L,L,L
0000022_01036_d_0000006.jpg,15,16,0.10552683669577967,0.5185185185185185,0.6363636363636364,0.4375,22.794750000230124,0.22843570317961065,0.5384615384615384,0.7,0.4375,14.587510999717779,0.39305305153839154,0.6666666666666666,0.7142857142857143,0.625,29.12951799999064,0.27298440858621836,0.7058823529411765,0.6666666666666666,0.75,24.864841000180604,L,L,L,L,L,L,L,L,L,L,L
0000022_01251_d_0000007.jpg,16,12,0.09871478331340335,0.5333333333333333,0.4444444444444444,0.6666666666666666,17.928319000020565,0.13305780898036598,0.6206896551724139,0.5294117647058824,0.75,21.739553999850614,0.4137999613464737,0.4848484848484849,0.38095238095238093,0.6666666666666666,41.93172300028891,0.35442744635975737,0.4827586206896552,0.4117647058823529,0.5833333333333334,47.63987900014399,L,L,L,L,L,L,L,L,L,L,L
0000023_00000_d_0000008.jpg,17,40,0.06328746636687638,0.5074626865671642,0.6296296296296297,0.425,29.302838000148768,0.06271340861887355,0.5555555555555556,0.625,0.5,19.05725699998584,0.3896268066973206,0.7272727272727273,0.7567567567567568,0.7,33.04031500010751,0.48437231831692956,0.6842105263157895,0.7222222222222222,0.65,39.17359100023532,X,X,X,X,X,X,X,X,L,L,L
0000023_00300_d_0000009.jpg,18,30,0.09464651442415477,0.4,0.44,0.36666666666666664,26.624921999882645,0.08419277904166071,0.423076923076923,0.5,0.36666666666666664,17.38961000000927,0.39213068927115885,0.4210526315789474,0.4444444444444444,0.4,28.116242000123748,0.4290300172630258,0.5,0.5,0.5,45.577881000099296,X,X,X,X,X,L,L,L,L,L,L
0000023_00868_d_0000010.jpg,19,20,0.1122504105453521,0.5405405405405405,0.5882352941176471,0.5,17.614978999972664,0.1491293323410171,0.45,0.45,0.45,15.744078000352602,0.41253954224261297,0.55,0.55,0.55,27.47611799986771,0.32608071487101825,0.65,0.65,0.65,24.569662999965658,L,L,L,L,L,L,L,L,L,L,L
0000023_01233_d_0000011.jpg,20,14,0.08647674680174587,0.42857142857142855,0.42857142857142855,0.42857142857142855,17.851349000011396,0.150612247516648,0.5161290322580646,0.47058823529411764,0.5714285714285714,20.506967999608605,0.3808262082494442,0.6206896551724138,0.6,0.6428571428571429,31.42691500033834,0.38208479743216234,0.5517241379310344,0.5333333333333333,0.5714285714285714,43.12291999985973,X,L,L,L,L,L,L,L,L,L,L
0000024_00000_d_0000012.jpg,21,21,0.09750089637515741,0.41025641025641024,0.4444444444444444,0.38095238095238093,26.402203000088775,0.1449856339177388,0.4390243902439024,0.45,0.42857142857142855,20.223694999913278,0.37063343689077005,0.45,0.47368421052631576,0.42857142857142855,24.63828099962484,0.38688003281633376,0.4864864864864864,0.5625,0.42857142857142855,35.78291000030731,X,X,X,L,L,L,L,L,L,L,L
0000024_00500_d_0000013.jpg,22,10,0.17186072070605687,0.4210526315789474,0.4444444444444444,0.4,17.648329000166996,0.28314131103769824,0.3157894736842105,0.3333333333333333,0.3,21.035385000232054,0.3003756757654417,0.3,0.3,0.3,26.962327000092046,0.24462229249080325,0.6666666666666665,0.75,0.6,26.900531000137562,L,L,L,L,L,L,L,N,N,N,N
0000024_01000_d_0000014.jpg,23,12,0.11834097465499885,0.3333333333333333,0.5,0.25,17.75701199994728,0.18550099175127585,0.4444444444444444,0.6666666666666666,0.3333333333333333,17.145106000043597,0.3672738576257309,0.3157894736842105,0.42857142857142855,0.25,34.84512299974085,0.3288841759679945,0.35294117647058826,0.6,0.25,44.150999000066804,L,L,L,L,L,L,L,L,L,L,L
0000024_01543_d_0000015.jpg,24,8,0.2301486137948257,0.7999999999999999,0.8571428571428571,0.75,18.00349399991319,0.33512690556614794,0.7142857142857143,0.8333333333333334,0.625,17.18243999994229,0.2724523021857213,0.75,0.75,0.75,23.414854999828094,0.1622721784533055,0.8571428571428571,1.0,0.75,27.589883000018744,S,S,S,S,N,N,N,N,N,N,N
0000026_00000_d_0000024.jpg,25,8,0.42841194843940794,0.9411764705882353,0.8888888888888888,1.0,19.732398000087414,0.35002273751541424,0.875,0.875,0.875,19.031412999993336,0.10741552868459847,0.9411764705882353,0.8888888888888888,1.0,27.105425999707222,0.11414978536057939,1.0,1.0,1.0,33.61012200002733,N,N,N,N,N,N,N,N,N,N,N
0000026_00500_d_0000025.jpg,26,15,0.1524883950926175,0.8484848484848485,0.7777777777777778,0.9333333333333333,19.180259999757254,0.32670671577557264,0.8571428571428571,0.75,1.0,31.920617999730894,0.2907624508836862,0.7428571428571429,0.65,0.8666666666666667,28.194721000090794,0.23004243824812365,0.8,0.7,0.9333333333333333,46.95028900005127,S,S,S,L,L,L,L,L,N,N,N
0000026_01000_d_0000026.jpg,27,25,0.19236599585435177,0.8399999999999999,0.84,0.84,28.44888900017395,0.4641989929951417,0.88,0.88,0.88,19.516387000294344,0.18709524119167895,0.8679245283018867,0.8214285714285714,0.92,26.23926600017512,0.15633976995882753,0.8679245283018867,0.8214285714285714,0.92,24.34628099990732,S,S,S,S,S,S,N,N,N,N,N
0000026_01500_d_0000027.jpg,28,10,0.4635742198304439,0.8181818181818182,0.75,0.9,18.432360000133485,0.40136342522360735,0.6956521739130435,0.6153846153846154,0.8,30.531510999935563,0.07750584707154301,0.8571428571428572,0.8181818181818182,0.9,40.74145300000964,0.05755650787440561,0.8181818181818182,0.75,0.9,45.76226300014241,N,N,N,N,N,N,N,N,N,N,N
0000026_02000_d_0000028.jpg,29,9,0.6051334244982679,0.9473684210526316,0.9,1.0,19.432931000210374,0.22377400798979172,0.761904761904762,0.6666666666666666,0.8888888888888888,21.637116999954742,0.10997703698666673,0.7999999999999999,0.7272727272727273,0.8888888888888888,30.497773999741185,0.06111553052527349,0.9,0.8181818181818182,1.0,36.12481500022113,N,N,N,N,N,N,N,N,N,N,N
0000026_02500_d_0000029.jpg,30,17,0.05350500647367673,0.625,0.6666666666666666,0.5882352941176471,18.509664999783126,0.12387284879137886,0.625,0.6666666666666666,0.5882352941176471,23.75815799996417,0.5103175170900829,0.6666666666666667,0.6875,0.6470588235294118,35.109301000375126,0.3123046276448617,0.8387096774193549,0.9285714285714286,0.7647058823529411,27.241443000093568,L,L,L,L,L,L,L,L,L,L,L
0000026_03000_d_0000030.jpg,31,13,0.6306714163133607,0.9600000000000001,1.0,0.9230769230769231,20.714498999950592,0.22109150233076827,0.9230769230769231,0.9230769230769231,0.9230769230769231,22.951355999794032,0.09965307007168624,0.962962962962963,0.9285714285714286,1.0,28.61351999990802,0.04858401128418486,0.9230769230769231,0.9230769230769231,0.9230769230769231,43.9424199998939,N,N,N,N,N,N,N,N,N,N,N
0000026_03500_d_0000031.jpg,32,23,0.49205549000115745,0.9302325581395349,1.0,0.8695652173913043,22.987909999756084,0.21889981763190267,0.9361702127659574,0.9166666666666666,0.9565217391304348,23.70659300004263,0.16409022984435762,0.9565217391304348,0.9565217391304348,0.9565217391304348,26.584944000205724,0.12495446252258229,0.9565217391304348,0.9565217391304348,0.9565217391304348,33.98340400008237,N,N,N,N,N,N,N,N,N,N,N
0000026_04000_d_0000032.jpg,33,14,0.25439398490316373,0.9032258064516129,0.8235294117647058,1.0,32.48253800029488,0.32488635079344563,0.9333333333333333,0.875,1.0,32.17252600006759,0.24795324415416192,0.9655172413793104,0.9333333333333333,1.0,28.332148999652418,0.17276642014922863,0.9655172413793104,0.9333333333333333,1.0,28.13778000017919,S,S,S,N,N,N,N,N,N,N,N
0000026_04500_d_0000033.jpg,34,47,0.05361945918727686,0.5822784810126582,0.71875,0.48936170212765956,18.905551999978343,0.09031615859100185,0.6024096385542169,0.6944444444444444,0.5319148936170213,25.011641000219242,0.38790949618555876,0.65,0.7878787878787878,0.5531914893617021,27.75723000013386,0.46815488603616257,0.6493506493506493,0.8333333333333334,0.5319148936170213,45.12909699997181,X,X,X,X,X,X,X,X,L,L,L
0000026_04978_d_0000034.jpg,35,45,0.09620444640300349,0.6666666666666667,0.8333333333333334,0.5555555555555556,33.15249299976131,0.13419324199870347,0.6904761904761906,0.7435897435897436,0.6444444444444445,17.411599999832106,0.4177746102229827,0.7088607594936709,0.8235294117647058,0.6222222222222222,26.968484000008175,0.35182770137531033,0.7654320987654321,0.8611111111111112,0.6888888888888889,28.42831899988596,L,L,L,L,L,L,L,L,L,L,L
0000055_00000_d_0000109.jpg,36,101,0.05617073961156682,0.4378698224852071,0.5441176470588235,0.36633663366336633,27.66324000003806,0.1282435477346631,0.5454545454545455,0.7924528301886793,0.4158415841584158,17.165894999834563,0.4000923413925087,0.6011560693641618,0.7222222222222222,0.5148514851485149,26.958128999922337,0.4154933712612614,0.5882352941176471,0.7246376811594203,0.49504950495049505,32.8681979999601,X,X,X,L,L,L,L,L,L,L,L
0000055_00714_d_0000110.jpg,37,85,0.052232174151113836,0.4675324675324676,0.5217391304347826,0.4235294117647059,26.088522000009107,0.11526122171322872,0.5263157894736841,0.5970149253731343,0.47058823529411764,15.964574000008724,0.3617296363996813,0.6266666666666667,0.7230769230769231,0.5529411764705883,25.155717999950866,0.4707769677359763,0.6258503401360543,0.7419354838709677,0.5411764705882353,25.602573000014672,X,X,X,X,X,X,X,X,X,L,L
0000069_00001_d_0000001.jpg,38,34,0.07300009494067049,0.5846153846153845,0.6129032258064516,0.5588235294117647,19.16119499992419,0.11202548147619068,0.6349206349206349,0.6896551724137931,0.5882352941176471,24.092010999993363,0.449911333328413,0.676056338028169,0.6486486486486487,0.7058823529411765,33.454894999977114,0.365063090254726,0.8307692307692308,0.8709677419354839,0.7941176470588235,27.923674000248866,L,L,L,L,L,L,L,L,L,L,L
0000069_00483_d_0000002.jpg,39,27,0.08074642168183695,0.6779661016949152,0.625,0.7407407407407407,18.48968900003456,0.11331901272824572,0.7333333333333333,0.6666666666666666,0.8148148148148148,19.798589999936667,0.4526870116168396,0.7868852459016393,0.7058823529411765,0.8888888888888888,25.183489000028203,0.3532475539730779,0.8666666666666665,0.7878787878787878,0.9629629629629629,25.278227999933733,L,L,L,L,L,L,L,L,L,L,L
0000069_00713_d_0000003.jpg,40,49,0.08670918046748705,0.5274725274725275,0.5714285714285714,0.4897959183673469,19.082566000179213,0.10304138907671263,0.6382978723404255,0.6666666666666666,0.6122448979591837,18.72158300011506,0.42884262203659645,0.6534653465346534,0.6346153846153846,0.673469387755102,25.739150999925187,0.381406808419204,0.7032967032967032,0.7619047619047619,0.6530612244897959,26.21791100000337,L,L,L,L,L,L,L,L,L,L,L
0000069_01109_d_0000004.jpg,41,31,0.05955047535042737,0.4912280701754386,0.5384615384615384,0.45161290322580644,18.334306000269862,0.12421145564631182,0.5964912280701755,0.6538461538461539,0.5483870967741935,25.203215000146884,0.41023544832709,0.634920634920635,0.625,0.6451612903225806,35.021696000058,0.40600262067617104,0.6031746031746031,0.59375,0.6129032258064516,29.093389000081515,L,L,L,L,L,L,L,L,L,L,L
0000069_01878_d_0000005.jpg,42,36,0.07135984642317553,0.7631578947368423,0.725,0.8055555555555556,32.38969099993483,0.11069424625012024,0.75,0.75,0.75,17.372009999689908,0.38828061633767474,0.8219178082191781,0.8108108108108109,0.8333333333333334,25.580126000022574,0.4296652909890294,0.7714285714285715,0.7941176470588235,0.75,27.332556000146724,X,X,X,X,X,X,L,L,L,L,L
0000069_02163_d_0000006.jpg,43,49,0.06769098389682214,0.4883720930232558,0.5675675675675675,0.42857142857142855,18.86894500012204,0.13535254228044744,0.6024096385542169,0.7352941176470589,0.5102040816326531,28.818201999911253,0.4220393584242328,0.6813186813186813,0.7380952380952381,0.6326530612244898,35.37764500015328,0.3749171153984978,0.6590909090909091,0.7435897435897436,0.5918367346938775,26.749905000087892,L,L,L,L,L,L,L,L,L,L,L
0000069_02480_d_0000007.jpg,44,64,0.07217632667926027,0.5242718446601942,0.6923076923076923,0.421875,24.846892999903503,0.10176983185928903,0.5892857142857143,0.6875,0.515625,22.669001999929606,0.3928514929863406,0.6379310344827586,0.7115384615384616,0.578125,26.93491499985612,0.43320234847511047,0.6666666666666665,0.7358490566037735,0.609375,27.306531999784056,X,X,X,X,X,X,L,L,L,L,L
0000072_02834_d_0000003.jpg,45,73,0.05270467598803747,0.7058823529411764,0.675,0.7397260273972602,18.42871499957255,0.09820719462201483,0.7862068965517242,0.7916666666666666,0.7808219178082192,19.586948999858578,0.3888816588881562,0.8333333333333333,0.8450704225352113,0.821917808219178,36.460041999816895,0.46020647050179186,0.8513513513513513,0.84,0.863013698630137,43.14742699989438,X,X,X,X,X,X,X,L,L,L,L
0000076_02142_d_0000009.jpg,46,11,0.08440431174149682,0.7826086956521738,0.75,0.8181818181818182,18.859986000279605,0.23314972543690338,0.8571428571428572,0.9,0.8181818181818182,17.68214799994894,0.294430097379735,0.7999999999999999,0.8888888888888888,0.7272727272727273,31.33937100028561,0.3880158654418644,0.8181818181818182,0.8181818181818182,0.8181818181818182,36.03781899983005,X,X,X,X,X,X,X,X,X,L,L
0000081_00000_d_0000001.jpg,47,86,0.07977318214039916,0.4485981308411215,0.375,0.5581395348837209,19.443023999883735,0.05279404500380722,0.4351464435146444,0.33986928104575165,0.6046511627906976,26.104885000222566,0.40263214354241406,0.48760330578512395,0.3782051282051282,0.686046511627907,29.934907000097155,0.46480062931337973,0.504424778761062,0.40714285714285714,0.6627906976744186,35.25939800010747,X,X,X,X,X,X,X,L,L,L,L
0000086_00000_d_0000001.jpg,48,37,0.04229699759689265,0.5897435897435899,0.5609756097560976,0.6216216216216216,30.134278999867092,0.11396819282475695,0.6582278481012659,0.6190476190476191,0.7027027027027027,16.966640000191546,0.4511968012423747,0.674698795180723,0.6086956521739131,0.7567567567567568,29.907728000125644,0.392538008335976,0.6835443037974683,0.6428571428571429,0.7297297297297297,33.64356800011592,L,L,L,L,L,L,L,L,L,L,L
0000086_00592_d_0000002.jpg,49,65,0.05721979962198865,0.5309734513274336,0.625,0.46153846153846156,30.172647000199504,0.11163175677459423,0.6608695652173914,0.76,0.5846153846153846,19.584132000090904,0.3967061322011877,0.6290322580645161,0.6610169491525424,0.6,25.821229000030144,0.4344423114022296,0.671875,0.6825396825396826,0.6615384615384615,26.39476000013019,X,X,X,X,X,L,L,L,L,L,L
0000086_01084_d_0000003.jpg,50,146,0.053839064450844645,0.4201680672268907,0.5434782608695652,0.3424657534246575,27.379002000088803,0.0636762817062269,0.5609756097560976,0.69,0.4726027397260274,27.77031400000851,0.4170294654529519,0.5873605947955391,0.6422764227642277,0.541095890410959,32.67233999986274,0.46545518838997685,0.616600790513834,0.7289719626168224,0.5342465753424658,47.64697199971124,X,X,X,X,X,X,L,L,L,L,L
0000086_01443_d_0000004.jpg,51,107,0.055850412846731465,0.5698924731182796,0.6708860759493671,0.4953271028037383,18.69531200009078,0.0696567793450176,0.6090909090909091,0.5929203539823009,0.6261682242990654,19.27075000003242,0.3560844179050744,0.6610169491525423,0.6046511627906976,0.7289719626168224,41.81987999982084,0.5184083899031772,0.7280701754385964,0.6859504132231405,0.7757009345794392,20.80980999971871,X,X,X,X,X,X,X,X,X,X,L
0000086_01954_d_0000005.jpg,52,173,0.0644441923476219,0.4,0.5977011494252874,0.30057803468208094,28.466663000017434,0.06915997268625747,0.5166051660516605,0.7142857142857143,0.4046242774566474,14.346068999657291,0.3859212841941336,0.5547945205479452,0.680672268907563,0.4682080924855491,26.734562999990885,0.48047455077198736,0.5902777777777777,0.7391304347826086,0.4913294797687861,26.963781000176823,X,X,X,X,X,X,X,X,L,L,L
0000103_00180_d_0000026.jpg,53,1,0.251822980978467,0.6666666666666666,0.5,1.0,150.73147900011463,0.24832317316442357,1.0,1.0,1.0,20.266236999759712,0.3486462693190953,1.0,1.0,1.0,28.390465000029508,0.15120757653801345,1.0,1.0,1.0,25.72556099994472,L,L,L,L,L,N,N,N,N,N,N
0000103_00502_d_0000027.jpg,54,3,0.5077373620164047,1.0,1.0,1.0,18.575412999780383,0.18936304496855488,1.0,1.0,1.0,25.06828500008851,0.15662352231053758,0.8571428571428571,0.75,1.0,25.471000999914395,0.14627607070450285,0.6666666666666666,0.6666666666666666,0.6666666666666666,26.0264579997056,N,N,N,N,N,N,N,N,N,N,N
0000103_01734_d_0000028.jpg,55,4,0.1459151970866016,0.4285714285714285,0.3,0.75,21.632836000208044,0.2615770262356536,0.28571428571428575,0.3333333333333333,0.25,24.088957000003575,0.40545886053578306,0.4,0.3333333333333333,0.5,23.466633999760234,0.18704891614196154,0.28571428571428575,0.3333333333333333,0.25,26.89213199982987,L,L,L,L,L,L,L,L,L,L,N
0000103_02544_d_0000029.jpg,56,14,0.09939185656670597,0.3870967741935484,0.35294117647058826,0.42857142857142855,19.257367000136583,0.22933208410160458,0.3703703703703704,0.38461538461538464,0.35714285714285715,31.594257000051584,0.3856929433982409,0.6000000000000001,0.5625,0.6428571428571429,38.38521500028946,0.28558311593344865,0.4666666666666667,0.4375,0.5,25.40851100002328,L,L,L,L,L,L,L,L,L,L,L
0000103_02964_d_0000030.jpg,57,10,0.09079098668356841,0.5217391304347826,0.46153846153846156,0.6,27.83590999979424,0.2786013278223299,0.41379310344827586,0.3157894736842105,0.6,20.431233999715914,0.40060146555577303,0.608695652173913,0.5384615384615384,0.7,27.95387300011498,0.23000621993832868,0.34782608695652173,0.3076923076923077,0.4,28.19042500004798,L,L,L,L,L,L,L,L,L,L,L
0000103_03349_d_0000031.jpg,58,4,0.24451659229042289,0.8,0.6666666666666666,1.0,22.637331999703747,0.377200767399438,0.5454545454545454,0.42857142857142855,0.75,21.219272000053024,0.18515678101474686,0.5714285714285715,0.6666666666666666,0.5,37.414468999941164,0.19312585929539228,0.888888888888889,0.8,1.0,27.420892999998614,S,S,S,S,N,N,N,N,N,N,N
0000103_03738_d_0000032.jpg,59,3,0.15853813676053738,0.5,0.4,0.6666666666666666,31.311058000028424,0.2610696886166538,0.8571428571428571,0.75,1.0,31.98283400024593,0.39055250806099234,1.0,1.0,1.0,22.957705999942846,0.18983966656181614,1.0,1.0,1.0,47.69843700023557,L,L,L,L,L,L,L,L,L,L,N
0000103_04122_d_0000033.jpg,60,4,0.2925710542190704,0.5,0.5,0.5,31.130246999964584,0.28711171520405826,0.75,0.75,0.75,18.18221200028347,0.270069564174609,0.8,0.6666666666666666,1.0,26.92695999985517,0.15024766640226228,0.8,0.6666666666666666,1.0,28.16331900021396,N,N,N,N,N,N,N,N,N,N,N
0000103_04513_d_0000034.jpg,61,2,0.5676198894989763,1.0,1.0,1.0,31.85286999996606,0.17867736109372298,1.0,1.0,1.0,20.592662000126438,0.1410750917044867,1.0,1.0,1.0,40.431616000205395,0.11262765770281417,1.0,1.0,1.0,27.275551999991876,N,N,N,N,N,N,N,N,N,N,N
0000103_04948_d_0000035.jpg,62,1,0.7344464822776744,0.0,0.0,0.0,31.31870000015624,0.1304719561552995,0.0,0.0,0.0,31.197740000152407,0.08399455033130815,0.0,0.0,0.0,29.381996999745752,0.05108701123571765,0.0,0.0,0.0,34.517240000241145,N,N,N,N,N,N,N,N,N,N,N
0000115_00315_d_0000080.jpg,63,61,0.10005709151418674,0.3703703703703703,0.75,0.2459016393442623,29.24067699996158,0.10148469223359553,0.41975308641975306,0.85,0.2786885245901639,22.698796999975457,0.5201572739133105,0.3953488372093023,0.68,0.2786885245901639,33.00227399995492,0.2783009423389074,0.4337349397590361,0.8181818181818182,0.29508196721311475,25.993378999828565,L,L,L,L,L,L,L,L,L,L,L
0000115_00796_d_0000081.jpg,64,78,0.08461547006177282,0.47154471544715454,0.6444444444444445,0.3717948717948718,30.746382999950583,0.05615976216639209,0.5039370078740157,0.6530612244897959,0.41025641025641024,22.05936100017425,0.3444900891379013,0.5755395683453238,0.6557377049180327,0.5128205128205128,26.121163999960118,0.514734678633934,0.6518518518518518,0.7719298245614035,0.5641025641025641,26.335299000038503,X,X,X,X,X,X,X,X,X,X,L
0000115_01031_d_0000082.jpg,65,63,0.07107176878653157,0.4324324324324324,0.5,0.38095238095238093,16.269805999854725,0.0744347634101379,0.5225225225225225,0.6041666666666666,0.4603174603174603,22.144647000004625,0.36368736496767173,0.5950413223140496,0.6206896551724138,0.5714285714285714,33.77941999997347,0.49080610283565895,0.6034482758620691,0.660377358490566,0.5555555555555556,45.556132000001526,X,X,X,X,X,X,X,X,X,L,L
0000116_00351_d_0000083.jpg,66,74,0.0635652903429063,0.5645161290322581,0.7,0.47297297297297297,23.1325959998685,0.11513595494676078,0.6201550387596899,0.7272727272727273,0.5405405405405406,28.11388200007059,0.41048178346405584,0.6717557251908397,0.7719298245614035,0.5945945945945946,30.129822000162676,0.41081697124627725,0.6470588235294118,0.7096774193548387,0.5945945945945946,26.943753000068682,X,L,L,L,L,L,L,L,L,L,L
0000116_00819_d_0000084.jpg,67,36,0.05850086805559326,0.43333333333333335,0.5416666666666666,0.3611111111111111,29.972336999890103,0.06283950482837947,0.49275362318840576,0.5151515151515151,0.4722222222222222,28.665487000125722,0.44764396406160195,0.5599999999999999,0.5384615384615384,0.5833333333333334,23.91710600022634,0.4310156630544251,0.5789473684210527,0.55,0.6111111111111112,44.55701400001999,L,L,L,L,L,L,L,L,L,L,L
0000116_01059_d_0000085.jpg,68,70,0.06679255587087089,0.45714285714285724,0.6857142857142857,0.34285714285714286,28.86667699976897,0.06579025952164791,0.5000000000000001,0.6304347826086957,0.4142857142857143,31.810389999918698,0.43636374992442395,0.5739130434782609,0.7333333333333333,0.4714285714285714,28.539524999814603,0.43105343468305757,0.5913043478260869,0.7555555555555555,0.4857142857142857,26.041584000267903,L,L,L,L,L,L,L,L,L,L,L
0000116_01338_d_0000086.jpg,69,54,0.06970315846088082,0.4,0.6153846153846154,0.2962962962962963,29.28665199988245,0.0904661804255254,0.43902439024390244,0.6428571428571429,0.3333333333333333,18.40461600022536,0.39976925995777673,0.5714285714285714,0.8,0.4444444444444444,34.437643000273965,0.44006140115581716,0.5499999999999999,0.8461538461538461,0.4074074074074074,44.8970009997538,X,X,X,X,X,L,L,L,L,L,L
0000117_00112_d_0000087.jpg,70,129,0.07648144306609075,0.43877551020408156,0.6417910447761194,0.3333333333333333,31.0519560002831,0.08699465762722948,0.5130890052356021,0.7903225806451613,0.3798449612403101,18.11946599991643,0.4333384245995921,0.6206896551724138,0.8513513513513513,0.4883720930232558,46.54985299976033,0.40318547470708777,0.6019417475728156,0.8051948051948052,0.4806201550387597,33.52235900001688,L,L,L,L,L,L,L,L,L,L,L
0000117_01326_d_0000088.jpg,71,62,0.07495783502720096,0.33082706766917297,0.30985915492957744,0.3548387096774194,21.85670500011838,0.06698135661567864,0.4413793103448276,0.3855421686746988,0.5161290322580645,18.224322000151005,0.40366440563870726,0.549618320610687,0.5217391304347826,0.5806451612903226,42.001268999683816,0.45439640271841336,0.5441176470588236,0.5,0.5967741935483871,29.72299499970177,X,X,X,X,X,X,L,L,L,L,L
0000117_01731_d_0000089.jpg,72,47,0.05902705976243907,0.5894736842105263,0.5833333333333334,0.5957446808510638,29.976950000218494,0.060536340824455165,0.7173913043478262,0.7333333333333333,0.7021276595744681,23.40814399985902,0.43510208887187163,0.6336633663366336,0.5925925925925926,0.6808510638297872,31.426401999851805,0.44533451054123446,0.6981132075471698,0.6271186440677966,0.7872340425531915,47.94772800005376,X,X,L,L,L,L,L,L,L,L,L
0000117_02708_d_0000090.jpg,73,100,0.09104662419310743,0.3974358974358974,0.5535714285714286,0.31,27.51983400003155,0.07451579471919965,0.47904191616766467,0.5970149253731343,0.4,24.637696999889158,0.41188596347235146,0.5698324022346368,0.6455696202531646,0.51,29.07123999966643,0.42255161761534155,0.6021505376344087,0.6511627906976745,0.56,26.378145999842673,X,X,L,L,L,L,L,L,L,L,L
0000117_03096_d_0000091.jpg,74,24,0.0794767425558879,0.3958333333333333,0.2638888888888889,0.7916666666666666,32.20274799969047,0.07041061004194439,0.4395604395604395,0.29850746268656714,0.8333333333333334,26.685264999741776,0.4204930126049314,0.358974358974359,0.22580645161290322,0.875,32.224150000274676,0.4296196347972366,0.39999999999999997,0.25274725274725274,0.9583333333333334,26.013808000243444,X,X,L,L,L,L,L,L,L,L,L
0000129_02411_d_0000138.jpg,75,186,0.14437379355736563,0.6537216828478963,0.8211382113821138,0.543010752688172,40.79716600017491,0.1348821364348727,0.6970684039087949,0.8842975206611571,0.5752688172043011,23.438068999894313,0.43127443791344433,0.7313915857605178,0.9186991869918699,0.6075268817204301,50.89937499997177,0.2894696320943175,0.7100977198697068,0.9008264462809917,0.5860215053763441,32.98119500004759,L,L,L,L,L,L,L,L,L,L,L
0000153_00001_d_0000001.jpg,76,55,0.03595901577597225,0.5116279069767441,0.7096774193548387,0.4,31.867350000084116,0.09779680121174479,0.5783132530120482,0.8571428571428571,0.43636363636363634,17.626760999974067,0.48066526991460345,0.6136363636363636,0.8181818181818182,0.4909090909090909,39.99508000015339,0.38557891309767983,0.5454545454545455,0.7272727272727273,0.43636363636363634,29.806621999796334,L,L,L,L,L,L,L,L,L,L,L
0000153_00401_d_0000001.jpg,77,59,0.0798234893788186,0.46601941747572817,0.5454545454545454,0.4067796610169492,20.423486000254343,0.05838694411602768,0.5510204081632654,0.6923076923076923,0.4576271186440678,25.66107299981013,0.40280256140024695,0.5306122448979591,0.6666666666666666,0.4406779661016949,37.57792199985488,0.45898700510490703,0.5882352941176471,0.6976744186046512,0.5084745762711864,26.5272419997018,X,X,X,X,X,X,L,L,L,L,L
0000153_00801_d_0000001.jpg,78,49,0.058102205723072155,0.30985915492957744,0.5,0.22448979591836735,16.902577000109886,0.08637167165490968,0.42666666666666664,0.6153846153846154,0.32653061224489793,21.58865000001242,0.4137583351305811,0.4096385542168675,0.5,0.3469387755102041,30.36453300001085,0.44176778749143736,0.39506172839506176,0.5,0.32653061224489793,26.155019999805518,X,X,X,X,L,L,L,L,L,L,L
0000153_01201_d_0000001.jpg,79,59,0.037341012136053335,0.36585365853658536,0.6521739130434783,0.2542372881355932,22.786507999626338,0.07808130019702568,0.40476190476190477,0.68,0.288135593220339,22.630974000094284,0.4706046557387069,0.38297872340425526,0.5142857142857142,0.3050847457627119,25.471332000051916,0.4139730319282138,0.43181818181818177,0.6551724137931034,0.3220338983050847,25.98566199958441,L,L,L,L,L,L,L,L,L,L,L
0000153_01601_d_0000001.jpg,80,63,0.0822851823622923,0.43956043956043955,0.7142857142857143,0.31746031746031744,16.696759999831556,0.05496090290769411,0.4137931034482759,0.75,0.2857142857142857,16.844863999722293,0.4565694783957176,0.5555555555555555,0.9259259259259259,0.3968253968253968,26.59140000014304,0.4061844363342959,0.5333333333333333,0.8888888888888888,0.38095238095238093,38.59294299991234,L,L,L,L,L,L,L,L,L,L,L
0000153_01801_d_0000001.jpg,81,55,0.05389207142755541,0.3950617283950617,0.6153846153846154,0.2909090909090909,29.460849999850325,0.059534169987985906,0.41975308641975306,0.6538461538461539,0.3090909090909091,22.1469180000895,0.4813187551030402,0.4523809523809524,0.6551724137931034,0.34545454545454546,31.2067360000583,0.40525500348141874,0.4651162790697675,0.6451612903225806,0.36363636363636365,32.421553999938624,L,L,L,L,L,L,L,L,L,L,L
0000154_00001_d_0000001.jpg,82,51,0.052114559027841775,0.430379746835443,0.6071428571428571,0.3333333333333333,32.11734600017735,0.047484027173584784,0.45238095238095244,0.5757575757575758,0.37254901960784315,17.483725999682065,0.44609860985382294,0.5274725274725275,0.6,0.47058823529411764,22.850743000162765,0.4543028039447506,0.5454545454545454,0.6486486486486487,0.47058823529411764,26.605863999975554,X,X,L,L,L,L,L,L,L,L,L
0000154_00401_d_0000001.jpg,83,60,0.06893080128014198,0.39175257731958757,0.5135135135135135,0.31666666666666665,17.803435000132595,0.07343392168864785,0.43298969072164945,0.5675675675675675,0.35,15.885480000179086,0.35442726577483463,0.4946236559139786,0.696969696969697,0.38333333333333336,24.46918000032383,0.5032080112563759,0.46808510638297873,0.6470588235294118,0.36666666666666664,26.869619000081002,X,X,X,X,X,X,X,X,X,X,L
0000154_00801_d_0000001.jpg,84,72,0.10052504325940158,0.35294117647058826,0.6,0.25,16.83417799995368,0.03515042576710272,0.4259259259259259,0.6388888888888888,0.3194444444444444,23.216048999984196,0.41491020782849913,0.44642857142857145,0.625,0.3472222222222222,26.141187000121135,0.4494143231449967,0.4444444444444444,0.6666666666666666,0.3333333333333333,47.06485899987456,X,X,X,X,X,L,L,L,L,L,L
0000154_01201_d_0000001.jpg,85,81,0.06569929255274436,0.4552845528455284,0.6666666666666666,0.345679012345679,29.2440359999091,0.06700552306231118,0.512396694214876,0.775,0.38271604938271603,18.172682000113127,0.4539705447712939,0.5563909774436091,0.7115384615384616,0.4567901234567901,27.99324500028888,0.4133246396136506,0.5547445255474452,0.6785714285714286,0.4691358024691358,31.94816300037928,L,L,L,L,L,L,L,L,L,L,L
0000154_01601_d_0000001.jpg,86,101,0.05337377290752738,0.45637583892617456,0.7083333333333334,0.33663366336633666,29.46202299972356,0.058231942207446395,0.5100671140939597,0.7916666666666666,0.37623762376237624,16.73236699980407,0.46093757220368964,0.5605095541401274,0.7857142857142857,0.43564356435643564,35.31658100018831,0.42745671268133656,0.569620253164557,0.7894736842105263,0.44554455445544555,43.68797999995877,L,L,L,L,L,L,L,L,L,L,L
0000154_02001_d_0000001.jpg,87,83,0.09406170337182193,0.4852941176470588,0.6226415094339622,0.39759036144578314,29.719406999902276,0.07208161898166084,0.524822695035461,0.6379310344827587,0.4457831325301205,24.498714999936055,0.3627997376892703,0.5911949685534591,0.618421052631579,0.5662650602409639,34.058410999932676,0.4710569399572473,0.6103896103896105,0.6619718309859155,0.5662650602409639,25.800146000165114,X,X,X,X,X,X,X,X,X,L,L
0000155_00001_d_0000001.jpg,88,97,0.0544984181646365,0.5308641975308641,0.6615384615384615,0.44329896907216493,30.449589999989257,0.0644686080882654,0.5548387096774193,0.7413793103448276,0.44329896907216493,17.206480000368174,0.42477515333573607,0.5555555555555557,0.6923076923076923,0.4639175257731959,32.09951700000602,0.4562578204113622,0.5714285714285714,0.676056338028169,0.4948453608247423,33.257898000101704,X,X,X,X,X,L,L,L,L,L,L
0000155_00401_d_0000001.jpg,89,122,0.07582323603895265,0.5052631578947367,0.7058823529411765,0.39344262295081966,26.05764800000543,0.07782377948637766,0.46236559139784944,0.671875,0.3524590163934426,26.681143999667256,0.4209588599549713,0.5517241379310345,0.691358024691358,0.45901639344262296,38.53241299975707,0.4253941245196986,0.5492227979274611,0.7464788732394366,0.4344262295081967,45.81865899990589,X,L,L,L,L,L,L,L,L,L,L
0000155_00801_d_0000001.jpg,90,106,0.09092150360275765,0.5380116959064327,0.7076923076923077,0.4339622641509434,30.231697000090207,0.06396299250675266,0.5714285714285714,0.7246376811594203,0.4716981132075472,21.064054999897053,0.37152987447266655,0.6276595744680851,0.7195121951219512,0.5566037735849056,27.444180000202323,0.4735856294178235,0.6451612903225807,0.75,0.5660377358490566,44.59538499986593,X,X,X,X,X,X,X,X,X,L,L
0000155_01201_d_0000001.jpg,91,94,0.07490668360002713,0.4722222222222222,0.68,0.3617021276595745,25.173307999921235,0.10094249822498082,0.5359477124183007,0.6949152542372882,0.43617021276595747,20.974734999981592,0.3966075056072188,0.45121951219512196,0.5285714285714286,0.39361702127659576,25.807523000366928,0.4275433125677733,0.5095541401273885,0.6349206349206349,0.425531914893617,47.58168700027454,X,X,X,X,X,L,L,L,L,L,L
0000155_01601_d_0000001.jpg,92,73,0.05840693023228666,0.5547445255474454,0.59375,0.5205479452054794,30.288782000297942,0.09906245147435828,0.6976744186046512,0.8035714285714286,0.6164383561643836,18.485933999727422,0.3965565090441567,0.732824427480916,0.8275862068965517,0.6575342465753424,23.476499000025797,0.44597410924919856,0.7703703703703705,0.8387096774193549,0.7123287671232876,46.44134000000122,X,X,X,X,X,X,L,L,L,L,L
0000155_01871_d_0000001.jpg,93,55,0.06121062989153324,0.425531914893617,0.5128205128205128,0.36363636363636365,21.61325899987787,0.09605422593536148,0.5106382978723405,0.6153846153846154,0.43636363636363634,29.074749999836058,0.42969959982922096,0.4752475247524752,0.5217391304347826,0.43636363636363634,24.305895999987115,0.4130355443438844,0.5360824742268041,0.6190476190476191,0.4727272727272727,41.71304900000905,L,L,L,L,L,L,L,L,L,L,L
0000162_00001_d_0000001.jpg,94,34,0.03645826816922189,0.7017543859649124,0.8695652173913043,0.5882352941176471,28.784556000118755,0.07913914998643297,0.7586206896551724,0.9166666666666666,0.6470588235294118,16.964716999609664,0.5104821503221961,0.7419354838709677,0.8214285714285714,0.6764705882352942,29.488641999705578,0.3739204315221492,0.7333333333333334,0.8461538461538461,0.6470588235294118,33.330374000343,L,L,L,L,L,L,L,L,L,L,L
0000162_00401_d_0000001.jpg,95,45,0.07555818392693855,0.5277777777777777,0.7037037037037037,0.4222222222222222,29.799611999806075,0.07834560423991423,0.5753424657534245,0.75,0.4666666666666667,28.69748300008723,0.41430634068044003,0.5301204819277109,0.5789473684210527,0.4888888888888889,28.7227490002806,0.4317898711527073,0.5822784810126582,0.6764705882352942,0.5111111111111111,28.20155200015506,X,X,X,L,L,L,L,L,L,L,L
0000162_00801_d_0000001.jpg,96,30,0.0398457632278651,0.3846153846153846,0.45454545454545453,0.3333333333333333,19.37478999980158,0.08115285588259166,0.588235294117647,0.7142857142857143,0.5,18.85768400006782,0.48652190446210897,0.6071428571428571,0.6538461538461539,0.5666666666666667,26.667758999792568,0.3924794764274344,0.5964912280701755,0.6296296296296297,0.5666666666666667,22.613432000071043,L,L,L,L,L,L,L,L,L,L,L
0000162_01058_d_0000001.jpg,97,57,0.12706468273819482,0.2162162162162162,0.47058823529411764,0.14035087719298245,24.78196099991692,0.1327783445834532,0.3037974683544304,0.5454545454545454,0.21052631578947367,25.888184999985242,0.3889487670582689,0.3614457831325302,0.5769230769230769,0.2631578947368421,37.555548999989696,0.35120820562008337,0.3,0.5217391304347826,0.21052631578947367,30.55358800020258,L,L,L,L,L,L,L,L,L,L,L
0000163_00001_d_0000001.jpg,98,69,0.09179381953107739,0.5420560747663552,0.7631578947368421,0.42028985507246375,29.426554000110627,0.07024386059091968,0.5504587155963303,0.75,0.43478260869565216,21.54872399978558,0.39866703549312504,0.5535714285714285,0.7209302325581395,0.4492753623188406,25.34370100011074,0.4392952843848782,0.574074074074074,0.7948717948717948,0.4492753623188406,26.831303000108164,X,X,X,X,X,X,L,L,L,L,L
0000163_00359_d_0000001.jpg,99,54,0.09774519474338889,0.4166666666666667,0.8333333333333334,0.2777777777777778,29.68995699984589,0.10277003709699478,0.4473684210526316,0.7727272727272727,0.3148148148148148,21.01565999964805,0.39857505177503394,0.5454545454545454,0.9130434782608695,0.3888888888888889,37.12313699998049,0.4009097163845826,0.5499999999999999,0.8461538461538461,0.4074074074074074,25.84020699987377,X,L,L,L,L,L,L,L,L,L,L
0000165_04325_d_0000105.jpg,100,29,0.07870823405353336,0.5,0.631578947368421,0.41379310344827586,36.11668000030477,0.13768979266906375,0.6274509803921569,0.7272727272727273,0.5517241379310345,32.07799400024669,0.38280571018596,0.5882352941176471,0.6818181818181818,0.5172413793103449,42.40358000015476,0.4007962630914431,0.6415094339622641,0.7083333333333334,0.5862068965517241,48.72193300025174,X,X,X,L,L,L,L,L,L,L,L
0000166_00558_d_0000118.jpg,101,71,0.04919925545096633,0.40740740740740744,0.5945945945945946,0.30985915492957744,34.969958999681694,0.08429096685240627,0.35514018691588783,0.5277777777777778,0.2676056338028169,27.079519999915647,0.4528352574801059,0.4628099173553719,0.56,0.39436619718309857,33.380090999798995,0.4136745202165215,0.40366972477064217,0.5789473684210527,0.30985915492957744,29.13800700025604,L,L,L,L,L,L,L,L,L,L,L
0000193_00000_d_0000103.jpg,102,63,0.05410225220593957,0.5714285714285714,0.8,0.4444444444444444,22.36553099965022,0.04384079741758344,0.6476190476190475,0.8095238095238095,0.5396825396825397,20.633674999771756,0.45849856200429806,0.7130434782608696,0.7884615384615384,0.6507936507936508,28.55747000012343,0.4435583883721791,0.6666666666666666,0.7450980392156863,0.6031746031746031,29.00049800018678,L,L,L,L,L,L,L,L,L,L,L
0000193_01497_d_0000111.jpg,103,87,0.06259061359039929,0.5433526011560693,0.5465116279069767,0.5402298850574713,18.141893000120035,0.0668856602708376,0.5465116279069768,0.5529411764705883,0.5402298850574713,19.361353000022063,0.40706521972212084,0.648936170212766,0.6039603960396039,0.7011494252873564,35.52193799987435,0.4634585064166425,0.6597938144329896,0.5981308411214953,0.735632183908046,29.639687000326376,X,X,X,X,X,X,L,L,L,L,L
0000193_01705_d_0000112.jpg,104,134,0.06174221077089574,0.4927536231884058,0.6986301369863014,0.3805970149253731,30.732033999811392,0.08084992690145335,0.5576923076923076,0.7837837837837838,0.43283582089552236,16.91580900023837,0.4079215700085286,0.6339285714285714,0.7888888888888889,0.5298507462686567,25.668525000128284,0.44948629231912224,0.6507177033492824,0.9066666666666666,0.5074626865671642,27.59578099994542,X,X,X,X,X,X,L,L,L,L,L
0000193_01876_d_0000113.jpg,105,107,0.0795736548189709,0.464516129032258,0.75,0.3364485981308411,31.092690999685146,0.06841216016233582,0.4878048780487805,0.7017543859649122,0.37383177570093457,24.954536000223015,0.4026647677170776,0.5681818181818182,0.7246376811594203,0.4672897196261682,27.68393099995592,0.4493494173016159,0.5730994152046783,0.765625,0.45794392523364486,25.99884600022051,X,X,X,X,X,X,L,L,L,L,L
0000193_02029_d_0000114.jpg,106,93,0.08770238490875666,0.5100671140939598,0.6785714285714286,0.40860215053763443,30.667985000036424,0.060198865082544226,0.6490066225165563,0.8448275862068966,0.5268817204301075,21.209627000189357,0.3790586923967181,0.6410256410256411,0.7936507936507936,0.5376344086021505,30.53142899989325,0.4730400576119813,0.6951219512195121,0.8028169014084507,0.6129032258064516,26.81464599982064,X,X,X,X,X,X,X,X,L,L,L
0000193_02212_d_0000115.jpg,107,78,0.0642074114068257,0.3185840707964602,0.5142857142857142,0.23076923076923078,35.242486000242934,0.059145771880595485,0.37878787878787884,0.46296296296296297,0.32051282051282054,21.192711999901803,0.4231688564412838,0.42424242424242425,0.5185185185185185,0.358974358974359,29.25664400027017,0.45347796027129533,0.4054054054054054,0.42857142857142855,0.38461538461538464,45.93245200021556,X,X,X,X,L,L,L,L,L,L,L
0000193_02416_d_0000116.jpg,108,50,0.0864068601489445,0.33802816901408445,0.5714285714285714,0.24,30.02575699974841,0.0666311764511915,0.43589743589743596,0.6071428571428571,0.34,19.631976999789913,0.4324177233271462,0.6265060240963856,0.7878787878787878,0.52,41.41081099987787,0.41454424007271784,0.5121951219512195,0.65625,0.42,42.33869100016818,L,L,L,L,L,L,L,L,L,L,L
0000193_02606_d_0000117.jpg,109,49,0.12039687342439964,0.25,0.5333333333333333,0.16326530612244897,26.634545999968395,0.13531364814251334,0.43478260869565216,0.75,0.30612244897959184,21.043437000116683,0.3186538213232121,0.5675675675675675,0.84,0.42857142857142855,33.13935899996068,0.4256356571098749,0.4722222222222222,0.7391304347826086,0.3469387755102041,30.830667999907746,X,X,X,X,X,X,X,X,X,L,N
0000193_02725_d_0000118.jpg,110,39,0.05518210720759556,0.41379310344827586,0.631578947368421,0.3076923076923077,30.22997000016403,0.1334321266274113,0.5161290322580646,0.6956521739130435,0.41025641025641024,22.727726000084658,0.40992412525748667,0.6176470588235294,0.7241379310344828,0.5384615384615384,35.34427499971571,0.40146164090750636,0.5294117647058824,0.6206896551724138,0.46153846153846156,39.794723999875714,L,L,L,L,L,L,L,L,L,L,L
0000194_00000_d_0000119.jpg,111,54,0.0934626208027495,0.41025641025641024,0.6666666666666666,0.2962962962962963,29.45295800009262,0.03909809630569201,0.5060240963855421,0.7241379310344828,0.3888888888888889,18.79743600011352,0.40476408618611465,0.4943820224719101,0.6285714285714286,0.4074074074074074,27.6830540001356,0.4626751967054438,0.5555555555555555,0.6944444444444444,0.46296296296296297,44.43252600003689,X,X,X,X,X,X,X,L,L,L,L
0000194_00200_d_0000120.jpg,112,76,0.05981351776073162,0.39252336448598135,0.6774193548387096,0.27631578947368424,23.810924999907,0.06565822869198353,0.5151515151515151,0.6071428571428571,0.4473684210526316,29.769020000003366,0.42193369214290743,0.5755395683453238,0.6349206349206349,0.5263157894736842,26.513850999890565,0.45259456140437754,0.5857142857142857,0.640625,0.5394736842105263,29.60896700005833,X,X,X,X,X,L,L,L,L,L,L
0000194_00399_d_0000121.jpg,113,143,0.06860127387656663,0.5045045045045046,0.7088607594936709,0.3916083916083916,32.098323999889544,0.07600403189471323,0.5178571428571429,0.7160493827160493,0.40559440559440557,17.64023699979589,0.4417369802843602,0.5892116182572615,0.7244897959183674,0.4965034965034965,35.158875999968586,0.4136577139443601,0.6556016597510372,0.8061224489795918,0.5524475524475524,40.961549000257946,L,L,L,L,L,L,L,L,L,L,L
0000194_00625_d_0000122.jpg,114,83,0.06685248731648502,0.5652173913043479,0.7090909090909091,0.46987951807228917,25.796375000027183,0.09556260166774677,0.6133333333333333,0.6865671641791045,0.5542168674698795,27.81448299992917,0.3808830713598798,0.7189542483660131,0.7857142857142857,0.6626506024096386,37.87336800041885,0.45670183965588845,0.6883116883116883,0.7464788732394366,0.6385542168674698,28.39356399999815,X,X,X,X,X,X,X,X,L,L,L
0000194_00800_d_0000123.jpg,115,54,0.05874534585038391,0.4047619047619047,0.5666666666666667,0.3148148148148148,29.77045099987663,0.11499796677955246,0.391304347826087,0.47368421052631576,0.3333333333333333,18.991485000242392,0.41397836736524696,0.5263157894736843,0.6097560975609756,0.46296296296296297,32.08175500003563,0.4122783200048167,0.5208333333333334,0.5952380952380952,0.46296296296296297,39.37599600021713,L,L,L,L,L,L,L,L,L,L,L
0000194_00998_d_0000124.jpg,116,42,0.08911960946311769,0.5161290322580645,0.8,0.38095238095238093,29.464549000294937,0.0682964896132083,0.6031746031746031,0.9047619047619048,0.4523809523809524,23.983185999895795,0.45355997938503506,0.6956521739130435,0.8888888888888888,0.5714285714285714,40.44098100030169,0.38902392153863913,0.6176470588235294,0.8076923076923077,0.5,43.87728700021398,L,L,L,L,L,L,L,L,L,L,L
0000194_01192_d_0000125.jpg,117,23,0.0803044294108626,0.4444444444444445,0.45454545454545453,0.43478260869565216,29.51162099998328,0.06730592180018256,0.5333333333333332,0.5454545454545454,0.5217391304347826,17.744229000072664,0.43856818110885865,0.5660377358490566,0.5,0.6521739130434783,27.308575000006385,0.41382146768009626,0.693877551020408,0.6538461538461539,0.7391304347826086,36.2115249999988,L,L,L,L,L,L,L,L,L,L,L
0000196_04512_d_0000144.jpg,118,69,0.036444269973153066,0.24999999999999997,0.5789473684210527,0.15942028985507245,34.01946899975883,0.21362549190815452,0.26804123711340205,0.4642857142857143,0.18840579710144928,33.50968599988846,0.37624195442005304,0.4444444444444444,0.7333333333333333,0.3188405797101449,37.48484000016106,0.3736882836986394,0.48484848484848486,0.8,0.34782608695652173,35.647358000005624,L,L,L,L,L,L,L,L,L,L,L
0000199_01269_d_0000166.jpg,119,16,0.16009442311598912,0.6000000000000001,0.6428571428571429,0.5625,29.909232999671076,0.26628148926811274,0.7586206896551724,0.8461538461538461,0.6875,28.18821599976218,0.3120085933043681,0.6206896551724138,0.6923076923076923,0.5625,29.343466000227636,0.26161549431153014,0.6875,0.6875,0.6875,24.16890600034094,L,L,L,L,L,L,L,L,N,N,N
0000213_02500_d_0000240.jpg,120,94,0.04674421203735295,0.36496350364963503,0.5813953488372093,0.26595744680851063,31.516089999968244,0.06865554879835775,0.47552447552447547,0.6938775510204082,0.3617021276595745,21.98356100007004,0.42718751236887725,0.5241379310344827,0.7450980392156863,0.40425531914893614,30.942431000312354,0.45741272679541184,0.5454545454545454,0.7959183673469388,0.4148936170212766,28.247879999980796,X,X,X,X,L,L,L,L,L,L,L
0000213_02965_d_0000241.jpg,121,94,0.05347028351026316,0.5030674846625767,0.5942028985507246,0.43617021276595747,24.476443999901676,0.05288813390435227,0.5764705882352941,0.6447368421052632,0.5212765957446809,19.39223999988826,0.43967524082405407,0.6022727272727272,0.6463414634146342,0.5638297872340425,38.60917800011521,0.45396634176133066,0.6250000000000001,0.6707317073170732,0.5851063829787234,48.98529799993412,X,X,X,L,L,L,L,L,L,L,L
0000213_03478_d_0000242.jpg,122,115,0.07441857059824859,0.5673076923076923,0.6344086021505376,0.5130434782608696,32.902361000196834,0.052406582435202194,0.6255924170616114,0.6875,0.5739130434782609,28.12266399996588,0.41911293994953314,0.6359447004608295,0.6764705882352942,0.6,32.50994600011836,0.4540619070170162,0.6794258373205742,0.7553191489361702,0.6173913043478261,46.30577499983701,X,X,X,X,X,L,L,L,L,L,L
0000213_03920_d_0000243.jpg,123,164,0.05284662793664496,0.5057471264367815,0.6804123711340206,0.4024390243902439,30.28056299990567,0.06115276501931257,0.5724381625441697,0.680672268907563,0.49390243902439024,24.090321000130643,0.4655541298935781,0.5732899022801303,0.6153846153846154,0.5365853658536586,27.961095000136993,0.4204464771504646,0.6308724832214765,0.7014925373134329,0.573170731707317,27.78362799972456,L,L,L,L,L,L,L,L,L,L,L
0000213_04405_d_0000244.jpg,124,106,0.06386058642260027,0.5090909090909091,0.711864406779661,0.39622641509433965,31.998852000015177,0.08363463404774571,0.5586592178770949,0.684931506849315,0.4716981132075472,28.642089999721065,0.4462506216320542,0.5775401069518716,0.6666666666666666,0.5094339622641509,26.506198999868502,0.4062541578975998,0.6021505376344085,0.7,0.5283018867924528,32.02907700006108,L,L,L,L,L,L,L,L,L,L,L
0000213_04998_d_0000245.jpg,125,137,0.06906788538482508,0.48401826484018273,0.6463414634146342,0.38686131386861317,32.74877800004106,0.06425133237485475,0.5575221238938053,0.7078651685393258,0.45985401459854014,28.34559100028855,0.4339563877121585,0.6470588235294118,0.7623762376237624,0.5620437956204379,44.415410000056,0.4327243945281619,0.6324110671936759,0.6896551724137931,0.583941605839416,22.91330800017022,L,L,L,L,L,L,L,L,L,L,L
0000213_05340_d_0000246.jpg,126,138,0.04615602694432525,0.4757281553398059,0.7205882352941176,0.35507246376811596,31.775533000200085,0.1578091801865298,0.5422222222222223,0.7011494252873564,0.4420289855072464,27.410087999669486,0.4170452207598513,0.631578947368421,0.7155963302752294,0.5652173913043478,38.594520000060584,0.3789895721092936,0.6719367588932806,0.7391304347826086,0.6159420289855072,46.2765459997172,L,L,L,L,L,L,L,L,L,L,L
0000213_05745_d_0000247.jpg,127,101,0.050700709751425405,0.6219512195121951,0.8095238095238095,0.504950495049505,30.63290899990534,0.15028160435173307,0.7032967032967031,0.7901234567901234,0.6336633663366337,19.732253999791283,0.4576618477537616,0.736842105263158,0.7865168539325843,0.693069306930693,32.43706700004623,0.3413558381430802,0.7755102040816327,0.8,0.7524752475247525,36.93759699990551,L,L,L,L,L,L,L,L,L,L,L
0000215_00000_d_0000256.jpg,128,157,0.10750028790394948,0.32599118942731276,0.5285714285714286,0.2356687898089172,31.4563189999717,0.06731029926419839,0.39301310043668125,0.625,0.28662420382165604,18.684787999973196,0.38446431319881996,0.39669421487603307,0.5647058823529412,0.3057324840764331,29.794057999879442,0.440725099633032,0.40322580645161293,0.5494505494505495,0.3184713375796178,27.228261999880488,X,X,X,X,X,X,X,L,L,L,L
0000215_00447_d_0000257.jpg,129,53,0.05072533791865291,0.6554621848739496,0.5909090909090909,0.7358490566037735,30.862479000006715,0.09492957128928738,0.6557377049180327,0.5797101449275363,0.7547169811320755,21.207153999966977,0.3702829246343488,0.7207207207207208,0.6896551724137931,0.7547169811320755,27.332615999966947,0.4840621661577109,0.7017543859649122,0.6557377049180327,0.7547169811320755,40.14792199996009,X,X,X,X,X,X,X,X,X,L,L
0000215_00909_d_0000258.jpg,130,93,0.04174009548179998,0.5783132530120482,0.6575342465753424,0.5161290322580645,31.258021999747143,0.07952843694887933,0.6289308176100629,0.7575757575757576,0.5376344086021505,17.105093999816745,0.39324940428125654,0.6666666666666666,0.803030303030303,0.5698924731182796,33.75411300021369,0.48548206328806437,0.6369426751592356,0.78125,0.5376344086021505,35.96409000010681,X,X,X,X,X,X,X,X,L,L,L
0000215_01395_d_0000259.jpg,131,56,0.037987270726111695,0.7652173913043477,0.7457627118644068,0.7857142857142857,31.547633999707614,0.07729518872257486,0.7719298245614034,0.7586206896551724,0.7857142857142857,18.45410299983996,0.49200599311426463,0.7758620689655172,0.75,0.8035714285714286,32.138078000116366,0.3927115474370487,0.793103448275862,0.7666666666666667,0.8214285714285714,44.38302799962912,L,L,L,L,L,L,L,L,L,L,L
0000215_01869_d_0000260.jpg,132,78,0.05680673030699411,0.5692307692307692,0.7115384615384616,0.47435897435897434,26.928960000077495,0.06647822683297558,0.6142857142857143,0.6935483870967742,0.5512820512820513,21.295154000199545,0.4021898211006488,0.7000000000000001,0.7903225806451613,0.6282051282051282,25.58925099992848,0.4745252217593819,0.676056338028169,0.75,0.6153846153846154,26.486347000172827,X,X,X,X,X,X,X,L,L,L,L
0000215_02319_d_0000261.jpg,133,107,0.048494701627940395,0.5029940119760479,0.7,0.3925233644859813,24.330539000402496,0.06743677551541492,0.5421686746987953,0.7627118644067796,0.4205607476635514,16.36997000014162,0.4463239719454151,0.5599999999999999,0.7205882352941176,0.45794392523364486,21.599744000013743,0.43774455091122977,0.5833333333333334,0.8032786885245902,0.45794392523364486,27.716383000097267,L,L,L,L,L,L,L,L,L,L,L
0000215_02667_d_0000262.jpg,134,83,0.052805256581078354,0.593939393939394,0.5975609756097561,0.5903614457831325,18.604822999805037,0.08908454771447186,0.6503067484662576,0.6625,0.6385542168674698,19.427084000199102,0.41681042895844866,0.6511627906976744,0.6292134831460674,0.6746987951807228,27.520658999947045,0.44129976674600135,0.6779661016949153,0.6382978723404256,0.7228915662650602,26.42002799984766,X,X,X,X,L,L,L,L,L,L,L
0000215_02932_d_0000263.jpg,135,48,0.08048108626903606,0.6823529411764706,0.7837837837837838,0.6041666666666666,30.24839099998644,0.207980371288481,0.7674418604651162,0.868421052631579,0.6875,28.562114000123984,0.4332946162906713,0.7956989247311829,0.8222222222222222,0.7708333333333334,21.43214799980342,0.278243926151812,0.717391304347826,0.75,0.6875,45.27191799979846,L,L,L,L,L,L,L,L,L,L,L
0000215_03226_d_0000264.jpg,136,23,0.1520087351317146,0.5238095238095238,0.5789473684210527,0.4782608695652174,29.54196500013495,0.10271205079873955,0.761904761904762,0.8421052631578947,0.6956521739130435,23.5265219998837,0.4018564421501688,0.7555555555555555,0.7727272727272727,0.7391304347826086,29.649135999989085,0.3434227719193775,0.7555555555555555,0.7727272727272727,0.7391304347826086,28.725819000101183,L,L,L,L,L,L,L,L,L,L,N
0000216_00520_d_0000001.jpg,137,109,0.13590215151487425,0.5780346820809249,0.78125,0.45871559633027525,31.572079999932612,0.14125518115179764,0.6091954022988506,0.8153846153846154,0.48623853211009177,18.564346999937698,0.38550420215327713,0.6285714285714286,0.8333333333333334,0.5045871559633027,29.62309600025037,0.33733846518005106,0.6333333333333333,0.8028169014084507,0.5229357798165137,41.13288000007742,L,L,L,L,L,L,L,L,L,L,L
0000220_01242_d_0000004.jpg,138,37,0.13401130764724978,0.5000000000000001,0.8666666666666667,0.35135135135135137,21.753437000370468,0.16263974650267826,0.44444444444444453,0.7058823529411765,0.32432432432432434,29.92402299969399,0.3505054955303,0.5263157894736842,0.75,0.40540540540540543,28.81094199983636,0.3528434503197721,0.5517241379310345,0.7619047619047619,0.43243243243243246,30.747202999918954,X,L,L,L,L,L,L,L,L,L,N
0000223_01802_d_0000005.jpg,139,64,0.0667415377371482,0.4554455445544554,0.6216216216216216,0.359375,33.66126399987479,0.0992762347891845,0.6037735849056604,0.7619047619047619,0.5,23.807485999896016,0.41142233317378785,0.6915887850467289,0.8604651162790697,0.578125,46.88324700009616,0.4225598942998795,0.6728971962616822,0.8372093023255814,0.5625,48.38389599990478,X,X,L,L,L,L,L,L,L,L,L
0000237_00001_d_0000001.jpg,140,15,0.28376236781329545,0.47619047619047616,0.8333333333333334,0.3333333333333333,29.701630000090518,0.22940629635275,0.3809523809523809,0.6666666666666666,0.26666666666666666,18.39315600000191,0.2946172594319875,0.43478260869565216,0.625,0.3333333333333333,23.15483399979712,0.19221407640196728,0.5454545454545455,0.8571428571428571,0.4,25.843800000075134,L,N,N,N,N,N,N,N,N,N,N
0000242_00001_d_0000001.jpg,141,42,0.11695279874096558,0.5,0.6538461538461539,0.40476190476190477,16.714252000383567,0.07559793956717657,0.6285714285714286,0.7857142857142857,0.5238095238095238,16.79427199997008,0.4399402494337362,0.6923076923076924,0.75,0.6428571428571429,25.50470400001359,0.36750901225812144,0.7027027027027026,0.8125,0.6190476190476191,29.34709200008001,L,L,L,L,L,L,L,L,L,L,L
0000242_00500_d_0000002.jpg,142,53,0.04688772528368549,0.4266666666666667,0.7272727272727273,0.3018867924528302,17.095220000101108,0.08679638483729452,0.5176470588235295,0.6875,0.41509433962264153,22.48255099993912,0.4914799007346236,0.5977011494252874,0.7647058823529411,0.49056603773584906,40.512368000236165,0.3748359891443962,0.6046511627906975,0.7878787878787878,0.49056603773584906,37.80772100026297,L,L,L,L,L,L,L,L,L,L,L
0000242_00627_d_0000003.jpg,143,45,0.08184288977695632,0.5714285714285714,0.8,0.4444444444444444,29.730072999882395,0.042959958254032364,0.5897435897435898,0.696969696969697,0.5111111111111111,31.01184600018314,0.4513011699490024,0.631578947368421,0.7741935483870968,0.5333333333333333,33.596872000089206,0.42389598202000894,0.6923076923076923,0.8181818181818182,0.6,28.367888999582647,L,L,L,L,L,L,L,L,L,L,L
0000242_00843_d_0000004.jpg,144,2,0.4905243719569284,0.8,0.6666666666666666,1.0,31.633652999971673,0.23121001800847157,0.8,0.6666666666666666,1.0,18.162841000048502,0.12532768584279982,0.8,0.6666666666666666,1.0,24.976763000267965,0.15293792419180047,1.0,1.0,1.0,49.48009200006709,N,N,N,N,N,N,N,N,N,N,N
0000242_00963_d_0000005.jpg,145,13,0.18326528941012257,0.5454545454545455,0.6666666666666666,0.46153846153846156,25.464523000209738,0.29564106926239764,0.41666666666666663,0.45454545454545453,0.38461538461538464,16.867844999978843,0.26040950306733784,0.5599999999999999,0.5833333333333334,0.5384615384615384,25.65584400008447,0.260684138260142,0.5384615384615384,0.5384615384615384,0.5384615384615384,25.135438999768667,S,S,S,L,L,N,N,N,N,N,N
0000242_01139_d_0000006.jpg,146,72,0.049066821993976134,0.46956521739130436,0.627906976744186,0.375,18.35800700018808,0.07280743368946604,0.5225225225225226,0.7435897435897436,0.4027777777777778,16.508128000168654,0.376726763895437,0.540983606557377,0.66,0.4583333333333333,24.083674999928917,0.5013989804211207,0.5833333333333334,0.7291666666666666,0.4861111111111111,26.871763999679388,X,X,X,X,X,X,X,X,X,L,L
0000242_01475_d_0000007.jpg,147,65,0.05808911282392665,0.7068965517241379,0.803921568627451,0.6307692307692307,18.67811400006758,0.11097669261352226,0.7540983606557378,0.8070175438596491,0.7076923076923077,23.566759999994247,0.44676305391888127,0.819672131147541,0.8771929824561403,0.7692307692307693,27.626598000097147,0.3841711406436701,0.816,0.85,0.7846153846153846,25.198726000326133,L,L,L,L,L,L,L,L,L,L,L
0000242_01912_d_0000008.jpg,148,50,0.10935588020347707,0.4931506849315068,0.782608695652174,0.36,18.282042000009824,0.07081611019289563,0.5205479452054794,0.8260869565217391,0.38,19.125304000226606,0.3563546827347594,0.6027397260273973,0.9565217391304348,0.44,28.88587200004622,0.46347332686886794,0.5753424657534246,0.9130434782608695,0.42,33.31386200034103,X,X,X,X,X,X,X,X,X,L,L
0000242_02400_d_0000009.jpg,149,34,0.09943303187235833,0.6206896551724139,0.75,0.5294117647058824,29.59087699991869,0.18214010558059465,0.7500000000000001,0.8,0.7058823529411765,22.46717299976808,0.4088608382500622,0.78125,0.8333333333333334,0.7352941176470589,28.835150000304566,0.3095660242969848,0.7761194029850745,0.7878787878787878,0.7647058823529411,36.28699799992319,L,L,L,L,L,L,L,L,L,L,L
0000242_02762_d_0000010.jpg,150,33,0.11223688286764319,0.7868852459016394,0.8571428571428571,0.7272727272727273,18.723303999649943,0.19232162462822666,0.8709677419354839,0.9310344827586207,0.8181818181818182,18.505497999740328,0.41459666273217183,0.8615384615384615,0.875,0.8484848484848485,24.340701999790326,0.2808448297719584,0.8615384615384615,0.875,0.8484848484848485,41.0558669996135,L,L,L,L,L,L,L,L,L,L,L
0000242_03199_d_0000011.jpg,151,9,0.13385701839946426,0.7368421052631577,0.7,0.7777777777777778,30.024102999959723,0.14841496109209307,0.8750000000000001,1.0,0.7777777777777778,14.89504199980729,0.4866029538752947,0.9411764705882353,1.0,0.8888888888888888,25.764779999917664,0.23112506663314777,0.9411764705882353,1.0,0.8888888888888888,27.206366999962484,L,L,L,L,L,L,L,L,L,L,L
0000242_03668_d_0000012.jpg,152,41,0.09600129788610155,0.5573770491803278,0.85,0.4146341463414634,18.5586620000322,0.18214671188019044,0.6153846153846153,0.8333333333333334,0.4878048780487805,30.488025000067864,0.4129416464376237,0.6176470588235294,0.7777777777777778,0.5121951219512195,40.22947499970542,0.30891034379608434,0.6376811594202899,0.7857142857142857,0.5365853658536586,46.946309999839286,L,L,L,L,L,L,L,L,L,L,L
0000242_04116_d_0000013.jpg,153,8,0.17422376881467264,0.5333333333333333,0.5714285714285714,0.5,29.519529000026523,0.29792877961747233,0.42857142857142855,0.5,0.375,20.056102999660652,0.31360615948469417,0.5333333333333333,0.5714285714285714,0.5,27.062282000315463,0.21424129208316064,0.7142857142857143,0.8333333333333334,0.625,40.82072800019887,L,L,L,L,L,L,L,N,N,N,N
0000242_04600_d_0000014.jpg,154,29,0.12432845619300133,0.6896551724137931,0.6896551724137931,0.6896551724137931,18.52802299981704,0.14206735429483783,0.7540983606557378,0.71875,0.7931034482758621,19.64259199985463,0.359484309732376,0.75,0.6857142857142857,0.8275862068965517,36.76955400032966,0.37411987977978495,0.7272727272727273,0.6486486486486487,0.8275862068965517,45.303469999907975,X,X,X,L,L,L,L,L,L,L,L
0000242_05059_d_0000015.jpg,155,37,0.1302942709738791,0.3673469387755103,0.75,0.24324324324324326,30.52094600025157,0.20995583777120444,0.4081632653061225,0.8333333333333334,0.2702702702702703,22.395452999717236,0.4414550395079292,0.5283018867924528,0.875,0.3783783783783784,43.137256000136404,0.21829485174698776,0.5283018867924528,0.875,0.3783783783783784,27.37853000007817,L,L,L,L,L,L,L,L,L,L,L
0000242_05570_d_0000016.jpg,156,32,0.09818181272076942,0.5714285714285714,0.8235294117647058,0.4375,30.5470010002864,0.17306730280864407,0.5490196078431372,0.7368421052631579,0.4375,16.377095999814628,0.3352838461987362,0.6923076923076923,0.9,0.5625,27.62500499966336,0.3934670382718503,0.6792452830188678,0.8571428571428571,0.5625,47.616436000225804,X,X,X,X,X,X,X,L,L,L,L
0000242_06010_d_0000017.jpg,157,41,0.2881799797684637,0.25,0.8571428571428571,0.14634146341463414,18.867966000016168,0.24873693308373854,0.2553191489361702,1.0,0.14634146341463414,20.534882999982074,0.22020872622199736,0.3137254901960785,0.8,0.1951219512195122,22.014325999862194,0.24287436092580045,0.3529411764705882,0.9,0.21951219512195122,47.2381489998952,N,N,N,N,N,N,N,N,N,N,N
0000242_06452_d_0000018.jpg,158,12,0.1262350744256948,0.5,0.625,0.4166666666666667,31.36644799997157,0.22214328624402616,0.6363636363636365,0.7,0.5833333333333334,28.533913000046596,0.41377471221500933,0.5454545454545454,0.6,0.5,43.466786999943,0.23784692711526967,0.7272727272727272,0.8,0.6666666666666666,27.43908200000078,L,L,L,L,L,L,L,L,L,L,L
0000244_00001_d_0000001.jpg,159,46,0.068234036420483,0.5479452054794521,0.7407407407407407,0.43478260869565216,31.27955900026791,0.053739398435941894,0.6153846153846153,0.75,0.5217391304347826,20.75266499969075,0.36063807968585054,0.6585365853658538,0.75,0.5869565217391305,27.638458000183164,0.5173884854577248,0.6588235294117647,0.717948717948718,0.6086956521739131,43.451864999951795,X,X,X,X,X,X,X,X,X,X,L
0000244_00500_d_0000002.jpg,160,32,0.05996986389594578,0.4074074074074074,0.5,0.34375,17.584848999831593,0.05406008455631973,0.4444444444444444,0.5454545454545454,0.375,17.993489999753365,0.3885312819166134,0.4827586206896552,0.5384615384615384,0.4375,27.08276900011697,0.4974387696311211,0.4590163934426229,0.4827586206896552,0.4375,25.663199999598874,X,X,X,X,X,X,X,X,X,L,L
0000244_01000_d_0000003.jpg,161,122,0.057590547075494415,0.27672955974842767,0.5945945945945946,0.18032786885245902,24.323951000042143,0.10050316872996662,0.2981366459627329,0.6153846153846154,0.19672131147540983,20.674661999692034,0.35502641345377833,0.3373493975903614,0.6363636363636364,0.22950819672131148,24.295467999763787,0.48687987074076067,0.3832335329341318,0.7111111111111111,0.26229508196721313,44.54305999979624,X,X,X,X,X,X,X,X,X,X,L
0000244_01500_d_0000004.jpg,162,96,0.06060254418817825,0.32653061224489793,0.47058823529411764,0.25,30.580839000322158,0.0692408030935236,0.44000000000000006,0.6111111111111112,0.34375,28.15144499982125,0.4258012547545009,0.5128205128205129,0.6666666666666666,0.4166666666666667,30.715942999904655,0.4443553979637972,0.5306122448979592,0.7647058823529411,0.40625,26.28450200018051,X,X,X,L,L,L,L,L,L,L,L
0000244_02000_d_0000005.jpg,163,129,0.05908314673122226,0.42708333333333337,0.6507936507936508,0.3178294573643411,30.331858999943506,0.0988201995402899,0.4541062801932367,0.6025641025641025,0.3643410852713178,17.692291000003024,0.37386135505989965,0.48,0.676056338028169,0.37209302325581395,26.582454000163125,0.46823529866858815,0.4776119402985074,0.6666666666666666,0.37209302325581395,26.45465299974603,X,X,X,X,X,X,X,X,L,L,L
0000244_02500_d_0000006.jpg,164,113,0.05321552055483096,0.3764705882352941,0.5614035087719298,0.2831858407079646,18.67690600010974,0.06135171464955809,0.47619047619047616,0.5921052631578947,0.39823008849557523,22.970851000081893,0.4392428346797324,0.5310734463276836,0.734375,0.415929203539823,30.97359499997765,0.4461899301158785,0.5792349726775956,0.7571428571428571,0.4690265486725664,25.54216800035647,X,X,L,L,L,L,L,L,L,L,L
0000244_03000_d_0000007.jpg,165,44,0.05543257176672141,0.5294117647058824,0.75,0.4090909090909091,17.8999089998797,0.1445043416810708,0.5,0.7083333333333334,0.38636363636363635,18.432455000038317,0.4186385361544216,0.5428571428571428,0.7307692307692307,0.4318181818181818,34.620377000010194,0.3814245503977862,0.6000000000000001,0.8076923076923077,0.4772727272727273,25.80438699988008,L,L,L,L,L,L,L,L,L,L,L
0000244_03500_d_0000008.jpg,166,146,0.04883375259701463,0.22346368715083798,0.6060606060606061,0.136986301369863,18.83680299988555,0.059331103354701445,0.36180904522613067,0.6792452830188679,0.2465753424657534,26.478980000320007,0.4114107322817659,0.4390243902439025,0.7627118644067796,0.3082191780821918,43.604057999800716,0.4804244117665181,0.4259259259259259,0.6571428571428571,0.3150684931506849,41.58975400014242,X,X,X,X,X,X,X,L,L,L,L
0000244_04000_d_0000009.jpg,167,56,0.09679795469292114,0.366412213740458,0.32,0.42857142857142855,29.68524600009914,0.04422659020665174,0.4172661870503598,0.3493975903614458,0.5178571428571429,27.64445799994064,0.3706460870367802,0.36111111111111116,0.29545454545454547,0.4642857142857143,34.69474499979697,0.488329368063647,0.41666666666666663,0.3409090909090909,0.5357142857142857,25.890788000197063,X,X,X,X,X,X,X,X,X,L,L
0000244_04400_d_0000010.jpg,168,101,0.06297858204586014,0.5411764705882353,0.6666666666666666,0.45544554455445546,31.00783699983367,0.061729515758015455,0.5978260869565218,0.6626506024096386,0.5445544554455446,21.465093000188062,0.4065183463825711,0.6413043478260868,0.7108433734939759,0.5841584158415841,40.615312999761954,0.4687735558135535,0.6595744680851064,0.7126436781609196,0.6138613861386139,40.350426000259176,X,X,X,X,X,X,X,L,L,L,L
0000244_04900_d_0000011.jpg,169,106,0.0564181135018444,0.6666666666666666,0.7303370786516854,0.6132075471698113,29.275293000409874,0.07796845222154701,0.7254901960784315,0.7551020408163265,0.6981132075471698,17.714698999952816,0.4647099479565139,0.8333333333333334,0.8673469387755102,0.8018867924528302,22.842338999907952,0.40090348632009476,0.8358208955223881,0.8842105263157894,0.7924528301886793,41.229491000194685,L,L,L,L,L,L,L,L,L,L,L
0000244_05400_d_0000012.jpg,170,90,0.0514891637763446,0.5323741007194244,0.7551020408163265,0.4111111111111111,30.064062999827,0.06672002287898694,0.608108108108108,0.7758620689655172,0.5,20.40078000027279,0.43549614067083947,0.5987261146496816,0.7014925373134329,0.5222222222222223,37.48636400041505,0.4462946726738291,0.6049382716049382,0.6805555555555556,0.5444444444444444,27.059122000082425,X,X,L,L,L,L,L,L,L,L,L
0000244_05900_d_0000013.jpg,171,66,0.035785304507863554,0.48979591836734687,0.75,0.36363636363636365,21.088749000227835,0.08218401786616582,0.5346534653465347,0.7714285714285715,0.4090909090909091,27.248031999988598,0.5171604654465284,0.5242718446601942,0.7297297297297297,0.4090909090909091,24.910121000175423,0.36487021217944215,0.5555555555555556,0.7142857142857143,0.45454545454545453,26.506123999752162,L,L,L,L,L,L,L,L,L,L,L
0000244_06388_d_0000014.jpg,172,46,0.03882041793369122,0.5555555555555555,0.7692307692307693,0.43478260869565216,20.69768799992744,0.11901866404489203,0.5135135135135135,0.6785714285714286,0.41304347826086957,19.18484999987413,0.3765362379240626,0.6,0.7058823529411765,0.5217391304347826,31.842938999943726,0.4656246800973541,0.7160493827160495,0.8285714285714286,0.6304347826086957,46.04999399998633,X,X,X,X,X,X,X,X,L,L,L
0000249_00001_d_0000001.jpg,173,80,0.056636225908847676,0.5203252032520326,0.7441860465116279,0.4,26.506324999900244,0.0775214374871156,0.5354330708661418,0.723404255319149,0.425,25.480669999979,0.39921527620536373,0.5581395348837209,0.7346938775510204,0.45,27.43821800004298,0.466627060398673,0.608,0.8444444444444444,0.475,26.10632899995835,X,X,X,X,X,X,X,L,L,L,L
0000249_00235_d_0000002.jpg,174,85,0.07799500521229828,0.39062500000000006,0.5813953488372093,0.29411764705882354,30.070623000028718,0.08967994493359366,0.4511278195488722,0.625,0.35294117647058826,16.70553700023447,0.4193458279291444,0.47407407407407404,0.64,0.3764705882352941,25.243714000225737,0.4129792219249635,0.4888888888888889,0.66,0.38823529411764707,28.235559000222565,L,L,L,L,L,L,L,L,L,L,L
0000249_00603_d_0000003.jpg,175,48,0.1391089009738381,0.37681159420289856,0.6190476190476191,0.2708333333333333,31.96685900002194,0.19734411267115412,0.38888888888888895,0.5833333333333334,0.2916666666666667,20.0849829998333,0.3358005013249655,0.4444444444444444,0.6666666666666666,0.3333333333333333,27.441261999683775,0.32774648503004233,0.4788732394366197,0.7391304347826086,0.3541666666666667,43.67861300033837,L,L,L,L,L,L,L,L,L,L,N
0000249_01100_d_0000004.jpg,176,27,0.0696122092381611,0.6399999999999999,0.6956521739130435,0.5925925925925926,29.23588900011964,0.09031047534525062,0.6428571428571429,0.6206896551724138,0.6666666666666666,24.145951000264176,0.40241772659217206,0.6551724137931035,0.6129032258064516,0.7037037037037037,26.170629000262124,0.4376595888244163,0.7457627118644067,0.6875,0.8148148148148148,26.391695000256732,X,X,X,X,X,L,L,L,L,L,L
0000249_01514_d_0000005.jpg,177,51,0.09980594438530763,0.6506024096385543,0.84375,0.5294117647058824,30.439946000115015,0.18691753175737913,0.7608695652173912,0.8536585365853658,0.6862745098039216,21.30013899977712,0.36688178824233986,0.7526881720430109,0.8333333333333334,0.6862745098039216,36.45514899972113,0.3463947356149735,0.7391304347826086,0.8292682926829268,0.6666666666666666,45.72887400036052,L,L,L,L,L,L,L,L,L,L,L
0000249_01635_d_0000006.jpg,178,80,0.049550384100973434,0.46551724137931044,0.75,0.3375,17.943511999874318,0.08479686786382895,0.5454545454545455,0.8048780487804879,0.4125,20.53918799992971,0.35895956524854583,0.5853658536585366,0.8372093023255814,0.45,28.47134500007087,0.5066931827866515,0.5483870967741935,0.7727272727272727,0.425,45.7939789998818,X,X,X,X,X,X,X,X,X,X,L
0000249_02073_d_0000007.jpg,179,67,0.08954368058520557,0.3218390804597701,0.7,0.208955223880597,29.73447500016846,0.08660275678734235,0.4516129032258065,0.8076923076923077,0.31343283582089554,19.088302999989537,0.4965974039472292,0.4444444444444444,0.8695652173913043,0.29850746268656714,43.67485500006296,0.32725615868022284,0.4395604395604395,0.8333333333333334,0.29850746268656714,36.509206000118866,L,L,L,L,L,L,L,L,L,L,L
0000249_02468_d_0000008.jpg,180,18,0.06067137110866647,0.3225806451612903,0.38461538461538464,0.2777777777777778,24.16097700006503,0.12433812932228998,0.3636363636363636,0.4,0.3333333333333333,21.702869000364444,0.4874011117307208,0.411764705882353,0.4375,0.3888888888888889,28.234796000106144,0.3275893878383228,0.4864864864864865,0.47368421052631576,0.5,25.956007999866415,L,L,L,L,L,L,L,L,L,L,L
0000249_02900_d_0000009.jpg,181,101,0.0607110288761472,0.5128205128205128,0.7272727272727273,0.39603960396039606,18.715221000093152,0.08428774949289813,0.5365853658536586,0.6984126984126984,0.43564356435643564,20.292669999889767,0.3812491627197343,0.5882352941176471,0.7246376811594203,0.49504950495049505,27.880677999746695,0.4737520589112204,0.6107784431137724,0.7727272727272727,0.504950495049505,40.48787399960929,X,X,X,X,X,X,X,X,L,L,L
0000249_03400_d_0000010.jpg,182,92,0.09969217353333402,0.5555555555555556,0.6428571428571429,0.4891304347826087,30.61842799979786,0.04347815941823167,0.6144578313253013,0.6891891891891891,0.5543478260869565,27.222178999636526,0.39320404713372537,0.7126436781609194,0.7560975609756098,0.6739130434782609,44.396039999810455,0.4636256199147091,0.7251461988304092,0.7848101265822784,0.6739130434782609,28.544815999794082,X,X,X,X,X,X,X,L,L,L,L
0000249_03900_d_0000011.jpg,183,85,0.060523034772479785,0.40944881889763785,0.6190476190476191,0.3058823529411765,29.69208200011053,0.08054919899286073,0.5039370078740157,0.7619047619047619,0.3764705882352941,26.025013999969815,0.36325568343461545,0.549618320610687,0.782608695652174,0.4235294117647059,29.345907000333682,0.4956720828000441,0.5588235294117647,0.7450980392156863,0.4470588235294118,44.64374200006205,X,X,X,X,X,X,X,X,X,L,L
0000253_00001_d_0000001.jpg,184,106,0.1228484940018448,0.7487684729064039,0.7835051546391752,0.7169811320754716,26.276318000327592,0.14548005384209348,0.7751196172248804,0.7864077669902912,0.7641509433962265,25.551769000230706,0.37204310339490737,0.8076923076923077,0.8235294117647058,0.7924528301886793,48.57279499992728,0.35962834876115424,0.7757009345794392,0.7685185185185185,0.7830188679245284,45.152185000006284,L,L,L,L,L,L,L,L,L,L,L
0000256_00715_d_0000019.jpg,185,90,0.09789263942038263,0.4370860927152318,0.5409836065573771,0.36666666666666664,19.18441299994811,0.06121720310982473,0.5466666666666666,0.6833333333333333,0.45555555555555555,24.226518999967084,0.326001800610545,0.5657894736842105,0.6935483870967742,0.4777777777777778,32.046416999946814,0.5148883568592478,0.5866666666666667,0.7333333333333333,0.4888888888888889,44.70420699999522,X,X,X,X,X,X,X,X,X,X,X
0000256_02173_d_0000030.jpg,186,47,0.06862580141216201,0.34375,0.6470588235294118,0.23404255319148937,20.475884999996197,0.10038895988734953,0.4166666666666667,0.6,0.3191489361702128,31.32448399992427,0.5636839399723769,0.54320987654321,0.6470588235294118,0.46808510638297873,34.00414699990506,0.26730129872811176,0.5882352941176471,0.6578947368421053,0.5319148936170213,27.83472900000561,L,L,L,L,L,L,L,L,L,L,L
0000263_02401_d_0000179.jpg,187,17,0.32805902268196446,0.8125,0.8666666666666667,0.7647058823529411,30.6438600000547,0.23503669160246282,0.7500000000000001,0.8,0.7058823529411765,15.029045000119368,0.1882029224027405,0.7741935483870968,0.8571428571428571,0.7058823529411765,25.492819999726635,0.2487013633128322,0.8823529411764706,0.8823529411764706,0.8823529411764706,28.294189000007464,N,N,N,N,N,N,N,N,N,N,N
0000269_00001_d_0000348.jpg,188,128,0.05092535407970545,0.48087431693989074,0.8,0.34375,31.881577000149264,0.05615229495692537,0.4751381215469614,0.8113207547169812,0.3359375,19.193956999970396,0.3878822652598399,0.5185185185185185,0.8032786885245902,0.3828125,31.398120000176277,0.5050400857035292,0.5133689839572193,0.8135593220338984,0.375,30.018902999927377,X,X,X,X,X,X,X,X,X,L,L
0000269_00201_d_0000349.jpg,189,47,0.0698338955754818,0.6548672566371682,0.5606060606060606,0.7872340425531915,19.23387700026069,0.07644449727439467,0.6972477064220183,0.6129032258064516,0.8085106382978723,22.872252000070148,0.35990470245494377,0.6666666666666667,0.5571428571428572,0.8297872340425532,43.97968500006755,0.4938169046951796,0.7387387387387387,0.640625,0.8723404255319149,47.14809500001138,X,X,X,X,X,X,X,X,X,X,L
0000269_00601_d_0000351.jpg,190,93,0.09020694894988193,0.6025641025641026,0.746031746031746,0.5053763440860215,28.034020999712084,0.07835172178537272,0.6496815286624203,0.796875,0.5483870967741935,21.190410999679443,0.3726307796702778,0.6666666666666667,0.7638888888888888,0.5913978494623656,30.324149999614747,0.4588105495944676,0.7160493827160493,0.8405797101449275,0.6236559139784946,25.65807000019049,X,X,X,X,X,X,X,X,L,L,L
0000271_00001_d_0000374.jpg,191,58,0.06191473775946278,0.4660194174757281,0.5333333333333333,0.41379310344827586,19.3803110000772,0.07347648758270652,0.6603773584905661,0.7291666666666666,0.603448275862069,18.106554000041797,0.4479797523002089,0.6724137931034483,0.6724137931034483,0.6724137931034483,35.36107099989749,0.416629022357622,0.6972477064220184,0.7450980392156863,0.6551724137931034,27.42842899988318,L,L,L,L,L,L,L,L,L,L,L
0000271_00201_d_0000375.jpg,192,75,0.07210794182389717,0.5507246376811594,0.6031746031746031,0.5066666666666667,17.322664999937842,0.08619987043022209,0.657142857142857,0.7076923076923077,0.6133333333333333,17.04048800002056,0.38859695042049314,0.7019867549668874,0.6973684210526315,0.7066666666666667,25.26739999984784,0.45309523732538776,0.670967741935484,0.65,0.6933333333333334,39.213751000261254,X,X,X,X,X,X,X,L,L,L,L
0000271_00401_d_0000376.jpg,193,25,0.09390013929655566,0.4489795918367347,0.4583333333333333,0.44,18.816936999883183,0.03975963797019847,0.4782608695652174,0.5238095238095238,0.44,24.127504999796656,0.4037964922124701,0.40909090909090906,0.47368421052631576,0.36,39.65066599994316,0.4625437305207757,0.48888888888888893,0.55,0.44,37.48702900020362,X,X,X,X,X,X,X,L,L,L,L
0000271_00601_d_0000377.jpg,194,79,0.1214079218397947,0.5441176470588235,0.6491228070175439,0.46835443037974683,24.522613999579335,0.06751155719226468,0.5594405594405595,0.625,0.5063291139240507,19.301079999877402,0.3261588536237346,0.5866666666666667,0.6197183098591549,0.5569620253164557,30.67453099993145,0.4849216673442063,0.6258503401360545,0.6764705882352942,0.5822784810126582,27.607735999936267,X,X,X,X,X,X,X,X,X,X,N
0000271_00801_d_0000378.jpg,195,63,0.08543194997709233,0.5272727272727272,0.6170212765957447,0.4603174603174603,32.06000700038203,0.06661024695870194,0.5,0.49230769230769234,0.5079365079365079,17.79181499978222,0.4814717923462886,0.5185185185185186,0.4861111111111111,0.5555555555555556,26.08417900000859,0.36648601071791714,0.5294117647058824,0.4931506849315068,0.5714285714285714,37.885494000420294,L,L,L,L,L,L,L,L,L,L,L
0000271_01201_d_0000379.jpg,196,59,0.06452056698254566,0.4897959183673469,0.6153846153846154,0.4067796610169492,21.838981000200874,0.054980140073276326,0.5,0.5777777777777777,0.4406779661016949,19.395402000100148,0.34776745432205225,0.5925925925925926,0.6530612244897959,0.5423728813559322,37.511369999720046,0.532731838622126,0.6491228070175439,0.6727272727272727,0.6271186440677966,46.55400000001464,X,X,X,X,X,X,X,X,X,X,L
0000271_01401_d_0000380.jpg,197,55,0.043621346269771565,0.6060606060606061,0.6818181818181818,0.5454545454545454,18.729661999714153,0.07920887835273502,0.6262626262626263,0.7045454545454546,0.5636363636363636,15.937269999994896,0.399312933339809,0.6605504587155963,0.6666666666666666,0.6545454545454545,32.99909100041987,0.4778568420376847,0.6857142857142857,0.72,0.6545454545454545,33.719826999913494,X,X,X,X,X,X,X,X,L,L,L
0000271_01601_d_0000381.jpg,198,48,0.08263135567305442,0.4800000000000001,0.6666666666666666,0.375,19.84690800009048,0.062394234967705596,0.5238095238095238,0.6111111111111112,0.4583333333333333,27.98403099995994,0.45701861309921743,0.674698795180723,0.8,0.5833333333333334,33.36747299999843,0.3979557962600227,0.6888888888888889,0.7380952380952381,0.6458333333333334,44.78081799970823,L,L,L,L,L,L,L,L,L,L,L
0000271_02401_d_0000385.jpg,199,84,0.07785988245350957,0.38095238095238093,0.5714285714285714,0.2857142857142857,23.132204999910755,0.07341975417025697,0.40909090909090917,0.5625,0.32142857142857145,20.736234999731096,0.3564793447806667,0.5454545454545454,0.75,0.42857142857142855,27.649750000364293,0.49224101859556685,0.5285714285714285,0.6607142857142857,0.44047619047619047,27.23127499984912,X,X,X,X,X,X,X,X,X,X,L
0000271_02601_d_0000386.jpg,200,79,0.052985220280521245,0.5801526717557252,0.7307692307692307,0.4810126582278481,26.195395999820903,0.0764996624127654,0.5801526717557252,0.7307692307692307,0.4810126582278481,16.654013999868766,0.4027384406212676,0.6573426573426573,0.734375,0.5949367088607594,27.442950000022392,0.467776676685446,0.6293706293706295,0.703125,0.569620253164557,47.252754000055575,X,X,X,X,X,X,X,L,L,L,L
0000271_03001_d_0000387.jpg,201,56,0.07689216162789364,0.5319148936170213,0.6578947368421053,0.44642857142857145,27.33775299975605,0.05862225327312515,0.5686274509803922,0.6304347826086957,0.5178571428571429,17.695859000014025,0.3192405511954853,0.5871559633027522,0.6037735849056604,0.5714285714285714,25.904192999860243,0.5452450339034962,0.6238532110091742,0.6415094339622641,0.6071428571428571,27.43047600006321,X,X,X,X,X,X,X,X,X,X,X
0000271_03801_d_0000391.jpg,202,57,0.08595520777711259,0.4948453608247421,0.6,0.42105263157894735,19.36236800020197,0.062224411379617664,0.5346534653465346,0.6136363636363636,0.47368421052631576,17.635097000038513,0.4011028038744796,0.6666666666666667,0.7291666666666666,0.6140350877192983,24.536994000300183,0.45071757696879033,0.6226415094339622,0.673469387755102,0.5789473684210527,27.7756949999457,X,X,X,X,X,X,L,L,L,L,L
0000271_04401_d_0000394.jpg,203,86,0.08746995433747837,0.60431654676259,0.7924528301886793,0.4883720930232558,20.10899500010055,0.09070111287870745,0.6338028169014085,0.8035714285714286,0.5232558139534884,27.634750999823154,0.3568318856533937,0.6666666666666667,0.7611940298507462,0.5930232558139535,41.81259500001033,0.46499704713042067,0.7346938775510204,0.8852459016393442,0.627906976744186,29.096272999595385,X,X,X,X,X,X,X,X,X,L,L
0000271_04801_d_0000396.jpg,204,50,0.08130218033117746,0.5925925925925926,0.7741935483870968,0.48,19.123958999898605,0.05694835986533046,0.6506024096385542,0.8181818181818182,0.54,19.017111999801273,0.413914888127269,0.6588235294117648,0.8,0.56,26.012987000285648,0.4478345716762229,0.5714285714285713,0.7058823529411765,0.48,27.395079000143596,X,X,X,X,X,L,L,L,L,L,L
0000271_05001_d_0000397.jpg,205,90,0.1323350050026515,0.27419354838709675,0.5,0.18888888888888888,21.714664000228368,0.07678153451564755,0.3230769230769231,0.525,0.23333333333333334,19.78968100002021,0.3844570064227352,0.4525547445255474,0.6595744680851063,0.34444444444444444,25.270339000144304,0.4064264540589658,0.42962962962962964,0.6444444444444445,0.32222222222222224,26.07208699964758,X,X,X,X,L,L,L,L,L,L,L
0000271_05201_d_0000398.jpg,206,70,0.09478775255684628,0.5984251968503936,0.6666666666666666,0.5428571428571428,18.305906000023242,0.04851718805359586,0.6865671641791045,0.71875,0.6571428571428571,17.550082000070688,0.3145463588918285,0.7518796992481204,0.7936507936507936,0.7142857142857143,34.765014000186056,0.5421487004977292,0.7681159420289856,0.7794117647058824,0.7571428571428571,43.76813299995774,X,X,X,X,X,X,X,X,X,X,X
0000271_05401_d_0000399.jpg,207,71,0.10656214231007848,0.6115702479338843,0.74,0.5211267605633803,33.229137000034825,0.0864482407986161,0.6771653543307087,0.7678571428571429,0.6056338028169014,23.633143000097334,0.349868601145992,0.717557251908397,0.7833333333333333,0.6619718309859155,29.029724999872997,0.45712101574531355,0.7218045112781956,0.7741935483870968,0.676056338028169,27.79683600010685,X,X,X,X,X,X,X,X,X,L,L
0000271_05601_d_0000400.jpg,208,86,0.0662709979443898,0.6206896551724138,0.7627118644067796,0.5232558139534884,18.263623000166262,0.06026251513609335,0.7204968944099379,0.7733333333333333,0.6744186046511628,17.15918000036254,0.38316918406214495,0.7777777777777778,0.8289473684210527,0.7325581395348837,40.06370600018272,0.4902973028573719,0.8125,0.8783783783783784,0.7558139534883721,39.77764899991598,X,X,X,X,X,X,X,X,X,L,L
0000271_05801_d_0000401.jpg,209,104,0.08843543591164736,0.7052631578947369,0.7790697674418605,0.6442307692307693,18.225760999939666,0.05672701059679967,0.7448979591836734,0.7934782608695652,0.7019230769230769,21.151286000076652,0.3766335449081703,0.7881773399014778,0.8080808080808081,0.7692307692307693,45.06401700018614,0.4782040085833828,0.7766990291262137,0.7843137254901961,0.7692307692307693,27.76476700000785,X,X,X,X,X,X,X,X,X,L,L
0000271_06001_d_0000402.jpg,210,158,0.0707705970497475,0.6715328467153284,0.7931034482758621,0.5822784810126582,19.963076999829354,0.11688298938578008,0.697508896797153,0.7967479674796748,0.620253164556962,18.727317999946536,0.4304717800841355,0.7555555555555556,0.9107142857142857,0.6455696202531646,46.8135030000667,0.3818746334803372,0.762589928057554,0.8833333333333333,0.6708860759493671,42.618746000243846,L,L,L,L,L,L,L,L,L,L,L
0000271_06201_d_0000403.jpg,211,142,0.0648934876132706,0.669260700389105,0.7478260869565218,0.6056338028169014,31.91000900005747,0.07763925336501752,0.7169811320754719,0.7723577235772358,0.6690140845070423,21.418463999907544,0.361903056840331,0.7709090909090909,0.7969924812030075,0.7464788732394366,40.30065300003116,0.4955642021813809,0.7692307692307692,0.8015267175572519,0.7394366197183099,42.7165179999065,X,X,X,X,X,X,X,X,X,X,L
0000271_06401_d_0000404.jpg,212,128,0.07109206254843842,0.6307053941908713,0.672566371681416,0.59375,23.79130300005272,0.07976992916431619,0.6896551724137931,0.7692307692307693,0.625,33.34652300009111,0.3902844986696469,0.7863247863247864,0.8679245283018868,0.71875,29.04763800006549,0.45885350961759835,0.759825327510917,0.8613861386138614,0.6796875,32.35115300003599,X,X,X,X,X,X,X,L,L,L,L
0000271_06601_d_0000405.jpg,213,105,0.06308004559717663,0.7290640394088671,0.7551020408163265,0.7047619047619048,20.129613000335667,0.16212646424722058,0.8542713567839195,0.9042553191489362,0.8095238095238095,32.91295600001831,0.3620003776302802,0.9073170731707316,0.93,0.8857142857142857,39.31987600026332,0.4127931125253229,0.8834951456310681,0.900990099009901,0.8666666666666667,43.570050000198535,X,X,X,X,X,X,X,L,L,L,L
0000271_06801_d_0000406.jpg,214,95,0.1283189788575142,0.736842105263158,0.8289473684210527,0.6631578947368421,19.649675999971805,0.1190725187988612,0.7457627118644067,0.8048780487804879,0.6947368421052632,23.385976000099618,0.4371035596798689,0.7570621468926554,0.8170731707317073,0.7052631578947368,33.43595500018637,0.3155049426637554,0.7868852459016393,0.8181818181818182,0.7578947368421053,26.838587999918673,L,L,L,L,L,L,L,L,L,L,L
0000271_07001_d_0000407.jpg,215,58,0.051770850295807046,0.58,0.6904761904761905,0.5,31.595226999797887,0.1145046101423815,0.5306122448979592,0.65,0.4482758620689655,23.250265999649855,0.4969608288620844,0.5858585858585859,0.7073170731707317,0.5,38.81788300031985,0.33676371069972666,0.5714285714285714,0.7,0.4827586206896552,25.78406900011032,L,L,L,L,L,L,L,L,L,L,L
0000271_07201_d_0000408.jpg,216,25,0.08849749150633451,0.5853658536585366,0.75,0.48,25.98404299988033,0.1105228086510899,0.5945945945945945,0.9166666666666666,0.44,19.197075000192854,0.4129817047134766,0.5581395348837209,0.6666666666666666,0.48,40.83403899994664,0.38799799512909866,0.5365853658536586,0.6875,0.44,47.037460999945324,L,L,L,L,L,L,L,L,L,L,L
0000271_07401_d_0000409.jpg,217,42,0.10163425477079602,0.684931506849315,0.8064516129032258,0.5952380952380952,31.06197399984012,0.17953998492270257,0.75,0.9,0.6428571428571429,18.315449999590783,0.4863406391401849,0.717948717948718,0.7777777777777778,0.6666666666666666,35.150559000157955,0.2324851211663165,0.7397260273972603,0.8709677419354839,0.6428571428571429,27.52123800019035,L,L,L,L,L,L,L,L,L,L,L
0000273_05601_d_0000466.jpg,218,32,0.06803103191617434,0.37735849056603776,0.47619047619047616,0.3125,31.64143799995145,0.0991913747398861,0.5283018867924528,0.6666666666666666,0.4375,25.327105000087613,0.45203976429793463,0.5517241379310345,0.6153846153846154,0.5,30.790293000336533,0.3807378290460049,0.7096774193548386,0.7333333333333333,0.6875,39.918875000239495,L,L,L,L,L,L,L,L,L,L,L
0000276_00001_d_0000507.jpg,219,55,0.05662926074427611,0.488888888888889,0.6285714285714286,0.4,30.983787000423035,0.05485275741095754,0.5106382978723405,0.6153846153846154,0.43636363636363634,23.68495200016696,0.37145490208642357,0.5416666666666666,0.6341463414634146,0.4727272727272727,26.308206000067003,0.5170630797583429,0.5652173913043479,0.7027027027027027,0.4727272727272727,26.99593899978936,X,X,X,X,X,X,X,X,X,X,L
0000276_00401_d_0000509.jpg,220,62,0.06556790231452381,0.5054945054945055,0.7931034482758621,0.3709677419354839,23.295900999983132,0.07141089664386825,0.577319587628866,0.8,0.45161290322580644,18.74016900001152,0.4293396048767346,0.5106382978723403,0.75,0.3870967741935484,46.84038400000645,0.43368159616487356,0.5979381443298969,0.8285714285714286,0.46774193548387094,27.821705999940605,X,L,L,L,L,L,L,L,L,L,L
0000276_00601_d_0000510.jpg,221,37,0.06680286819642767,0.5862068965517242,0.8095238095238095,0.4594594594594595,30.95782499985944,0.09076698547811218,0.5964912280701754,0.85,0.4594594594594595,23.45989900004497,0.42844266512750384,0.6333333333333333,0.8260869565217391,0.5135135135135135,28.34445999997115,0.41398748119795653,0.5901639344262296,0.75,0.4864864864864865,47.06845600003362,L,L,L,L,L,L,L,L,L,L,L
0000276_01001_d_0000512.jpg,222,42,0.20898657851920957,0.35714285714285715,0.7142857142857143,0.23809523809523808,29.891159000271728,0.18783596376290812,0.4406779661016949,0.7647058823529411,0.30952380952380953,19.479850999687187,0.3126871522131027,0.40625000000000006,0.5909090909090909,0.30952380952380953,41.96130299987999,0.2904903055047798,0.588235294117647,0.7692307692307693,0.47619047619047616,46.558059000290086,L,L,L,L,L,L,N,N,N,N,N
0000276_01201_d_0000513.jpg,223,29,0.10803327223817757,0.4545454545454545,0.6666666666666666,0.3448275862068966,25.280966000082117,0.2728784504478049,0.5957446808510638,0.7777777777777778,0.4827586206896552,17.49917999995887,0.3964810311913489,0.5882352941176471,0.6818181818181818,0.5172413793103449,32.90523999976358,0.2226072461226685,0.6296296296296295,0.68,0.5862068965517241,47.989224000048125,L,L,L,L,L,L,L,L,L,L,L
0000276_01401_d_0000514.jpg,224,25,0.13438749230429703,0.3529411764705882,0.6666666666666666,0.24,31.339108999873133,0.22132822616513323,0.4444444444444444,0.7272727272727273,0.32,23.165697999957047,0.38121162744888865,0.5405405405405406,0.8333333333333334,0.4,36.71815100005915,0.26307265408168146,0.5128205128205129,0.7142857142857143,0.4,44.54534900014551,L,L,L,L,L,L,L,L,L,L,L
0000276_01801_d_0000516.jpg,225,21,0.3393827234299598,0.35714285714285715,0.7142857142857143,0.23809523809523808,23.96758199984106,0.20778674107899875,0.31249999999999994,0.45454545454545453,0.23809523809523808,19.234905999837792,0.29728277523872954,0.31249999999999994,0.45454545454545453,0.23809523809523808,35.45601299992995,0.155547760252312,0.26666666666666666,0.4444444444444444,0.19047619047619047,46.02254500014169,N,N,N,N,N,N,N,N,N,N,N
0000276_02001_d_0000517.jpg,226,15,0.11083095535402186,0.25,0.3333333333333333,0.2,31.117036000068765,0.22140180075303956,0.25,0.3333333333333333,0.2,17.074324000077468,0.3726673589836373,0.3846153846153846,0.45454545454545453,0.3333333333333333,33.19822000003114,0.29509988490930134,0.3846153846153846,0.45454545454545453,0.3333333333333333,40.080756999941514,L,L,L,L,L,L,L,L,L,L,L
0000276_02201_d_0000518.jpg,227,41,0.08517593006893363,0.5,0.9333333333333333,0.34146341463414637,31.00976299992908,0.21888322315402417,0.576271186440678,0.9444444444444444,0.4146341463414634,17.929069999809144,0.4620405226627038,0.6101694915254238,1.0,0.43902439024390244,25.78022600027907,0.23390032411433853,0.6451612903225806,0.9523809523809523,0.4878048780487805,45.85616999975173,L,L,L,L,L,L,L,L,L,L,L
0000276_02401_d_0000519.jpg,228,48,0.12714559892064375,0.360655737704918,0.8461538461538461,0.22916666666666666,30.48430599983476,0.11448852435336357,0.33333333333333337,0.8333333333333334,0.20833333333333334,30.594171999837272,0.4983088912320951,0.4776119402985075,0.8421052631578947,0.3333333333333333,31.715618000362156,0.26005698549389755,0.45161290322580644,1.0,0.2916666666666667,26.968842999849585,L,L,L,L,L,L,L,L,L,L,L
0000276_02601_d_0000520.jpg,229,32,0.0727055051519791,0.47058823529411764,0.631578947368421,0.375,33.980058999986795,0.10609392133648342,0.5384615384615384,0.7,0.4375,23.2320449999861,0.47578352298790255,0.52,0.7222222222222222,0.40625,32.44406000021627,0.3454170505236349,0.47058823529411764,0.631578947368421,0.375,38.76255300019693,L,L,L,L,L,L,L,L,L,L,L
0000276_02801_d_0000521.jpg,230,37,0.10447784583434715,0.326530612244898,0.6666666666666666,0.21621621621621623,23.42058900012489,0.12333492872874394,0.3773584905660377,0.625,0.2702702702702703,31.76567700029409,0.5123087897811792,0.5172413793103449,0.7142857142857143,0.40540540540540543,36.14842699971632,0.2598784356557297,0.5185185185185186,0.8235294117647058,0.3783783783783784,26.640490999852773,L,L,L,L,L,L,L,L,L,L,L
0000276_03001_d_0000522.jpg,231,38,0.10829520555862532,0.5263157894736843,0.7894736842105263,0.39473684210526316,31.62874500003454,0.13120890185323592,0.5172413793103448,0.75,0.39473684210526316,17.683669999769336,0.39608774251203477,0.5964912280701755,0.8947368421052632,0.4473684210526316,30.765122999582672,0.36440815007610405,0.5573770491803278,0.7391304347826086,0.4473684210526316,26.841700000204582,L,L,L,L,L,L,L,L,L,L,L
0000276_03201_d_0000523.jpg,232,60,0.08470075379068838,0.2564102564102564,0.5555555555555556,0.16666666666666666,31.872203000148147,0.06287752298041373,0.23809523809523808,0.4166666666666667,0.16666666666666666,17.479324999840173,0.5179418255406397,0.3023255813953488,0.5,0.21666666666666667,34.14201499981573,0.3344798976882584,0.3132530120481928,0.5652173913043478,0.21666666666666667,27.402846999848407,L,L,L,L,L,L,L,L,L,L,L
0000276_03401_d_0000524.jpg,233,61,0.09899928107443433,0.3953488372093023,0.68,0.2786885245901639,21.654089999628923,0.05497346403694206,0.42696629213483145,0.6785714285714286,0.3114754098360656,25.541521000377543,0.43331965883323026,0.4680851063829787,0.6666666666666666,0.36065573770491804,26.94638399998439,0.4127075960553935,0.4395604395604395,0.6666666666666666,0.32786885245901637,38.67071999957261,L,L,L,L,L,L,L,L,L,L,L
0000276_03601_d_0000525.jpg,234,46,0.0718914162514701,0.5316455696202532,0.6363636363636364,0.45652173913043476,19.09128699981011,0.06668616371804902,0.641025641025641,0.78125,0.5434782608695652,25.493454999832466,0.42997379319019213,0.5747126436781609,0.6097560975609756,0.5434782608695652,24.47335699980613,0.4314486268402887,0.6666666666666666,0.7368421052631579,0.6086956521739131,43.94599700026447,X,L,L,L,L,L,L,L,L,L,L
0000276_03801_d_0000526.jpg,235,64,0.07583115115403781,0.5544554455445544,0.7567567567567568,0.4375,23.081868000190298,0.054843361826736534,0.5416666666666666,0.8125,0.40625,16.73111699983565,0.39224458839599874,0.7008547008547009,0.7735849056603774,0.640625,26.727806000053533,0.47708089862322717,0.6842105263157895,0.78,0.609375,26.327711999783787,X,X,X,X,X,X,X,X,L,L,L
0000276_04001_d_0000527.jpg,236,54,0.11552362434043487,0.17910447761194032,0.46153846153846156,0.1111111111111111,32.277740000154154,0.1624098321052854,0.3950617283950617,0.5925925925925926,0.2962962962962963,18.43058899976313,0.29249926111372626,0.43037974683544306,0.68,0.3148148148148148,25.189930999658827,0.4295672824405535,0.5116279069767441,0.6875,0.4074074074074074,29.5253149997734,X,X,X,X,X,X,X,X,X,X,N
0000276_04201_d_0000528.jpg,237,59,0.04704460885061879,0.6491228070175439,0.6727272727272727,0.6271186440677966,29.20757499987303,0.10000540158373115,0.7899159663865546,0.7833333333333333,0.7966101694915254,19.369405999896117,0.49159823180034196,0.8103448275862069,0.8245614035087719,0.7966101694915254,25.08340300028067,0.3613517577653083,0.8392857142857143,0.8867924528301887,0.7966101694915254,28.107193999858282,L,L,L,L,L,L,L,L,L,L,L
0000276_04401_d_0000529.jpg,238,40,0.043101206775169355,0.7529411764705882,0.7111111111111111,0.8,17.428051000024425,0.21251142637947157,0.8095238095238095,0.7727272727272727,0.85,29.490359000192257,0.42477436410094255,0.8780487804878048,0.8571428571428571,0.9,35.34663999971599,0.3196130027444165,0.8641975308641976,0.8536585365853658,0.875,34.299903999908565,L,L,L,L,L,L,L,L,L,L,L
0000276_04601_d_0000530.jpg,239,10,0.3054203143186966,0.4,0.6,0.3,31.82747799974095,0.2245719568035693,0.47058823529411764,0.5714285714285714,0.4,21.05413299977954,0.3162550951587916,0.5,0.6666666666666666,0.4,35.79327799980092,0.15375263371894227,0.47058823529411764,0.5714285714285714,0.4,46.9312440000067,L,N,N,N,N,N,N,N,N,N,N
0000276_04801_d_0000531.jpg,240,10,0.27633533614523087,0.625,0.8333333333333334,0.5,28.34153100002368,0.20876955112915602,0.6666666666666666,1.0,0.5,19.25956600007339,0.33430031296845425,0.588235294117647,0.7142857142857143,0.5,35.45002900000327,0.1805947997571587,0.625,0.8333333333333334,0.5,47.784846000013204,L,L,L,N,N,N,N,N,N,N,N
0000276_05001_d_0000532.jpg,241,7,0.19128226740897838,0.8333333333333333,1.0,0.7142857142857143,19.996636000087165,0.2456791628590832,0.8333333333333333,1.0,0.7142857142857143,21.956993000003422,0.3377925134819009,0.8571428571428571,0.8571428571428571,0.8571428571428571,38.86615700002949,0.22524605625003755,1.0,1.0,1.0,31.61907000003339,L,L,L,L,L,L,L,N,N,N,N
0000276_05201_d_0000533.jpg,242,6,0.40343834523426136,0.7272727272727272,0.8,0.6666666666666666,27.049353000165866,0.22766359786391632,0.5,0.5,0.5,19.62422200040237,0.1842267680063937,0.7272727272727272,0.8,0.6666666666666666,36.877247000120406,0.18467128889542836,0.8333333333333334,0.8333333333333334,0.8333333333333334,47.080697000183136,N,N,N,N,N,N,N,N,N,N,N
0000276_05601_d_0000535.jpg,243,10,0.2056323561688945,0.0,0.0,0.0,31.60209899988331,0.22270473945712774,0.0,0.0,0.0,20.350601999780338,0.3443975429087977,0.0,0.0,0.0,26.76366700006838,0.22726536146517984,0.0,0.0,0.0,39.8957780003002,L,L,L,L,L,L,L,N,N,N,N
0000276_05801_d_0000536.jpg,244,7,0.41064227181232615,0.25,1.0,0.14285714285714285,20.542562000173348,0.1731459178646239,0.25,1.0,0.14285714285714285,20.922128999700362,0.22299861356298337,0.6153846153846153,0.6666666666666666,0.5714285714285714,29.47882300031779,0.19321319676006715,0.4444444444444445,1.0,0.2857142857142857,28.43087800010835,N,N,N,N,N,N,N,N,N,N,N
0000276_06001_d_0000537.jpg,245,14,0.27120058176125184,0.4210526315789473,0.8,0.2857142857142857,31.134492000091996,0.2846814403764907,0.45454545454545453,0.625,0.35714285714285715,24.436665999928664,0.24075180013712214,0.5714285714285714,0.8571428571428571,0.42857142857142855,47.238782000022184,0.20336617772513538,0.5714285714285714,0.8571428571428571,0.42857142857142855,40.29932999992525,S,N,N,N,N,N,N,N,N,N,N
0000277_00001_d_0000539.jpg,246,85,0.0674521176018226,0.45962732919254656,0.4868421052631579,0.43529411764705883,28.88606000033178,0.06427350196928862,0.5660377358490566,0.6081081081081081,0.5294117647058824,20.302361999711138,0.40316522835555596,0.5862068965517241,0.5730337078651685,0.6,40.26135300000533,0.46510915207333275,0.5952380952380952,0.6024096385542169,0.5882352941176471,42.723128000034194,X,X,X,X,X,X,X,L,L,L,L
0000277_00201_d_0000540.jpg,247,83,0.04566635477546739,0.5874125874125874,0.7,0.5060240963855421,27.296141000078933,0.09244885364056037,0.6153846153846153,0.6575342465753424,0.5783132530120482,21.51178499980233,0.41958668503476537,0.6447368421052632,0.7101449275362319,0.5903614457831325,27.817508000225644,0.4422981065492068,0.6329113924050633,0.6666666666666666,0.6024096385542169,25.907002000167267,X,X,X,X,L,L,L,L,L,L,L
0000277_00401_d_0000541.jpg,248,117,0.07808886533570862,0.3625,0.6744186046511628,0.24786324786324787,30.922335000013845,0.055916839885546604,0.4268292682926829,0.7446808510638298,0.29914529914529914,19.94498800013389,0.411801195698488,0.44186046511627913,0.6909090909090909,0.3247863247863248,41.95326999979443,0.45419309908025685,0.47058823529411775,0.7547169811320755,0.3418803418803419,47.40933699986272,X,X,X,X,X,X,L,L,L,L,L
0000277_01401_d_0000546.jpg,249,78,0.060298590577328594,0.5522388059701493,0.6607142857142857,0.47435897435897434,30.237363999731315,0.05987185499228226,0.5211267605633803,0.578125,0.47435897435897434,17.84513100028562,0.3954633113459615,0.6013986013986014,0.6615384615384615,0.5512820512820513,38.30508099963481,0.48436624308442794,0.6524822695035462,0.7301587301587301,0.5897435897435898,45.602514000165684,X,X,X,X,X,X,X,X,L,L,L
0000277_01601_d_0000547.jpg,250,78,0.045444925026397937,0.5942028985507246,0.6833333333333333,0.5256410256410257,27.129747999879328,0.09019975731380671,0.6174496644295302,0.647887323943662,0.5897435897435898,28.327759000148944,0.3936060434950098,0.6344827586206897,0.6865671641791045,0.5897435897435898,24.73724699984814,0.47074927416478557,0.6715328467153285,0.7796610169491526,0.5897435897435898,26.286686999810627,X,X,X,X,X,X,X,X,L,L,L
0000277_01801_d_0000548.jpg,251,101,0.0717249494999816,0.4484848484848485,0.578125,0.36633663366336633,19.617453999671852,0.07878506200536498,0.4268292682926829,0.5555555555555556,0.3465346534653465,18.224173999897175,0.4343006207774811,0.5348837209302326,0.647887323943662,0.45544554455445546,27.10441199997149,0.41518936771717246,0.5581395348837209,0.676056338028169,0.4752475247524752,27.026860000205488,L,L,L,L,L,L,L,L,L,L,L
0000277_02001_d_0000549.jpg,252,83,0.04770347813031589,0.6433566433566433,0.7666666666666667,0.5542168674698795,32.681536999916716,0.13040111078111097,0.6901408450704225,0.8305084745762712,0.5903614457831325,24.38647899998614,0.4350093872255008,0.7755102040816326,0.890625,0.6867469879518072,43.68398899987369,0.38688602386307247,0.7074829931972789,0.8125,0.6265060240963856,36.783035999633285,L,L,L,L,L,L,L,L,L,L,L
0000277_02201_d_0000550.jpg,253,68,0.06212093853960785,0.6942148760330579,0.7924528301886793,0.6176470588235294,32.65970999973433,0.08053772720116488,0.696969696969697,0.71875,0.6764705882352942,32.5914750001175,0.4637078794875665,0.6923076923076922,0.7258064516129032,0.6617647058823529,44.00570699999662,0.3936334547716609,0.7343749999999999,0.7833333333333333,0.6911764705882353,27.233914000134973,L,L,L,L,L,L,L,L,L,L,L
0000277_02401_d_0000551.jpg,254,90,0.07385259536407096,0.5714285714285714,0.7368421052631579,0.4666666666666667,32.57880000001023,0.06358584413864238,0.6193548387096774,0.7384615384615385,0.5333333333333333,26.779569999689556,0.3680398339247355,0.5838509316770187,0.6619718309859155,0.5222222222222223,46.23285800016674,0.4945217265725512,0.5875,0.6714285714285714,0.5222222222222223,43.05179599987241,X,X,X,X,X,X,X,X,X,L,L
0000277_02601_d_0000552.jpg,255,121,0.058590609466106114,0.46486486486486484,0.671875,0.35537190082644626,30.85083099995245,0.05327712082516332,0.45652173913043476,0.6666666666666666,0.34710743801652894,29.20300000005227,0.42522071397038885,0.5076142131979696,0.6578947368421053,0.4132231404958678,29.5750080003927,0.46291155573834186,0.5396825396825398,0.75,0.4214876033057851,27.138981000007334,X,X,X,X,X,L,L,L,L,L,L
0000277_03201_d_0000554.jpg,256,85,0.04592582753104485,0.4626865671641791,0.6326530612244898,0.36470588235294116,31.37486000014178,0.08499699427362858,0.5481481481481482,0.74,0.43529411764705883,25.074693000078696,0.429743104482602,0.5797101449275363,0.7547169811320755,0.47058823529411764,36.983470999985,0.4393340737127246,0.6131386861313869,0.8076923076923077,0.49411764705882355,45.58136300011029,X,X,L,L,L,L,L,L,L,L,L
0000277_03401_d_0000555.jpg,257,103,0.05172393290487192,0.5421686746987951,0.7142857142857143,0.4368932038834951,28.98518599977251,0.06704903201010824,0.5398773006134969,0.7333333333333333,0.42718446601941745,15.944519999720796,0.4327925388128864,0.6198830409356724,0.7794117647058824,0.5145631067961165,34.91861099973903,0.4484344962721336,0.6211180124223602,0.8620689655172413,0.4854368932038835,34.110208000129205,X,X,X,L,L,L,L,L,L,L,L
0000277_03601_d_0000556.jpg,258,59,0.03586438695590163,0.6504065040650406,0.625,0.6779661016949152,18.9338720001615,0.08127739573176337,0.6885245901639344,0.6666666666666666,0.711864406779661,17.37402500020835,0.38878175896526607,0.768,0.7272727272727273,0.8135593220338984,30.34013100023003,0.4940764583470689,0.7704918032786885,0.746031746031746,0.7966101694915254,31.31230400003915,X,X,X,X,X,X,X,X,X,L,L
0000277_04001_d_0000558.jpg,259,74,0.09125320030463974,0.6382978723404256,0.6716417910447762,0.6081081081081081,21.22801099994831,0.05928315735272213,0.6099290780141844,0.6417910447761194,0.581081081081081,18.64142800013724,0.3966910894042023,0.7123287671232876,0.7222222222222222,0.7027027027027027,27.41328699994483,0.45277255293843616,0.7375886524822697,0.7761194029850746,0.7027027027027027,43.29052699995373,X,X,X,X,X,X,X,L,L,L,L
0000277_04201_d_0000559.jpg,260,67,0.04644111154102036,0.6666666666666666,0.8085106382978723,0.5671641791044776,31.324946000040654,0.1290249099136809,0.6991869918699187,0.7678571428571429,0.6417910447761194,26.80081100015741,0.48367805933393937,0.7559055118110236,0.8,0.7164179104477612,31.477256000016496,0.3408559192113595,0.7999999999999999,0.8620689655172413,0.746268656716418,28.135477999967407,L,L,L,L,L,L,L,L,L,L,L
0000277_04401_d_0000560.jpg,261,70,0.04520661888495306,0.6507936507936508,0.7321428571428571,0.5857142857142857,19.940818000122817,0.07959327851427529,0.656,0.7454545454545455,0.5857142857142857,25.566348000211292,0.4033074490486983,0.7022900763358779,0.7540983606557377,0.6571428571428571,27.447130999917135,0.47189265355207366,0.7596899224806201,0.8305084745762712,0.7,26.707166000051075,X,X,X,X,X,X,X,L,L,L,L
0000277_04601_d_0000561.jpg,262,95,0.05716145853791774,0.6024096385542169,0.704225352112676,0.5263157894736842,31.42244699984076,0.07949241839933863,0.6086956521739131,0.7424242424242424,0.5157894736842106,25.64263399972333,0.3998156776093081,0.6707317073170732,0.7971014492753623,0.5789473684210527,45.843516000331874,0.4635304454534354,0.6787878787878788,0.8,0.5894736842105263,43.00282999975025,X,X,X,X,X,X,X,L,L,L,L
0000277_05001_d_0000562.jpg,263,97,0.04808152855919063,0.6514285714285714,0.7307692307692307,0.5876288659793815,31.97537200003353,0.08413718916740189,0.6588235294117646,0.7671232876712328,0.5773195876288659,24.232913000105327,0.4010305196990315,0.655367231638418,0.725,0.5979381443298969,44.75063800009593,0.46675076257437587,0.6815642458100558,0.7439024390243902,0.6288659793814433,43.16598500008695,X,X,X,X,X,X,X,L,L,L,L
0000280_00001_d_0000612.jpg,264,87,0.06100144266056298,0.4761904761904762,0.5833333333333334,0.40229885057471265,31.092714999886084,0.059112897633181255,0.5789473684210527,0.676923076923077,0.5057471264367817,24.167734000002383,0.40781379926283984,0.6060606060606061,0.6410256410256411,0.5747126436781609,33.62145299979602,0.4720718604434161,0.6375,0.6986301369863014,0.5862068965517241,46.13111200023923,X,X,X,X,X,X,X,L,L,L,L
0000280_00201_d_0000613.jpg,265,47,0.06780054036947801,0.6428571428571429,0.7297297297297297,0.574468085106383,31.04699499999697,0.15279363401487445,0.6881720430107526,0.6956521739130435,0.6808510638297872,23.101413000404136,0.37992667803578367,0.631578947368421,0.625,0.6382978723404256,23.99643799981277,0.3994791475798642,0.6530612244897959,0.6274509803921569,0.6808510638297872,37.61825699984911,X,X,X,X,L,L,L,L,L,L,L
0000280_00401_d_0000614.jpg,266,59,0.05006474191089439,0.45360824742268047,0.5789473684210527,0.3728813559322034,30.74184899969623,0.07670131705587135,0.5208333333333334,0.6756756756756757,0.423728813559322,16.37635399993087,0.4984375700687063,0.5818181818181818,0.6274509803921569,0.5423728813559322,31.690233000063017,0.37479637096452784,0.5892857142857142,0.6226415094339622,0.559322033898305,41.58680800037473,L,L,L,L,L,L,L,L,L,L,L
0000280_00601_d_0000615.jpg,267,74,0.14115750730498464,0.44660194174757284,0.7931034482758621,0.3108108108108108,30.593724000027578,0.046269552177350695,0.5233644859813085,0.8484848484848485,0.3783783783783784,20.493066999733855,0.3000155309210208,0.5344827586206897,0.7380952380952381,0.4189189189189189,34.74647400025788,0.5125574095966441,0.5166666666666667,0.6739130434782609,0.4189189189189189,45.01775300013833,X,X,X,X,X,X,X,X,X,X,N
0000280_00801_d_0000616.jpg,268,70,0.07410463326323276,0.5663716814159292,0.7441860465116279,0.45714285714285713,25.373662000220065,0.08330668980239483,0.5967741935483871,0.6851851851851852,0.5285714285714286,26.821606999874348,0.40359112687763854,0.5714285714285714,0.6031746031746031,0.5428571428571428,26.16768799998681,0.4389975500567339,0.5937499999999999,0.6551724137931034,0.5428571428571428,26.84764700006781,X,X,X,X,X,L,L,L,L,L,L
0000280_01001_d_0000617.jpg,269,125,0.05271923752755186,0.42162162162162165,0.65,0.312,25.009483999838267,0.06433142085377887,0.46236559139784944,0.7049180327868853,0.344,17.96759800026848,0.4598373869976163,0.5106382978723404,0.7619047619047619,0.384,33.12508800036085,0.4231119546210528,0.5076142131979695,0.6944444444444444,0.4,27.061313000103837,L,L,L,L,L,L,L,L,L,L,L
0000280_01201_d_0000618.jpg,270,134,0.04708544976562517,0.3957219251336898,0.6981132075471698,0.27611940298507465,31.897322999611788,0.09672654507225918,0.45360824742268047,0.7333333333333333,0.3283582089552239,20.514758999979676,0.47031383497899454,0.5120772946859903,0.726027397260274,0.39552238805970147,28.96094900006574,0.3858741701831213,0.5,0.7285714285714285,0.3805970149253731,28.26638200031084,L,L,L,L,L,L,L,L,L,L,L
0000280_01401_d_0000619.jpg,271,110,0.05045571929163004,0.496969696969697,0.7454545454545455,0.37272727272727274,18.864257000132056,0.07449921707677766,0.6022727272727273,0.803030303030303,0.4818181818181818,18.86386699970899,0.4350693037639537,0.6631016042780749,0.8051948051948052,0.5636363636363636,31.72108799981288,0.43997575986763887,0.6844919786096256,0.8311688311688312,0.5818181818181818,25.985971999944013,X,L,L,L,L,L,L,L,L,L,L
0000280_01601_d_0000620.jpg,272,103,0.056447673440111784,0.5925925925925927,0.8135593220338984,0.46601941747572817,31.68324600028427,0.0522851455256686,0.6428571428571429,0.8307692307692308,0.5242718446601942,29.746342000180448,0.37759553771292587,0.6627906976744187,0.8260869565217391,0.5533980582524272,30.58220100001563,0.5136716433212939,0.6742857142857143,0.8194444444444444,0.5728155339805825,29.406703999939054,X,X,X,X,X,X,X,X,X,L,L
0000280_01801_d_0000621.jpg,273,90,0.07060872259058472,0.5492957746478874,0.75,0.43333333333333335,28.840144000241708,0.06759943770769754,0.611111111111111,0.8148148148148148,0.4888888888888889,18.97736299997632,0.4267423402070727,0.6486486486486487,0.8275862068965517,0.5333333333333333,29.43107200007944,0.435049499494645,0.5972222222222222,0.7962962962962963,0.4777777777777778,28.002833999835275,X,X,L,L,L,L,L,L,L,L,L
0000280_02001_d_0000622.jpg,274,66,0.0904230012890096,0.6545454545454545,0.8181818181818182,0.5454545454545454,23.278982999727305,0.06435170541462688,0.6666666666666667,0.7916666666666666,0.5757575757575758,17.29980899972361,0.40507112207913826,0.7394957983193277,0.8301886792452831,0.6666666666666666,35.37272500034305,0.44015417121722533,0.7652173913043478,0.8979591836734694,0.6666666666666666,25.429357000120945,X,X,X,X,X,L,L,L,L,L,L
0000280_02201_d_0000623.jpg,275,80,0.04866131646198792,0.5760000000000001,0.8,0.45,19.608890000199608,0.08385231304720867,0.6106870229007634,0.7843137254901961,0.5,27.35988599988559,0.47957581404115335,0.7058823529411764,0.8571428571428571,0.6,34.8044590000427,0.3879105564496502,0.7205882352941178,0.875,0.6125,46.45353399973828,L,L,L,L,L,L,L,L,L,L,L
0000280_02401_d_0000624.jpg,276,92,0.0809453831364999,0.33333333333333337,0.55,0.2391304347826087,20.24055199990471,0.1895003670088209,0.3676470588235294,0.5681818181818182,0.2717391304347826,21.338928999739437,0.38825085692887873,0.41666666666666663,0.5769230769230769,0.32608695652173914,26.99035100022229,0.34130339292580025,0.4,0.627906976744186,0.29347826086956524,27.763352999954805,L,L,L,L,L,L,L,L,L,L,L
0000280_02601_d_0000625.jpg,277,73,0.10328565402609476,0.6071428571428571,0.8717948717948718,0.4657534246575342,31.9768419999491,0.18141676395346965,0.6724137931034483,0.9069767441860465,0.5342465753424658,17.799393000132113,0.3530399893756672,0.743801652892562,0.9375,0.6164383561643836,25.385490000189748,0.3622575926447686,0.7540983606557377,0.9387755102040817,0.6301369863013698,30.00796799960881,X,X,L,L,L,L,L,L,L,L,L
0000280_02801_d_0000626.jpg,278,55,0.038727471633075994,0.6666666666666665,0.75,0.6,32.951889999822015,0.11032486449009278,0.6336633663366337,0.6956521739130435,0.5818181818181818,22.139498000342428,0.4759053605855312,0.6601941747572815,0.7083333333333334,0.6181818181818182,26.180056000157492,0.3750423032913004,0.6538461538461539,0.6938775510204082,0.6181818181818182,30.8141649998106,L,L,L,L,L,L,L,L,L,L,L
0000280_03001_d_0000627.jpg,279,88,0.08148959973666181,0.4740740740740741,0.6808510638297872,0.36363636363636365,33.37274600016826,0.06031884361818874,0.5037037037037038,0.723404255319149,0.38636363636363635,24.34094600039316,0.37300250616940855,0.5774647887323944,0.7592592592592593,0.4659090909090909,44.6848440001304,0.4851890504757411,0.5507246376811594,0.76,0.4318181818181818,27.98867399997107,X,X,X,X,X,X,X,X,X,L,L
0000280_03201_d_0000628.jpg,280,82,0.048706291183862056,0.5899280575539568,0.7192982456140351,0.5,32.77001400010704,0.06043162486895431,0.6412213740458015,0.8571428571428571,0.5121951219512195,16.08672399970601,0.42986490792961135,0.6438356164383561,0.734375,0.573170731707317,28.962017000139895,0.4609971760175722,0.6619718309859154,0.7833333333333333,0.573170731707317,25.338104000184103,X,X,X,X,X,L,L,L,L,L,L
0000280_03401_d_0000629.jpg,281,83,0.05426927905447659,0.5413533834586466,0.72,0.43373493975903615,32.43984999971872,0.07816124779946623,0.6268656716417911,0.8235294117647058,0.5060240963855421,27.90130700032023,0.4255371905453652,0.6293706293706293,0.75,0.5421686746987951,36.20933899992451,0.44203228260069183,0.6131386861313868,0.7777777777777778,0.5060240963855421,46.673249999912514,X,X,X,L,L,L,L,L,L,L,L
0000283_00401_d_0000676.jpg,282,6,0.1133371854048608,0.8,1.0,0.6666666666666666,34.488406000036775,0.3272847272023,0.7272727272727272,0.8,0.6666666666666666,28.63111199985724,0.36474550945831696,0.7272727272727272,0.8,0.6666666666666666,36.423710999770265,0.19463257793452246,0.5454545454545454,0.6,0.5,28.782804000002216,L,L,L,L,L,L,L,L,L,L,L
0000283_00601_d_0000677.jpg,283,9,0.09244752068916597,0.42857142857142855,0.6,0.3333333333333333,34.50584100028209,0.22907142127348634,0.5714285714285714,0.8,0.4444444444444444,26.76506399984646,0.3771428075888017,0.5714285714285714,0.8,0.4444444444444444,38.20354400022552,0.30133825044854634,0.5714285714285714,0.8,0.4444444444444444,43.38125000003856,L,L,L,L,L,L,L,L,L,L,L
0000283_00801_d_0000678.jpg,284,8,0.1425492046970023,0.4,1.0,0.25,24.279247999857034,0.33082087429386065,0.4,1.0,0.25,31.14693499992427,0.18867936465132049,0.4,1.0,0.25,32.20982399989225,0.3379505563578167,0.36363636363636365,0.6666666666666666,0.25,46.9042569998237,X,X,X,X,X,X,X,X,N,N,N
0000283_01001_d_0000679.jpg,285,4,0.3406416917538635,1.0,1.0,1.0,21.623444999931962,0.2321892736999817,1.0,1.0,1.0,18.694716000027256,0.23304580095045954,1.0,1.0,1.0,30.011598999863054,0.1941232335956954,0.75,0.75,0.75,50.00760099983381,N,N,N,N,N,N,N,N,N,N,N
0000287_00001_d_0000759.jpg,286,52,0.08188708036602069,0.5813953488372092,0.7352941176470589,0.4807692307692308,30.513988000166137,0.09774417948577493,0.6105263157894736,0.6744186046511628,0.5576923076923077,23.74956999983624,0.420845379352829,0.6666666666666666,0.7021276595744681,0.6346153846153846,29.707740000048943,0.39952336079537554,0.68,0.7083333333333334,0.6538461538461539,28.211995999754436,L,L,L,L,L,L,L,L,L,L,L
0000287_00201_d_0000760.jpg,287,51,0.10702090962391232,0.6987951807228915,0.90625,0.5686274509803921,20.86581399998977,0.19354007933885314,0.7045454545454545,0.8378378378378378,0.6078431372549019,28.738768000039272,0.3839047963407054,0.7500000000000001,0.8,0.7058823529411765,30.625035999946704,0.31553421469652915,0.7500000000000001,0.8,0.7058823529411765,35.78331700009585,L,L,L,L,L,L,L,L,L,L,L
0000287_00401_d_0000761.jpg,288,44,0.06831445614594012,0.691358024691358,0.7567567567567568,0.6363636363636364,27.41472600018824,0.08327544612144996,0.7380952380952381,0.775,0.7045454545454546,18.863153999973292,0.48850117231576956,0.7659574468085107,0.72,0.8181818181818182,46.43295999994734,0.3599089254168405,0.7555555555555555,0.7391304347826086,0.7727272727272727,43.22700300008364,L,L,L,L,L,L,L,L,L,L,L
0000287_00601_d_0000762.jpg,289,93,0.04990282146590459,0.43165467625899284,0.6521739130434783,0.3225806451612903,30.59765599982711,0.07186061032379457,0.4347826086956521,0.6666666666666666,0.3225806451612903,20.003446999908192,0.4069633952352792,0.4647887323943662,0.673469387755102,0.3548387096774194,24.5507549998365,0.47127317297502197,0.4583333333333333,0.6470588235294118,0.3548387096774194,39.85177100003057,X,X,X,X,X,X,X,L,L,L,L
0000287_00801_d_0000763.jpg,290,58,0.09926717512307238,0.5818181818181819,0.6153846153846154,0.5517241379310345,22.260919000018475,0.06192110542582069,0.6964285714285714,0.7222222222222222,0.6724137931034483,18.040857999949367,0.4071707824694624,0.7256637168141592,0.7454545454545455,0.7068965517241379,25.797630999932153,0.4316409369816446,0.7130434782608696,0.7192982456140351,0.7068965517241379,26.142393000100128,X,X,X,X,L,L,L,L,L,L,L
0000287_01001_d_0000764.jpg,291,71,0.07657731358317649,0.38333333333333336,0.46938775510204084,0.323943661971831,32.042513999840594,0.060114570742270716,0.3304347826086957,0.4318181818181818,0.2676056338028169,18.59148199991978,0.38064605769587695,0.4137931034482758,0.5333333333333333,0.3380281690140845,40.457246999721974,0.4826620579786763,0.4406779661016949,0.5531914893617021,0.36619718309859156,47.95976600007634,X,X,X,X,X,X,X,X,X,L,L
0000287_01201_d_0000765.jpg,292,68,0.0905273598101586,0.4869565217391305,0.5957446808510638,0.4117647058823529,30.23552299964649,0.08368615044821286,0.5862068965517241,0.7083333333333334,0.5,19.59938600020905,0.4051242175105331,0.59375,0.6333333333333333,0.5588235294117647,34.44678200003182,0.4206622722310955,0.6612903225806451,0.7321428571428571,0.6029411764705882,28.37235100014368,X,X,X,L,L,L,L,L,L,L,L
0000287_01401_d_0000766.jpg,293,68,0.049522918683357245,0.5242718446601942,0.7714285714285715,0.39705882352941174,27.41630599985001,0.061656807554284675,0.6017699115044248,0.7555555555555555,0.5,20.815373999994335,0.47129536261171534,0.5714285714285715,0.6666666666666666,0.5,28.180649999740126,0.41752491115064294,0.6440677966101696,0.76,0.5588235294117647,27.220436000334303,L,L,L,L,L,L,L,L,L,L,L
0000287_01601_d_0000767.jpg,294,74,0.08660616805235893,0.41904761904761906,0.7096774193548387,0.2972972972972973,18.963806000101613,0.10017372755931811,0.49572649572649563,0.6744186046511628,0.3918918918918919,23.862069999722735,0.4326504958671878,0.5811965811965812,0.7906976744186046,0.4594594594594595,30.08578499975556,0.38056960852113514,0.559322033898305,0.75,0.44594594594594594,45.49343899998348,L,L,L,L,L,L,L,L,L,L,L
0000287_01801_d_0000768.jpg,295,56,0.07611333169773797,0.5274725274725274,0.6857142857142857,0.42857142857142855,31.357092000234843,0.05586815893433086,0.6274509803921569,0.6956521739130435,0.5714285714285714,22.249489999921934,0.39168492645983677,0.6422018348623852,0.660377358490566,0.625,27.996074999919074,0.4763335829080945,0.7047619047619047,0.7551020408163265,0.6607142857142857,26.861613000164652,X,X,X,X,X,X,X,X,L,L,L
0000287_02001_d_0000769.jpg,296,44,0.0671363180568746,0.6835443037974683,0.7714285714285715,0.6136363636363636,30.135700999835535,0.12967944325760408,0.763157894736842,0.90625,0.6590909090909091,30.255946000124823,0.48407990498269216,0.7901234567901235,0.8648648648648649,0.7272727272727273,27.376665999781835,0.3191043337028292,0.7848101265822784,0.8857142857142857,0.7045454545454546,27.4473209997268,L,L,L,L,L,L,L,L,L,L,L
0000287_02201_d_0000770.jpg,297,27,0.4123947354294823,0.6,0.9230769230769231,0.4444444444444444,32.111711999732506,0.15140924315026294,0.5499999999999999,0.8461538461538461,0.4074074074074074,16.191794999940612,0.270697819094281,0.6511627906976744,0.875,0.5185185185185185,39.85831800036976,0.16549820232597373,0.5454545454545455,0.7058823529411765,0.4444444444444444,44.36347599994406,N,N,N,N,N,N,N,N,N,N,N
0000287_02401_d_0000771.jpg,298,18,0.1700198535215959,0.7058823529411765,0.75,0.6666666666666666,30.187443000158964,0.37195682123734186,0.7027027027027027,0.6842105263157895,0.7222222222222222,17.603536000024178,0.24247874155995386,0.7222222222222222,0.7222222222222222,0.7222222222222222,45.24562799997511,0.21554458368110826,0.7777777777777778,0.7777777777777778,0.7777777777777778,44.469663000199944,S,S,S,S,S,S,N,N,N,N,N
0000287_02601_d_0000772.jpg,299,44,0.077659358935154,0.39344262295081966,0.7058823529411765,0.2727272727272727,30.015257999821188,0.19304467633185388,0.5135135135135135,0.6333333333333333,0.4318181818181818,21.03214599992498,0.43295005358999794,0.647887323943662,0.8518518518518519,0.5227272727272727,24.70037200009756,0.29634591114299436,0.5970149253731344,0.8695652173913043,0.45454545454545453,28.332759000022634,L,L,L,L,L,L,L,L,L,L,L
0000287_02801_d_0000773.jpg,300,60,0.0408142707160134,0.5918367346938777,0.7631578947368421,0.48333333333333334,32.12948000009419,0.09188078948195709,0.6666666666666665,0.75,0.6,24.100490999899193,0.42726893889586115,0.7047619047619048,0.8222222222222222,0.6166666666666667,25.68521100010912,0.44003600090616835,0.7636363636363636,0.84,0.7,26.470776999758527,X,X,X,L,L,L,L,L,L,L,L
0000287_03001_d_0000774.jpg,301,18,0.14653402980837457,0.7894736842105262,0.75,0.8333333333333334,31.86340599995674,0.1653241642799604,0.7894736842105262,0.75,0.8333333333333334,21.497643999737193,0.37580709405674806,0.7692307692307692,0.7142857142857143,0.8333333333333334,29.419879999750265,0.3123347118549166,0.8108108108108109,0.7894736842105263,0.8333333333333334,27.329822999945463,L,L,L,L,L,L,L,L,L,L,N
0000287_03401_d_0000776.jpg,302,56,0.13233805545060323,0.7735849056603773,0.82,0.7321428571428571,31.623138999748335,0.11622321043612534,0.7706422018348623,0.7924528301886793,0.75,14.211567000074865,0.4152539283996354,0.7758620689655172,0.75,0.8035714285714286,24.0627740004129,0.3361848057136362,0.8305084745762712,0.7903225806451613,0.875,25.304267999672447,L,L,L,L,L,L,L,L,L,L,L
0000287_04601_d_0000780.jpg,303,88,0.08875444233552708,0.6524822695035462,0.8679245283018868,0.5227272727272727,19.725233999906777,0.1509250024700606,0.6438356164383561,0.8103448275862069,0.5340909090909091,19.570351999846025,0.3759245110372234,0.6712328767123287,0.8448275862068966,0.5568181818181818,41.66153899996061,0.38439604415718864,0.6756756756756758,0.8333333333333334,0.5681818181818182,48.44046000016533,X,X,L,L,L,L,L,L,L,L,L
0000287_04801_d_0000781.jpg,304,53,0.07856775495830089,0.5617977528089889,0.6944444444444444,0.4716981132075472,31.108432000110042,0.141813075366252,0.6067415730337078,0.75,0.5094339622641509,18.70459200017649,0.4203090903822564,0.6530612244897959,0.7111111111111111,0.6037735849056604,27.133639000112453,0.3593100792931908,0.673469387755102,0.7333333333333333,0.6226415094339622,28.045114000178728,L,L,L,L,L,L,L,L,L,L,L
0000287_05001_d_0000782.jpg,305,62,0.07567677335196613,0.5858585858585857,0.7837837837837838,0.46774193548387094,19.097817999863764,0.187730470826544,0.607843137254902,0.775,0.5,24.60933699967427,0.4142349343947826,0.6153846153846153,0.7619047619047619,0.5161290322580645,28.503874999842083,0.3223578214267075,0.6226415094339622,0.75,0.532258064516129,37.189968999882694,L,L,L,L,L,L,L,L,L,L,L
0000289_00001_d_0000811.jpg,306,41,0.03736489201485377,0.6086956521739131,0.75,0.5121951219512195,31.289252000078704,0.11552140000222516,0.605263157894737,0.6571428571428571,0.5609756097560976,31.38122199970894,0.42351354791668383,0.7073170731707317,0.7073170731707317,0.7073170731707317,37.055880000025354,0.4236001600662373,0.6923076923076923,0.7297297297297297,0.6585365853658537,44.4891759998427,X,L,L,L,L,L,L,L,L,L,L
0000289_00201_d_0000812.jpg,307,43,0.04544651430629477,0.5263157894736842,0.6060606060606061,0.46511627906976744,32.169277999855694,0.07607423589240808,0.5411764705882354,0.5476190476190477,0.5348837209302325,22.410294999644975,0.426509469137624,0.7191011235955057,0.6956521739130435,0.7441860465116279,26.552360000096087,0.4519697806636736,0.7317073170731708,0.7692307692307693,0.6976744186046512,28.06613299981109,X,X,X,X,L,L,L,L,L,L,L
0000289_00401_d_0000813.jpg,308,53,0.03937296056249683,0.6078431372549019,0.6326530612244898,0.5849056603773585,31.855904000167357,0.08661581299639806,0.6226415094339622,0.6226415094339622,0.6226415094339622,22.071842000059405,0.49850612168011166,0.6862745098039216,0.7142857142857143,0.660377358490566,44.33138299964412,0.37550510476099347,0.712871287128713,0.75,0.6792452830188679,44.569268000032025,L,L,L,L,L,L,L,L,L,L,L
0000289_00601_d_0000814.jpg,309,43,0.03730959784972765,0.547945205479452,0.6666666666666666,0.46511627906976744,30.385653999928763,0.15746593180930285,0.6075949367088608,0.6666666666666666,0.5581395348837209,17.853713000022253,0.42099102713824027,0.6578947368421053,0.7575757575757576,0.5813953488372093,28.66183300011471,0.3842334432027293,0.6388888888888888,0.7931034482758621,0.5348837209302325,26.671904999602702,L,L,L,L,L,L,L,L,L,L,L
0000289_00801_d_0000815.jpg,310,39,0.07441681794242268,0.5806451612903226,0.782608695652174,0.46153846153846156,25.33536800001457,0.24873004064957743,0.5507246376811593,0.6333333333333333,0.48717948717948717,19.863961999817548,0.4505497328694487,0.6865671641791046,0.8214285714285714,0.5897435897435898,40.68868600006681,0.2263034085385512,0.5970149253731343,0.7142857142857143,0.5128205128205128,47.600175000297895,L,L,L,L,L,L,L,L,L,L,L
0000289_01001_d_0000816.jpg,311,33,0.03814872228084749,0.6031746031746033,0.6333333333333333,0.5757575757575758,30.440623999766103,0.08162880924271057,0.6557377049180327,0.7142857142857143,0.6060606060606061,25.531222999688907,0.44492057906723614,0.7936507936507938,0.8333333333333334,0.7575757575757576,41.35018699980719,0.4353018894092058,0.6956521739130435,0.6666666666666666,0.7272727272727273,27.452976999938983,L,L,L,L,L,L,L,L,L,L,L
0000289_01201_d_0000817.jpg,312,43,0.05491373923804289,0.5060240963855422,0.525,0.4883720930232558,31.647187000089616,0.05688505872448188,0.4722222222222222,0.5862068965517241,0.3953488372093023,21.13710200001151,0.3840080737184879,0.5333333333333334,0.625,0.46511627906976744,25.938379999843164,0.5041931283189877,0.6052631578947368,0.696969696969697,0.5348837209302325,27.601773000242247,X,X,X,X,X,X,X,X,X,L,L
0000289_01401_d_0000818.jpg,313,39,0.02533205279040894,0.5797101449275363,0.6666666666666666,0.5128205128205128,34.65285299989773,0.1297275651241954,0.5789473684210528,0.5945945945945946,0.5641025641025641,18.924067999705585,0.4219685497640792,0.7341772151898733,0.725,0.7435897435897436,25.693832999877486,0.42297183232131663,0.7160493827160495,0.6904761904761905,0.7435897435897436,25.94908699984444,X,L,L,L,L,L,L,L,L,L,L
0000289_01601_d_0000819.jpg,314,44,0.03328643876075506,0.55,0.6111111111111112,0.5,32.96187400019335,0.19408166787714695,0.6,0.6666666666666666,0.5454545454545454,20.22477999980765,0.4543388497760702,0.6666666666666667,0.7647058823529411,0.5909090909090909,31.981129000087094,0.31829304358602795,0.611764705882353,0.6341463414634146,0.5909090909090909,27.72452599992903,L,L,L,L,L,L,L,L,L,L,L
0000289_02001_d_0000821.jpg,315,43,0.06974694083688393,0.7160493827160495,0.7631578947368421,0.6744186046511628,32.06896199981202,0.19942063069536892,0.7341772151898734,0.8055555555555556,0.6744186046511628,18.649951000043075,0.38240023193036365,0.7804878048780488,0.8205128205128205,0.7441860465116279,28.1887609999103,0.3484321965373836,0.7857142857142858,0.8048780487804879,0.7674418604651163,27.01607700009845,L,L,L,L,L,L,L,L,L,L,L
0000289_02201_d_0000822.jpg,316,29,0.039966446447422754,0.6296296296296295,0.68,0.5862068965517241,30.473347999759426,0.19744372837565943,0.7037037037037037,0.76,0.6551724137931034,25.425951999750396,0.40811163103883963,0.7307692307692308,0.8260869565217391,0.6551724137931034,40.57859299973643,0.3544781941380782,0.7692307692307693,0.8695652173913043,0.6896551724137931,46.57086200040794,L,L,L,L,L,L,L,L,L,L,L
0000289_02401_d_0000823.jpg,317,49,0.07709713665480787,0.5517241379310346,0.631578947368421,0.4897959183673469,32.273168000301666,0.10603219162372059,0.6382978723404255,0.6666666666666666,0.6122448979591837,25.36575800013452,0.42202464862869254,0.7755102040816326,0.7755102040816326,0.7755102040816326,28.18674399986776,0.3948460230927792,0.7647058823529412,0.7358490566037735,0.7959183673469388,40.87020199995095,L,L,L,L,L,L,L,L,L,L,L
0000289_02601_d_0000824.jpg,318,58,0.08708658221959263,0.5652173913043479,0.7647058823529411,0.4482758620689655,30.680355000185955,0.15735254985447011,0.6804123711340206,0.8461538461538461,0.5689655172413793,29.183805999764445,0.43230826866853544,0.7522935779816514,0.803921568627451,0.7068965517241379,47.46727700012343,0.32325259925740185,0.7735849056603773,0.8541666666666666,0.7068965517241379,45.356089000051725,L,L,L,L,L,L,L,L,L,L,L
0000289_03001_d_0000826.jpg,319,61,0.06280227287349839,0.5510204081632653,0.7297297297297297,0.4426229508196721,19.854443999975047,0.09718439170314573,0.5607476635514019,0.6521739130434783,0.4918032786885246,32.18514700029118,0.41419094892389535,0.672566371681416,0.7307692307692307,0.6229508196721312,46.361514999716746,0.4258223864994605,0.6727272727272727,0.7551020408163265,0.6065573770491803,42.376169999897684,X,X,L,L,L,L,L,L,L,L,L
0000289_03201_d_0000827.jpg,320,80,0.042436140219843675,0.4715447154471545,0.6744186046511628,0.3625,31.26991499993892,0.11421290998042427,0.5413533834586466,0.6792452830188679,0.45,26.246394999816403,0.45720457074359416,0.588235294117647,0.7142857142857143,0.5,35.798578999674646,0.38614637905613797,0.5925925925925926,0.7272727272727273,0.5,46.283950000088225,L,L,L,L,L,L,L,L,L,L,L
0000289_03401_d_0000828.jpg,321,54,0.0442707491122447,0.6021505376344085,0.717948717948718,0.5185185185185185,31.228718999955163,0.07517291173499054,0.6105263157894738,0.7073170731707317,0.5370370370370371,30.297357999643282,0.5050775337071278,0.6981132075471698,0.7115384615384616,0.6851851851851852,40.10469200011357,0.37547880544563705,0.6371681415929203,0.6101694915254238,0.6666666666666666,35.73005499993087,L,L,L,L,L,L,L,L,L,L,L
0000289_03601_d_0000829.jpg,322,77,0.05703944013423974,0.34188034188034183,0.5,0.2597402597402597,31.338167000285466,0.07446487662427788,0.43478260869565216,0.6578947368421053,0.3246753246753247,21.199855000304524,0.42504740366433036,0.4878048780487804,0.6521739130434783,0.38961038961038963,39.187674000004336,0.4434482795771519,0.5040650406504066,0.6739130434782609,0.4025974025974026,45.461699000043154,X,X,X,L,L,L,L,L,L,L,L
0000289_03801_d_0000830.jpg,323,100,0.03712960259218475,0.3111111111111111,0.6,0.21,30.893581000327686,0.09810147766689967,0.32116788321167883,0.5945945945945946,0.22,22.571921999769984,0.4482185198762439,0.37762237762237766,0.627906976744186,0.27,34.93259800006854,0.41655039986467174,0.3972602739726027,0.6304347826086957,0.29,27.61190199998964,L,L,L,L,L,L,L,L,L,L,L
0000289_04001_d_0000831.jpg,324,80,0.06925678866048206,0.4,0.6,0.3,24.498308000147517,0.058887915109192876,0.4885496183206107,0.6274509803921569,0.4,21.523118000004615,0.5029024019112798,0.6133333333333333,0.6571428571428571,0.575,34.35039199985113,0.3689528943190453,0.5915492957746479,0.6774193548387096,0.525,46.82786599960309,L,L,L,L,L,L,L,L,L,L,L
0000289_04201_d_0000832.jpg,325,88,0.10236532251175016,0.4571428571428572,0.6153846153846154,0.36363636363636365,32.74404300009337,0.0588910498781278,0.5380116959064327,0.5542168674698795,0.5227272727272727,30.39128199998231,0.3978918534043151,0.591715976331361,0.6172839506172839,0.5681818181818182,33.79756999993333,0.4408517742058072,0.638036809815951,0.6933333333333334,0.5909090909090909,30.486109999856126,X,X,X,X,X,X,L,L,L,L,L
0000289_04401_d_0000833.jpg,326,100,0.10210681086611975,0.5341614906832297,0.7049180327868853,0.43,32.15565299979062,0.06461396560784874,0.631578947368421,0.6666666666666666,0.6,29.85785400005625,0.3616317441474075,0.6421052631578946,0.6777777777777778,0.61,42.3008579996349,0.47164747937862417,0.731958762886598,0.7553191489361702,0.71,39.18978999990941,X,X,X,X,X,X,X,X,X,L,L
0000289_04601_d_0000834.jpg,327,93,0.09089319451806575,0.6589595375722543,0.7125,0.6129032258064516,29.72580799996649,0.09757406833374209,0.6666666666666666,0.6777777777777778,0.6559139784946236,19.638058000055025,0.3834427067440804,0.6774193548387096,0.6774193548387096,0.6774193548387096,29.294597999978578,0.42809003040411214,0.7734806629834253,0.7954545454545454,0.7526881720430108,37.64244400008465,X,X,X,X,X,X,L,L,L,L,L
0000289_04801_d_0000835.jpg,328,71,0.05471471241379426,0.559322033898305,0.7021276595744681,0.4647887323943662,32.64350400013427,0.0874426482164185,0.6178861788617886,0.7307692307692307,0.5352112676056338,19.918125999993208,0.40745666592399254,0.6776859504132231,0.82,0.5774647887323944,46.49526700040951,0.4503859734457947,0.6771653543307087,0.7678571428571429,0.6056338028169014,26.983762999861938,X,X,X,X,X,X,L,L,L,L,L
0000289_05001_d_0000836.jpg,329,65,0.038416914270360335,0.625,0.7446808510638298,0.5384615384615384,19.634841999959463,0.14383613129838735,0.6774193548387097,0.711864406779661,0.6461538461538462,16.985072999887052,0.49318652388808,0.7244094488188977,0.7419354838709677,0.7076923076923077,23.748368000269693,0.3245604305431724,0.7384615384615385,0.7384615384615385,0.7384615384615385,44.88868399994317,L,L,L,L,L,L,L,L,L,L,L
0000289_05201_d_0000837.jpg,330,79,0.0363957374309001,0.5806451612903226,0.8,0.45569620253164556,31.179464000160806,0.1396437291877561,0.6099290780141844,0.6935483870967742,0.5443037974683544,17.46203999982754,0.4963995299393747,0.6896551724137931,0.7575757575757576,0.6329113924050633,25.979597000059584,0.327561003441969,0.7034482758620689,0.7727272727272727,0.6455696202531646,25.237796000055823,L,L,L,L,L,L,L,L,L,L,L
0000289_05401_d_0000838.jpg,331,81,0.06902185143497623,0.5256410256410257,0.5466666666666666,0.5061728395061729,31.862347000242153,0.06310314270759067,0.524390243902439,0.5180722891566265,0.5308641975308642,17.125900000337424,0.3810614907661485,0.5975609756097562,0.5903614457831325,0.6049382716049383,30.09112300014749,0.4868135150912849,0.6202531645569621,0.6363636363636364,0.6049382716049383,45.70302599995557,X,X,X,X,X,X,X,X,X,L,L
0000289_05601_d_0000839.jpg,332,107,0.06847147844918249,0.49411764705882355,0.6666666666666666,0.3925233644859813,31.367875000341883,0.060877273589404,0.5775401069518715,0.675,0.5046728971962616,27.54762299991853,0.4223131607447268,0.6881720430107526,0.810126582278481,0.5981308411214953,29.01256499990268,0.44833808721668683,0.635897435897436,0.7045454545454546,0.5794392523364486,28.818749000038224,X,X,X,X,L,L,L,L,L,L,L
0000289_05801_d_0000840.jpg,333,78,0.04763564660295639,0.5038167938931297,0.6226415094339622,0.4230769230769231,30.23013499978333,0.07531464376364046,0.5454545454545454,0.6,0.5,18.520755999816174,0.4453175835216342,0.5986394557823129,0.6376811594202898,0.5641025641025641,26.880609999807348,0.43173212611176903,0.6206896551724138,0.6716417910447762,0.5769230769230769,31.473798000206443,L,L,L,L,L,L,L,L,L,L,L
0000289_06001_d_0000841.jpg,334,80,0.03709405666369206,0.6106870229007634,0.7843137254901961,0.5,33.269254000060755,0.08625562318961451,0.624113475177305,0.7213114754098361,0.55,21.13267499998983,0.4096716550873264,0.6853146853146853,0.7777777777777778,0.6125,24.538451000353234,0.46697866505936747,0.7083333333333333,0.796875,0.6375,28.46274800003812,X,X,X,X,X,X,X,L,L,L,L
0000289_06201_d_0000842.jpg,335,79,0.031459029944063105,0.6417910447761194,0.7818181818181819,0.5443037974683544,31.829849000132526,0.0758180235792601,0.6521739130434783,0.7627118644067796,0.569620253164557,21.070056000098702,0.38901071723279573,0.7517730496453902,0.8548387096774194,0.6708860759493671,38.24554699986038,0.5037122292438815,0.7571428571428572,0.8688524590163934,0.6708860759493671,33.36888600006205,X,X,X,X,X,X,X,X,X,L,L
0000289_06401_d_0000843.jpg,336,79,0.03817152777821169,0.5079365079365079,0.6808510638297872,0.4050632911392405,32.046240999989095,0.12352217148494317,0.5185185185185185,0.625,0.4430379746835443,21.548365999933594,0.4537825614228465,0.5850340136054422,0.6323529411764706,0.5443037974683544,34.86965100000816,0.38452373931399864,0.6043165467625898,0.7,0.5316455696202531,25.07602500008943,L,L,L,L,L,L,L,L,L,L,L
0000289_06601_d_0000844.jpg,337,88,0.041884264753380175,0.573529411764706,0.8125,0.4431818181818182,23.88022800005274,0.15133758909493975,0.6206896551724137,0.7894736842105263,0.5113636363636364,29.486192000149458,0.4668415827528165,0.6666666666666666,0.8305084745762712,0.5568181818181818,39.18238000005658,0.3399365633988635,0.6442953020134228,0.7868852459016393,0.5454545454545454,44.15188600023612,L,L,L,L,L,L,L,L,L,L,L
0000289_06801_d_0000845.jpg,338,98,0.07206639565835193,0.5,0.782608695652174,0.3673469387755102,31.33002499998838,0.09378811570992747,0.5987261146496815,0.7966101694915254,0.47959183673469385,20.893433999845,0.43555311714142925,0.6198830409356725,0.726027397260274,0.5408163265306123,24.994955000238406,0.39859237149029153,0.6309523809523809,0.7571428571428571,0.5408163265306123,26.947389999804727,L,L,L,L,L,L,L,L,L,L,L
0000289_07001_d_0000846.jpg,339,74,0.19542152164633597,0.5333333333333333,0.9032258064516129,0.3783783783783784,19.649407000088104,0.24620831477668767,0.5585585585585585,0.8378378378378378,0.4189189189189189,25.89399799990133,0.3633273470973951,0.5932203389830508,0.7954545454545454,0.47297297297297297,26.977335000083258,0.19504281647958102,0.6499999999999999,0.8478260869565217,0.527027027027027,46.50911699991411,L,L,L,L,L,L,L,L,N,N,N
0000289_07201_d_0000847.jpg,340,40,0.14979762694269874,0.6060606060606061,0.7692307692307693,0.5,28.168278000066493,0.23708465680057336,0.7323943661971831,0.8387096774193549,0.65,18.95517499997368,0.39577879464818283,0.6666666666666665,0.75,0.6,35.11886799969943,0.21733892160854507,0.7073170731707318,0.6904761904761905,0.725,46.94186599999739,L,L,L,L,L,L,L,L,L,L,N
0000290_04001_d_0000867.jpg,341,79,0.07286058581770129,0.7092198581560284,0.8064516129032258,0.6329113924050633,28.493806999904336,0.10494854754415567,0.7671232876712328,0.835820895522388,0.7088607594936709,22.614063000219176,0.4305179687163621,0.7945205479452054,0.8656716417910447,0.7341772151898734,38.676762000250164,0.39167289792178084,0.8137931034482758,0.8939393939393939,0.7468354430379747,34.300247999908606,L,L,L,L,L,L,L,L,L,L,L
0000291_00001_d_0000868.jpg,342,178,0.08369444379643284,0.21238938053097345,0.5,0.1348314606741573,31.01613399985581,0.0556873094666423,0.23045267489711938,0.4307692307692308,0.15730337078651685,16.199527000026137,0.44441065113949924,0.25757575757575757,0.3953488372093023,0.19101123595505617,35.84838899996612,0.41620759559742554,0.3358778625954198,0.5238095238095238,0.24719101123595505,26.115548000234412,L,L,L,L,L,L,L,L,L,L,L
0000291_00201_d_0000869.jpg,343,113,0.05280821018284575,0.3067484662576687,0.5,0.22123893805309736,33.022369999798684,0.07328847040408504,0.42528735632183906,0.6065573770491803,0.3274336283185841,24.94750700043369,0.4836501874057651,0.4973544973544974,0.618421052631579,0.415929203539823,30.303455000193935,0.3902531320073041,0.5513513513513514,0.7083333333333334,0.45132743362831856,39.35012600004484,L,L,L,L,L,L,L,L,L,L,L
0000291_00401_d_0000870.jpg,344,166,0.05662432740676088,0.2543859649122807,0.46774193548387094,0.1746987951807229,19.360380999842164,0.05293483220372145,0.3481781376518219,0.5308641975308642,0.25903614457831325,20.066296000095463,0.44312175150658784,0.3686274509803922,0.5280898876404494,0.28313253012048195,40.8336909999889,0.44731908888292987,0.41269841269841273,0.6046511627906976,0.3132530120481928,36.34059900014108,X,L,L,L,L,L,L,L,L,L,L
0000291_00601_d_0000871.jpg,345,120,0.030683685809033977,0.4153005464480874,0.6031746031746031,0.31666666666666665,27.17353199977879,0.07070553045050137,0.5074626865671642,0.6296296296296297,0.425,25.755608000054053,0.4460754343862498,0.6027397260273972,0.6666666666666666,0.55,27.64305399978184,0.45253534935421474,0.6103286384976525,0.6989247311827957,0.5416666666666666,26.770084999952815,X,X,L,L,L,L,L,L,L,L,L
0000291_01001_d_0000873.jpg,346,159,0.06551645758960134,0.3185840707964602,0.5373134328358209,0.22641509433962265,23.352697000063927,0.06337022428735503,0.42741935483870963,0.5955056179775281,0.3333333333333333,17.95516900028815,0.3846406713450812,0.5223880597014926,0.6422018348623854,0.44025157232704404,39.79188199991768,0.4864726467779624,0.5363984674329502,0.6862745098039216,0.44025157232704404,30.595315000027767,X,X,X,X,X,X,X,X,X,L,L
0000291_01201_d_0000874.jpg,347,212,0.06245577397952694,0.34810126582278483,0.5288461538461539,0.25943396226415094,18.37559700015845,0.06650688693958458,0.4104046242774566,0.5298507462686567,0.33490566037735847,29.76403399998162,0.4170452755209169,0.5098039215686275,0.6275862068965518,0.42924528301886794,48.067737000110355,0.4539920635599717,0.5251396648044692,0.6438356164383562,0.44339622641509435,28.12120099997628,X,X,X,X,X,L,L,L,L,L,L
0000291_01401_d_0000875.jpg,348,154,0.07275788448450245,0.3765690376569037,0.5294117647058824,0.2922077922077922,19.333463999828382,0.05777677288969831,0.5185185185185185,0.7078651685393258,0.4090909090909091,27.417186000093352,0.41088668309968346,0.5418326693227091,0.7010309278350515,0.44155844155844154,30.70214199988186,0.4585786595261157,0.49802371541501983,0.6363636363636364,0.4090909090909091,33.49825500026782,X,X,X,X,X,X,L,L,L,L,L
0000291_01601_d_0000876.jpg,349,87,0.05770990580982998,0.4666666666666666,0.5555555555555556,0.40229885057471265,13.612908000141033,0.08754275038287072,0.5609756097560975,0.5974025974025974,0.5287356321839081,17.202427000029274,0.4481238694987945,0.6163522012578615,0.6805555555555556,0.5632183908045977,26.157398000123067,0.40662347430850465,0.5911949685534591,0.6527777777777778,0.5402298850574713,27.778132000094047,L,L,L,L,L,L,L,L,L,L,L
0000291_01801_d_0000877.jpg,350,113,0.05395910725911367,0.504424778761062,0.504424778761062,0.504424778761062,20.416789000137214,0.06731841853265871,0.5857740585774059,0.5555555555555556,0.6194690265486725,26.39467400013018,0.48158317164417125,0.5440613026819923,0.4797297297297297,0.6283185840707964,31.198006999602512,0.39713930256405633,0.5657370517928287,0.5144927536231884,0.6283185840707964,37.42021100015336,L,L,L,L,L,L,L,L,L,L,L
0000291_02001_d_0000878.jpg,351,172,0.0429649669032013,0.48201438848920863,0.6320754716981132,0.38953488372093026,31.900032000066858,0.07651156279711567,0.5231788079470198,0.6076923076923076,0.45930232558139533,20.480112999848643,0.49766648329101126,0.5454545454545454,0.5918367346938775,0.5058139534883721,28.389642000092863,0.3828569870086719,0.5882352941176472,0.6716417910447762,0.5232558139534884,28.29390599981707,L,L,L,L,L,L,L,L,L,L,L
0000291_02201_d_0000879.jpg,352,149,0.06995036228275928,0.46840148698884754,0.525,0.4228187919463087,20.664925000346557,0.0608459283253951,0.5073529411764707,0.5609756097560976,0.46308724832214765,20.857584000168572,0.43617567817817177,0.5480427046263346,0.5833333333333334,0.5167785234899329,42.119441000068036,0.43302803121367395,0.5683453237410072,0.6124031007751938,0.5302013422818792,31.89085799976965,L,L,L,L,L,L,L,L,L,L,L
0000291_02601_d_0000881.jpg,353,178,0.07339178108838748,0.48076923076923067,0.5597014925373134,0.42134831460674155,18.919501999789645,0.10208474979150299,0.5969230769230769,0.6598639455782312,0.5449438202247191,16.43776800028718,0.37305071478822477,0.6064139941690961,0.6303030303030303,0.5842696629213483,26.992195000275387,0.4514727543318847,0.6097560975609757,0.6666666666666666,0.5617977528089888,35.57504699983838,X,X,X,X,X,X,X,X,L,L,L
0000291_03201_d_0000884.jpg,354,229,0.06374194365690496,0.4078212290502793,0.5658914728682171,0.31877729257641924,23.845588999847678,0.057151949846798486,0.5025380710659899,0.6,0.43231441048034935,19.299637000131042,0.42401366234321913,0.5513784461152883,0.6470588235294118,0.48034934497816595,27.161970999713958,0.4550924441530774,0.5852417302798981,0.7012195121951219,0.5021834061135371,27.624184000160312,X,X,X,X,X,L,L,L,L,L,L
0000291_03401_d_0000885.jpg,355,187,0.0532553913754686,0.4558823529411764,0.7294117647058823,0.3315508021390374,31.851102000018727,0.07667833366686257,0.5199999999999999,0.6902654867256637,0.41711229946524064,21.38277099993502,0.46698336215613007,0.5934718100890207,0.6666666666666666,0.5347593582887701,45.664740999654896,0.4030829128015388,0.6172106824925816,0.6933333333333334,0.5561497326203209,32.9205540001567,L,L,L,L,L,L,L,L,L,L,L
0000291_03601_d_0000886.jpg,356,112,0.11008643314177623,0.34594594594594597,0.4383561643835616,0.2857142857142857,28.447027999845886,0.08251570926122737,0.33492822966507174,0.36082474226804123,0.3125,16.4663840000685,0.36573833636950354,0.41322314049586784,0.38461538461538464,0.44642857142857145,30.926275000183523,0.4416595212274928,0.46963562753036436,0.42962962962962964,0.5178571428571429,26.374932000180706,X,X,X,X,X,X,X,X,L,L,L
0000291_03801_d_0000887.jpg,357,191,0.05973913873543777,0.22656249999999997,0.4461538461538462,0.1518324607329843,20.356949999950302,0.07993678623320313,0.31095406360424027,0.4782608695652174,0.23036649214659685,26.297465999959968,0.4094351450227206,0.4709677419354839,0.6134453781512605,0.38219895287958117,35.34456699981092,0.4508889300086387,0.5398773006134969,0.6518518518518519,0.4607329842931937,42.41182999976445,X,X,X,X,X,L,L,L,L,L,L
0000291_04001_d_0000888.jpg,358,108,0.05299245501839713,0.4585365853658536,0.4845360824742268,0.4351851851851852,31.627078999918012,0.06781073517303236,0.5209302325581395,0.5233644859813084,0.5185185185185185,28.109288999985438,0.3993472677588524,0.5739910313901346,0.5565217391304348,0.5925925925925926,27.354620000096475,0.47984954204971836,0.5798319327731093,0.5307692307692308,0.6388888888888888,49.00116799990428,X,X,X,X,X,X,X,X,L,L,L
0000291_04201_d_0000889.jpg,359,111,0.05147011078589761,0.4977777777777777,0.49122807017543857,0.5045045045045045,20.904572999825177,0.06686379945921611,0.6238532110091742,0.6355140186915887,0.6126126126126126,27.836602000206767,0.3998258884429118,0.630252100840336,0.5905511811023622,0.6756756756756757,24.430307000329776,0.4818402013119747,0.6543778801843319,0.6698113207547169,0.6396396396396397,27.816450000045734,X,X,X,X,X,X,X,X,L,L,L
0000291_04401_d_0000890.jpg,360,126,0.05837396436694316,0.4918032786885246,0.5084745762711864,0.47619047619047616,31.441509000160295,0.06605069983089988,0.5836909871244635,0.6355140186915887,0.5396825396825397,20.033256999795412,0.4175633079105428,0.6090534979423867,0.6324786324786325,0.5873015873015873,38.313065000238566,0.45801202789161427,0.6666666666666666,0.7017543859649122,0.6349206349206349,48.23179999993954,X,X,X,X,X,L,L,L,L,L,L
0000291_05001_d_0000892.jpg,361,135,0.06463103285047439,0.4588744588744589,0.5520833333333334,0.3925925925925926,32.589106999694195,0.060917677496372856,0.5726141078838174,0.6509433962264151,0.5111111111111111,22.259611999743356,0.43445662951856445,0.5770750988142292,0.6186440677966102,0.5407407407407407,28.422621000117942,0.43999466013458827,0.5975103734439834,0.6792452830188679,0.5333333333333333,28.246871000192186,X,L,L,L,L,L,L,L,L,L,L
0000291_05201_d_0000893.jpg,362,207,0.08004915833439803,0.4593023255813953,0.5766423357664233,0.38164251207729466,31.336600000031467,0.0638333805041724,0.5384615384615384,0.6242038216560509,0.47342995169082125,17.29147700007161,0.40538108675040185,0.5684754521963824,0.6111111111111112,0.5314009661835749,25.67883699975937,0.4507363744110277,0.6113989637305699,0.659217877094972,0.5700483091787439,33.49924499980261,X,X,X,X,X,X,L,L,L,L,L
0000293_03601_d_0000940.jpg,363,117,0.07286158083356858,0.5084745762711865,0.75,0.38461538461538464,19.873197999913828,0.06350013113941265,0.5777777777777777,0.8253968253968254,0.4444444444444444,32.38590699993438,0.35564636178448467,0.6288659793814434,0.7922077922077922,0.5213675213675214,43.22871399972428,0.507991926242534,0.5979381443298969,0.7532467532467533,0.49572649572649574,43.038925000018935,X,X,X,X,X,X,X,X,X,X,L
0000295_00000_d_0000021.jpg,364,130,0.07128868580887514,0.44680851063829785,0.7241379310344828,0.3230769230769231,20.857759000136866,0.06800330704031363,0.46560846560846564,0.7457627118644068,0.3384615384615385,14.987709999786603,0.4021914956717611,0.5052631578947369,0.8,0.36923076923076925,48.39101900006426,0.4585165114790501,0.5388601036269429,0.8253968253968254,0.4,45.25332299999718,X,X,X,X,X,X,X,L,L,L,L
0000295_00200_d_0000022.jpg,365,78,0.054524723454355974,0.5747126436781609,0.5208333333333334,0.6410256410256411,30.953565999880084,0.08575713477034187,0.6586826347305389,0.6179775280898876,0.7051282051282052,21.027646000220557,0.40675488196216314,0.7307692307692306,0.7307692307692307,0.7307692307692307,28.35974100025851,0.4529632598131392,0.7116564417177913,0.6823529411764706,0.7435897435897436,38.417573000060656,X,X,X,X,X,X,L,L,L,L,L
0000295_00600_d_0000024.jpg,366,186,0.05577746457192147,0.44094488188976383,0.8235294117647058,0.3010752688172043,20.130550999965635,0.08403780701409617,0.4307692307692308,0.7567567567567568,0.3010752688172043,23.328834000039933,0.40200001200966057,0.5054945054945055,0.7931034482758621,0.3709677419354839,41.32570699994176,0.4581847164043216,0.5092250922509226,0.8117647058823529,0.3709677419354839,28.152721999958885,X,X,X,X,X,X,X,L,L,L,L
0000295_00800_d_0000025.jpg,367,147,0.12626926575626626,0.5114155251141552,0.7777777777777778,0.38095238095238093,23.96401899977718,0.10183399533889045,0.5126050420168067,0.6703296703296703,0.41496598639455784,19.808272999853216,0.37396964210683453,0.5079365079365079,0.6095238095238096,0.43537414965986393,45.51914600006057,0.39792709679800875,0.5587044534412955,0.69,0.46938775510204084,44.913763999829825,X,X,X,X,L,L,L,L,L,L,L
0000295_01000_d_0000026.jpg,368,251,0.07728426727134989,0.3815384615384615,0.8378378378378378,0.24701195219123506,31.91491200004748,0.07602307966088089,0.39156626506024095,0.8024691358024691,0.2589641434262948,20.473534999837284,0.35975095423684417,0.43352601156069365,0.7894736842105263,0.29880478087649404,28.227181999682216,0.48694169883092486,0.44314868804664725,0.8260869565217391,0.30278884462151395,31.153140000242274,X,X,X,X,X,X,X,X,X,L,L
0000295_01200_d_0000027.jpg,369,200,0.050454479041014307,0.397212543554007,0.6551724137931034,0.285,30.705467000188946,0.08695764247180174,0.448051948051948,0.6388888888888888,0.345,21.79273399997328,0.380842351984215,0.453416149068323,0.5983606557377049,0.365,28.383464999933494,0.4817455265029688,0.4672897196261683,0.6198347107438017,0.375,27.65577199988911,X,X,X,X,X,X,X,X,X,L,L
0000295_01400_d_0000028.jpg,370,189,0.05179943466501923,0.45512820512820507,0.5772357723577236,0.37566137566137564,32.59405600010723,0.07459220689993484,0.5650793650793651,0.7063492063492064,0.4708994708994709,25.5198790000577,0.38466468652951186,0.6417445482866043,0.7803030303030303,0.544973544973545,29.780675999973028,0.4889436719055341,0.6273291925465838,0.7593984962406015,0.5343915343915344,27.976073999980144,X,X,X,X,X,X,X,X,X,L,L
0000295_01600_d_0000029.jpg,371,138,0.06327980788879703,0.5868725868725869,0.628099173553719,0.5507246376811594,18.09005499990235,0.08677280250268249,0.6715867158671587,0.6842105263157895,0.6594202898550725,18.954968999878474,0.38883011545935553,0.6715328467153284,0.6764705882352942,0.6666666666666666,27.733651000289683,0.4611172741491651,0.6886446886446886,0.6962962962962963,0.6811594202898551,25.683875000140688,X,X,X,X,X,X,X,L,L,L,L
0000295_01800_d_0000030.jpg,372,306,0.05564362162220076,0.43458980044345896,0.6758620689655173,0.3202614379084967,25.73927499997808,0.08146616957455309,0.4517543859649123,0.6866666666666666,0.3366013071895425,23.82113900011973,0.3555796960541395,0.5206073752711496,0.7741935483870968,0.39215686274509803,27.957334999882733,0.5073105127491068,0.5341880341880342,0.7716049382716049,0.4084967320261438,28.548063000016555,X,X,X,X,X,X,X,X,X,X,L
0000295_02000_d_0000031.jpg,373,311,0.05967847791986227,0.45689655172413796,0.6928104575163399,0.3408360128617363,27.47611099994174,0.08814742857946291,0.5041666666666667,0.7159763313609467,0.3890675241157556,30.26494300002014,0.3804670631272914,0.5642105263157895,0.8170731707317073,0.43086816720257237,38.12556599996242,0.4717070303733834,0.5835095137420718,0.8518518518518519,0.4437299035369775,28.422162999959255,X,X,X,X,X,X,X,X,L,L,L
0000295_02200_d_0000032.jpg,374,193,0.0775126748856322,0.5604719764011798,0.6506849315068494,0.49222797927461137,30.005271999925753,0.07047023821534887,0.5658263305322129,0.6158536585365854,0.5233160621761658,18.65122600020186,0.40822167176539587,0.579088471849866,0.6,0.5595854922279793,42.78930500004208,0.4437954151336232,0.5811518324607331,0.5873015873015873,0.5751295336787565,46.71118899977955,X,X,X,X,X,L,L,L,L,L,L
0000295_02400_d_0000033.jpg,375,317,0.060478020617073525,0.4146868250539957,0.6575342465753424,0.3028391167192429,21.67429000019183,0.05754065093324868,0.4578313253012048,0.6298342541436464,0.35962145110410093,20.050710999839794,0.36623122976635764,0.5047080979284368,0.6261682242990654,0.4227129337539432,37.82747399964137,0.5157500986833202,0.523076923076923,0.6699507389162561,0.42902208201892744,51.24283799978002,X,X,X,X,X,X,X,X,X,X,L
0000295_02900_d_0000034.jpg,376,212,0.07458152517414603,0.5565749235474007,0.7913043478260869,0.42924528301886794,32.17158300003575,0.09900271692305189,0.5934718100890208,0.8,0.4716981132075472,24.569032000272273,0.377695066229923,0.6451612903225806,0.8527131782945736,0.5188679245283019,26.6134459998284,0.4487206916728793,0.6434782608695652,0.8345864661654135,0.5235849056603774,26.676343999952223,X,X,X,X,X,X,X,L,L,L,L
0000296_00601_d_0000038.jpg,377,91,0.11289646474665295,0.536231884057971,0.7872340425531915,0.4065934065934066,19.967950000136625,0.17642711005034684,0.5866666666666667,0.7457627118644068,0.4835164835164835,17.792968999856384,0.3391582233180113,0.622754491017964,0.6842105263157895,0.5714285714285714,25.88528900014353,0.37151820188498896,0.6211180124223603,0.7142857142857143,0.5494505494505495,27.353153000149177,X,X,X,X,X,L,L,L,L,L,L
0000296_01001_d_0000040.jpg,378,181,0.05008957480805491,0.5238095238095238,0.6814159292035398,0.425414364640884,30.661529000099108,0.0786639183549018,0.577922077922078,0.7007874015748031,0.49171270718232046,20.494447000146465,0.49938436184645196,0.6273291925465839,0.7163120567375887,0.5580110497237569,32.28868700034582,0.37186214499059134,0.6687898089171974,0.7894736842105263,0.580110497237569,46.68820100005178,L,L,L,L,L,L,L,L,L,L,L
0000300_03201_d_0000154.jpg,379,66,0.04651343264300312,0.5546218487394957,0.6226415094339622,0.5,25.69884300010017,0.07740779482986386,0.6194690265486724,0.7446808510638298,0.5303030303030303,22.524335000071005,0.4311644209134671,0.7540983606557378,0.8214285714285714,0.696969696969697,28.178330000173446,0.44491435161366605,0.7107438016528926,0.7818181818181819,0.6515151515151515,28.470441000081337,X,X,X,L,L,L,L,L,L,L,L
0000301_00001_d_0000156.jpg,380,96,0.09323954889436618,0.48648648648648646,0.6923076923076923,0.375,24.637772999994922,0.07932425451709893,0.5477707006369427,0.7049180327868853,0.4479166666666667,30.086214000220934,0.423100192241098,0.6459627329192547,0.8,0.5416666666666666,35.17885800010845,0.4043360043474371,0.625,0.78125,0.5208333333333334,37.83065900006477,L,L,L,L,L,L,L,L,L,L,L
0000301_00201_d_0000157.jpg,381,90,0.051985933188878765,0.524822695035461,0.7254901960784313,0.4111111111111111,34.61598200010485,0.16035094856472845,0.625,0.8333333333333334,0.5,17.205892999754724,0.45060207594354446,0.6068965517241379,0.8,0.4888888888888889,28.96012500013967,0.3370610423028485,0.5945945945945945,0.7586206896551724,0.4888888888888889,27.92700899999545,L,L,L,L,L,L,L,L,L,L,L
0000301_01001_d_0000161.jpg,382,64,0.07643390000545519,0.4086021505376344,0.6551724137931034,0.296875,18.914377999863063,0.04087029366467667,0.5,0.6944444444444444,0.390625,23.162041999967187,0.47154809085551064,0.5714285714285714,0.7317073170731707,0.46875,27.70264299988412,0.4111477154743573,0.5000000000000001,0.65,0.40625,42.197348999707174,L,L,L,L,L,L,L,L,L,L,L
0000301_01201_d_0000162.jpg,383,61,0.12134612562933791,0.40740740740740744,0.46808510638297873,0.36065573770491804,31.52199899977859,0.07742602353955502,0.4950495049504951,0.625,0.4098360655737705,19.897887999832164,0.4060575591725563,0.5849056603773585,0.6888888888888889,0.5081967213114754,25.73926400009441,0.3951702916585508,0.5740740740740742,0.6595744680851063,0.5081967213114754,37.76093100032085,L,L,L,L,L,L,L,L,L,L,L
0000303_03401_d_0000200.jpg,384,82,0.16825634833395584,0.4745762711864407,0.7777777777777778,0.34146341463414637,20.691423000243958,0.09622524063337842,0.5172413793103449,0.8823529411764706,0.36585365853658536,17.13308499984123,0.33976847415325,0.5245901639344263,0.8,0.3902439024390244,34.63575200021296,0.39574993687941584,0.6,0.8125,0.47560975609756095,41.30909600007726,X,X,X,X,X,X,X,L,N,N,N
0000308_04401_d_0000327.jpg,385,98,0.04916194594392971,0.6459627329192548,0.8253968253968254,0.5306122448979592,31.29699199962488,0.07386527096875341,0.6818181818181818,0.7692307692307693,0.6122448979591837,21.295009999903414,0.45509515899328234,0.6918918918918919,0.735632183908046,0.6530612244897959,28.17474699986633,0.42187762409403456,0.6779661016949152,0.759493670886076,0.6122448979591837,40.31098799987376,L,L,L,L,L,L,L,L,L,L,L
0000312_00001_d_0000414.jpg,386,112,0.060070657979943966,0.6470588235294118,0.717391304347826,0.5892857142857143,31.715577000341,0.15535467166579459,0.6763285024154588,0.7368421052631579,0.625,23.688955000125134,0.39714886617589945,0.7475728155339806,0.8191489361702128,0.6875,31.882552999832114,0.38742580417836203,0.7692307692307692,0.8333333333333334,0.7142857142857143,38.231980000091426,L,L,L,L,L,L,L,L,L,L,L
0000312_00201_d_0000415.jpg,387,108,0.07046732094861446,0.6836734693877551,0.7613636363636364,0.6203703703703703,19.308370999624458,0.1805430194079936,0.751269035532995,0.8314606741573034,0.6851851851851852,17.990530999668408,0.4382230197789337,0.7920792079207921,0.851063829787234,0.7407407407407407,33.208037999884255,0.3107666398644584,0.7962085308056872,0.8155339805825242,0.7777777777777778,28.74927300035779,L,L,L,L,L,L,L,L,L,L,L
0000312_00601_d_0000417.jpg,388,59,0.17571992564964983,0.6526315789473686,0.8611111111111112,0.5254237288135594,17.98472100017534,0.14641471922104943,0.6981132075471698,0.7872340425531915,0.6271186440677966,25.22035500032871,0.41049011424890985,0.7307692307692307,0.8444444444444444,0.6440677966101694,38.13130700018519,0.26737524088039083,0.8113207547169811,0.9148936170212766,0.7288135593220338,28.293728999869927,L,L,L,L,L,L,L,L,L,N,N
0000312_01001_d_0000419.jpg,389,80,0.13013261553499297,0.6811594202898551,0.8103448275862069,0.5875,18.970921000345697,0.12986958470041005,0.6758620689655173,0.7538461538461538,0.6125,28.738013999827672,0.4417429192643603,0.6754966887417218,0.7183098591549296,0.6375,26.43141899989132,0.29825488050023674,0.6938775510204082,0.7611940298507462,0.6375,27.907637000225805,L,L,L,L,L,L,L,L,L,L,L
0000312_01201_d_0000420.jpg,390,82,0.038087619945886685,0.6533333333333333,0.7205882352941176,0.5975609756097561,19.19833399961135,0.10105024698694119,0.7152317880794703,0.782608695652174,0.6585365853658537,17.096485999900324,0.457723305205074,0.7421383647798743,0.7662337662337663,0.7195121951219512,21.332638999865594,0.4031388278620982,0.7468354430379746,0.7763157894736842,0.7195121951219512,27.540199999748438,L,L,L,L,L,L,L,L,L,L,L
0000312_02201_d_0000425.jpg,391,78,0.06301130022440933,0.6438356164383562,0.6911764705882353,0.6025641025641025,32.53698500020619,0.11344190508367893,0.697986577181208,0.7323943661971831,0.6666666666666666,24.336240000138787,0.39612109401379586,0.7248322147651006,0.7605633802816901,0.6923076923076923,42.98318000019208,0.42742570067811614,0.7333333333333334,0.7638888888888888,0.7051282051282052,35.20983199996408,X,X,X,X,X,L,L,L,L,L,L
0000312_02401_d_0000426.jpg,392,80,0.0958221815191233,0.652482269503546,0.7540983606557377,0.575,18.98543300012534,0.15378494134327492,0.711111111111111,0.8727272727272727,0.6,26.664476999940234,0.4463392355645453,0.7092198581560285,0.819672131147541,0.625,31.582379000155925,0.30405364157305653,0.7074829931972789,0.7761194029850746,0.65,27.49668299975383,L,L,L,L,L,L,L,L,L,L,L
0000312_04201_d_0000435.jpg,393,80,0.10040957858470471,0.6811594202898551,0.8103448275862069,0.5875,18.812643999808643,0.13591748907159493,0.7448275862068966,0.8307692307692308,0.675,17.578452000179823,0.4094960048977256,0.7482993197278912,0.8208955223880597,0.6875,26.778674999604846,0.35417692744597457,0.7152317880794701,0.7605633802816901,0.675,27.900931000203855,L,L,L,L,L,L,L,L,L,L,L
0000313_06401_d_0000468.jpg,394,91,0.04205961506346684,0.42276422764227645,0.8125,0.2857142857142857,19.14966499998627,0.09497460252507789,0.4461538461538461,0.7435897435897436,0.31868131868131866,17.79084999998304,0.3926994511968289,0.4817518248175182,0.717391304347826,0.3626373626373626,25.95823499996186,0.47026633121462647,0.5072463768115941,0.7446808510638298,0.38461538461538464,31.242737999946257,X,X,X,X,X,X,X,X,L,L,L
0000313_06601_d_0000469.jpg,395,165,0.04005155090982111,0.3394495412844037,0.6981132075471698,0.22424242424242424,24.43965400016168,0.08402827304274993,0.4,0.7076923076923077,0.2787878787878788,32.91830799980744,0.39654062735158424,0.46610169491525416,0.7746478873239436,0.3333333333333333,36.40805500026545,0.4793795486958449,0.4444444444444444,0.7536231884057971,0.3151515151515151,47.05155999999988,X,X,X,X,X,X,X,X,L,L,L
0000313_07001_d_0000471.jpg,396,5,0.4492362334399694,0.33333333333333337,1.0,0.2,31.74917100022867,0.1847964197723841,0.33333333333333337,1.0,0.2,28.28748399997494,0.19552021964877986,0.6666666666666665,0.75,0.6,29.518496000036976,0.17044712713886662,1.0,1.0,1.0,33.40674599985505,N,N,N,N,N,N,N,N,N,N,N
0000315_01601_d_0000509.jpg,397,98,0.04685873648940633,0.41891891891891897,0.62,0.3163265306122449,19.134654000026785,0.10627378095964728,0.4743589743589743,0.6379310344827587,0.37755102040816324,16.662004999943747,0.363409691677702,0.5660377358490566,0.7377049180327869,0.45918367346938777,24.576305000209686,0.48345779087324475,0.5508982035928144,0.6666666666666666,0.46938775510204084,47.00125199997274,X,X,X,X,X,X,X,X,X,L,L
0000316_00001_d_0000519.jpg,398,69,0.1102076080233561,0.2272727272727273,0.5263157894736842,0.14492753623188406,18.573000999822398,0.07177172753031628,0.27906976744186046,0.7058823529411765,0.17391304347826086,22.578641999643878,0.4046740885132155,0.45098039215686275,0.696969696969697,0.3333333333333333,35.87033400026485,0.4133465759331122,0.4516129032258065,0.875,0.30434782608695654,39.78361200006475,X,X,L,L,L,L,L,L,L,L,L
0000316_00201_d_0000520.jpg,399,54,0.07205701208697583,0.36585365853658536,0.5357142857142857,0.2777777777777778,19.6015559999978,0.04868349519317964,0.5168539325842697,0.6571428571428571,0.42592592592592593,19.322072000250046,0.3954537544802402,0.5783132530120482,0.8275862068965517,0.4444444444444444,30.085902999871905,0.48380573823960465,0.5301204819277108,0.7586206896551724,0.4074074074074074,28.63089399988894,X,X,X,X,X,X,X,X,L,L,L
0000316_00401_d_0000521.jpg,400,23,0.07709085626855869,0.5,0.5882352941176471,0.43478260869565216,34.57960100013224,0.06569573227412105,0.46153846153846156,0.5625,0.391304347826087,30.14061900012166,0.4982733122140063,0.5142857142857143,0.75,0.391304347826087,47.60899500024607,0.358940099243314,0.47368421052631576,0.6,0.391304347826087,40.11869599980855,L,L,L,L,L,L,L,L,L,L,L
0000316_00601_d_0000522.jpg,401,35,0.11739026465703425,0.41509433962264153,0.6111111111111112,0.3142857142857143,18.994373000168707,0.0778323531158687,0.47058823529411753,0.75,0.34285714285714286,23.887037999884342,0.3791818697362023,0.490566037735849,0.7222222222222222,0.37142857142857144,36.71007100001589,0.42559551249089494,0.5,0.7647058823529411,0.37142857142857144,40.21094200015796,X,X,X,X,X,X,L,L,L,L,L
0000316_00801_d_0000523.jpg,402,27,0.09751270907580453,0.3255813953488372,0.4375,0.25925925925925924,24.20916400023998,0.14168065291784843,0.375,0.42857142857142855,0.3333333333333333,20.208711000123003,0.40428984331958345,0.36363636363636365,0.35714285714285715,0.37037037037037035,31.451387000288378,0.35651679468676345,0.32727272727272727,0.32142857142857145,0.3333333333333333,46.45135200007644,L,L,L,L,L,L,L,L,L,L,L
0000316_01001_d_0000524.jpg,403,18,0.21107785155044015,0.32,0.5714285714285714,0.2222222222222222,19.059065999954328,0.1644082448301265,0.4666666666666666,0.5833333333333334,0.3888888888888889,18.055845000162662,0.42714609986693636,0.6875000000000001,0.7857142857142857,0.6111111111111112,24.67258699971353,0.19736780375249727,0.5,0.5714285714285714,0.4444444444444444,33.50389400020504,L,L,L,L,L,L,L,L,N,N,N
0000316_01201_d_0000525.jpg,404,43,0.06621044160439404,0.5507246376811594,0.7307692307692307,0.4418604651162791,19.746692000353505,0.16195996781365837,0.6052631578947368,0.696969696969697,0.5348837209302325,25.137789000382327,0.3798160583710783,0.675,0.7297297297297297,0.627906976744186,29.68559600003573,0.39201353221086954,0.6753246753246753,0.7647058823529411,0.6046511627906976,38.66623299973071,X,X,X,L,L,L,L,L,L,L,L
0000316_01401_d_0000526.jpg,405,34,0.032851935037128584,0.625,0.6666666666666666,0.5882352941176471,18.906064000020706,0.08988791144200436,0.7164179104477613,0.7272727272727273,0.7058823529411765,20.137220999913552,0.3431469649798908,0.7647058823529412,0.7647058823529411,0.7647058823529411,25.84837999984302,0.5341131885409763,0.7647058823529412,0.7647058823529411,0.7647058823529411,28.2448419998218,X,X,X,X,X,X,X,X,X,X,X
0000316_01601_d_0000527.jpg,406,29,0.0931622818256037,0.45833333333333337,0.5789473684210527,0.3793103448275862,18.27358699983961,0.1301060386879201,0.6923076923076923,0.782608695652174,0.6206896551724138,19.372913999632146,0.4045062277297846,0.7169811320754716,0.7916666666666666,0.6551724137931034,26.299280999865005,0.3722254517566916,0.6181818181818182,0.6538461538461539,0.5862068965517241,31.70908500032965,L,L,L,L,L,L,L,L,L,L,L
0000316_01801_d_0000528.jpg,407,11,0.12715235041021303,0.761904761904762,0.8,0.7272727272727273,18.850651999855472,0.2213523213520472,0.8181818181818182,0.8181818181818182,0.8181818181818182,19.238815999869985,0.385533855627443,0.7999999999999999,0.8888888888888888,0.7272727272727273,36.81282200022906,0.2659614726102968,0.7999999999999999,0.8888888888888888,0.7272727272727273,41.228584999771556,L,L,L,L,L,L,L,L,L,L,L
0000316_02001_d_0000529.jpg,408,9,0.14925524616443217,0.42857142857142855,0.6,0.3333333333333333,18.985873000019637,0.3681071399594808,0.5714285714285714,0.8,0.4444444444444444,30.06143599986899,0.25272419608591196,0.5714285714285714,0.8,0.4444444444444444,30.012023999915982,0.22991341779017493,0.5263157894736842,0.5,0.5555555555555556,48.74119799978871,S,S,S,S,S,S,L,N,N,N,N
0000316_02201_d_0000530.jpg,409,7,0.18353332186047192,0.8571428571428571,0.8571428571428571,0.8571428571428571,18.68947200000548,0.2199473475754685,0.9333333333333333,0.875,1.0,24.223408000125346,0.4221522509763771,0.9333333333333333,0.875,1.0,30.23721600038698,0.17436707958768277,0.8571428571428571,0.8571428571428571,0.8571428571428571,25.0113600000077,L,L,L,L,L,L,L,L,L,N,N
0000323_02601_d_0000645.jpg,410,91,0.10869314383245718,0.5695364238410596,0.7166666666666667,0.4725274725274725,18.72771999978795,0.04985822827345695,0.6787878787878788,0.7567567567567568,0.6153846153846154,29.41902199972901,0.39313056051431605,0.736196319018405,0.8333333333333334,0.6593406593406593,29.652000999703887,0.4483180673797698,0.7484662576687117,0.8472222222222222,0.6703296703296703,27.52316999976756,X,X,X,X,X,X,X,L,L,L,L
0000327_00001_d_0000711.jpg,411,70,0.07014389584602981,0.6557377049180327,0.7692307692307693,0.5714285714285714,19.562406000204646,0.07320409616004556,0.6290322580645162,0.7222222222222222,0.5571428571428572,21.792545999687718,0.38624272729560744,0.7154471544715448,0.8301886792452831,0.6285714285714286,44.82307699981902,0.4704092806983175,0.7096774193548386,0.8148148148148148,0.6285714285714286,48.015482000209886,X,X,X,X,X,X,X,X,L,L,L
0000327_00201_d_0000712.jpg,412,60,0.0684899273828078,0.6666666666666666,0.7254901960784313,0.6166666666666667,22.979985999882047,0.1590561994107563,0.709090909090909,0.78,0.65,27.385669000068447,0.41822238790463545,0.7777777777777777,0.875,0.7,38.85534899973209,0.35423148530180065,0.6608695652173913,0.6909090909090909,0.6333333333333333,27.293374999771913,L,L,L,L,L,L,L,L,L,L,L
0000327_00401_d_0000713.jpg,413,64,0.045796214105342056,0.5794392523364486,0.7209302325581395,0.484375,18.782486999953107,0.08338356915319277,0.5925925925925926,0.7272727272727273,0.5,23.998973999823647,0.4292262089877036,0.6545454545454547,0.782608695652174,0.5625,26.17908100000932,0.4415940077537615,0.7027027027027027,0.8297872340425532,0.609375,48.830540999915684,X,X,L,L,L,L,L,L,L,L,L
0000327_00601_d_0000714.jpg,414,84,0.052930262320316085,0.5833333333333334,0.7,0.5,30.30743600038477,0.08098520960619247,0.6351351351351351,0.734375,0.5595238095238095,26.367110000137473,0.4465530490729917,0.6582278481012659,0.7027027027027027,0.6190476190476191,33.6166189999858,0.41953147900049964,0.6455696202531644,0.6891891891891891,0.6071428571428571,36.79809100003695,L,L,L,L,L,L,L,L,L,L,L
0000327_00801_d_0000715.jpg,415,84,0.07124283530760929,0.691358024691358,0.717948717948718,0.6666666666666666,18.505227999867202,0.054762810178699314,0.759493670886076,0.8108108108108109,0.7142857142857143,15.63946800024496,0.3656100690374344,0.7777777777777779,0.8076923076923077,0.75,27.642943000046216,0.5083842854762571,0.8098159509202455,0.8354430379746836,0.7857142857142857,28.024921999985963,X,X,X,X,X,X,X,X,X,X,L
0000327_01001_d_0000716.jpg,416,83,0.08564463266885662,0.64,0.7164179104477612,0.5783132530120482,18.45672999979797,0.07474757683346388,0.7297297297297298,0.8307692307692308,0.6506024096385542,24.98806199992032,0.42786978908388035,0.7200000000000001,0.8059701492537313,0.6506024096385542,47.13344399988273,0.4117380014137992,0.7417218543046358,0.8235294117647058,0.6746987951807228,34.43660400034787,L,L,L,L,L,L,L,L,L,L,L
0000327_01201_d_0000717.jpg,417,69,0.0397042118737036,0.6976744186046512,0.75,0.6521739130434783,18.772061000163376,0.09431193648552029,0.6515151515151516,0.6825396825396826,0.6231884057971014,18.90501099978792,0.46692218226456955,0.7022900763358778,0.7419354838709677,0.6666666666666666,33.3845109998947,0.3990616693762067,0.736842105263158,0.765625,0.7101449275362319,27.704269999958342,L,L,L,L,L,L,L,L,L,L,L
0000327_01401_d_0000718.jpg,418,93,0.07184088685459715,0.5753424657534246,0.7924528301886793,0.45161290322580644,19.512820000272768,0.06381060927674323,0.5810810810810811,0.7818181818181819,0.46236559139784944,22.57026200004475,0.35913365481921655,0.609271523178808,0.7931034482758621,0.4946236559139785,47.72438999998485,0.5052148490494431,0.6266666666666667,0.8245614035087719,0.5053763440860215,32.59720000005473,X,X,X,X,X,X,X,X,X,X,L
0000327_01801_d_0000720.jpg,419,62,0.07359263582265792,0.5370370370370371,0.6304347826086957,0.46774193548387094,33.4569849997024,0.09580611117977403,0.6111111111111109,0.717391304347826,0.532258064516129,22.37039499959792,0.33658024036627376,0.6964285714285714,0.78,0.6290322580645161,40.85324600009699,0.4940210126312945,0.6788990825688074,0.7872340425531915,0.5967741935483871,43.11811299976398,X,X,X,X,X,X,X,X,X,X,L
0000327_02601_d_0000724.jpg,420,57,0.06251754074475434,0.4444444444444444,0.5238095238095238,0.38596491228070173,22.253150999858917,0.09071249845345593,0.6181818181818182,0.6415094339622641,0.5964912280701754,20.410747999903833,0.4052453698836956,0.6728971962616822,0.72,0.631578947368421,37.25193099990065,0.44152459091809415,0.7037037037037038,0.7450980392156863,0.6666666666666666,28.025519000038912,X,X,X,X,X,L,L,L,L,L,L
0000327_02801_d_0000725.jpg,421,73,0.0590151398553223,0.6393442622950819,0.7959183673469388,0.5342465753424658,19.47827399999369,0.06588662049236334,0.6611570247933883,0.8333333333333334,0.547945205479452,24.10706000000573,0.4031617147886477,0.78125,0.9090909090909091,0.684931506849315,25.556659999892872,0.47193652486366694,0.7377049180327868,0.9183673469387755,0.6164383561643836,27.099507999992056,X,X,X,X,X,X,X,L,L,L,L
0000327_03001_d_0000726.jpg,422,75,0.06852054764049638,0.5689655172413793,0.8048780487804879,0.44,17.62569499987876,0.05309804788115387,0.5663716814159292,0.8421052631578947,0.4266666666666667,18.462523999914993,0.3533313610930965,0.638655462184874,0.8636363636363636,0.5066666666666667,27.817502999823773,0.5250500433852532,0.6440677966101697,0.8837209302325582,0.5066666666666667,38.71040199965137,X,X,X,X,X,X,X,X,X,X,L
0000327_03201_d_0000727.jpg,423,110,0.05665136595205857,0.2127659574468085,0.4838709677419355,0.13636363636363635,18.200341000010667,0.06436873008507145,0.2896551724137931,0.6,0.19090909090909092,20.287304999783373,0.40710838825364876,0.326530612244898,0.6486486486486487,0.21818181818181817,29.113128000062716,0.4718715157092215,0.3172413793103448,0.6571428571428571,0.20909090909090908,45.52827899988188,X,X,X,X,X,X,X,L,L,L,L
0000327_03401_d_0000728.jpg,424,75,0.08394548667608971,0.3809523809523809,0.6666666666666666,0.26666666666666666,17.94499499965241,0.15289876775395478,0.43243243243243246,0.6666666666666666,0.32,23.482645000058255,0.36409523606610167,0.5043478260869565,0.725,0.38666666666666666,30.672569000216754,0.39906050950385374,0.5645161290322581,0.7142857142857143,0.4666666666666667,26.989721000063582,X,X,X,X,X,L,L,L,L,L,L
0000327_03601_d_0000729.jpg,425,60,0.07409447271928449,0.5833333333333334,0.7777777777777778,0.4666666666666667,18.960155999593553,0.05742639171438256,0.6415094339622641,0.7391304347826086,0.5666666666666667,15.272012999957951,0.4000513249509019,0.6782608695652174,0.7090909090909091,0.65,26.911064999694645,0.46842781061543126,0.6964285714285715,0.75,0.65,38.800902999810205,X,X,X,X,X,X,X,L,L,L,L
0000327_03801_d_0000730.jpg,426,103,0.048828929120823664,0.524390243902439,0.7049180327868853,0.4174757281553398,31.12194499999532,0.10083092802314943,0.6091954022988505,0.7464788732394366,0.5145631067961165,21.630541999911657,0.38530865555506105,0.6593406593406593,0.759493670886076,0.5825242718446602,34.81797899985395,0.4650314873009658,0.7078651685393258,0.84,0.6116504854368932,42.48907200008034,X,X,X,X,X,X,X,X,L,L,L
0000327_04001_d_0000731.jpg,427,136,0.08708482181645823,0.42424242424242425,0.6774193548387096,0.3088235294117647,32.031847999860474,0.06038464109758522,0.4949494949494949,0.7903225806451613,0.3602941176470588,17.01003000016499,0.38621424820640016,0.5118483412322274,0.72,0.39705882352941174,35.24343900016902,0.4663162888795563,0.5454545454545455,0.7808219178082192,0.41911764705882354,48.34868300031303,X,X,X,X,X,X,X,X,L,L,L
0000327_04201_d_0000732.jpg,428,110,0.056962801250379225,0.5000000000000001,0.6428571428571429,0.4090909090909091,17.37977199991292,0.09646916558656012,0.553191489361702,0.6666666666666666,0.4727272727272727,16.04443899987018,0.4070330635241338,0.6060606060606061,0.6818181818181818,0.5454545454545454,22.575371000129962,0.439534969638927,0.6632124352331606,0.7710843373493976,0.5818181818181818,27.41639399982887,X,X,X,X,X,L,L,L,L,L,L
0000330_00001_d_0000800.jpg,429,80,0.07905499040084903,0.6093749999999999,0.8125,0.4875,19.954622999648564,0.11265658868639887,0.6474820143884892,0.7627118644067796,0.5625,29.448491000039212,0.3899109179739548,0.6993006993006993,0.7936507936507936,0.625,36.173129999951925,0.4183775029387975,0.7605633802816901,0.8709677419354839,0.675,27.79820700015989,X,X,X,X,X,L,L,L,L,L,L
0000330_00201_d_0000801.jpg,430,130,0.06156959131115817,0.33695652173913043,0.5740740740740741,0.23846153846153847,32.13335000009465,0.13295392156709387,0.3850267379679144,0.631578947368421,0.27692307692307694,20.143219000146928,0.37997665147333076,0.4205128205128205,0.6307692307692307,0.3153846153846154,35.00955099980274,0.4254998356484175,0.4232804232804233,0.6779661016949152,0.3076923076923077,38.54631600006542,X,X,X,X,X,X,L,L,L,L,L
0000330_00401_d_0000802.jpg,431,112,0.08873056040049318,0.48407643312101917,0.8444444444444444,0.3392857142857143,19.3289310000182,0.09169116557130588,0.5207100591715976,0.7719298245614035,0.39285714285714285,22.300547999748233,0.44826833992325116,0.5536723163841808,0.7538461538461538,0.4375,38.19473999965339,0.3713099341049497,0.5921787709497206,0.7910447761194029,0.4732142857142857,33.81893499999933,L,L,L,L,L,L,L,L,L,L,L
0000330_00601_d_0000803.jpg,432,94,0.0643669994612098,0.5068493150684932,0.7115384615384616,0.39361702127659576,31.453510000119422,0.06405237314088395,0.5714285714285714,0.7924528301886793,0.44680851063829785,20.81928399957178,0.394405677439543,0.5960264900662251,0.7894736842105263,0.4787234042553192,41.84632199985572,0.47717494995836357,0.6103896103896105,0.7833333333333333,0.5,43.05152899996756,X,X,X,X,X,X,X,X,L,L,L
0000330_00801_d_0000804.jpg,433,93,0.05397574517393742,0.6049382716049383,0.7101449275362319,0.5268817204301075,18.98132899987104,0.0808903090672932,0.6257668711656441,0.7285714285714285,0.5483870967741935,15.953879999869969,0.3790549640527793,0.6503067484662578,0.7571428571428571,0.5698924731182796,31.158641999809333,0.4860789817059905,0.6375,0.7611940298507462,0.5483870967741935,27.497390000007726,X,X,X,X,X,X,X,X,X,L,L
0000330_01001_d_0000805.jpg,434,93,0.06880149080775814,0.5200000000000001,0.6842105263157895,0.41935483870967744,18.561288000000786,0.05482271411902106,0.5359477124183006,0.6833333333333333,0.44086021505376344,19.741634000183694,0.385048226763888,0.6282051282051282,0.7777777777777778,0.5268817204301075,43.90673700027037,0.49132756830933316,0.6143790849673203,0.7833333333333333,0.5053763440860215,27.22041499964689,X,X,X,X,X,X,X,X,X,L,L
0000330_01201_d_0000806.jpg,435,110,0.047770935148940694,0.48780487804878053,0.7407407407407407,0.36363636363636365,24.219089999860444,0.08737218805228396,0.5590062111801242,0.8823529411764706,0.4090909090909091,17.79326999985642,0.4272404567296381,0.6057142857142858,0.8153846153846154,0.4818181818181818,28.05701700026475,0.4376164200691375,0.6171428571428572,0.8307692307692308,0.4909090909090909,28.122524000082194,X,X,L,L,L,L,L,L,L,L,L
0000330_01401_d_0000807.jpg,436,161,0.056030199016935664,0.5737051792828686,0.8,0.4472049689440994,32.01933999980611,0.06999590187829924,0.5977011494252874,0.78,0.484472049689441,33.94049899998208,0.4157595340646961,0.6666666666666667,0.8256880733944955,0.5590062111801242,47.66423699993538,0.45821436504006896,0.6567164179104478,0.822429906542056,0.546583850931677,45.53612500012605,X,X,X,X,X,X,L,L,L,L,L
0000330_01601_d_0000808.jpg,437,99,0.05996720094685214,0.5660377358490566,0.75,0.45454545454545453,31.638706999729038,0.06551700767061577,0.5962732919254659,0.7741935483870968,0.48484848484848486,18.85760899995148,0.355968043098472,0.6666666666666666,0.8115942028985508,0.5656565656565656,36.51884400005656,0.5185477482840604,0.6790123456790124,0.873015873015873,0.5555555555555556,29.60044499968717,X,X,X,X,X,X,X,X,X,X,L
0000330_01801_d_0000809.jpg,438,64,0.04446361311489462,0.6545454545454547,0.782608695652174,0.5625,18.27391599999828,0.0758696996481808,0.6964285714285714,0.8125,0.609375,16.839727999922616,0.4295125650667493,0.6991869918699187,0.7288135593220338,0.671875,29.645393999999214,0.4501541221701755,0.7868852459016394,0.8275862068965517,0.75,41.74458699981187,X,X,X,L,L,L,L,L,L,L,L
0000330_02001_d_0000810.jpg,439,57,0.05131186408302764,0.7326732673267327,0.8409090909090909,0.6491228070175439,18.94830599985653,0.12754015950705808,0.6862745098039216,0.7777777777777778,0.6140350877192983,27.43202999999994,0.4321897973638234,0.7070707070707071,0.8333333333333334,0.6140350877192983,40.81048099988038,0.388958179046091,0.7619047619047619,0.8333333333333334,0.7017543859649122,47.88288700001431,L,L,L,L,L,L,L,L,L,L,L
0000330_02201_d_0000811.jpg,440,44,0.06969438299581039,0.6585365853658537,0.7105263157894737,0.6136363636363636,18.455208999967,0.0553571131298088,0.6233766233766234,0.7272727272727273,0.5454545454545454,24.383418000070378,0.42283450865188715,0.6829268292682926,0.7368421052631579,0.6363636363636364,37.23077099994043,0.45211399522249346,0.6823529411764706,0.7073170731707317,0.6590909090909091,47.59883599990644,X,X,X,X,L,L,L,L,L,L,L
0000330_02801_d_0000814.jpg,441,45,0.05283084445623482,0.627906976744186,0.6585365853658537,0.6,19.00830699969447,0.0713681008959113,0.7586206896551724,0.7857142857142857,0.7333333333333333,19.120522999855893,0.4309442308739048,0.702127659574468,0.673469387755102,0.7333333333333333,26.863313999911043,0.4448568237739493,0.7872340425531914,0.7551020408163265,0.8222222222222222,26.330110999879253,X,X,X,L,L,L,L,L,L,L,L
0000330_03001_d_0000815.jpg,442,45,0.06555874718606924,0.6904761904761906,0.7435897435897436,0.6444444444444445,18.843499000013253,0.0822810386071822,0.7654320987654321,0.8611111111111112,0.6888888888888889,25.642422000146325,0.4202647604020735,0.7640449438202247,0.7727272727272727,0.7555555555555555,30.52469000022029,0.4318954538046753,0.8045977011494253,0.8333333333333334,0.7777777777777778,28.52107699982298,X,X,L,L,L,L,L,L,L,L,L
0000330_03201_d_0000816.jpg,443,69,0.046380577813343295,0.6722689075630253,0.8,0.5797101449275363,31.359350999991875,0.13025352160273188,0.7384615384615385,0.7868852459016393,0.6956521739130435,29.315524000139703,0.508501034410985,0.6993006993006994,0.6756756756756757,0.7246376811594203,33.874256999752106,0.31486486617293963,0.7050359712230215,0.7,0.7101449275362319,44.05816500002402,L,L,L,L,L,L,L,L,L,L,L
0000330_04001_d_0000820.jpg,444,38,0.055129904065095936,0.7341772151898733,0.7073170731707317,0.7631578947368421,18.367919999946025,0.08817140772643724,0.7532467532467534,0.7435897435897436,0.7631578947368421,20.349091999833036,0.4562726550822246,0.8051948051948051,0.7948717948717948,0.8157894736842105,38.419427000008,0.4004260331262423,0.7894736842105263,0.7894736842105263,0.7894736842105263,28.364344000237907,L,L,L,L,L,L,L,L,L,L,L
0000330_04201_d_0000821.jpg,445,162,0.10458071094831857,0.4645669291338582,0.6413043478260869,0.36419753086419754,29.16253399962443,0.04757178703545387,0.544,0.7727272727272727,0.41975308641975306,21.368910000092,0.3751273574199165,0.6120996441281139,0.7226890756302521,0.5308641975308642,46.1020800003098,0.47272014459631123,0.6273062730627306,0.7798165137614679,0.5246913580246914,39.55011299967737,X,X,X,X,X,X,X,X,L,L,L
0000330_04401_d_0000822.jpg,446,38,0.04594003444468526,0.5074626865671642,0.5862068965517241,0.4473684210526316,18.487218999780453,0.05688593149993177,0.6086956521739131,0.6774193548387096,0.5526315789473685,23.860365000018646,0.46299391956817537,0.6666666666666666,0.7419354838709677,0.6052631578947368,24.325934999978926,0.4341801144872075,0.6478873239436619,0.696969696969697,0.6052631578947368,27.040730999942753,L,L,L,L,L,L,L,L,L,L,L
0000330_04601_d_0000823.jpg,447,62,0.057443879677037214,0.5714285714285714,0.7777777777777778,0.45161290322580644,19.041645000015706,0.05557266192618623,0.6095238095238095,0.7441860465116279,0.5161290322580645,21.271047000027465,0.36898937430472506,0.6545454545454547,0.75,0.5806451612903226,34.917531999781204,0.5179940840920513,0.5981308411214953,0.7111111111111111,0.5161290322580645,46.82207399991967,X,X,X,X,X,X,X,X,X,X,L
0000333_00001_d_0000001.jpg,448,68,0.106400667555459,0.5210084033613445,0.6078431372549019,0.45588235294117646,19.760313000006136,0.16797267467220414,0.5714285714285715,0.6206896551724138,0.5294117647058824,32.38110400025107,0.3742795273999343,0.5671641791044776,0.5757575757575758,0.5588235294117647,44.22252700032914,0.35134713037240256,0.6212121212121211,0.640625,0.6029411764705882,45.70540299982895,L,L,L,L,L,L,L,L,L,L,L
0000333_01765_d_0000010.jpg,449,120,0.1674087957875879,0.5287356321839081,0.8518518518518519,0.38333333333333336,31.318353000187926,0.18389887441766664,0.585635359116022,0.8688524590163934,0.44166666666666665,18.64523799986273,0.34160720151950325,0.5913978494623655,0.8333333333333334,0.4583333333333333,43.213243000082,0.3070851282752426,0.611111111111111,0.9166666666666666,0.4583333333333333,43.31755400016846,L,L,L,L,L,L,L,L,N,N,N
0000333_01961_d_0000011.jpg,450,65,0.1957750532726185,0.7610619469026548,0.8958333333333334,0.6615384615384615,31.181789999664034,0.2150871931362511,0.7666666666666666,0.8363636363636363,0.7076923076923077,21.04644900009589,0.32112134496785705,0.7966101694915254,0.8867924528301887,0.7230769230769231,32.239049000054365,0.2680164086232735,0.8305084745762712,0.9245283018867925,0.7538461538461538,49.287648999779776,L,L,L,L,L,L,L,N,N,N,N
0000333_02157_d_0000012.jpg,451,67,0.2303211025591109,0.7017543859649124,0.851063829787234,0.5970149253731343,18.766155000321305,0.20528344651138145,0.7457627118644067,0.8627450980392157,0.6567164179104478,19.36888699992778,0.31410566976171095,0.793388429752066,0.8888888888888888,0.7164179104477612,25.835465999989538,0.2502897811677969,0.8130081300813009,0.8928571428571429,0.746268656716418,27.642111999739427,L,L,L,L,L,N,N,N,N,N,N
0000333_02353_d_0000013.jpg,452,70,0.16636318717845716,0.6666666666666666,0.9024390243902439,0.5285714285714286,19.012349000149698,0.18933404660616368,0.6785714285714285,0.9047619047619048,0.5428571428571428,18.765386000268336,0.3303770150840793,0.7256637168141594,0.9534883720930233,0.5857142857142857,44.935407000139094,0.3139257511313002,0.7207207207207207,0.975609756097561,0.5714285714285714,47.04578099972423,L,L,L,L,L,L,L,L,N,N,N
0000333_02549_d_0000014.jpg,453,91,0.13197399757307116,0.5035971223021583,0.7291666666666666,0.38461538461538464,30.834029000288865,0.22602680688248641,0.5323741007194245,0.7708333333333334,0.4065934065934066,19.77278499998647,0.3334169926845758,0.5815602836879432,0.82,0.45054945054945056,33.395447000202694,0.3085822028598668,0.5277777777777778,0.7169811320754716,0.4175824175824176,27.780675000030897,L,L,L,L,L,L,L,L,L,L,N
0000333_02745_d_0000015.jpg,454,52,0.19226844611903574,0.6511627906976744,0.8235294117647058,0.5384615384615384,29.12077200016938,0.189958143744483,0.6744186046511628,0.8529411764705882,0.5576923076923077,20.89363000004596,0.32602299630974174,0.6976744186046512,0.8823529411764706,0.5769230769230769,25.251921999824845,0.2917504138267395,0.7111111111111111,0.8421052631578947,0.6153846153846154,40.027265999924566,L,L,L,L,L,L,L,N,N,N,N
0000333_02941_d_0000016.jpg,455,44,0.13547356649589024,0.6666666666666665,0.8571428571428571,0.5454545454545454,18.243537999751425,0.20821352127502152,0.7027027027027029,0.8666666666666667,0.5909090909090909,19.58462899983715,0.36968578509202576,0.7027027027027029,0.8666666666666667,0.5909090909090909,28.202712999700452,0.2866271271370625,0.6753246753246752,0.7878787878787878,0.5909090909090909,26.51787200011313,L,L,L,L,L,L,L,L,L,L,N
0000333_03137_d_0000017.jpg,456,39,0.14230332424211437,0.6153846153846154,0.7692307692307693,0.5128205128205128,18.72087299989289,0.2585531242474028,0.6562499999999999,0.84,0.5384615384615384,21.01950600035707,0.350984711854561,0.6363636363636364,0.7777777777777778,0.5384615384615384,41.617942999891966,0.24815883965592164,0.6562499999999999,0.84,0.5384615384615384,31.98015599991777,L,L,L,L,L,L,L,L,L,L,N
0000333_03333_d_0000018.jpg,457,62,0.1387256312869888,0.7350427350427351,0.7818181818181819,0.6935483870967742,19.10564899981182,0.17223781628295373,0.7719298245614036,0.8461538461538461,0.7096774193548387,24.311979999765754,0.3514912419421227,0.8245614035087719,0.9038461538461539,0.7580645161290323,45.4527409997354,0.33754531048793485,0.8070175438596492,0.8846153846153846,0.7419354838709677,29.623278000144637,L,L,L,L,L,L,L,L,L,L,N
0000333_03529_d_0000019.jpg,458,95,0.14860768548566497,0.588235294117647,0.7758620689655172,0.47368421052631576,19.084208000094804,0.19985330881229202,0.5859872611464969,0.7419354838709677,0.4842105263157895,28.92333999989205,0.34654098911063635,0.6219512195121951,0.7391304347826086,0.5368421052631579,24.470058000133577,0.3049980165914068,0.654320987654321,0.7910447761194029,0.5578947368421052,26.74504699962199,L,L,L,L,L,L,L,L,L,N,N
0000333_03725_d_0000020.jpg,459,83,0.137898519875146,0.6027397260273972,0.6984126984126984,0.5301204819277109,19.614129999808938,0.18288405118037176,0.6099290780141845,0.7413793103448276,0.5180722891566265,17.138389000137977,0.34389810741680354,0.6530612244897958,0.75,0.5783132530120482,25.480682000306842,0.33531932152767907,0.6301369863013699,0.7301587301587301,0.5542168674698795,27.658072999656724,L,L,L,L,L,L,L,L,L,L,N
0000335_00001_d_0000043.jpg,460,41,0.16271239034910992,0.7042253521126761,0.8333333333333334,0.6097560975609756,32.02756300015608,0.15074257582242814,0.7837837837837839,0.8787878787878788,0.7073170731707317,18.020683000031568,0.3953830233437978,0.736842105263158,0.8,0.6829268292682927,35.06007799978761,0.2911620104846644,0.821917808219178,0.9375,0.7317073170731707,38.129296000079194,L,L,L,L,L,L,L,L,L,L,N
0000335_00197_d_0000044.jpg,461,37,0.03769126177004257,0.6129032258064517,0.76,0.5135135135135135,19.374407000213978,0.15287484645382687,0.59375,0.7037037037037037,0.5135135135135135,27.703710999958275,0.38718392579847777,0.5352112676056339,0.5588235294117647,0.5135135135135135,26.99191100009557,0.4222499659776529,0.6153846153846154,0.7142857142857143,0.5405405405405406,27.44012399989515,X,X,X,X,X,L,L,L,L,L,L
0000335_00393_d_0000045.jpg,462,34,0.04737713595753961,0.5999999999999999,0.6923076923076923,0.5294117647058824,32.13901100025396,0.0856510349115851,0.6666666666666667,0.7692307692307693,0.5882352941176471,18.034104999969713,0.439106709847094,0.696969696969697,0.71875,0.6764705882352942,23.22238800024934,0.4278651192837814,0.7500000000000001,0.8,0.7058823529411765,40.30579000027501,L,L,L,L,L,L,L,L,L,L,L
0000335_00589_d_0000046.jpg,463,21,0.16405867388113862,0.8,0.8421052631578947,0.7619047619047619,24.035215999901993,0.16715459323018902,0.7317073170731706,0.75,0.7142857142857143,22.337279000112176,0.42514612844549865,0.8780487804878048,0.9,0.8571428571428571,28.348679000373522,0.2436406044431733,0.9047619047619048,0.9047619047619048,0.9047619047619048,26.364840000042022,L,L,L,L,L,L,L,L,L,L,N
0000335_00785_d_0000047.jpg,464,34,0.05726251749623504,0.6333333333333334,0.7307692307692307,0.5588235294117647,17.226517999915814,0.06972358389504056,0.6885245901639345,0.7777777777777778,0.6176470588235294,20.403513000019302,0.47158565988186135,0.7213114754098361,0.8148148148148148,0.6470588235294118,25.590226000076655,0.40142823872686284,0.7241379310344829,0.875,0.6176470588235294,31.581359000028897,L,L,L,L,L,L,L,L,L,L,L
0000335_00981_d_0000048.jpg,465,78,0.044883241483137555,0.38000000000000006,0.8636363636363636,0.24358974358974358,24.058768000031705,0.08103213145269166,0.41904761904761906,0.8148148148148148,0.28205128205128205,20.536245000130293,0.4159690486375701,0.45283018867924535,0.8571428571428571,0.3076923076923077,24.570031000166637,0.4581155784266008,0.4727272727272727,0.8125,0.3333333333333333,24.97803100004603,X,X,X,X,X,L,L,L,L,L,L
0000335_01765_d_0000052.jpg,466,61,0.14254358382690077,0.6470588235294118,0.8048780487804879,0.5409836065573771,17.551255999933346,0.09192370912434966,0.7115384615384615,0.8604651162790697,0.6065573770491803,18.275593999987905,0.3468722229690106,0.7272727272727273,0.8163265306122449,0.6557377049180327,30.45174799990491,0.41866048407973877,0.7777777777777777,0.8936170212765957,0.6885245901639344,41.02965199990649,X,X,X,X,X,X,X,X,L,L,N
0000335_01961_d_0000053.jpg,467,69,0.14969714678434468,0.5849056603773585,0.8378378378378378,0.4492753623188406,19.36573100010719,0.09585950345714203,0.7008547008547009,0.8541666666666666,0.5942028985507246,20.12907299967992,0.32023633824602415,0.75,0.8823529411764706,0.6521739130434783,27.694556999904307,0.43420701151248914,0.717948717948718,0.875,0.6086956521739131,28.86178899962033,X,X,X,X,X,X,X,X,X,N,N
0000335_02353_d_0000055.jpg,468,82,0.0857010885852207,0.5245901639344263,0.8,0.3902439024390244,23.51724199979799,0.06636890514029517,0.5454545454545454,0.8461538461538461,0.4024390243902439,18.8247930000216,0.35864656215290763,0.6165413533834586,0.803921568627451,0.5,44.978183999774046,0.48928344412157654,0.6766917293233083,0.8823529411764706,0.5487804878048781,27.517710000211082,X,X,X,X,X,X,X,X,X,L,L
0000335_02549_d_0000056.jpg,469,87,0.06287380142568688,0.5343511450381679,0.7954545454545454,0.40229885057471265,31.006487000013294,0.07582180629296324,0.5970149253731344,0.851063829787234,0.45977011494252873,21.099734000017634,0.39353451897035147,0.5985401459854015,0.82,0.47126436781609193,25.5876989999706,0.46776987331099834,0.6015037593984962,0.8695652173913043,0.45977011494252873,28.083183000035206,X,X,X,X,X,X,X,L,L,L,L
0000335_02745_d_0000057.jpg,470,99,0.08193800149057703,0.5526315789473685,0.7924528301886793,0.42424242424242425,18.824667999979283,0.06824457709013887,0.5974025974025974,0.8363636363636363,0.46464646464646464,18.85175999996136,0.35518091100266713,0.6322580645161291,0.875,0.494949494949495,24.157373999969423,0.4946365104166168,0.641025641025641,0.8771929824561403,0.5050505050505051,26.793785000336356,X,X,X,X,X,X,X,X,X,X,L
0000335_03137_d_0000059.jpg,471,103,0.08724518773004625,0.48407643312101906,0.7037037037037037,0.36893203883495146,19.316914999762957,0.06882057589502227,0.5569620253164557,0.8,0.42718446601941745,25.033532000179548,0.4051520765053909,0.5897435897435898,0.8679245283018868,0.44660194174757284,27.031775000068592,0.43878215986954056,0.5844155844155844,0.8823529411764706,0.4368932038834951,37.24639300025956,X,X,X,X,X,L,L,L,L,L,L
0000335_03333_d_0000060.jpg,472,40,0.04792208699077234,0.7272727272727273,0.7567567567567568,0.7,18.411105999803112,0.09433183318029408,0.7654320987654322,0.7560975609756098,0.775,17.754926000179694,0.5043037022349811,0.8395061728395061,0.8292682926829268,0.85,37.2610699996585,0.3534423775939525,0.8461538461538461,0.868421052631579,0.825,27.064678999977332,L,L,L,L,L,L,L,L,L,L,L
0000335_03725_d_0000062.jpg,473,27,0.15946331589353657,0.823529411764706,0.875,0.7777777777777778,31.2187949998588,0.18497595553800045,0.830188679245283,0.8461538461538461,0.8148148148148148,21.071041000141122,0.3690453743728075,0.8461538461538461,0.88,0.8148148148148148,26.53231299973413,0.28651535419565527,0.830188679245283,0.8461538461538461,0.8148148148148148,28.344408000066323,L,L,L,L,L,L,L,L,L,N,N
0000335_03921_d_0000063.jpg,474,44,0.14029037998280053,0.8192771084337349,0.8717948717948718,0.7727272727272727,31.206440000005387,0.1578054744195269,0.8372093023255814,0.8571428571428571,0.8181818181818182,16.40085300005012,0.412181614336932,0.8837209302325582,0.9047619047619048,0.8636363636363636,26.7457319996538,0.2897225312607407,0.8571428571428572,0.9,0.8181818181818182,27.1008120002989,L,L,L,L,L,L,L,L,L,L,L
0000335_04117_d_0000064.jpg,475,28,0.19116817745662903,0.8518518518518519,0.8846153846153846,0.8214285714285714,19.590499000059935,0.11731492731205086,0.8571428571428571,0.8571428571428571,0.8571428571428571,28.124132999892026,0.4218769547031324,0.896551724137931,0.8666666666666667,0.9285714285714286,28.451957000015682,0.26963994052818796,0.912280701754386,0.896551724137931,0.9285714285714286,27.882378999947832,L,L,L,L,L,L,L,L,L,N,N
0000335_04313_d_0000065.jpg,476,38,0.1315511537450015,0.8169014084507042,0.8787878787878788,0.7631578947368421,19.373582000298484,0.16906412569346185,0.8333333333333333,0.8823529411764706,0.7894736842105263,21.35683999995308,0.35678031255171305,0.8648648648648649,0.8888888888888888,0.8421052631578947,38.69741800008342,0.3426044080098237,0.8767123287671234,0.9142857142857143,0.8421052631578947,27.165202000105637,L,L,L,L,L,L,L,L,L,L,N
0000335_05097_d_0000069.jpg,477,20,0.2358444140117633,0.7222222222222223,0.8125,0.65,19.087143999968248,0.260181647660037,0.8108108108108107,0.8823529411764706,0.75,17.26071699977183,0.26120978169131354,0.7027027027027027,0.7647058823529411,0.65,25.824627000019973,0.24276415663688625,0.7027027027027027,0.7647058823529411,0.65,25.34021900009975,L,L,N,N,N,N,N,N,N,N,N
0000335_05685_d_0000072.jpg,478,15,0.1840913776642749,0.8666666666666667,0.8666666666666667,0.8666666666666667,19.471089000035136,0.38822705065573954,0.896551724137931,0.9285714285714286,0.8666666666666667,20.82724899992172,0.2135159066774412,0.9032258064516129,0.875,0.9333333333333333,25.06986099979258,0.214165665002544,0.8000000000000002,0.8,0.8,27.41299900026206,S,S,S,S,S,S,N,N,N,N,N
0000335_06469_d_0000076.jpg,479,8,0.40320461011576464,0.7142857142857143,0.8333333333333334,0.625,20.31487400017795,0.191334953571202,0.7058823529411765,0.6666666666666666,0.75,16.629033999834064,0.2052596515192106,0.75,0.75,0.75,26.963040999817167,0.20020078479382264,0.7999999999999999,0.8571428571428571,0.75,25.05495900004462,N,N,N,N,N,N,N,N,N,N,N
0000335_06665_d_0000077.jpg,480,21,0.2001145505945295,0.8,0.8421052631578947,0.7619047619047619,30.08390800005145,0.21756191235331204,0.9047619047619048,0.9047619047619048,0.9047619047619048,17.644988000029116,0.3294508032222693,0.8372093023255814,0.8181818181818182,0.8571428571428571,25.974148999921454,0.2528727338298895,0.975609756097561,1.0,0.9523809523809523,26.245239999752812,L,L,L,L,L,L,L,N,N,N,N
0000335_06861_d_0000078.jpg,481,24,0.10164906127836862,0.8695652173913043,0.9090909090909091,0.8333333333333334,18.895041000178026,0.17862757878910338,0.8695652173913043,0.9090909090909091,0.8333333333333334,20.284826000079192,0.4905987276609484,0.8,0.7692307692307693,0.8333333333333334,28.27511899977253,0.22912463227157967,0.875,0.875,0.875,27.46226499994009,L,L,L,L,L,L,L,L,L,L,L
0000342_00393_d_0000244.jpg,482,133,0.08733416219514549,0.42,0.6268656716417911,0.3157894736842105,30.661366999993334,0.05679257637084399,0.5170731707317073,0.7361111111111112,0.39849624060150374,18.265189999965514,0.4048343575398642,0.5821596244131455,0.775,0.46616541353383456,28.61669300000358,0.45103890389414625,0.6255924170616114,0.8461538461538461,0.49624060150375937,31.61038100006408,X,X,X,X,X,X,L,L,L,L,L
0000345_07057_d_0000345.jpg,483,108,0.06277248227712305,0.47560975609756095,0.6964285714285714,0.3611111111111111,16.061446000094293,0.09824280896489852,0.5389221556886227,0.7627118644067796,0.4166666666666667,18.609636999826762,0.4325402873216418,0.6011560693641619,0.8,0.48148148148148145,46.08776599980047,0.4064444214363366,0.6214689265536724,0.7971014492753623,0.5092592592592593,27.51598999975613,L,L,L,L,L,L,L,L,L,L,L
0000346_00001_d_0000346.jpg,484,82,0.04455984999616256,0.6490066225165563,0.7101449275362319,0.5975609756097561,31.631747000119503,0.11632993697768043,0.6973684210526315,0.7571428571428571,0.6463414634146342,18.98402000006172,0.47737534247042107,0.7499999999999999,0.7692307692307693,0.7317073170731707,32.358029000079114,0.36173487055573583,0.721518987341772,0.75,0.6951219512195121,47.159005999674264,L,L,L,L,L,L,L,L,L,L,L
0000346_01961_d_0000356.jpg,485,71,0.10511867022130644,0.5039370078740156,0.5714285714285714,0.4507042253521127,30.687552000017604,0.09472219095277812,0.5826771653543307,0.6607142857142857,0.5211267605633803,18.406738999601657,0.43780028613065786,0.5846153846153846,0.6440677966101694,0.5352112676056338,25.466244000199367,0.3623588526952574,0.5873015873015874,0.6727272727272727,0.5211267605633803,27.055608999944525,L,L,L,L,L,L,L,L,L,L,L
0000346_02549_d_0000359.jpg,486,59,0.05895179509257698,0.6724137931034484,0.6842105263157895,0.6610169491525424,18.74573999975837,0.11165189078771426,0.672,0.6363636363636364,0.711864406779661,19.680139999763924,0.41285171437926826,0.688,0.6515151515151515,0.7288135593220338,23.92770599999494,0.4165445997404406,0.7377049180327869,0.7142857142857143,0.7627118644067796,28.669420999904105,X,L,L,L,L,L,L,L,L,L,L
0000346_03921_d_0000366.jpg,487,50,0.046826076267699634,0.631578947368421,0.6666666666666666,0.6,17.832240000188904,0.1378066205485393,0.6451612903225806,0.6976744186046512,0.6,19.89665299970511,0.40895950180189244,0.6470588235294118,0.6346153846153846,0.66,25.61888899981568,0.4064078013818689,0.6862745098039216,0.6730769230769231,0.7,25.850369000181672,L,L,L,L,L,L,L,L,L,L,L
0000346_07057_d_0000382.jpg,488,87,0.06283283127213092,0.6347305389221558,0.6625,0.6091954022988506,31.65710900020713,0.06541100987937838,0.7468354430379747,0.8309859154929577,0.6781609195402298,17.715017000227817,0.4217096205574368,0.7643312101910829,0.8571428571428571,0.6896551724137931,23.452191000160383,0.45004653829105384,0.782051282051282,0.8840579710144928,0.7011494252873564,28.05846899991593,X,X,X,X,L,L,L,L,L,L,L
0000348_00589_d_0000409.jpg,489,34,0.07284694601984143,0.5423728813559322,0.64,0.47058823529411764,17.631330000313028,0.0860904768983502,0.59375,0.6333333333333333,0.5588235294117647,19.244666999838955,0.48102315338245494,0.6461538461538462,0.6774193548387096,0.6176470588235294,38.6542390001523,0.3600394236993534,0.6349206349206349,0.6896551724137931,0.5882352941176471,32.877709999866056,L,L,L,L,L,L,L,L,L,L,L
0000348_03333_d_0000423.jpg,490,15,0.15010647509282105,0.7692307692307692,0.9090909090909091,0.6666666666666666,21.541996999985713,0.3334001341456126,0.7142857142857142,0.7692307692307693,0.6666666666666666,26.708753000093566,0.2729192665238862,0.8125,0.7647058823529411,0.8666666666666667,32.54183799981547,0.2435741242376802,0.8387096774193549,0.8125,0.8666666666666667,28.05667299980996,S,S,S,S,L,L,L,N,N,N,N
0000356_00589_d_0000632.jpg,491,121,0.05411099259190667,0.5641025641025641,0.7432432432432432,0.45454545454545453,18.733627000074193,0.0546323598916318,0.6481481481481481,0.7368421052631579,0.5785123966942148,15.674235000005865,0.42312725630593545,0.7117117117117117,0.7821782178217822,0.6528925619834711,22.73287799971513,0.4681293912105261,0.7207207207207208,0.7920792079207921,0.6611570247933884,26.779128000271157,X,X,X,X,X,X,L,L,L,L,L
0000356_01177_d_0000635.jpg,492,88,0.068623638782472,0.5285714285714285,0.7115384615384616,0.42045454545454547,30.65660799984471,0.07229727299238752,0.5987261146496815,0.6811594202898551,0.5340909090909091,21.60407999963354,0.4406518591187074,0.6823529411764706,0.7073170731707317,0.6590909090909091,24.851180000041495,0.418427229106433,0.7108433734939757,0.7564102564102564,0.6704545454545454,32.316893999905005,L,L,L,L,L,L,L,L,L,L,L
0000356_01569_d_0000637.jpg,493,100,0.06758074463266354,0.38036809815950917,0.49206349206349204,0.31,19.213631999718928,0.05260427274660655,0.5058823529411766,0.6142857142857143,0.43,17.801990999942063,0.391574518150443,0.4848484848484849,0.6153846153846154,0.4,24.498464000316744,0.48824046447028696,0.5903614457831325,0.7424242424242424,0.49,26.91190399991683,X,X,X,X,X,X,X,X,L,L,L
0000356_01765_d_0000638.jpg,494,84,0.04904283957056689,0.5396825396825397,0.8095238095238095,0.40476190476190477,30.64685199979067,0.09141234019456464,0.5714285714285715,0.6666666666666666,0.5,19.257573999766464,0.4632256933090528,0.6666666666666666,0.7777777777777778,0.5833333333333334,26.69044499998563,0.396319126925816,0.6758620689655173,0.8032786885245902,0.5833333333333334,25.567345999661484,L,L,L,L,L,L,L,L,L,L,L
0000356_01961_d_0000639.jpg,495,111,0.07573108509448735,0.4210526315789474,0.6,0.32432432432432434,20.08978899993963,0.06046870720489804,0.4530386740331492,0.5857142857142857,0.36936936936936937,22.457844999735244,0.3911146533719794,0.5340909090909091,0.7230769230769231,0.42342342342342343,31.11881099994207,0.4726855543286355,0.5333333333333333,0.6956521739130435,0.43243243243243246,34.725353000339965,X,X,X,X,X,X,X,X,L,L,L
0000356_02157_d_0000640.jpg,496,54,0.048590419163939344,0.5172413793103449,0.4838709677419355,0.5555555555555556,19.43334399993546,0.061228547804244596,0.5663716814159292,0.5423728813559322,0.5925925925925926,21.268945999963762,0.4425314755190492,0.6065573770491803,0.5441176470588235,0.6851851851851852,24.202994000006584,0.44764955751276714,0.6551724137931035,0.6129032258064516,0.7037037037037037,27.486166000016965,X,L,L,L,L,L,L,L,L,L,L
0000356_02353_d_0000641.jpg,497,106,0.058512526408888564,0.43636363636363634,0.6101694915254238,0.33962264150943394,18.46238899997843,0.07133307066058352,0.5029239766081871,0.6615384615384615,0.4056603773584906,19.41692700029307,0.403281945508804,0.5681818181818181,0.7142857142857143,0.4716981132075472,27.03699800031245,0.4668724574217242,0.6022727272727273,0.7571428571428571,0.5,27.1961610001199,X,X,X,X,X,X,X,L,L,L,L
0000356_02745_d_0000643.jpg,498,97,0.0997195235268139,0.3731343283582089,0.6756756756756757,0.25773195876288657,33.049007000045094,0.048243633072442255,0.36734693877551017,0.54,0.27835051546391754,18.972246999965137,0.39319604562439625,0.5925925925925927,0.7384615384615385,0.4948453608247423,46.336465999957,0.45884079777634773,0.6666666666666666,0.8088235294117647,0.5670103092783505,37.065227999846684,X,X,X,X,X,X,X,L,L,L,L
0000356_02941_d_0000644.jpg,499,108,0.10003738800327758,0.20689655172413796,0.40540540540540543,0.1388888888888889,18.758950000119512,0.03439870510297818,0.2875,0.4423076923076923,0.21296296296296297,17.80447600003754,0.3279962709474116,0.3742690058479532,0.5079365079365079,0.2962962962962963,26.90106599993669,0.5375676359463328,0.4,0.5,0.3333333333333333,24.35310999999274,X,X,X,X,X,X,X,X,X,X,X
0000356_03333_d_0000646.jpg,500,80,0.07987622221063266,0.5671641791044776,0.7037037037037037,0.475,31.762046000039845,0.04948663935804304,0.5797101449275363,0.6896551724137931,0.5,16.078423999715596,0.4263860977927464,0.5531914893617021,0.639344262295082,0.4875,33.87024999983623,0.4442510406385781,0.6938775510204082,0.7611940298507462,0.6375,29.510517000289838,X,X,X,L,L,L,L,L,L,L,L
0000356_03529_d_0000647.jpg,501,81,0.07283276066572206,0.5298013245033113,0.5714285714285714,0.49382716049382713,30.892076000327506,0.07167967537007978,0.6794871794871794,0.7066666666666667,0.654320987654321,17.916610000156652,0.41685122875157965,0.6946107784431137,0.6744186046511628,0.7160493827160493,29.25528200012195,0.4386363352126186,0.7080745341614907,0.7125,0.7037037037037037,29.79515500010166,X,X,X,X,L,L,L,L,L,L,L
0000356_03725_d_0000648.jpg,502,94,0.04183183799390121,0.4028776978417266,0.6222222222222222,0.2978723404255319,22.10678099982033,0.06873642441467144,0.4683544303797469,0.578125,0.39361702127659576,21.395674999894254,0.398901462170162,0.5827814569536424,0.7719298245614035,0.46808510638297873,26.55446300013864,0.4905302754212656,0.5695364238410595,0.7543859649122807,0.4574468085106383,40.58939299966369,X,X,X,X,X,X,X,X,L,L,L
0000356_03921_d_0000649.jpg,503,72,0.08694472402022103,0.6119402985074627,0.6612903225806451,0.5694444444444444,16.32700600021053,0.04609545700799022,0.5625000000000001,0.6428571428571429,0.5,17.706305000046996,0.38026723179887895,0.6093749999999999,0.6964285714285714,0.5416666666666666,40.65895099984118,0.4866925871729101,0.6277372262773723,0.6615384615384615,0.5972222222222222,37.60603899991111,X,X,X,X,X,X,X,X,X,L,L
0000356_04117_d_0000650.jpg,504,93,0.058087150618423,0.5138888888888888,0.7254901960784313,0.3978494623655914,31.514022999999725,0.06597305002434518,0.5753424657534246,0.7924528301886793,0.45161290322580644,19.083061000401358,0.40668793558950406,0.6482758620689656,0.9038461538461539,0.5053763440860215,27.358089999779622,0.46925186376772815,0.5866666666666667,0.7719298245614035,0.4731182795698925,29.033346000232996,X,X,X,X,X,X,X,L,L,L,L
0000356_04313_d_0000651.jpg,505,99,0.09259171548492089,0.4967320261437908,0.7037037037037037,0.3838383838383838,18.48199999994904,0.043336118611899115,0.5939393939393939,0.7424242424242424,0.494949494949495,15.159921999838843,0.41463664479149837,0.6467065868263473,0.7941176470588235,0.5454545454545454,24.777182999969227,0.44943552111168145,0.603550295857988,0.7285714285714285,0.5151515151515151,26.243648999752622,X,X,X,X,X,L,L,L,L,L,L
0000356_04705_d_0000653.jpg,506,70,0.10684968893698264,0.528,0.6,0.4714285714285714,18.94213600007788,0.05858250095162959,0.6323529411764707,0.6515151515151515,0.6142857142857143,22.181818999797542,0.3727452065870884,0.6758620689655173,0.6533333333333333,0.7,23.82974700003615,0.4618226035242993,0.7246376811594202,0.7352941176470589,0.7142857142857143,28.247959000054834,X,X,X,X,X,X,X,X,L,L,L
0000356_04901_d_0000654.jpg,507,102,0.057071942334851786,0.4487179487179487,0.6481481481481481,0.3431372549019608,31.614128000001074,0.0730197748395967,0.45000000000000007,0.6206896551724138,0.35294117647058826,17.867609999939305,0.4279646579018758,0.5325443786982248,0.6716417910447762,0.4411764705882353,27.852954999616486,0.4419436249236759,0.591715976331361,0.746268656716418,0.49019607843137253,43.54727299960359,X,X,X,L,L,L,L,L,L,L,L
0000356_05097_d_0000655.jpg,508,114,0.07843696104545818,0.4404761904761905,0.6851851851851852,0.32456140350877194,18.986514000062016,0.04880680458355462,0.5714285714285713,0.7647058823529411,0.45614035087719296,20.15032400004202,0.3904842238370758,0.6051282051282051,0.7283950617283951,0.5175438596491229,27.40163999987999,0.48227201053391167,0.6063829787234043,0.7702702702702703,0.5,36.260395999761386,X,X,X,X,X,X,X,X,L,L,L
0000358_03333_d_0000697.jpg,509,93,0.09042958020785063,0.524822695035461,0.7708333333333334,0.3978494623655914,23.510686999998143,0.06357093005547969,0.5454545454545455,0.78,0.41935483870967744,17.736897000304452,0.3954152311538542,0.6040268456375839,0.8035714285714286,0.4838709677419355,28.065994999906252,0.45058425858281564,0.6486486486486487,0.8727272727272727,0.5161290322580645,28.60316199985391,X,X,X,X,X,X,L,L,L,L,L
0000359_00393_d_0000701.jpg,510,39,0.1279174097813696,0.6153846153846154,0.7692307692307693,0.5128205128205128,21.110723000219878,0.04820406427618625,0.6153846153846154,0.7692307692307693,0.5128205128205128,23.919579999983398,0.4608887625623387,0.7466666666666666,0.7777777777777778,0.717948717948718,37.335721000090416,0.3629897633801056,0.7246376811594204,0.8333333333333334,0.6410256410256411,26.439859000220167,L,L,L,L,L,L,L,L,L,L,L
0000359_00589_d_0000702.jpg,511,39,0.05198464258077175,0.736842105263158,0.7567567567567568,0.717948717948718,18.636547999903996,0.0693701063553798,0.6987951807228915,0.6590909090909091,0.7435897435897436,20.280267000089225,0.4490540035167643,0.7317073170731708,0.6976744186046512,0.7692307692307693,34.79276400003073,0.42959124754708433,0.7692307692307693,0.7692307692307693,0.7692307692307693,25.857560000076774,L,L,L,L,L,L,L,L,L,L,L
0000359_00785_d_0000703.jpg,512,30,0.04833211469452291,0.676470588235294,0.6052631578947368,0.7666666666666667,27.98180699983277,0.09440534397507126,0.7936507936507938,0.7575757575757576,0.8333333333333334,15.010386000085418,0.4851960405312879,0.6956521739130435,0.6153846153846154,0.8,41.563970999959565,0.37206650079911807,0.7301587301587302,0.696969696969697,0.7666666666666667,26.957210000091436,L,L,L,L,L,L,L,L,L,L,L
0000359_00981_d_0000704.jpg,513,33,0.06882128811139802,0.5714285714285714,0.4482758620689655,0.7878787878787878,18.97976700001891,0.07025717955517106,0.6206896551724137,0.5,0.8181818181818182,15.65579299995079,0.440977595659886,0.691358024691358,0.5833333333333334,0.8484848484848485,27.67143999972177,0.4199439366735451,0.675,0.574468085106383,0.8181818181818182,37.08402600022964,L,L,L,L,L,L,L,L,L,L,L
0000359_01177_d_0000705.jpg,514,59,0.0892301414268275,0.6176470588235294,0.5454545454545454,0.711864406779661,18.96382299992183,0.08839555273039917,0.6423357664233577,0.5641025641025641,0.7457627118644068,20.652273999985482,0.3874441724488773,0.7131782945736433,0.6571428571428571,0.7796610169491526,32.90449899986925,0.43493013339389613,0.7343750000000001,0.6811594202898551,0.7966101694915254,34.287744000266684,X,X,X,X,X,X,L,L,L,L,L
0000359_01373_d_0000706.jpg,515,12,0.18082357561890341,0.8,0.7692307692307693,0.8333333333333334,19.333505999838962,0.3444205085994309,0.9166666666666666,0.9166666666666666,0.9166666666666666,16.950226999597362,0.2884693200529527,0.8799999999999999,0.8461538461538461,0.9166666666666666,27.439337000032538,0.18628659572871267,0.8461538461538461,0.7857142857142857,0.9166666666666666,26.869359000102122,S,S,S,S,L,L,N,N,N,N,N
0000359_01961_d_0000707.jpg,516,18,0.028244215406848985,0.6842105263157895,0.65,0.7222222222222222,19.163906999892788,0.3229884753901245,0.7317073170731708,0.6521739130434783,0.8333333333333334,19.34646299969245,0.34535550906771123,0.7999999999999999,0.8235294117647058,0.7777777777777778,29.844280999896,0.30341180013531527,0.7777777777777778,0.7777777777777778,0.7777777777777778,26.134128000194323,L,L,L,L,L,L,L,L,L,L,L
0000359_02353_d_0000708.jpg,517,31,0.08441802512769273,0.5200000000000001,0.6842105263157895,0.41935483870967744,19.2683139998735,0.17346333521582363,0.5660377358490567,0.6818181818181818,0.4838709677419355,19.562711999697058,0.40696651808433415,0.6296296296296297,0.7391304347826086,0.5483870967741935,29.04443600027662,0.33515212157214946,0.6274509803921569,0.8,0.5161290322580645,29.15136799992979,L,L,L,L,L,L,L,L,L,L,L
0000359_02549_d_0000709.jpg,518,21,0.2477632668174807,0.8717948717948718,0.9444444444444444,0.8095238095238095,22.720916999787732,0.212029756467237,0.9,0.9473684210526315,0.8571428571428571,22.245246000238694,0.33240070802341337,0.8717948717948718,0.9444444444444444,0.8095238095238095,26.140722000036476,0.20780626869186897,0.9500000000000001,1.0,0.9047619047619048,27.074211000126525,L,L,L,L,N,N,N,N,N,N,N
0000359_03333_d_0000711.jpg,519,13,0.10395291105072989,0.7407407407407408,0.7142857142857143,0.7692307692307693,19.6010199997545,0.15918508001579296,0.7199999999999999,0.75,0.6923076923076923,16.18891199996142,0.4217552410162542,0.7692307692307693,0.7692307692307693,0.7692307692307693,28.87750399986544,0.31510676791722314,0.7692307692307693,0.7692307692307693,0.7692307692307693,27.00957200022458,L,L,L,L,L,L,L,L,L,L,L
0000359_03529_d_0000712.jpg,520,16,0.06298814641463257,0.5454545454545455,0.5294117647058824,0.5625,31.697923000137962,0.10339079698798213,0.6857142857142857,0.631578947368421,0.75,20.52094800001214,0.4423595478050746,0.7272727272727272,0.7058823529411765,0.75,31.73993700011124,0.3912615087923112,0.7741935483870969,0.8,0.75,26.83843800014074,L,L,L,L,L,L,L,L,L,L,L
0000360_00001_d_0000713.jpg,521,80,0.07316154693381115,0.5693430656934307,0.6842105263157895,0.4875,17.874651000056474,0.07114977091830968,0.631578947368421,0.7924528301886793,0.525,20.840797999881033,0.40441336099944913,0.6802721088435375,0.746268656716418,0.625,25.793000000248867,0.45127532114843005,0.6571428571428571,0.7666666666666667,0.575,28.63014700005806,X,X,X,X,X,X,L,L,L,L,L
0000360_00197_d_0000714.jpg,522,79,0.051528628556348044,0.5522388059701493,0.6727272727272727,0.46835443037974683,18.55964300011692,0.07947218482052974,0.6119402985074627,0.7454545454545455,0.5189873417721519,18.762583999887283,0.42859885947774823,0.6666666666666666,0.7384615384615385,0.6075949367088608,24.833623000176885,0.4404003271453742,0.6575342465753424,0.7164179104477612,0.6075949367088608,27.31081100000665,X,X,L,L,L,L,L,L,L,L,L
0000360_00393_d_0000715.jpg,523,79,0.06325852245018189,0.5806451612903226,0.8,0.45569620253164556,15.841700000237324,0.08714963702960686,0.6201550387596899,0.8,0.5063291139240507,20.902996999666357,0.4080501103383247,0.6376811594202898,0.7457627118644068,0.5569620253164557,26.890577000358462,0.4415417301818865,0.6714285714285714,0.7704918032786885,0.5949367088607594,28.457806000005803,X,X,X,X,X,L,L,L,L,L,L
0000360_00589_d_0000716.jpg,524,60,0.04453725922573976,0.5660377358490566,0.6521739130434783,0.5,20.340615999884903,0.09816135556253387,0.6285714285714286,0.7333333333333333,0.55,18.30202300016026,0.41716478030525983,0.6972477064220183,0.7755102040816326,0.6333333333333333,27.75392000012289,0.4401366049064667,0.6846846846846847,0.7450980392156863,0.6333333333333333,26.741063000372378,X,X,X,X,L,L,L,L,L,L,L
0000360_00785_d_0000717.jpg,525,59,0.05342648773293478,0.43137254901960786,0.5116279069767442,0.3728813559322034,20.61339100009718,0.08099621953737957,0.5420560747663552,0.6041666666666666,0.4915254237288136,19.808893000117678,0.4788007140879478,0.6724137931034484,0.6842105263157895,0.6610169491525424,23.98367900013909,0.386776578641738,0.6194690265486725,0.6481481481481481,0.5932203389830508,26.91043000004356,L,L,L,L,L,L,L,L,L,L,L
0000360_00981_d_0000718.jpg,526,65,0.05352873751247364,0.5945945945945945,0.717391304347826,0.5076923076923077,19.28846100008741,0.07117902512594806,0.6495726495726495,0.7307692307692307,0.5846153846153846,24.430291000044235,0.43417852462469114,0.7107438016528925,0.7678571428571429,0.6615384615384615,29.557429000306,0.4411137127368871,0.6719999999999999,0.7,0.6461538461538462,27.683996000178013,X,X,L,L,L,L,L,L,L,L,L
0000360_02353_d_0000725.jpg,527,72,0.05863983835619813,0.6446280991735536,0.7959183673469388,0.5416666666666666,19.00711999996929,0.10068951663708789,0.6875000000000001,0.7857142857142857,0.6111111111111112,24.288802999762993,0.46290388373648,0.7352941176470588,0.78125,0.6944444444444444,29.398109999874578,0.37776676127023434,0.746268656716418,0.8064516129032258,0.6944444444444444,44.43835400024909,L,L,L,L,L,L,L,L,L,L,L
0000360_02745_d_0000727.jpg,528,81,0.05427163908255,0.49612403100775193,0.6666666666666666,0.3950617283950617,31.296335000206454,0.06111651775627033,0.6417910447761194,0.8113207547169812,0.5308641975308642,23.520741000083945,0.4644544908035706,0.6315789473684211,0.8076923076923077,0.5185185185185185,30.98612800022238,0.42015735235760915,0.6618705035971224,0.7931034482758621,0.5679012345679012,45.07047800007058,L,L,L,L,L,L,L,L,L,L,L
0000360_02941_d_0000728.jpg,529,45,0.03803926321324361,0.5934065934065934,0.5869565217391305,0.6,31.280084000172792,0.09829453025074543,0.6823529411764706,0.725,0.6444444444444445,22.809601000062685,0.4598256200594992,0.7111111111111111,0.7111111111111111,0.7111111111111111,26.682359999995242,0.4038405864765119,0.7045454545454545,0.7209302325581395,0.6888888888888889,45.653851999759354,L,L,L,L,L,L,L,L,L,L,L
0000360_03137_d_0000729.jpg,530,56,0.040325033937643424,0.7200000000000001,0.8181818181818182,0.6428571428571429,30.030537999664375,0.09077596245786133,0.7722772277227722,0.8666666666666667,0.6964285714285714,28.88677100008863,0.4626663876899966,0.7592592592592592,0.7884615384615384,0.7321428571428571,27.501959999881365,0.40623261591449866,0.7924528301886793,0.84,0.75,26.4918130001206,L,L,L,L,L,L,L,L,L,L,L
0000360_03333_d_0000730.jpg,531,56,0.06261377032859092,0.5794392523364487,0.6078431372549019,0.5535714285714286,31.570781000027637,0.06557805780011969,0.6060606060606061,0.6976744186046512,0.5357142857142857,21.53360700003759,0.4472018820620466,0.6538461538461539,0.7083333333333334,0.6071428571428571,34.000523000031535,0.42460628980924275,0.6796116504854368,0.7446808510638298,0.625,28.253024000150617,L,L,L,L,L,L,L,L,L,L,L
0000360_03529_d_0000731.jpg,532,31,0.04606309189372938,0.7017543859649122,0.7692307692307693,0.6451612903225806,33.75174600023456,0.05611824791634243,0.689655172413793,0.7407407407407407,0.6451612903225806,22.09813999979815,0.47103573148866856,0.8214285714285714,0.92,0.7419354838709677,42.97699500011731,0.42678292870125967,0.7931034482758621,0.8518518518518519,0.7419354838709677,43.408509000073536,L,L,L,L,L,L,L,L,L,L,L
0000360_03921_d_0000733.jpg,533,52,0.10643208431009382,0.45783132530120485,0.6129032258064516,0.36538461538461536,30.951380000260542,0.12500532095514233,0.5747126436781609,0.7142857142857143,0.4807692307692308,25.718134000271675,0.3763842495173462,0.558139534883721,0.7058823529411765,0.46153846153846156,39.07836200005477,0.3921783452174176,0.5434782608695652,0.625,0.4807692307692308,42.6541649999308,X,X,X,L,L,L,L,L,L,L,L
0000360_04117_d_0000734.jpg,534,18,0.1907944946882987,0.6666666666666666,0.7333333333333333,0.6111111111111112,26.83347499987576,0.3269119559277191,0.8333333333333334,0.8333333333333334,0.8333333333333334,24.79414999970686,0.2919505049890734,0.9142857142857143,0.9411764705882353,0.8888888888888888,31.01045699986571,0.19034304439490893,0.8648648648648649,0.8421052631578947,0.8888888888888888,44.884415000069566,S,S,S,L,L,L,N,N,N,N,N
0000360_04705_d_0000737.jpg,535,9,0.06827968858214081,0.8571428571428571,0.75,1.0,29.973442000027717,0.17172471024103564,0.8421052631578948,0.8,0.8888888888888888,24.524711999674764,0.4581948063365718,0.8421052631578948,0.8,0.8888888888888888,32.64443900025071,0.3018007948402521,0.7999999999999999,0.7272727272727273,0.8888888888888888,44.68563599994013,L,L,L,L,L,L,L,L,L,L,L
0000360_05293_d_0000740.jpg,536,70,0.062350132587697914,0.5901639344262295,0.6923076923076923,0.5142857142857142,29.479821999757405,0.06120048480219522,0.6557377049180327,0.7692307692307693,0.5714285714285714,27.18699800016111,0.48222122113325455,0.6833333333333333,0.82,0.5857142857142857,31.074499000169453,0.39422816147685247,0.7272727272727274,0.8627450980392157,0.6285714285714286,41.566553999928146,L,L,L,L,L,L,L,L,L,L,L
0000360_05685_d_0000742.jpg,537,60,0.048071216907593105,0.5436893203883496,0.6511627906976745,0.4666666666666667,30.8657000000494,0.08017469818327591,0.6213592233009709,0.7441860465116279,0.5333333333333333,25.541168000017933,0.4020572678557862,0.766355140186916,0.8723404255319149,0.6833333333333333,26.82526000035068,0.4696968170533448,0.7706422018348624,0.8571428571428571,0.7,39.48794799998723,X,X,X,X,X,X,X,L,L,L,L
0000360_06273_d_0000745.jpg,538,17,0.03414160722941342,0.5098039215686274,0.38235294117647056,0.7647058823529411,18.1797190002726,0.07649559766845838,0.5531914893617021,0.43333333333333335,0.7647058823529411,20.836789999975736,0.36710379376725966,0.5652173913043479,0.4482758620689655,0.7647058823529411,37.34984499988059,0.5222590013348687,0.6666666666666666,0.56,0.8235294117647058,46.335441000337596,X,X,X,X,X,X,X,X,X,X,L
0000360_06665_d_0000747.jpg,539,48,0.023639685383015634,0.6352941176470588,0.7297297297297297,0.5625,30.967118999797094,0.15391848195252045,0.7032967032967034,0.7441860465116279,0.6666666666666666,18.98517100016761,0.4755808632440759,0.7912087912087912,0.8372093023255814,0.75,41.30980600029943,0.34686096942038847,0.8045977011494253,0.8974358974358975,0.7291666666666666,44.5987379998769,L,L,L,L,L,L,L,L,L,L,L
0000360_06861_d_0000748.jpg,540,25,0.041901775506460945,0.923076923076923,0.8888888888888888,0.96,30.628445999809628,0.18105079150675837,0.9411764705882353,0.9230769230769231,0.96,17.638133999753336,0.4357016825644401,0.9019607843137256,0.8846153846153846,0.92,42.780785000104515,0.3413457504223409,0.923076923076923,0.8888888888888888,0.96,45.2636629997869,L,L,L,L,L,L,L,L,L,L,L
0000360_07057_d_0000749.jpg,541,15,0.061091708976664806,0.5,0.3793103448275862,0.7333333333333333,27.225203000398324,0.14085517807509396,0.5714285714285715,0.5,0.6666666666666666,27.363900000182184,0.39512681050145154,0.7878787878787877,0.7222222222222222,0.8666666666666667,38.89452499970503,0.4029263024467899,0.6470588235294117,0.5789473684210527,0.7333333333333333,43.76984100008485,X,X,L,L,L,L,L,L,L,L,L
0000360_07253_d_0000750.jpg,542,28,0.045522551151870615,0.7719298245614034,0.7586206896551724,0.7857142857142857,31.1171779999313,0.2477767885909941,0.7333333333333334,0.6875,0.7857142857142857,17.402700000275217,0.4499330238653757,0.8275862068965518,0.8,0.8571428571428571,24.069190999853163,0.25676763639176,0.8214285714285714,0.8214285714285714,0.8214285714285714,46.46800599994094,L,L,L,L,L,L,L,L,L,L,L
0000360_07645_d_0000752.jpg,543,16,0.047241560835279243,0.7027027027027026,0.6190476190476191,0.8125,27.61917700036065,0.21513282786151688,0.8484848484848485,0.8235294117647058,0.875,22.501532999740448,0.38698559541065136,0.9142857142857143,0.8421052631578947,1.0,43.23112600013701,0.35064001589255256,0.9142857142857143,0.8421052631578947,1.0,40.63614899996537,L,L,L,L,L,L,L,L,L,L,L
0000364_00589_d_0000798.jpg,544,62,0.06399515558711429,0.39583333333333337,0.5588235294117647,0.3064516129032258,29.272671999933664,0.06931365775077977,0.39583333333333337,0.5588235294117647,0.3064516129032258,19.539809999969293,0.4578750434323344,0.5084745762711865,0.5357142857142857,0.4838709677419355,38.269598000169935,0.4088161432297714,0.5565217391304349,0.6037735849056604,0.5161290322580645,37.39330600001267,L,L,L,L,L,L,L,L,L,L,L
0000364_01177_d_0000799.jpg,545,80,0.0568532752789181,0.4462809917355372,0.6585365853658537,0.3375,30.665698000120756,0.06848360866123436,0.4786324786324787,0.7567567567567568,0.35,29.29608999966149,0.46639598435478385,0.5629629629629629,0.6909090909090909,0.475,27.139258999795857,0.40826713170506373,0.5611510791366906,0.6610169491525424,0.4875,28.324937999968824,L,L,L,L,L,L,L,L,L,L,L
0000364_01373_d_0000780.jpg,546,64,0.07057484941466981,0.38461538461538464,0.5,0.3125,27.57179599984738,0.07934932117073402,0.46296296296296297,0.5681818181818182,0.390625,24.18391299988798,0.4287865972377607,0.423728813559322,0.46296296296296297,0.390625,37.24567700010084,0.4212892321768353,0.5528455284552846,0.576271186440678,0.53125,44.78061399959188,L,L,L,L,L,L,L,L,L,L,L
0000364_01569_d_0000781.jpg,547,97,0.05899943541155683,0.41791044776119396,0.7567567567567568,0.28865979381443296,28.80313700006809,0.049675551913657814,0.5306122448979592,0.78,0.4020618556701031,25.771322000309738,0.39849564202551346,0.5949367088607594,0.7704918032786885,0.4845360824742268,26.12263399987569,0.49282937064927235,0.5384615384615384,0.711864406779661,0.4329896907216495,45.495844000015495,X,X,X,X,X,X,X,X,L,L,L
0000364_01765_d_0000782.jpg,548,81,0.05641370949714166,0.3779527559055118,0.5217391304347826,0.2962962962962963,18.78614599991124,0.06796188718448679,0.5106382978723405,0.6,0.4444444444444444,18.504491999919992,0.4140535761339972,0.5405405405405405,0.5970149253731343,0.49382716049382713,25.69864899987806,0.46157082718437437,0.49664429530201337,0.5441176470588235,0.4567901234567901,26.795321999998123,X,X,X,X,X,X,L,L,L,L,L
