image,gt_instances,router_model,oracle_model,router_correct,adaptive_f1,oracle_f1,f1_regret,N_predicted_f1,N_actual_f1,S_predicted_f1,S_actual_f1,L_predicted_f1,L_actual_f1,X_predicted_f1,X_actual_f1
9999998_00011_d_0000008.jpg,9,YOLOv13-L,YOLOv13-X,False,0.3333333333333333,0.6153846153846153,0.282051282051282,0.23873101154663107,0.3636363636363636,0.3077138062044805,0.4285714285714285,0.3869427079219168,0.3333333333333333,0.3796759854541065,0.6153846153846153
9999998_00062_d_0000048.jpg,11,YOLOv13-L,YOLOv13-X,False,0.5833333333333334,0.8181818181818182,0.23484848484848486,0.4037479556964256,0.5000000000000001,0.4917536136561327,0.5217391304347826,0.5464476126668653,0.5833333333333334,0.542490209740104,0.8181818181818182
9999955_00000_d_0000207.jpg,24,YOLOv13-L,YOLOv13-N,False,0.6296296296296297,0.851063829787234,0.2214342001576044,0.6244455008204347,0.851063829787234,0.6557714348132545,0.6153846153846153,0.7209087000470595,0.6296296296296297,0.7183930234043288,0.7659574468085107
9999955_00000_d_0000140.jpg,6,YOLOv13-L,YOLOv13-X,False,0.7142857142857143,0.923076923076923,0.20879120879120872,0.7387253031550184,0.8333333333333334,0.788853253581227,0.7142857142857143,0.8513126074799368,0.7142857142857143,0.8298685462989979,0.923076923076923
9999997_00000_d_0000069.jpg,2,YOLOv13-X,YOLOv13-N,False,0.8,1.0,0.19999999999999996,0.711595058954185,1.0,0.7676275420756765,1.0,0.7864492348414798,1.0,0.8007055107718875,0.8
9999951_00000_d_0000264.jpg,6,YOLOv13-L,YOLOv13-S,False,0.8,1.0,0.19999999999999996,0.8182568653460864,0.8571428571428571,0.8400423675240606,1.0,0.896744607374387,0.8,0.880257109142887,0.923076923076923
9999981_00000_d_0000063.jpg,24,YOLOv13-X,YOLOv13-L,False,0.5333333333333333,0.6976744186046512,0.16434108527131785,0.5108769801199954,0.3333333333333333,0.6006489191514962,0.3255813953488372,0.6820502833223877,0.6976744186046512,0.7024015875484179,0.5333333333333333
0000219_03118_d_0000007.jpg,9,YOLOv13-X,YOLOv13-S,False,0.5882352941176471,0.75,0.16176470588235292,0.4456397614843584,0.7142857142857143,0.5039669056703197,0.75,0.552607916792539,0.7142857142857143,0.5574536577109548,0.5882352941176471
9999997_00000_d_0000030.jpg,5,YOLOv13-X,YOLOv13-N,False,0.7272727272727272,0.888888888888889,0.16161616161616177,0.3963933216382696,0.888888888888889,0.4469028992293726,0.888888888888889,0.5213115255564563,0.8000000000000002,0.5407396815039522,0.7272727272727272
9999937_00000_d_0000183.jpg,12,YOLOv13-L,YOLOv13-X,False,0.5925925925925926,0.75,0.15740740740740744,0.6989093828762184,0.5555555555555556,0.7554609201432396,0.4615384615384615,0.7997777910875578,0.5925925925925926,0.7958947898909193,0.75
9999953_00000_d_0000066.jpg,6,YOLOv13-L,YOLOv13-S,False,0.8571428571428571,1.0,0.1428571428571429,0.44810615921010793,0.9090909090909092,0.5566054927685105,1.0,0.6115750512912475,0.8571428571428571,0.6076925556377101,1.0
0000180_01400_d_0000026.jpg,5,YOLOv13-L,YOLOv13-N,False,0.6666666666666666,0.8000000000000002,0.13333333333333353,0.4158586736291655,0.8000000000000002,0.4953709441481648,0.7272727272727272,0.5300214967435023,0.6666666666666666,0.504991654088587,0.5454545454545454
9999953_00000_d_0000003.jpg,4,YOLOv13-X,YOLOv13-L,False,0.6666666666666665,0.8,0.13333333333333353,0.5718251033271485,0.2857142857142857,0.6528340649817657,0.5714285714285715,0.7170703669104749,0.8,0.7291307514940895,0.6666666666666665
9999942_00000_d_0000261.jpg,13,YOLOv13-L,YOLOv13-X,False,0.7586206896551724,0.888888888888889,0.13026819923371658,0.7162960676454012,0.6956521739130435,0.777123114027831,0.7500000000000001,0.8408729374146631,0.7586206896551724,0.8408262350136568,0.888888888888889
9999955_00000_d_0000133.jpg,13,YOLOv13-X,YOLOv13-L,False,0.7500000000000001,0.8799999999999999,0.12999999999999978,0.5337563527621703,0.7500000000000001,0.6233412530329787,0.8,0.7113586302235387,0.8799999999999999,0.719303202272646,0.7500000000000001
0000349_05097_d_0000466.jpg,14,YOLOv13-X,YOLOv13-S,False,0.7999999999999999,0.9285714285714286,0.12857142857142867,0.6339391190390916,0.6666666666666666,0.6833901929970903,0.9285714285714286,0.7762118202763532,0.8666666666666666,0.785660493408367,0.7999999999999999
9999969_00000_d_0000061.jpg,38,YOLOv13-L,YOLOv13-X,False,0.619718309859155,0.7397260273972601,0.12000771753810513,0.46053727272123346,0.5294117647058824,0.5381476544520907,0.6363636363636364,0.6636283824275255,0.619718309859155,0.6454438077454747,0.7397260273972601
9999977_00000_d_0000092.jpg,36,YOLOv13-X,YOLOv13-L,False,0.4912280701754385,0.6101694915254238,0.11894142134998525,0.5475192922973747,0.4285714285714285,0.6013571308643942,0.5483870967741936,0.659033830856236,0.6101694915254238,0.6659369535449812,0.4912280701754385
9999997_00000_d_0000055.jpg,9,YOLOv13-X,YOLOv13-L,False,0.5882352941176471,0.7058823529411765,0.11764705882352944,0.4299256116881091,0.4285714285714285,0.5069062607502826,0.5333333333333333,0.5433379015391824,0.7058823529411765,0.5487218602519804,0.5882352941176471
9999942_00000_d_0000233.jpg,26,YOLOv13-X,YOLOv13-L,False,0.7058823529411765,0.8235294117647058,0.11764705882352933,0.5089110915497642,0.5818181818181819,0.5773886357842801,0.6296296296296297,0.6506340935460198,0.8235294117647058,0.6608773046997585,0.7058823529411765
0000257_00359_d_0000044.jpg,40,YOLOv13-L,YOLOv13-X,False,0.3272727272727273,0.4444444444444444,0.1171717171717171,0.3386894191890653,0.0816326530612245,0.4536149833491779,0.2799999999999999,0.542124560651028,0.3272727272727273,0.5245456626668912,0.4444444444444444
9999942_00000_d_0000202.jpg,41,YOLOv13-X,YOLOv13-L,False,0.6593406593406594,0.7764705882352942,0.1171299288946348,0.6658036961369607,0.5882352941176471,0.7476584527217253,0.6904761904761904,0.8182713522514656,0.7764705882352942,0.8200743309596336,0.6593406593406594
0000179_00149_d_0000014.jpg,9,YOLOv13-L,YOLOv13-X,False,0.5,0.6153846153846153,0.11538461538461531,0.7584491600424955,0.3636363636363636,0.8028044058714231,0.5,0.8384753438673622,0.5,0.8302454319472282,0.6153846153846153
9999972_00000_d_0000093.jpg,15,YOLOv13-X,YOLOv13-L,False,0.7741935483870969,0.888888888888889,0.11469534050179209,0.6106393647300933,0.7857142857142856,0.6690156842747945,0.6666666666666666,0.7265925179909476,0.888888888888889,0.7276129501802708,0.7741935483870969
0000167_01784_d_0000133.jpg,35,YOLOv13-X,YOLOv13-L,False,0.4897959183673469,0.6037735849056604,0.11397766653831343,0.4499074724241887,0.4074074074074074,0.4984665452928088,0.5384615384615384,0.6029678121069092,0.6037735849056604,0.6213839901462056,0.4897959183673469
9999966_00000_d_0000081.jpg,38,YOLOv13-X,YOLOv13-L,False,0.5428571428571428,0.6567164179104478,0.11385927505330495,0.43088714502374387,0.2692307692307692,0.5030807648767187,0.4406779661016949,0.6022476458963196,0.6567164179104478,0.6150694606142662,0.5428571428571428
9999937_00000_d_0000052.jpg,28,YOLOv13-X,YOLOv13-L,False,0.5531914893617021,0.6666666666666667,0.11347517730496459,0.5563294729577266,0.2631578947368421,0.6198189478869601,0.3809523809523809,0.7234276793405063,0.6666666666666667,0.7298072491518376,0.5531914893617021
9999951_00000_d_0000244.jpg,55,YOLOv13-L,YOLOv13-X,False,0.631578947368421,0.7446808510638298,0.11310190369540873,0.6182241237295332,0.6136363636363636,0.6760443277238933,0.6105263157894736,0.7319069928427485,0.631578947368421,0.7310114558560611,0.7446808510638298
9999942_00000_d_0000200.jpg,50,YOLOv13-X,YOLOv13-L,False,0.82,0.9306930693069309,0.1106930693069309,0.6484310494419802,0.7010309278350516,0.7314393899708939,0.7254901960784313,0.7957540294594722,0.9306930693069309,0.8044690170923398,0.82
0000109_00606_d_0000062.jpg,12,YOLOv13-L,YOLOv13-X,False,0.8,0.9090909090909092,0.10909090909090913,0.5546156410185944,0.6363636363636365,0.6276487621050892,0.761904761904762,0.7385852961050426,0.8,0.7140154209741563,0.9090909090909092
0000110_02718_d_0000067.jpg,12,YOLOv13-L,YOLOv13-N,False,0.5599999999999999,0.6666666666666666,0.10666666666666669,0.44886234182629886,0.6666666666666666,0.5136941937061241,0.5833333333333334,0.6210595605984613,0.5599999999999999,0.6043199101185467,0.6
9999984_00000_d_0000155.jpg,15,YOLOv13-L,YOLOv13-X,False,0.6153846153846153,0.7200000000000001,0.10461538461538478,0.6303147554897456,0.4761904761904761,0.6727389930752284,0.5,0.7253584135580176,0.6153846153846153,0.7230015264877948,0.7200000000000001
9999951_00000_d_0000315.jpg,44,YOLOv13-L,YOLOv13-X,False,0.5128205128205129,0.617283950617284,0.10446343779677114,0.5203802264058127,0.3492063492063492,0.5756320758315984,0.5194805194805195,0.6473143920228174,0.5128205128205129,0.6447123636274055,0.617283950617284
9999953_00000_d_0000215.jpg,9,YOLOv13-L,YOLOv13-X,False,0.9,1.0,0.09999999999999998,0.8055717969973102,0.8421052631578948,0.8149833656019984,0.9,0.8738962495900453,0.9,0.8605134111988931,1.0
9999999_00636_d_0000289.jpg,30,YOLOv13-X,YOLOv13-N,False,0.7777777777777778,0.8749999999999999,0.0972222222222221,0.6252656746420835,0.8749999999999999,0.6780422732763673,0.8055555555555556,0.7076320661131342,0.7945205479452055,0.7190628660472749,0.7777777777777778
9999955_00000_d_0000171.jpg,43,YOLOv13-L,YOLOv13-X,False,0.4516129032258064,0.5483870967741935,0.09677419354838712,0.5361559672944052,0.4137931034482758,0.5887635362497782,0.459016393442623,0.6675578798576131,0.4516129032258064,0.6675464785806137,0.5483870967741935
9999956_00000_d_0000039.jpg,14,YOLOv13-X,YOLOv13-L,False,0.7999999999999999,0.896551724137931,0.09655172413793112,0.4666474542028001,0.6666666666666666,0.5323086549397735,0.7586206896551724,0.6320705997271157,0.896551724137931,0.6366077420462687,0.7999999999999999
0000240_00500_d_0000002.jpg,14,YOLOv13-L,YOLOv13-X,False,0.5294117647058824,0.6250000000000001,0.09558823529411775,0.5705124982905859,0.6000000000000001,0.6266475481938238,0.5454545454545454,0.6849222070238845,0.5294117647058824,0.6810721926840915,0.6250000000000001
9999972_00000_d_0000059.jpg,11,YOLOv13-X,YOLOv13-L,False,0.8571428571428572,0.9523809523809524,0.09523809523809523,0.639853165270646,0.7999999999999999,0.7130496313332989,0.761904761904762,0.7556181222088177,0.9523809523809524,0.7625238126033542,0.8571428571428572
9999937_00000_d_0000062.jpg,15,YOLOv13-L,YOLOv13-X,False,0.5454545454545455,0.64,0.09454545454545449,0.38351104833569605,0.32,0.4411861286432252,0.48,0.5580921148038771,0.5454545454545455,0.5418139611305766,0.64
9999965_00000_d_0000045.jpg,22,YOLOv13-L,YOLOv13-N,False,0.8095238095238095,0.9,0.09047619047619049,0.7975415393668882,0.9,0.8266902784944159,0.8571428571428572,0.8703182424868278,0.8095238095238095,0.8561589731885805,0.8292682926829269
9999984_00000_d_0000163.jpg,4,YOLOv13-L,YOLOv13-S,False,0.8,0.888888888888889,0.0888888888888889,0.568672594023302,0.8571428571428571,0.5711138269514197,0.888888888888889,0.5906144348253611,0.8,0.5799845186026986,0.6666666666666665
9999982_00000_d_0000201.jpg,28,YOLOv13-L,YOLOv13-X,False,0.7692307692307692,0.8571428571428571,0.08791208791208793,0.6906111307028256,0.6,0.7320966949027103,0.6818181818181818,0.791217925716269,0.7692307692307692,0.7831793767336909,0.8571428571428571
9999945_00000_d_0000159.jpg,8,YOLOv13-S,YOLOv13-L,False,0.7692307692307693,0.8571428571428571,0.08791208791208782,0.902635779189971,0.7692307692307693,0.9100210078985032,0.7692307692307693,0.9016973293067934,0.8571428571428571,0.9063103991450165,0.8571428571428571
9999977_00000_d_0000076.jpg,30,YOLOv13-L,YOLOv13-X,False,0.6538461538461539,0.7407407407407408,0.08689458689458696,0.4897607197538255,0.5384615384615385,0.549815708792163,0.6153846153846153,0.6300037250658812,0.6538461538461539,0.6225919311900199,0.7407407407407408
9999987_00000_d_0000033.jpg,47,YOLOv13-L,YOLOv13-X,False,0.6881720430107526,0.7741935483870968,0.08602150537634412,0.4489133029274475,0.5777777777777778,0.5347406560297305,0.631578947368421,0.5973178230257208,0.6881720430107526,0.5904598676000452,0.7741935483870968
9999943_00000_d_0000034.jpg,40,YOLOv13-L,YOLOv13-X,False,0.6575342465753425,0.7428571428571429,0.08532289628180034,0.6525021727510208,0.5797101449275363,0.7131820681953525,0.6849315068493151,0.791162989135265,0.6575342465753425,0.7777113265752226,0.7428571428571429
9999999_00384_d_0000167.jpg,30,YOLOv13-X,YOLOv13-L,False,0.8333333333333334,0.918032786885246,0.08469945355191266,0.6574063354119808,0.6,0.7450069809887914,0.7719298245614035,0.8197300845641332,0.918032786885246,0.8204242846855264,0.8333333333333334
9999951_00000_d_0000045.jpg,21,YOLOv13-L,YOLOv13-X,False,0.7804878048780488,0.8636363636363636,0.08314855875831484,0.5047461389660168,0.7142857142857143,0.5895240457836354,0.6829268292682926,0.6771598531547669,0.7804878048780488,0.6766446172887399,0.8636363636363636
9999999_00598_d_0000271.jpg,75,YOLOv13-L,YOLOv13-X,False,0.4672897196261681,0.5486725663716814,0.08138284674551327,0.6052763863102542,0.4285714285714286,0.6647078443952525,0.4466019417475727,0.7351607392442205,0.4672897196261681,0.7273536510466346,0.5486725663716814
9999945_00000_d_0000090.jpg,60,YOLOv13-X,YOLOv13-L,False,0.5,0.5806451612903226,0.08064516129032262,0.5525985530425881,0.4565217391304347,0.6092577034030087,0.4948453608247423,0.6777923068305897,0.5806451612903226,0.6879710675687859,0.5
9999940_00000_d_0000041.jpg,94,YOLOv13-X,YOLOv13-L,False,0.3100775193798449,0.390625,0.0805474806201551,0.4333274838671259,0.180327868852459,0.5283720066676088,0.2113821138211382,0.6265636381524853,0.390625,0.6301871894851989,0.3100775193798449
9999998_00179_d_0000144.jpg,44,YOLOv13-X,YOLOv13-L,False,0.8085106382978724,0.888888888888889,0.08037825059101655,0.4354160659545452,0.7499999999999999,0.5016736568324525,0.7555555555555555,0.5743110244113453,0.888888888888889,0.5921394148409473,0.8085106382978724
9999962_00000_d_0000075.jpg,10,YOLOv13-L,YOLOv13-X,False,0.761904761904762,0.8421052631578948,0.08020050125313283,0.7050377037700832,0.7368421052631577,0.7801328605780223,0.7777777777777777,0.8435161997241447,0.761904761904762,0.8246782557265344,0.8421052631578948
9999982_00000_d_0000179.jpg,15,YOLOv13-L,YOLOv13-X,False,0.56,0.64,0.07999999999999996,0.4149643693309041,0.5833333333333334,0.49488226080863046,0.5833333333333334,0.5424178779289341,0.56,0.5356340053463715,0.64
9999960_00000_d_0000062.jpg,13,YOLOv13-L,YOLOv13-X,False,0.8461538461538461,0.9230769230769232,0.0769230769230771,0.6439115013402541,0.5517241379310345,0.6996002564668098,0.7407407407407408,0.8044863564383813,0.8461538461538461,0.7874939942232185,0.9230769230769232
9999953_00000_d_0000219.jpg,6,YOLOv13-X,YOLOv13-S,False,0.923076923076923,1.0,0.07692307692307698,0.6375432472719869,0.923076923076923,0.7133655706346249,1.0,0.7613427933231384,1.0,0.7617754933285531,0.923076923076923
9999956_00000_d_0000067.jpg,6,YOLOv13-X,YOLOv13-L,False,0.923076923076923,1.0,0.07692307692307698,0.6411511841864435,0.8,0.7136858415275856,0.9090909090909092,0.7284494435028664,1.0,0.7642034028741701,0.923076923076923
9999972_00000_d_0000160.jpg,23,YOLOv13-L,YOLOv13-X,False,0.7441860465116279,0.8205128205128205,0.07632677400119259,0.5061818085375646,0.411764705882353,0.5611272186102302,0.5714285714285715,0.6509325772033943,0.7441860465116279,0.6384506342693711,0.8205128205128205
9999955_00000_d_0000117.jpg,26,YOLOv13-X,YOLOv13-L,False,0.7407407407407408,0.8163265306122449,0.0755857898715041,0.696486153159389,0.6249999999999999,0.7490689355624637,0.7407407407407408,0.813575209101411,0.8163265306122449,0.8142739964634512,0.7407407407407408
9999945_00000_d_0000151.jpg,21,YOLOv13-L,YOLOv13-X,False,0.6470588235294118,0.7222222222222222,0.07516339869281041,0.7714055083553735,0.5333333333333333,0.7945411407327736,0.6,0.8588408390696309,0.6470588235294118,0.8370984117293692,0.7222222222222222
9999969_00000_d_0000022.jpg,70,YOLOv13-L,YOLOv13-X,False,0.7333333333333334,0.8082191780821917,0.07488584474885829,0.5480236931208603,0.6573426573426574,0.6201765901473475,0.6853146853146853,0.7182875799120457,0.7333333333333334,0.705682421955643,0.8082191780821917
9999982_00000_d_0000245.jpg,82,YOLOv13-X,YOLOv13-L,False,0.4259259259259259,0.4999999999999999,0.07407407407407401,0.6235179394305915,0.3653846153846153,0.6522307087974734,0.4642857142857143,0.693686743690169,0.4999999999999999,0.6960666745860223,0.4259259259259259
9999982_00000_d_0000018.jpg,13,YOLOv13-X,YOLOv13-L,False,0.5263157894736842,0.6,0.0736842105263158,0.4475771251086726,0.3529411764705882,0.5206772477555615,0.4210526315789473,0.5626752186679544,0.6,0.5969514120268651,0.5263157894736842
9999940_00000_d_0000016.jpg,53,YOLOv13-X,YOLOv13-L,False,0.123076923076923,0.1967213114754098,0.0736443883984868,0.30370435435374593,0.1052631578947368,0.4041954135557331,0.1515151515151515,0.5114392751528323,0.1967213114754098,0.5123381548834246,0.123076923076923
9999997_00000_d_0000050.jpg,6,YOLOv13-X,YOLOv13-N,False,0.7272727272727272,0.8,0.07272727272727286,0.4508333314283397,0.8,0.5421078284599135,0.8,0.5818905734023476,0.8,0.6157099733825431,0.7272727272727272
9999942_00000_d_0000228.jpg,33,YOLOv13-L,YOLOv13-X,False,0.927536231884058,1.0,0.07246376811594202,0.754325301492941,0.8000000000000002,0.8172557262249012,0.821917808219178,0.867828453581254,0.927536231884058,0.8661280632738746,1.0
9999942_00000_d_0000126.jpg,32,YOLOv13-X,YOLOv13-L,False,0.8823529411764706,0.953846153846154,0.07149321266968345,0.7601930606616177,0.7241379310344829,0.7968003910340774,0.8253968253968254,0.8438284550153464,0.953846153846154,0.8523312308669565,0.8823529411764706
9999982_00000_d_0000051.jpg,17,YOLOv13-L,YOLOv13-X,False,0.5714285714285714,0.6428571428571428,0.0714285714285714,0.5439284826635348,0.5384615384615384,0.5948594897840109,0.5925925925925927,0.6652288990194244,0.5714285714285714,0.6435473130990373,0.6428571428571428
9999955_00000_d_0000273.jpg,72,YOLOv13-X,YOLOv13-L,False,0.6166666666666666,0.688,0.07133333333333336,0.5003668563075607,0.4786324786324786,0.556945233341838,0.6016260162601625,0.6258171569799893,0.688,0.6289831474773969,0.6166666666666666
9999999_00159_d_0000064.jpg,68,YOLOv13-X,YOLOv13-L,False,0.6194690265486725,0.6902654867256638,0.07079646017699126,0.4960288657889532,0.4571428571428572,0.5446286745442096,0.5871559633027523,0.6290782714617073,0.6902654867256638,0.6300340316213355,0.6194690265486725
0000260_01609_d_0000109.jpg,43,YOLOv13-X,YOLOv13-L,False,0.6060606060606061,0.6764705882352942,0.07040998217468808,0.5934369805141034,0.5396825396825397,0.6413042401621926,0.5846153846153846,0.6926513902573969,0.6764705882352942,0.694830602196284,0.6060606060606061
9999972_00000_d_0000013.jpg,30,YOLOv13-L,YOLOv13-X,False,0.7017543859649122,0.7719298245614035,0.07017543859649122,0.7579428101797502,0.6792452830188679,0.7998565449132642,0.6666666666666665,0.8395059778600251,0.7017543859649122,0.8293170641782255,0.7719298245614035
0000196_03560_d_0000142.jpg,83,YOLOv13-L,YOLOv13-X,False,0.4098360655737705,0.48,0.07016393442622948,0.43054144351600543,0.3302752293577981,0.49828617651246326,0.3818181818181818,0.564345967365909,0.4098360655737705,0.5637012803211306,0.48
9999984_00000_d_0000015.jpg,32,YOLOv13-L,YOLOv13-X,False,0.75,0.8196721311475409,0.0696721311475409,0.6072518611599536,0.5964912280701754,0.6790984599953299,0.7636363636363634,0.7425612803613086,0.75,0.7326864171933174,0.8196721311475409
9999998_00093_d_0000074.jpg,54,YOLOv13-L,YOLOv13-X,False,0.2988505747126436,0.368421052631579,0.06957047791893539,0.5029494881347663,0.2941176470588235,0.5525151937043099,0.345679012345679,0.6211214159032178,0.2988505747126436,0.6182412257073391,0.368421052631579
0000260_04059_d_0000117.jpg,85,YOLOv13-X,YOLOv13-L,False,0.6666666666666666,0.736196319018405,0.06952965235173836,0.6013697335511486,0.5416666666666666,0.6562930970975482,0.6415094339622641,0.7274362315815882,0.736196319018405,0.7319614396150194,0.6666666666666666
0000366_05489_d_0000804.jpg,94,YOLOv13-L,YOLOv13-X,False,0.5714285714285714,0.6405228758169934,0.06909430438842201,0.4278094239892241,0.3937007874015747,0.5376907084379531,0.4776119402985074,0.6255318829295028,0.5714285714285714,0.602140855371994,0.6405228758169934
0000214_01218_d_0000251.jpg,45,YOLOv13-L,YOLOv13-X,False,0.7816091954022989,0.8505747126436781,0.06896551724137923,0.7429736563148422,0.7073170731707318,0.7850316836846535,0.738095238095238,0.8289065749269293,0.7816091954022989,0.8254922559874907,0.8505747126436781
0000150_01230_d_0000073.jpg,95,YOLOv13-X,YOLOv13-L,False,0.4893617021276596,0.558139534883721,0.06877783275606142,0.44015007067535417,0.3597122302158273,0.5215816301525645,0.4790419161676646,0.6023374998844199,0.558139534883721,0.6090285325882636,0.4893617021276596
9999945_00000_d_0000082.jpg,60,YOLOv13-X,YOLOv13-L,False,0.5979381443298969,0.6666666666666667,0.06872852233676985,0.4533838480899143,0.4651162790697674,0.517471935921955,0.5684210526315789,0.5956315564628176,0.6666666666666667,0.6137101785669283,0.5979381443298969
0000226_02469_d_0000008.jpg,41,YOLOv13-X,YOLOv13-L,False,0.7692307692307694,0.8378378378378378,0.06860706860706844,0.6725521046025769,0.7631578947368421,0.6886099953767846,0.8157894736842105,0.7136882288100265,0.8378378378378378,0.7282483327633262,0.7692307692307694
9999945_00000_d_0000055.jpg,23,YOLOv13-X,YOLOv13-S,False,0.6341463414634146,0.7027027027027025,0.06855636123928788,0.784233019866161,0.6486486486486486,0.8108163235279888,0.7027027027027025,0.8703645098253349,0.7,0.8720111716962423,0.6341463414634146
9999998_00241_d_0000195.jpg,34,YOLOv13-L,YOLOv13-X,False,0.6984126984126984,0.7666666666666666,0.06825396825396823,0.694802388663354,0.6779661016949153,0.7456727659353178,0.6774193548387097,0.8128914101961392,0.6984126984126984,0.7999647333622587,0.7666666666666666
9999955_00000_d_0000146.jpg,53,YOLOv13-L,YOLOv13-X,False,0.5909090909090909,0.6590909090909092,0.06818181818181823,0.5497192348862886,0.5194805194805195,0.6020751770090426,0.5714285714285714,0.660434746176746,0.5909090909090909,0.6449290431574677,0.6590909090909092
9999999_00568_d_0000256.jpg,37,YOLOv13-X,YOLOv13-S,False,0.4528301886792453,0.52,0.06716981132075472,0.6161077345830069,0.375,0.669128825325884,0.52,0.7268687154800257,0.490566037735849,0.7285828887703889,0.4528301886792453
9999966_00000_d_0000001.jpg,39,YOLOv13-X,YOLOv13-L,False,0.7792207792207793,0.8461538461538461,0.06693306693306689,0.4543147785772661,0.4931506849315069,0.5444940671166497,0.7123287671232877,0.6376463247409275,0.8461538461538461,0.6532386323989071,0.7792207792207793
0000079_01673_d_0000006.jpg,7,YOLOv13-L,YOLOv13-X,False,0.9333333333333332,1.0,0.06666666666666676,0.8654010921856661,0.9333333333333332,0.8692711360575305,0.8750000000000001,0.9169239951622251,0.9333333333333332,0.9016998912025741,1.0
9999997_00000_d_0000051.jpg,8,YOLOv13-L,YOLOv13-S,False,0.3333333333333333,0.4,0.06666666666666671,0.30330251338796516,0.2222222222222222,0.3545056117384045,0.4,0.4881982763717967,0.3333333333333333,0.42894509796241587,0.1818181818181818
0000236_00001_d_0000001.jpg,7,YOLOv13-L,YOLOv13-X,False,0.6,0.6666666666666666,0.06666666666666665,0.6186006752411483,0.3636363636363636,0.6715838177731313,0.3076923076923076,0.7615738843386002,0.6,0.7515683465534435,0.6666666666666666
9999960_00000_d_0000019.jpg,38,YOLOv13-X,YOLOv13-L,False,0.7671232876712328,0.8333333333333333,0.06621004566210043,0.6788137377543546,0.7105263157894737,0.727427812044408,0.7948717948717949,0.805271812842214,0.8333333333333333,0.8148592859384431,0.7671232876712328
9999942_00000_d_0000100.jpg,18,YOLOv13-X,YOLOv13-S,False,0.8292682926829269,0.8947368421052632,0.06546854942233626,0.7758756498151764,0.8292682926829269,0.8328082425562887,0.8947368421052632,0.8689051618477008,0.8947368421052632,0.8720357482569773,0.8292682926829269
9999991_00000_d_0000033.jpg,140,YOLOv13-X,YOLOv13-L,False,0.4666666666666667,0.5320197044334976,0.06535303776683088,0.45798402007261996,0.3897435897435897,0.5283241801019857,0.41,0.5984538255406585,0.5320197044334976,0.5993090274561018,0.4666666666666667
9999966_00000_d_0000019.jpg,41,YOLOv13-L,YOLOv13-X,False,0.7567567567567567,0.821917808219178,0.06516105146242135,0.6312394007778727,0.7323943661971831,0.7006816774671323,0.7605633802816902,0.7740677240453864,0.7567567567567567,0.772927000028153,0.821917808219178
0000167_01384_d_0000131.jpg,69,YOLOv13-L,YOLOv13-X,False,0.514851485148515,0.58,0.06514851485148498,0.5762161924961794,0.4672897196261682,0.649930915349945,0.5094339622641509,0.7616120058049768,0.514851485148515,0.7571413428273339,0.58
9999945_00000_d_0000160.jpg,31,YOLOv13-X,YOLOv13-S,False,0.6415094339622641,0.7058823529411764,0.06437291897891229,0.59413757124205,0.6296296296296297,0.6532797373134354,0.7058823529411764,0.7262822097939784,0.6181818181818182,0.7374217839678924,0.6415094339622641
9999953_00000_d_0000141.jpg,14,YOLOv13-L,YOLOv13-X,False,0.7692307692307692,0.8333333333333333,0.0641025641025641,0.6691053185616522,0.6153846153846153,0.7222978426550843,0.7200000000000001,0.7950194203536052,0.7692307692307692,0.7919282692928497,0.8333333333333333
9999972_00000_d_0000118.jpg,22,YOLOv13-L,YOLOv13-X,False,0.8695652173913043,0.9333333333333332,0.06376811594202891,0.7546569465518707,0.8292682926829269,0.7938796348985114,0.8636363636363636,0.8364912006061422,0.8695652173913043,0.8228894080094368,0.9333333333333332
9999970_00000_d_0000037.jpg,46,YOLOv13-X,YOLOv13-L,False,0.8695652173913043,0.9333333333333332,0.06376811594202891,0.7127875208646022,0.8314606741573034,0.7575822555637329,0.8444444444444444,0.8198200889090917,0.9333333333333332,0.8204227987960626,0.8695652173913043
9999955_00000_d_0000082.jpg,25,YOLOv13-L,YOLOv13-X,False,0.76,0.8235294117647058,0.06352941176470583,0.7859222368029093,0.7272727272727272,0.8155359497126896,0.7499999999999999,0.8618984452666597,0.76,0.8578281470579,0.8235294117647058
9999950_00000_d_0000060.jpg,15,YOLOv13-L,YOLOv13-S,False,0.8333333333333333,0.896551724137931,0.06321839080459779,0.5304447625867432,0.7222222222222222,0.5872974166239668,0.896551724137931,0.6700534501779095,0.8333333333333333,0.6656933930230833,0.8823529411764706
9999998_00395_d_0000347.jpg,20,YOLOv13-X,YOLOv13-L,False,0.8636363636363635,0.9268292682926828,0.06319290465631922,0.718682899961142,0.7450980392156863,0.8077673162607946,0.8636363636363635,0.8625028620055203,0.9268292682926828,0.8659321651196015,0.8636363636363635
9999937_00000_d_0000095.jpg,18,YOLOv13-L,YOLOv13-X,False,0.7368421052631577,0.7999999999999999,0.06315789473684219,0.6428242279685311,0.6250000000000001,0.7155566775835163,0.7058823529411765,0.7964023409567096,0.7368421052631577,0.7875408305827156,0.7999999999999999
9999999_00322_d_0000141.jpg,86,YOLOv13-X,YOLOv13-L,False,0.6666666666666666,0.7295597484276729,0.06289308176100628,0.43006069188566604,0.5490196078431372,0.49982714539030976,0.6202531645569621,0.585850958907435,0.7295597484276729,0.596272502244607,0.6666666666666666
9999955_00000_d_0000410.jpg,24,YOLOv13-X,YOLOv13-L,False,0.8571428571428572,0.92,0.06285714285714283,0.7614698531575324,0.7407407407407408,0.798486943718594,0.823529411764706,0.8488143967090124,0.92,0.8515795990740601,0.8571428571428572
9999974_00000_d_0000003.jpg,40,YOLOv13-L,YOLOv13-X,False,0.8205128205128205,0.8831168831168831,0.0626040626040626,0.684297676425134,0.775,0.7185495444553905,0.8051948051948051,0.7703077470142811,0.8205128205128205,0.7570217982220125,0.8831168831168831
9999940_00000_d_0000019.jpg,20,YOLOv13-L,YOLOv13-X,False,0.5625000000000001,0.625,0.06249999999999989,0.6939884866363966,0.5625000000000001,0.7331369968503161,0.6,0.7893852502735934,0.5625000000000001,0.7810779937094441,0.625
9999937_00000_d_0000136.jpg,21,YOLOv13-X,YOLOv13-L,False,0.7027027027027026,0.7647058823529412,0.062003179650238605,0.4361954649465624,0.5625,0.5422556491633894,0.5806451612903225,0.6473876242261438,0.7647058823529412,0.6594093209631182,0.7027027027027026
9999990_00000_d_0000005.jpg,49,YOLOv13-L,YOLOv13-X,False,0.7472527472527472,0.8089887640449438,0.061736016792196646,0.6434518014203247,0.617283950617284,0.6849921850765872,0.6373626373626373,0.7328978142701965,0.7472527472527472,0.7195151249706608,0.8089887640449438
9999977_00000_d_0000043.jpg,72,YOLOv13-X,YOLOv13-L,False,0.5486725663716815,0.6101694915254238,0.06149692515374228,0.4926286956710809,0.4684684684684685,0.5528471496954148,0.5272727272727273,0.6454463150218637,0.6101694915254238,0.6528283157028243,0.5486725663716815
0000261_04801_d_0000136.jpg,19,YOLOv13-L,YOLOv13-N,False,0.7500000000000001,0.8108108108108109,0.060810810810810745,0.7319812652724267,0.8108108108108109,0.7951708616863448,0.8108108108108109,0.8546060752515556,0.7500000000000001,0.8402021703618087,0.7894736842105263
0000239_04995_d_0000014.jpg,39,YOLOv13-X,YOLOv13-L,False,0.6153846153846154,0.676056338028169,0.06067172264355358,0.5213360504147997,0.5714285714285714,0.5893225402902444,0.6060606060606061,0.6675971623062873,0.676056338028169,0.6766298328777992,0.6153846153846154
0000167_01184_d_0000130.jpg,64,YOLOv13-L,YOLOv13-X,False,0.5454545454545455,0.606060606060606,0.06060606060606044,0.5541219875824765,0.4554455445544554,0.6206022697014225,0.4752475247524753,0.7403062730584332,0.5454545454545455,0.7291692000796964,0.606060606060606
9999942_00000_d_0000242.jpg,30,YOLOv13-L,YOLOv13-X,False,0.90625,0.9666666666666668,0.060416666666666785,0.8398932654250542,0.918032786885246,0.8833601464448725,0.9333333333333332,0.9090360533531991,0.90625,0.8992792467998544,0.9666666666666668
9999937_00000_d_0000227.jpg,23,YOLOv13-X,YOLOv13-L,False,0.7659574468085107,0.8260869565217391,0.06012950971322839,0.7374738353991913,0.5909090909090909,0.7995628086325907,0.6399999999999999,0.8286907096839675,0.8260869565217391,0.8301943480808883,0.7659574468085107
9999987_00000_d_0000059.jpg,29,YOLOv13-L,YOLOv13-X,False,0.6545454545454545,0.7142857142857143,0.05974025974025976,0.340924683049289,0.4897959183673469,0.409754316943768,0.5714285714285714,0.5124275011088729,0.6545454545454545,0.5072125999416646,0.7142857142857143
9999955_00000_d_0000419.jpg,73,YOLOv13-L,YOLOv13-X,False,0.7801418439716311,0.8391608391608392,0.05901899518920806,0.6305975965635084,0.6811594202898551,0.6862376777725335,0.7338129496402879,0.7508816431797086,0.7801418439716311,0.739846534405609,0.8391608391608392
9999956_00000_d_0000007.jpg,8,YOLOv13-L,YOLOv13-X,False,0.9411764705882352,1.0,0.05882352941176483,0.6294635274314989,0.7058823529411765,0.7106820356417528,0.9411764705882352,0.7823782175609921,0.9411764705882352,0.7670572060121928,1.0
9999972_00000_d_0000063.jpg,19,YOLOv13-X,YOLOv13-L,False,0.8235294117647058,0.8823529411764706,0.05882352941176472,0.8187089498135867,0.7222222222222222,0.8433179092241714,0.8235294117647058,0.8854386264425591,0.8823529411764706,0.8994224861649006,0.8235294117647058
9999987_00000_d_0000022.jpg,42,YOLOv13-X,YOLOv13-L,False,0.8192771084337348,0.8780487804878048,0.05877167205406997,0.5547709755824561,0.6133333333333334,0.6132108808046971,0.7441860465116279,0.6898998260882054,0.8780487804878048,0.6921492527886127,0.8192771084337348
0000239_05950_d_0000016.jpg,49,YOLOv13-X,YOLOv13-L,False,0.5822784810126582,0.641025641025641,0.058747160012982746,0.4542317592183655,0.4054054054054054,0.5133022838306105,0.5316455696202531,0.5855354633924008,0.641025641025641,0.5890289501488631,0.5822784810126582
9999985_00000_d_0000070.jpg,52,YOLOv13-X,YOLOv13-L,False,0.4137931034482758,0.4716981132075472,0.057905009759271375,0.46118479895833153,0.3294117647058823,0.5174862722419925,0.345679012345679,0.6041953098349433,0.4716981132075472,0.6164229427989075,0.4137931034482758
9999950_00000_d_0000062.jpg,40,YOLOv13-X,YOLOv13-L,False,0.72,0.7777777777777777,0.057777777777777706,0.6996306783948104,0.6571428571428571,0.7424952504408551,0.7058823529411764,0.7969962736942856,0.7777777777777777,0.7990717717843412,0.72
9999998_00232_d_0000188.jpg,45,YOLOv13-L,YOLOv13-X,False,0.4931506849315069,0.5507246376811594,0.057573952749652546,0.4145387422846536,0.2950819672131148,0.4638301926890389,0.3888888888888889,0.5576804027157396,0.4931506849315069,0.5502651740713004,0.5507246376811594
0000225_00001_d_0000001.jpg,46,YOLOv13-X,YOLOv13-L,False,0.8604651162790697,0.9176470588235294,0.05718194254445963,0.6586550409873206,0.8043478260869565,0.6947932473394975,0.8666666666666666,0.7292905148646346,0.9176470588235294,0.7422248324371452,0.8604651162790697
9999955_00000_d_0000295.jpg,18,YOLOv13-X,YOLOv13-L,False,0.7999999999999999,0.8571428571428571,0.05714285714285716,0.5546384663886708,0.6896551724137931,0.6377810571585776,0.75,0.7083106594223822,0.8571428571428571,0.7177859903627062,0.7999999999999999
9999985_00000_d_0000025.jpg,41,YOLOv13-X,YOLOv13-L,False,0.3,0.3571428571428571,0.057142857142857106,0.30436644923809775,0.1481481481481481,0.36519323190127756,0.2222222222222222,0.4852130062030785,0.3571428571428571,0.4997919106553691,0.3
9999956_00000_d_0000062.jpg,18,YOLOv13-L,YOLOv13-X,False,0.9142857142857144,0.9714285714285714,0.05714285714285705,0.4916789090059262,0.7894736842105262,0.5611347532565039,0.9444444444444444,0.6023568406347737,0.9142857142857144,0.6010704126832569,0.9714285714285714
0000042_02421_d_0000076.jpg,94,YOLOv13-L,YOLOv13-X,False,0.56,0.6162790697674418,0.05627906976744179,0.4390781050583962,0.4054054054054054,0.5226901316449534,0.5093167701863355,0.6221641727700639,0.56,0.6186645247711132,0.6162790697674418
9999999_00566_d_0000255.jpg,11,YOLOv13-X,YOLOv13-N,False,0.761904761904762,0.8181818181818182,0.05627705627705626,0.6804717453243977,0.8181818181818182,0.7073298971217755,0.7272727272727273,0.7641950970834978,0.8181818181818182,0.76430046379887,0.761904761904762
9999984_00000_d_0000001.jpg,29,YOLOv13-L,YOLOv13-S,False,0.1666666666666666,0.2222222222222222,0.05555555555555561,0.4137471240413073,0.0588235294117647,0.5089947721959904,0.2222222222222222,0.5862540737064311,0.1666666666666666,0.5826612767275562,0.1538461538461538
9999953_00000_d_0000135.jpg,21,YOLOv13-L,YOLOv13-X,False,0.7222222222222222,0.7777777777777778,0.05555555555555558,0.6195391540002313,0.4444444444444445,0.6628666644017219,0.4285714285714285,0.7098371875298692,0.7222222222222222,0.6723117351166467,0.7777777777777778
9999970_00000_d_0000038.jpg,70,YOLOv13-X,YOLOv13-L,False,0.5950413223140495,0.6504065040650406,0.055365181750991144,0.5305746084123978,0.4821428571428571,0.593910214442051,0.5739130434782609,0.6689333476735541,0.6504065040650406,0.6776249714910639,0.5950413223140495
9999977_00000_d_0000084.jpg,36,YOLOv13-X,YOLOv13-S,False,0.6,0.6551724137931034,0.05517241379310345,0.5268901460400872,0.52,0.5812788241207558,0.6551724137931034,0.6632671499367038,0.6461538461538462,0.6678965060141147,0.6
9999955_00000_d_0000011.jpg,20,YOLOv13-L,YOLOv13-X,False,0.8717948717948718,0.9268292682926828,0.055034396497810945,0.6624883848776956,0.7027027027027027,0.7024984629426607,0.85,0.7556560372131494,0.8717948717948718,0.7415898231694225,0.9268292682926828
9999953_00000_d_0000049.jpg,7,YOLOv13-X,YOLOv13-N,False,0.7142857142857143,0.7692307692307692,0.05494505494505486,0.18569980784271398,0.7692307692307692,0.30497996076164857,0.6153846153846153,0.42039084572926644,0.7692307692307692,0.43653020189547365,0.7142857142857143
9999966_00000_d_0000088.jpg,146,YOLOv13-X,YOLOv13-L,False,0.5245901639344263,0.5793650793650793,0.05477491543065305,0.4666455729580474,0.3410138248847926,0.5260332641640753,0.4561403508771929,0.6074788086652844,0.5793650793650793,0.6375971269111396,0.5245901639344263
9999972_00000_d_0000066.jpg,26,YOLOv13-L,YOLOv13-S,False,0.8148148148148148,0.8695652173913044,0.054750402576489665,0.7126959466185645,0.7142857142857143,0.7621909614355761,0.8695652173913044,0.8155725727810966,0.8148148148148148,0.7921514966851311,0.8163265306122449
9999999_00348_d_0000153.jpg,14,YOLOv13-L,YOLOv13-X,False,0.8484848484848484,0.9032258064516128,0.05474095796676437,0.6273105931019156,0.7058823529411764,0.6553225113968555,0.7857142857142857,0.763504752489611,0.8484848484848484,0.7517124830399113,0.9032258064516128
0000165_05925_d_0000113.jpg,23,YOLOv13-X,YOLOv13-L,False,0.6956521739130435,0.7499999999999999,0.05434782608695643,0.5823696158786217,0.5531914893617021,0.6482062034664888,0.5714285714285715,0.7413161499397821,0.7499999999999999,0.7420057493103094,0.6956521739130435
9999967_00000_d_0000056.jpg,85,YOLOv13-X,YOLOv13-L,False,0.7354838709677418,0.7894736842105264,0.05398981324278462,0.6926950317148481,0.5864661654135339,0.7520782947684024,0.6423357664233578,0.7997484204831878,0.7894736842105264,0.8000689128894678,0.7354838709677418
0000220_02000_d_0000006.jpg,29,YOLOv13-L,YOLOv13-X,False,0.7924528301886793,0.8461538461538461,0.053701015965166854,0.7013853120541204,0.6938775510204082,0.7561286794894057,0.7169811320754716,0.8077046647510944,0.7924528301886793,0.7951451502895395,0.8461538461538461
9999985_00000_d_0000077.jpg,21,YOLOv13-L,YOLOv13-X,False,0.8181818181818182,0.8717948717948718,0.053613053613053574,0.6062256741843263,0.6666666666666666,0.6792111769745691,0.7906976744186046,0.7553629151118398,0.8181818181818182,0.7514488318036963,0.8717948717948718
9999955_00000_d_0000088.jpg,35,YOLOv13-X,YOLOv13-S,False,0.6885245901639345,0.7419354838709677,0.053410893707033225,0.5454847014296803,0.6785714285714285,0.5874956309214507,0.7419354838709677,0.6404271012156383,0.73015873015873,0.6429224137437861,0.6885245901639345
9999960_00000_d_0000033.jpg,45,YOLOv13-X,YOLOv13-L,False,0.8269230769230769,0.8800000000000001,0.053076923076923244,0.6764840856876874,0.7524752475247526,0.7256322813388845,0.7647058823529413,0.7775605723806605,0.8800000000000001,0.7829742777720478,0.8269230769230769
9999984_00000_d_0000014.jpg,27,YOLOv13-X,YOLOv13-S,False,0.4210526315789473,0.4736842105263157,0.05263157894736842,0.30148177388065606,0.4324324324324324,0.37001372865525123,0.4736842105263157,0.44859784887286824,0.3783783783783783,0.4526219005023014,0.4210526315789473
9999956_00000_d_0000001.jpg,9,YOLOv13-X,YOLOv13-S,False,0.9473684210526316,1.0,0.05263157894736836,0.9535296133486466,0.9411764705882352,0.9669795180732731,1.0,0.9621795690124069,0.9473684210526316,0.9695117786727067,0.9473684210526316
9999940_00000_d_0000093.jpg,23,YOLOv13-L,YOLOv13-X,False,0.6842105263157895,0.7368421052631579,0.05263157894736836,0.733486374457388,0.6,0.7725946007531206,0.7027027027027025,0.8587849219519118,0.6842105263157895,0.8495628363954503,0.7368421052631579
9999940_00000_d_0000047.jpg,104,YOLOv13-X,YOLOv13-L,False,0.751219512195122,0.8038277511961722,0.05260823900105027,0.5134169704496047,0.6146341463414634,0.597268786843538,0.7289719626168225,0.6752390855002784,0.8038277511961722,0.6863092747887956,0.751219512195122
9999962_00000_d_0000134.jpg,40,YOLOv13-X,YOLOv13-L,False,0.8192771084337349,0.8717948717948718,0.05251776336113689,0.5288431700381893,0.6578947368421053,0.5998456107440007,0.72,0.6951832878070099,0.8717948717948718,0.6960758374029735,0.8192771084337349
9999943_00000_d_0000074.jpg,70,YOLOv13-X,YOLOv13-L,False,0.7222222222222223,0.7746478873239437,0.05242566510172142,0.6374898904828705,0.6428571428571429,0.6875722558549254,0.7222222222222223,0.7458521256821503,0.7746478873239437,0.7522555514200961,0.7222222222222223
9999955_00000_d_0000150.jpg,53,YOLOv13-L,YOLOv13-X,False,0.6534653465346534,0.7058823529411764,0.052417006406523026,0.5970997955483649,0.5833333333333333,0.6457797282637963,0.673469387755102,0.715235630722711,0.6534653465346534,0.7114075889854806,0.7058823529411764
9999998_00380_d_0000332.jpg,13,YOLOv13-L,YOLOv13-N,False,0.8275862068965517,0.8799999999999999,0.05241379310344818,0.809361419425222,0.8799999999999999,0.8714438060328947,0.8148148148148148,0.9108772178916187,0.8275862068965517,0.9071914984036699,0.8461538461538461
9999962_00000_d_0000098.jpg,46,YOLOv13-X,YOLOv13-L,False,0.8723404255319149,0.924731182795699,0.05239075726378406,0.6907258497945026,0.7526881720430109,0.739730146351458,0.8478260869565218,0.8156533115439396,0.924731182795699,0.8186804456263672,0.8723404255319149
9999972_00000_d_0000043.jpg,24,YOLOv13-X,YOLOv13-L,False,0.8679245283018867,0.92,0.05207547169811333,0.6758953991840747,0.7142857142857143,0.7216925638785403,0.7826086956521738,0.7727361106782716,0.92,0.7961544079221498,0.8679245283018867
0000344_01569_d_0000301.jpg,79,YOLOv13-L,YOLOv13-X,False,0.5546218487394958,0.6065573770491803,0.05193552830968451,0.7274358913507035,0.4727272727272726,0.7703361803114863,0.5486725663716814,0.818087248516046,0.5546218487394958,0.811031554885761,0.6065573770491803
9999990_00000_d_0000002.jpg,26,YOLOv13-L,YOLOv13-X,False,0.7391304347826088,0.7906976744186047,0.051567239635995965,0.6985535157631376,0.5641025641025641,0.7476932553533936,0.7000000000000001,0.7909198657046365,0.7391304347826088,0.7782933627913284,0.7906976744186047
0000264_03201_d_0000210.jpg,24,YOLOv13-X,YOLOv13-L,False,0.6666666666666667,0.7179487179487181,0.05128205128205132,0.5843443125548077,0.5294117647058825,0.6345172996425534,0.7027027027027027,0.6678245223452097,0.7179487179487181,0.678305083934741,0.6666666666666667
9999982_00000_d_0000137.jpg,59,YOLOv13-L,YOLOv13-X,False,0.6603773584905661,0.7115384615384616,0.05116110304789545,0.45491851576674336,0.5263157894736842,0.5175512642270118,0.5961538461538461,0.6164513004509776,0.6603773584905661,0.6071450348232913,0.7115384615384616
0000325_00201_d_0000663.jpg,54,YOLOv13-L,YOLOv13-X,False,0.8118811881188118,0.8627450980392156,0.050863909920403794,0.6734163280927018,0.6930693069306931,0.721169387808254,0.7157894736842105,0.7668064406031493,0.8118811881188118,0.7615708318056659,0.8627450980392156
9999972_00000_d_0000054.jpg,13,YOLOv13-L,YOLOv13-X,False,0.7826086956521738,0.8333333333333333,0.050724637681159424,0.7714749967514447,0.6363636363636364,0.7901775153769603,0.7272727272727274,0.8555297755443199,0.7826086956521738,0.8246855978188348,0.8333333333333333
9999998_00027_d_0000020.jpg,27,YOLOv13-X,YOLOv13-L,False,0.4912280701754386,0.5416666666666666,0.050438596491228005,0.44334057002796745,0.3859649122807017,0.5093283016155753,0.5,0.5746559906280505,0.5416666666666666,0.62317783128916,0.4912280701754386
0000315_00401_d_0000503.jpg,94,YOLOv13-L,YOLOv13-X,False,0.4963503649635036,0.5467625899280576,0.050412224964554,0.5267828634571905,0.323076923076923,0.5825562738540256,0.3970588235294118,0.6674466368731019,0.4963503649635036,0.6610960563501473,0.5467625899280576
9999982_00000_d_0000085.jpg,18,YOLOv13-X,YOLOv13-L,False,0.5925925925925926,0.6428571428571429,0.050264550264550345,0.4965165381332074,0.5384615384615385,0.5739283415529525,0.5714285714285714,0.6145021007742804,0.6428571428571429,0.6154094807433537,0.5925925925925926
0000239_04052_d_0000012.jpg,30,YOLOv13-L,YOLOv13-X,False,0.8070175438596491,0.8571428571428571,0.05012531328320802,0.7770023809624148,0.7407407407407408,0.8196225169598687,0.75,0.8558828044083934,0.8070175438596491,0.8476757781673913,0.8571428571428571
9999950_00000_d_0000075.jpg,16,YOLOv13-X,YOLOv13-L,False,0.75,0.7999999999999999,0.04999999999999993,0.5052159300634723,0.6060606060606061,0.5804834215845099,0.6666666666666666,0.6550485092102103,0.7999999999999999,0.6583451314863941,0.75
9999982_00000_d_0000123.jpg,27,YOLOv13-X,YOLOv13-L,False,0.5,0.5499999999999999,0.04999999999999993,0.5502245495128766,0.368421052631579,0.5938340199755147,0.4,0.6470471766906986,0.5499999999999999,0.6482508224412997,0.5
9999951_00000_d_0000177.jpg,53,YOLOv13-L,YOLOv13-X,False,0.6947368421052631,0.7446808510638298,0.049944008958566655,0.5651051009737328,0.5679012345679013,0.6282012768074979,0.6739130434782609,0.6874022915984087,0.6947368421052631,0.6812895454487309,0.7446808510638298
9999962_00000_d_0000154.jpg,30,YOLOv13-X,YOLOv13-L,False,0.78125,0.8307692307692307,0.049519230769230704,0.8148553611507183,0.8275862068965518,0.8490312493457852,0.819672131147541,0.9025328624412636,0.8307692307692307,0.909256904734749,0.78125
0000016_00420_d_0000068.jpg,46,YOLOv13-L,YOLOv13-X,False,0.7032967032967032,0.7526881720430109,0.04939146874630762,0.4638305080333896,0.4637681159420289,0.5725687579390961,0.6097560975609756,0.6759924046176555,0.7032967032967032,0.6685991271249488,0.7526881720430109
9999966_00000_d_0000086.jpg,34,YOLOv13-X,YOLOv13-L,False,0.3673469387755101,0.4166666666666667,0.04931972789115657,0.25654573662382896,0.2380952380952381,0.33926664849975974,0.3921568627450981,0.4562888970564371,0.4166666666666667,0.48166353760246156,0.3673469387755101
9999981_00000_d_0000017.jpg,28,YOLOv13-L,YOLOv13-X,False,0.9333333333333332,0.9824561403508772,0.04912280701754401,0.8307718128415018,0.8253968253968255,0.8502361582036897,0.8253968253968255,0.8870385478457774,0.9333333333333332,0.8760050256160509,0.9824561403508772
9999966_00000_d_0000110.jpg,65,YOLOv13-L,YOLOv13-X,False,0.8695652173913043,0.9185185185185184,0.04895330112721408,0.7518499728084352,0.7777777777777778,0.8008848555492722,0.8115942028985507,0.8636970258597187,0.8695652173913043,0.851749568075492,0.9185185185185184
9999956_00000_d_0000013.jpg,20,YOLOv13-L,YOLOv13-N,False,0.761904761904762,0.8108108108108107,0.04890604890604877,0.7272078015024152,0.8108108108108107,0.7670960519482346,0.7441860465116279,0.8334064349476744,0.761904761904762,0.8077458383668416,0.761904761904762
9999951_00000_d_0000247.jpg,21,YOLOv13-X,YOLOv13-L,False,0.9268292682926828,0.975609756097561,0.0487804878048782,0.8395191304892894,0.8,0.8531516714293416,0.9268292682926828,0.9172025165653076,0.975609756097561,0.917518047085438,0.9268292682926828
9999956_00000_d_0000080.jpg,38,YOLOv13-L,YOLOv13-X,False,0.8169014084507042,0.8656716417910448,0.048770233340340585,0.5865409461102167,0.6944444444444445,0.6521333471902313,0.7887323943661972,0.7117369922728675,0.8169014084507042,0.7103386481120955,0.8656716417910448
9999960_00000_d_0000138.jpg,37,YOLOv13-L,YOLOv13-X,False,0.9,0.9487179487179488,0.04871794871794877,0.76123332804778,0.8333333333333334,0.8142755391626004,0.8860759493670887,0.8613642453286159,0.9,0.8586246503644467,0.9487179487179488
9999960_00000_d_0000124.jpg,34,YOLOv13-L,YOLOv13-X,False,0.8831168831168831,0.9315068493150686,0.048389966198185475,0.7257420161303777,0.8311688311688312,0.7693096112398145,0.8888888888888888,0.8259896098896882,0.8831168831168831,0.8249489567443604,0.9315068493150686
9999999_00382_d_0000166.jpg,48,YOLOv13-X,YOLOv13-L,False,0.8431372549019608,0.8913043478260869,0.04816709292412613,0.6154541863444261,0.6526315789473683,0.6827709050730215,0.7659574468085107,0.755986083583741,0.8913043478260869,0.7643370196930884,0.8431372549019608
9999998_00059_d_0000045.jpg,9,YOLOv13-X,YOLOv13-S,False,0.6666666666666667,0.7142857142857143,0.04761904761904756,0.6029945327356249,0.5882352941176471,0.6329365044904096,0.7142857142857143,0.652629484441652,0.6250000000000001,0.6945712710952563,0.6666666666666667
9999998_00182_d_0000146.jpg,10,YOLOv13-S,YOLOv13-X,False,0.9,0.9473684210526316,0.047368421052631615,0.8715890010300091,0.888888888888889,0.8919982677514963,0.9,0.8581312806533123,0.8421052631578948,0.8592706941242189,0.9473684210526316
9999998_00152_d_0000128.jpg,13,YOLOv13-X,YOLOv13-N,False,0.8695652173913044,0.9166666666666666,0.047101449275362195,0.7159804630958481,0.9166666666666666,0.7400827091891535,0.8799999999999999,0.8046084675819738,0.8695652173913044,0.8168734623060777,0.8695652173913044
0000072_05654_d_0000008.jpg,54,YOLOv13-X,YOLOv13-L,False,0.823529411764706,0.8703703703703703,0.046840958605664396,0.6169678794964274,0.76,0.6865602984915515,0.7722772277227723,0.7500386837104835,0.8703703703703703,0.7702231806196849,0.823529411764706
9999984_00000_d_0000055.jpg,19,YOLOv13-L,YOLOv13-X,False,0.8421052631578947,0.8888888888888888,0.04678362573099415,0.6746069902776396,0.7692307692307692,0.720272358630508,0.7894736842105263,0.780329917072058,0.8421052631578947,0.7720258024895021,0.8888888888888888
9999982_00000_d_0000078.jpg,63,YOLOv13-X,YOLOv13-L,False,0.7321428571428571,0.7787610619469026,0.04661820480404555,0.5842640237765107,0.6605504587155963,0.6457853710836511,0.7192982456140351,0.7014380468909507,0.7787610619469026,0.7103047865601207,0.7321428571428571
0000201_00000_d_0000171.jpg,52,YOLOv13-L,YOLOv13-X,False,0.3428571428571429,0.3888888888888889,0.04603174603174598,0.4697191034423446,0.2461538461538461,0.5463887789563672,0.3287671232876712,0.6295246979236491,0.3428571428571429,0.6194161448634631,0.3888888888888889
9999955_00000_d_0000288.jpg,32,YOLOv13-L,YOLOv13-X,False,0.6206896551724138,0.6666666666666666,0.04597701149425282,0.5561427303695143,0.5454545454545454,0.6109096497574156,0.5818181818181818,0.6842593216023752,0.6206896551724138,0.6789879068521815,0.6666666666666666
9999977_00000_d_0000035.jpg,69,YOLOv13-X,YOLOv13-L,False,0.5178571428571429,0.5636363636363636,0.0457792207792207,0.5873555348909114,0.4901960784313725,0.6300706537256192,0.5094339622641509,0.6855563425454233,0.5636363636363636,0.687811978045539,0.5178571428571429
9999969_00000_d_0000067.jpg,33,YOLOv13-X,YOLOv13-L,False,0.7000000000000001,0.7457627118644068,0.045762711864406724,0.4855341585042063,0.5555555555555556,0.5589877097536237,0.6037735849056605,0.6646133259569887,0.7457627118644068,0.6757433219367339,0.7000000000000001
9999964_00000_d_0000031.jpg,22,YOLOv13-L,YOLOv13-X,False,0.8181818181818182,0.8636363636363636,0.045454545454545414,0.8916777084203467,0.6060606060606061,0.9082773528123056,0.7027027027027029,0.9309249138562551,0.8181818181818182,0.9224463232006896,0.8636363636363636
9999999_00039_d_0000008.jpg,42,YOLOv13-L,YOLOv13-X,False,0.9069767441860463,0.9523809523809524,0.04540420819490609,0.7568134328517647,0.8915662650602411,0.7950551704816585,0.9268292682926828,0.8446046403812254,0.9069767441860463,0.8370476731044136,0.9523809523809524
9999951_00000_d_0000148.jpg,71,YOLOv13-X,YOLOv13-L,False,0.861111111111111,0.906474820143885,0.04536370903277398,0.5523158262567692,0.7651006711409397,0.6204356737234459,0.7862068965517242,0.6801705937000398,0.906474820143885,0.7019136784152487,0.861111111111111
0000172_00001_d_0000001.jpg,42,YOLOv13-L,YOLOv13-X,False,0.6575342465753424,0.7027027027027026,0.0451684561273602,0.6249689133756109,0.5588235294117647,0.6983463683582842,0.647887323943662,0.7512407418665414,0.6575342465753424,0.7349231234412953,0.7027027027027026
0000222_04900_d_0000016.jpg,97,YOLOv13-X,YOLOv13-L,False,0.5673758865248226,0.6122448979591837,0.04486901143436106,0.5366818452333268,0.3787878787878788,0.5915860436154894,0.4264705882352941,0.629339717936298,0.6122448979591837,0.644786388264521,0.5673758865248226
9999942_00000_d_0000077.jpg,75,YOLOv13-X,YOLOv13-L,False,0.7397260273972602,0.7843137254901961,0.044587698092935835,0.5506348402698507,0.5648854961832062,0.6115575056683211,0.7132867132867132,0.6779730668195276,0.7843137254901961,0.6886377161478874,0.7397260273972602
9999940_00000_d_0000003.jpg,83,YOLOv13-X,YOLOv13-L,False,0.5076923076923077,0.5522388059701493,0.04454649827784163,0.4400408979296231,0.3035714285714285,0.48959763749701946,0.4360902255639098,0.5889582104053097,0.5522388059701493,0.5932386336334772,0.5076923076923077
9999945_00000_d_0000012.jpg,28,YOLOv13-L,YOLOv13-N,False,0.4,0.4444444444444445,0.04444444444444445,0.5536437686976684,0.4444444444444445,0.6295017682537871,0.3783783783783784,0.7096172834515845,0.4,0.6968405991711175,0.4324324324324324
0000334_01569_d_0000029.jpg,56,YOLOv13-X,YOLOv13-S,False,0.6969696969696969,0.7413793103448276,0.04440961337513072,0.6824497864299521,0.7241379310344827,0.7376093096925924,0.7413793103448276,0.7609677568723172,0.7076923076923075,0.7758165256395798,0.6969696969696969
9999937_00000_d_0000152.jpg,16,YOLOv13-X,YOLOv13-L,False,0.7142857142857143,0.7586206896551724,0.044334975369458074,0.2934929255335678,0.4545454545454545,0.42225484537540103,0.4375,0.5476851436527788,0.7586206896551724,0.5544881492803264,0.7142857142857143
0000261_02301_d_0000127.jpg,16,YOLOv13-L,YOLOv13-X,False,0.5714285714285715,0.6153846153846154,0.04395604395604391,0.7115555583830382,0.1818181818181818,0.7918549532958526,0.5454545454545454,0.8523228108096425,0.5714285714285715,0.8356303117061765,0.6153846153846154
9999969_00000_d_0000029.jpg,83,YOLOv13-X,YOLOv13-L,False,0.6867469879518072,0.7305389221556886,0.04379193420388139,0.6962918913499182,0.5789473684210525,0.7444971113333815,0.6341463414634146,0.7996331433758812,0.7305389221556886,0.8075888341942138,0.6867469879518072
0000342_02549_d_0000255.jpg,46,YOLOv13-X,YOLOv13-L,False,0.6736842105263158,0.717391304347826,0.04370709382151028,0.5859489987593552,0.6046511627906976,0.6485798155976643,0.7045454545454546,0.7038840842493203,0.717391304347826,0.7064498174859669,0.6736842105263158
9999984_00000_d_0000124.jpg,32,YOLOv13-L,YOLOv13-X,False,0.5490196078431372,0.5925925925925926,0.04357298474945537,0.46201253568342854,0.36,0.5203473568144001,0.5,0.6131414991924102,0.5490196078431372,0.6046938822149251,0.5925925925925926
0000256_03644_d_0000035.jpg,69,YOLOv13-X,YOLOv13-L,False,0.4957264957264957,0.5391304347826086,0.043403939056112895,0.6114822914942372,0.3469387755102041,0.6743976357564483,0.4123711340206185,0.7509506702011064,0.5391304347826086,0.7542420659244142,0.4957264957264957
9999972_00000_d_0000005.jpg,10,YOLOv13-L,YOLOv13-N,False,0.9090909090909092,0.9523809523809524,0.04329004329004327,0.8764436357583366,0.9523809523809524,0.8841961893260105,0.9090909090909092,0.9270515909691878,0.9090909090909092,0.8961146561651726,0.8695652173913044
9999982_00000_d_0000226.jpg,77,YOLOv13-L,YOLOv13-X,False,0.7916666666666667,0.8345323741007193,0.0428657074340526,0.6980872590628622,0.6870229007633588,0.7383638372347989,0.7769784172661871,0.7940420453949504,0.7916666666666667,0.7883595095652477,0.8345323741007193
0000141_00251_d_0000009.jpg,177,YOLOv13-X,YOLOv13-L,False,0.535593220338983,0.5783972125435539,0.04280399220457087,0.5436909335791535,0.4404332129963899,0.5869828992424069,0.4852941176470589,0.6635994959810967,0.5783972125435539,0.6651943565688779,0.535593220338983
9999960_00000_d_0000054.jpg,33,YOLOv13-L,YOLOv13-X,False,0.927536231884058,0.9696969696969696,0.04216073781291163,0.8543803749805151,0.923076923076923,0.8786421986036825,0.9090909090909092,0.9089702901372104,0.927536231884058,0.9066616524325097,0.9696969696969696
9999972_00000_d_0000098.jpg,48,YOLOv13-L,YOLOv13-X,False,0.5432098765432098,0.5853658536585366,0.042155977115326704,0.47591706036836656,0.3835616438356164,0.5518635683778147,0.5194805194805195,0.6292515468323315,0.5432098765432098,0.6287228702005386,0.5853658536585366
9999972_00000_d_0000001.jpg,10,YOLOv13-X,YOLOv13-S,False,0.8000000000000002,0.8421052631578948,0.042105263157894646,0.6410895903142364,0.761904761904762,0.7335499717323127,0.8421052631578948,0.8013206959681286,0.761904761904762,0.8072062946897647,0.8000000000000002
9999970_00000_d_0000012.jpg,90,YOLOv13-X,YOLOv13-L,False,0.620253164556962,0.6622516556291391,0.041998491072177124,0.5249309246117243,0.5306122448979592,0.5889095755396568,0.5945945945945945,0.661683893757152,0.6622516556291391,0.672098175235746,0.620253164556962
0000223_01300_d_0000004.jpg,70,YOLOv13-X,YOLOv13-L,False,0.4583333333333333,0.5000000000000001,0.041666666666666796,0.6218922147126714,0.3298969072164948,0.6322711316824877,0.4468085106382978,0.6584240758666772,0.5000000000000001,0.6791343544470666,0.4583333333333333
9999956_00000_d_0000074.jpg,65,YOLOv13-L,YOLOv13-X,False,0.594059405940594,0.6355140186915887,0.04145461275099471,0.5657161829094695,0.4494382022471911,0.6292334163100377,0.5656565656565656,0.6729421859095139,0.594059405940594,0.659180903824025,0.6355140186915887
9999999_00077_d_0000025.jpg,22,YOLOv13-X,YOLOv13-S,False,0.8636363636363636,0.9047619047619048,0.04112554112554112,0.8678131431986964,0.9,0.8648958931437126,0.9047619047619048,0.9148836969473044,0.888888888888889,0.9207306301391395,0.8636363636363636
9999985_00000_d_0000037.jpg,105,YOLOv13-X,YOLOv13-L,False,0.837696335078534,0.8787878787878788,0.04109154370934476,0.7708950106654539,0.6974358974358975,0.817048148852961,0.7578947368421053,0.8621908328012675,0.8787878787878788,0.862518920905537,0.837696335078534
9999955_00000_d_0000357.jpg,38,YOLOv13-X,YOLOv13-L,False,0.8732394366197183,0.9142857142857144,0.04104627766599611,0.6931502790959674,0.6376811594202899,0.7515648021166982,0.7941176470588235,0.8199904528704203,0.9142857142857144,0.8285968169661857,0.8732394366197183
0000247_00002_d_0000001.jpg,111,YOLOv13-L,YOLOv13-X,False,0.6051282051282051,0.6461538461538462,0.0410256410256411,0.607490431532254,0.4390243902439024,0.6642847342843259,0.5,0.7298995342135121,0.6051282051282051,0.7235808301710765,0.6461538461538462
9999994_00000_d_0000015.jpg,70,YOLOv13-X,YOLOv13-L,False,0.7068965517241379,0.7478260869565218,0.04092953523238385,0.5472817407253151,0.6446280991735537,0.6052315551380824,0.7008547008547009,0.6648435891344886,0.7478260869565218,0.6760311178498691,0.7068965517241379
0000076_01012_d_0000004.jpg,25,YOLOv13-X,YOLOv13-L,False,0.8979591836734694,0.9387755102040816,0.04081632653061218,0.7697138784631742,0.7307692307692308,0.8137646633757931,0.8571428571428572,0.8725384570491477,0.9387755102040816,0.875384720788692,0.8979591836734694
9999998_00076_d_0000061.jpg,126,YOLOv13-L,YOLOv13-X,False,0.7257383966244727,0.7665198237885461,0.0407814271640734,0.5676074237874646,0.6120689655172414,0.6304203965561906,0.6696428571428572,0.6918581382616847,0.7257383966244727,0.690465967455279,0.7665198237885461
9999953_00000_d_0000161.jpg,15,YOLOv13-L,YOLOv13-X,False,0.8484848484848485,0.888888888888889,0.04040404040404044,0.8572342860182642,0.846153846153846,0.9056541001310264,0.8275862068965518,0.9330733192314009,0.8484848484848485,0.9187279699660184,0.888888888888889
9999955_00000_d_0000061.jpg,24,YOLOv13-X,YOLOv13-L,False,0.92,0.96,0.039999999999999925,0.825105227499768,0.923076923076923,0.8548353605725731,0.9056603773584906,0.885268028780061,0.96,0.8973460645074885,0.92
9999982_00000_d_0000225.jpg,74,YOLOv13-X,YOLOv13-L,False,0.6929133858267718,0.7328244274809161,0.039911041654144386,0.6987427969842908,0.6504065040650406,0.7380166559429814,0.6875,0.7802780617963972,0.7328244274809161,0.7891404078283198,0.6929133858267718
9999960_00000_d_0000103.jpg,33,YOLOv13-L,YOLOv13-X,False,0.825,0.8648648648648648,0.039864864864864846,0.6071239670665013,0.6444444444444445,0.6650464599887871,0.7469879518072288,0.7649601419143831,0.825,0.7569177865032067,0.8648648648648648
9999960_00000_d_0000165.jpg,78,YOLOv13-X,YOLOv13-L,False,0.6666666666666666,0.7058823529411765,0.03921568627450989,0.5071234602865137,0.6438356164383562,0.5563586612640681,0.6344827586206897,0.6138666142202357,0.7058823529411765,0.6314487569157282,0.6666666666666666
0000198_00336_d_0000156.jpg,62,YOLOv13-X,YOLOv13-L,False,0.6274509803921569,0.6666666666666665,0.039215686274509665,0.5407755584050784,0.5416666666666666,0.6029267318547142,0.5742574257425742,0.6610018744182952,0.6666666666666665,0.6673587811492492,0.6274509803921569
0000036_00500_d_0000046.jpg,101,YOLOv13-X,YOLOv13-L,False,0.8103448275862069,0.8493150684931506,0.03897024090694379,0.6015638348316911,0.7572016460905351,0.6638075953925251,0.808695652173913,0.7279681439871256,0.8493150684931506,0.7470551661370529,0.8103448275862069
9999982_00000_d_0000060.jpg,65,YOLOv13-L,YOLOv13-X,False,0.3058823529411764,0.3448275862068966,0.03894523326572019,0.46445403756295484,0.2077922077922078,0.51658715242348,0.2857142857142857,0.5780118687825059,0.3058823529411764,0.5745558713042653,0.3448275862068966
9999942_00000_d_0000108.jpg,26,YOLOv13-X,YOLOv13-S,False,0.8846153846153846,0.9230769230769232,0.03846153846153866,0.8561603839834966,0.8333333333333333,0.8745650512731354,0.9230769230769232,0.8942010357204077,0.9056603773584906,0.9074255393139203,0.8846153846153846
9999955_00000_d_0000400.jpg,53,YOLOv13-X,YOLOv13-L,False,0.8846153846153846,0.923076923076923,0.038461538461538436,0.7472899174792454,0.7850467289719626,0.7970052847152688,0.8653846153846154,0.8380756332685813,0.923076923076923,0.8516845962095991,0.8846153846153846
9999999_00767_d_0000351.jpg,103,YOLOv13-X,YOLOv13-L,False,0.625,0.6634615384615384,0.038461538461538436,0.5327125924845534,0.4971098265895954,0.5819656809533335,0.6288659793814432,0.6500828302279908,0.6634615384615384,0.6563757846245756,0.625
9999962_00000_d_0000053.jpg,28,YOLOv13-L,YOLOv13-X,False,0.8846153846153847,0.923076923076923,0.038461538461538325,0.6412587334899268,0.7272727272727273,0.6780240952820148,0.8846153846153847,0.7569125277829454,0.8846153846153847,0.7512047823405319,0.923076923076923
9999999_00177_d_0000073.jpg,75,YOLOv13-L,YOLOv13-X,False,0.6714285714285715,0.7092198581560282,0.037791286727456685,0.5877945727021586,0.484375,0.6678559399640689,0.5909090909090909,0.7417400743372359,0.6714285714285715,0.7361689849524019,0.7092198581560282
9999967_00000_d_0000042.jpg,63,YOLOv13-L,YOLOv13-X,False,0.7234042553191489,0.7611940298507462,0.037789774531597375,0.6168373972881641,0.6779661016949152,0.6597963103338004,0.7022900763358779,0.7399825893569429,0.7234042553191489,0.7316244023994329,0.7611940298507462
9999955_00000_d_0000093.jpg,23,YOLOv13-X,YOLOv13-L,False,0.3157894736842105,0.3529411764705882,0.037151702786377694,0.33190975873588785,0.2941176470588235,0.36998521263828993,0.2068965517241379,0.4564576069156177,0.3529411764705882,0.473848860856614,0.3157894736842105
9999953_00000_d_0000121.jpg,35,YOLOv13-X,YOLOv13-L,False,0.7466666666666666,0.7837837837837838,0.03711711711711718,0.47082471358251266,0.6101694915254237,0.5582913707360835,0.6769230769230768,0.6578460603913641,0.7837837837837838,0.6666232200925747,0.7466666666666666
0000344_02941_d_0000308.jpg,95,YOLOv13-X,YOLOv13-L,False,0.5324675324675325,0.5695364238410596,0.03706889137352709,0.5484648099100309,0.4029850746268656,0.5984515544491504,0.4316546762589928,0.6958489824288802,0.5695364238410596,0.6980626280751426,0.5324675324675325
0000173_00001_d_0000001.jpg,53,YOLOv13-X,YOLOv13-L,False,0.4225352112676056,0.4594594594594594,0.03692424819185375,0.47032104041091305,0.3283582089552239,0.5255567216257294,0.4166666666666667,0.5932415372542229,0.4594594594594594,0.6086769632137146,0.4225352112676056
9999960_00000_d_0000132.jpg,12,YOLOv13-L,YOLOv13-S,False,0.923076923076923,0.96,0.03692307692307695,0.8872925686617162,0.923076923076923,0.8941690530610883,0.96,0.9255281543878153,0.923076923076923,0.9142214533903584,0.96
9999942_00000_d_0000005.jpg,55,YOLOv13-L,YOLOv13-X,False,0.7964601769911505,0.8333333333333334,0.03687315634218291,0.6162077059430038,0.6842105263157895,0.6789570814302205,0.7678571428571429,0.7580711191296118,0.7964601769911505,0.7564050435128337,0.8333333333333334
9999972_00000_d_0000115.jpg,32,YOLOv13-X,YOLOv13-L,False,0.8484848484848485,0.8852459016393444,0.03676105315449585,0.7529048669330337,0.7419354838709677,0.7782689129402668,0.823529411764706,0.817358304024606,0.8852459016393444,0.825250869190893,0.8484848484848485
9999951_00000_d_0000082.jpg,13,YOLOv13-L,YOLOv13-S,False,0.8799999999999999,0.9166666666666666,0.036666666666666736,0.6853136865756567,0.8,0.734894596549561,0.9166666666666666,0.7705969271059508,0.8799999999999999,0.7674399821471483,0.8799999999999999
0000046_00720_d_0000088.jpg,69,YOLOv13-L,YOLOv13-X,False,0.6756756756756758,0.7123287671232876,0.03665309144761186,0.489845843871335,0.5333333333333332,0.5771762416578518,0.6216216216216217,0.6838496159845773,0.6756756756756758,0.676983684315,0.7123287671232876
9999984_00000_d_0000018.jpg,29,YOLOv13-X,YOLOv13-L,False,0.3636363636363636,0.4,0.03636363636363643,0.4686192409681392,0.3555555555555555,0.5377459707993134,0.391304347826087,0.5957445075657055,0.4,0.6078549312000165,0.3636363636363636
9999940_00000_d_0000059.jpg,84,YOLOv13-L,YOLOv13-X,False,0.5751633986928104,0.6114649681528662,0.036301569460055805,0.39493146718882527,0.4025157232704402,0.49815417831702374,0.5,0.6119884516963001,0.5751633986928104,0.6007131915191778,0.6114649681528662
9999940_00000_d_0000098.jpg,21,YOLOv13-L,YOLOv13-X,False,0.6666666666666666,0.7027027027027026,0.036036036036036,0.5150889852104812,0.3870967741935483,0.5329974956677439,0.6666666666666667,0.6540731667743436,0.6666666666666666,0.6506448035929782,0.7027027027027026
9999998_00370_d_0000322.jpg,22,YOLOv13-L,YOLOv13-X,False,0.8085106382978724,0.8444444444444444,0.035933806146572045,0.7737263113955217,0.7317073170731707,0.8173132396957874,0.7142857142857143,0.8876109439829164,0.8085106382978724,0.8870387414620693,0.8444444444444444
9999999_00281_d_0000123.jpg,77,YOLOv13-L,YOLOv13-X,False,0.7916666666666667,0.8275862068965517,0.03591954022988497,0.611936636122102,0.5915492957746479,0.6662081648630559,0.6620689655172415,0.7399783632405301,0.7916666666666667,0.7396211332179693,0.8275862068965517
9999951_00000_d_0000277.jpg,44,YOLOv13-X,YOLOv13-L,False,0.6216216216216216,0.6575342465753425,0.03591262495372094,0.5110425203223073,0.5945945945945945,0.5641203731243842,0.5205479452054794,0.6254206602263512,0.6575342465753425,0.6439226239329663,0.6216216216216216
9999998_00274_d_0000227.jpg,41,YOLOv13-L,YOLOv13-X,False,0.6216216216216217,0.6575342465753423,0.03591262495372061,0.4497744874955947,0.4923076923076923,0.5128469600602789,0.5454545454545455,0.5894831891941056,0.6216216216216217,0.578407826060588,0.6575342465753423
9999999_00265_d_0000115.jpg,53,YOLOv13-X,YOLOv13-L,False,0.7719298245614035,0.8076923076923077,0.03576248313090424,0.6289966378087026,0.6336633663366337,0.690593291188756,0.6851851851851852,0.7697857790431618,0.8076923076923077,0.771682285225885,0.7719298245614035
0000178_00621_d_0000009.jpg,11,YOLOv13-L,YOLOv13-X,False,0.25,0.2857142857142857,0.0357142857142857,0.34565693206811154,0.1538461538461538,0.40948832317755196,0.1538461538461538,0.5459907301436037,0.25,0.5084010862293801,0.2857142857142857
9999985_00000_d_0000034.jpg,148,YOLOv13-X,YOLOv13-L,False,0.504424778761062,0.5400843881856541,0.03565960942459212,0.48451432389865945,0.3584905660377358,0.5404792197313344,0.4104803493449781,0.6090367561268719,0.5400843881856541,0.6273603737719577,0.504424778761062
9999999_00614_d_0000279.jpg,51,YOLOv13-L,YOLOv13-X,False,0.4571428571428571,0.4927536231884057,0.035610766045548636,0.6909488390369549,0.4411764705882352,0.7457631781892292,0.4545454545454545,0.7817553522597446,0.4571428571428571,0.7601702318497304,0.4927536231884057
0000113_00814_d_0000076.jpg,18,YOLOv13-X,YOLOv13-S,False,0.5161290322580646,0.5517241379310345,0.03559510567296986,0.33689786227011603,0.25,0.4411064734913981,0.5517241379310345,0.5568608318841297,0.4324324324324324,0.563613984617011,0.5161290322580646
9999987_00000_d_0000043.jpg,88,YOLOv13-X,YOLOv13-L,False,0.824858757062147,0.8603351955307262,0.035476438468579286,0.5619518025715903,0.7428571428571429,0.6113906785495128,0.7727272727272727,0.6944181982430392,0.8603351955307262,0.7166712688419861,0.824858757062147
9999960_00000_d_0000170.jpg,65,YOLOv13-X,YOLOv13-L,False,0.8484848484848485,0.883720930232558,0.035236081747709536,0.5992786007874428,0.75,0.6564252182280453,0.762589928057554,0.7183440065323109,0.883720930232558,0.732494294357003,0.8484848484848485
9999977_00000_d_0000087.jpg,54,YOLOv13-X,YOLOv13-L,False,0.6808510638297872,0.7157894736842105,0.034938409854423313,0.5897483421008946,0.6382978723404256,0.6476639689402106,0.651685393258427,0.7165628692966011,0.7157894736842105,0.723130624466445,0.6808510638297872
0000068_03714_d_0000012.jpg,103,YOLOv13-X,YOLOv13-L,False,0.6600000000000001,0.6947368421052632,0.034736842105263066,0.5496539676951778,0.5176470588235295,0.6124609779901851,0.6298342541436465,0.6900405999683781,0.6947368421052632,0.708694665123362,0.6600000000000001
0000345_02549_d_0000322.jpg,83,YOLOv13-X,YOLOv13-L,False,0.6666666666666666,0.7012987012987013,0.03463203463203468,0.4915367501307296,0.4594594594594594,0.5554205862530732,0.6122448979591836,0.6305459118661336,0.7012987012987013,0.6310724145928168,0.6666666666666666
9999998_00177_d_0000142.jpg,40,YOLOv13-X,YOLOv13-L,False,0.7209302325581396,0.7555555555555556,0.03462532299741605,0.5444911014192966,0.4810126582278481,0.595798199192315,0.5227272727272727,0.6734205850411203,0.7555555555555556,0.6762094832330395,0.7209302325581396
9999937_00000_d_0000040.jpg,64,YOLOv13-X,YOLOv13-L,False,0.4705882352941176,0.505050505050505,0.03446226975638739,0.4715646892687373,0.3863636363636364,0.538884741748111,0.2696629213483146,0.6427085539440157,0.505050505050505,0.6461120618791719,0.4705882352941176
9999937_00000_d_0000021.jpg,95,YOLOv13-L,YOLOv13-X,False,0.6871165644171779,0.7215189873417721,0.03440242292459417,0.5498966404148616,0.535031847133758,0.6229606370365858,0.6303030303030304,0.703081488119188,0.6871165644171779,0.6977108537203524,0.7215189873417721
9999981_00000_d_0000102.jpg,51,YOLOv13-L,YOLOv13-X,False,0.7789473684210527,0.8131868131868133,0.034239444765760574,0.7374013788865721,0.6888888888888889,0.7609183385388115,0.6875,0.8305510704944823,0.7789473684210527,0.8286510786477504,0.8131868131868133
9999984_00000_d_0000057.jpg,36,YOLOv13-X,YOLOv13-L,False,0.7352941176470588,0.7692307692307692,0.0339366515837104,0.5755878655236732,0.6101694915254238,0.6226139802219374,0.6984126984126984,0.6831320136243242,0.7692307692307692,0.6907741589074589,0.7352941176470588
9999998_00391_d_0000343.jpg,30,YOLOv13-L,YOLOv13-X,False,0.7796610169491527,0.8135593220338982,0.03389830508474556,0.6635114856070404,0.6909090909090909,0.7329309038079311,0.7368421052631577,0.7878315235165454,0.7796610169491527,0.7823870012684389,0.8135593220338982
9999999_00297_d_0000131.jpg,183,YOLOv13-L,YOLOv13-X,False,0.6809815950920246,0.7147147147147146,0.03373311962268999,0.5060148526270362,0.506578947368421,0.5684735437626321,0.628930817610063,0.6656366046064887,0.6809815950920246,0.6610009557319084,0.7147147147147146
9999964_00000_d_0000067.jpg,103,YOLOv13-L,YOLOv13-X,False,0.8042328042328043,0.837696335078534,0.03346353084572973,0.6996620542736682,0.6276595744680851,0.7555368279837479,0.7351351351351352,0.8119778911788302,0.8042328042328043,0.807169634598413,0.837696335078534
9999987_00000_d_0000021.jpg,41,YOLOv13-X,YOLOv13-L,False,0.5666666666666667,0.6,0.033333333333333326,0.45306605971194014,0.4912280701754386,0.553716588484238,0.5517241379310345,0.6042811103735674,0.6,0.6146874528913635,0.5666666666666667
9999953_00000_d_0000038.jpg,14,YOLOv13-L,YOLOv13-N,False,0.8,0.8333333333333333,0.033333333333333215,0.8899847159162472,0.8333333333333333,0.8907062975326194,0.8333333333333333,0.9279834628005156,0.8,0.9219163599912562,0.8148148148148148
0000351_03137_d_0000535.jpg,100,YOLOv13-X,YOLOv13-L,False,0.6296296296296298,0.6627218934911243,0.03309226386149455,0.5303537356623037,0.5838509316770186,0.5965339301651426,0.576923076923077,0.6614132934168528,0.6627218934911243,0.6675273371919723,0.6296296296296298
0000142_02058_d_0000033.jpg,143,YOLOv13-X,YOLOv13-L,False,0.7118644067796609,0.7447698744769874,0.032905467697326496,0.5942378119075105,0.5398230088495575,0.6465224232844908,0.6521739130434783,0.7123121131687924,0.7447698744769874,0.7134235369964143,0.7118644067796609
9999955_00000_d_0000038.jpg,64,YOLOv13-X,YOLOv13-L,False,0.8153846153846153,0.8480000000000001,0.032615384615384824,0.5898146399526574,0.6619718309859154,0.6484292551540973,0.784,0.7117503540005857,0.8480000000000001,0.7295372905026001,0.8153846153846153
0000226_04475_d_0000017.jpg,34,YOLOv13-X,YOLOv13-L,False,0.65625,0.6885245901639345,0.032274590163934525,0.5891363601445242,0.5818181818181817,0.6496634506772379,0.6666666666666667,0.6887834726361808,0.6885245901639345,0.7056545374267337,0.65625
9999955_00000_d_0000181.jpg,37,YOLOv13-X,YOLOv13-L,False,0.6129032258064517,0.6451612903225806,0.03225806451612889,0.5315742409318833,0.4528301886792453,0.5965628011589982,0.53125,0.6583298691535574,0.6451612903225806,0.6667900506348045,0.6129032258064517
9999955_00000_d_0000409.jpg,30,YOLOv13-X,YOLOv13-L,False,0.9508196721311476,0.983050847457627,0.032231175326479455,0.772867928929082,0.8571428571428572,0.8271910644004318,0.8749999999999999,0.870308516000896,0.983050847457627,0.8706029163171352,0.9508196721311476
9999960_00000_d_0000032.jpg,26,YOLOv13-L,YOLOv13-S,False,0.896551724137931,0.9285714285714286,0.03201970443349755,0.7730526313161363,0.8253968253968255,0.8348243104528043,0.9285714285714286,0.8848841757959026,0.896551724137931,0.8706093529193275,0.896551724137931
9999955_00000_d_0000201.jpg,84,YOLOv13-X,YOLOv13-L,False,0.7804878048780488,0.8125,0.03201219512195119,0.4957787511357222,0.5780346820809249,0.5620921078472105,0.6666666666666667,0.6587496535596563,0.8125,0.6609449843751457,0.7804878048780488
0000331_02201_d_0000852.jpg,83,YOLOv13-X,YOLOv13-L,False,0.6482758620689655,0.6802721088435375,0.031996246774572024,0.5547106365304494,0.5774647887323943,0.6289370444609006,0.5874125874125874,0.6888375949170575,0.6802721088435375,0.7073550513806728,0.6482758620689655
9999951_00000_d_0000318.jpg,44,YOLOv13-X,YOLOv13-L,False,0.5777777777777778,0.6097560975609756,0.03197831978319776,0.4076431536598998,0.3943661971830985,0.5018314977791324,0.575,0.5731520660350834,0.6097560975609756,0.5802694427119738,0.5777777777777778
9999998_00303_d_0000256.jpg,10,YOLOv13-L,YOLOv13-S,False,0.8571428571428572,0.888888888888889,0.031746031746031744,0.6622678049976307,0.7272727272727272,0.719455052466764,0.888888888888889,0.8073205940811616,0.8571428571428572,0.8022604116867058,0.8571428571428572
9999999_00376_d_0000163.jpg,157,YOLOv13-X,YOLOv13-L,False,0.6350364963503649,0.6666666666666666,0.031630170316301776,0.5011273706934544,0.5040650406504066,0.568744778117525,0.5573770491803279,0.659381715496401,0.6666666666666666,0.6638172362652401,0.6350364963503649
9999945_00000_d_0000127.jpg,91,YOLOv13-L,YOLOv13-X,False,0.7619047619047619,0.7934782608695653,0.03157349896480344,0.7665937673073737,0.7567567567567567,0.8154639365918083,0.7650273224043715,0.8643155272920714,0.7619047619047619,0.8592054171269414,0.7934782608695653
9999960_00000_d_0000076.jpg,31,YOLOv13-X,YOLOv13-L,False,0.90625,0.9375,0.03125,0.6193487359761491,0.7536231884057972,0.6836136375531682,0.8253968253968254,0.7651546840353581,0.9375,0.7685319264707846,0.90625
9999953_00000_d_0000126.jpg,33,YOLOv13-X,YOLOv13-L,False,0.9393939393939394,0.9705882352941176,0.031194295900178193,0.6356585482710049,0.8358208955223881,0.6890001933188707,0.8405797101449276,0.7567293925099038,0.9705882352941176,0.7583015218508936,0.9393939393939394
0000344_01177_d_0000299.jpg,60,YOLOv13-X,YOLOv13-L,False,0.6846846846846847,0.7155963302752293,0.0309116455905446,0.7038462999804233,0.5510204081632654,0.765982604268232,0.6391752577319588,0.8219418238475626,0.7155963302752293,0.8320324100687758,0.6846846846846847
9999999_00374_d_0000162.jpg,48,YOLOv13-L,YOLOv13-X,False,0.8514851485148515,0.8823529411764706,0.030867792661619098,0.5952032413850303,0.6597938144329897,0.6493140296598127,0.7572815533980584,0.759450292151577,0.8514851485148515,0.7552523989752994,0.8823529411764706
9999942_00000_d_0000211.jpg,38,YOLOv13-X,YOLOv13-L,False,0.7692307692307692,0.8,0.030769230769230882,0.7794672809266063,0.6666666666666667,0.8396636288223719,0.7200000000000001,0.8791408869619491,0.8,0.8792677672854692,0.7692307692307692
9999951_00000_d_0000250.jpg,33,YOLOv13-L,YOLOv13-X,False,0.7692307692307692,0.7999999999999999,0.03076923076923077,0.7643499449466489,0.6865671641791046,0.8254036131127361,0.696969696969697,0.8764566372674923,0.7692307692307692,0.8693318491427106,0.7999999999999999
9999982_00000_d_0000170.jpg,106,YOLOv13-L,YOLOv13-X,False,0.5256410256410257,0.5562913907284769,0.030650365087451226,0.6355752001905253,0.4133333333333333,0.689010183543449,0.48,0.7280921198873973,0.5256410256410257,0.7240701880911864,0.5562913907284769
9999981_00000_d_0000151.jpg,26,YOLOv13-X,YOLOv13-S,False,0.8421052631578947,0.8727272727272727,0.030622009569377995,0.7060494057315355,0.6551724137931033,0.7491755617549354,0.8727272727272727,0.8035082690446529,0.8421052631578947,0.8126728671187204,0.8421052631578947
9999994_00000_d_0000115.jpg,17,YOLOv13-X,YOLOv13-S,False,0.9696969696969696,1.0,0.030303030303030387,0.6612103717402051,0.8648648648648648,0.7301575358666957,1.0,0.8042793889049871,0.9411764705882352,0.8066141001404759,0.9696969696969696
9999940_00000_d_0000057.jpg,107,YOLOv13-X,YOLOv13-L,False,0.76,0.7902439024390243,0.030243902439024306,0.526972205732622,0.4875621890547263,0.5823815095821997,0.6346153846153846,0.668115670113732,0.7902439024390243,0.6873352298581197,0.76
9999982_00000_d_0000037.jpg,29,YOLOv13-X,YOLOv13-L,False,0.2777777777777778,0.3076923076923077,0.02991452991452992,0.49958872260406456,0.2352941176470588,0.5446113514034074,0.2222222222222222,0.5670532058446383,0.3076923076923077,0.5772013868588588,0.2777777777777778
9999998_00317_d_0000270.jpg,41,YOLOv13-X,YOLOv13-S,False,0.6470588235294118,0.676923076923077,0.029864253393665163,0.6511895018116696,0.6461538461538462,0.698877234401159,0.676923076923077,0.7532999584536185,0.6268656716417911,0.7562286707029473,0.6470588235294118
9999998_00363_d_0000315.jpg,86,YOLOv13-L,YOLOv13-X,False,0.7435897435897435,0.7733333333333334,0.029743589743589927,0.6122075236950187,0.6399999999999999,0.6716178884734146,0.7019867549668873,0.7505105100180121,0.7435897435897435,0.7465470449360115,0.7733333333333334
9999984_00000_d_0000038.jpg,68,YOLOv13-X,YOLOv13-L,False,0.5607476635514018,0.5904761904761905,0.029728526924788667,0.4934944988339319,0.3829787234042553,0.5560579400477014,0.48,0.6338244941344601,0.5904761904761905,0.6409985669519839,0.5607476635514018
9999984_00000_d_0000132.jpg,85,YOLOv13-X,YOLOv13-L,False,0.6074074074074074,0.6370370370370371,0.029629629629629672,0.5008746727459517,0.4461538461538462,0.5555343030382472,0.5294117647058824,0.6342030136757473,0.6370370370370371,0.6354228385077048,0.6074074074074074
0000040_01000_d_0000066.jpg,67,YOLOv13-X,YOLOv13-L,False,0.8531468531468532,0.8827586206896552,0.029611767542801926,0.656502239549551,0.7832167832167832,0.720629335474375,0.8450704225352113,0.788618847758685,0.8827586206896552,0.796118691907832,0.8531468531468532
9999951_00000_d_0000055.jpg,46,YOLOv13-L,YOLOv13-N,False,0.6190476190476191,0.6486486486486486,0.029601029601029505,0.6160258948776827,0.6486486486486486,0.6628533655700948,0.6024096385542168,0.718218198562733,0.6190476190476191,0.7141963183549288,0.6133333333333334
9999999_00472_d_0000211.jpg,67,YOLOv13-X,YOLOv13-S,False,0.5904761904761905,0.62,0.029523809523809508,0.47851933676121,0.4948453608247423,0.5355510422286508,0.62,0.6046105469398181,0.5599999999999999,0.606701805094117,0.5904761904761905
9999984_00000_d_0000020.jpg,27,YOLOv13-L,YOLOv13-X,False,0.4324324324324324,0.4615384615384615,0.029106029106029108,0.29494712665413747,0.2424242424242424,0.38915769247484,0.3157894736842105,0.47117431677488625,0.4324324324324324,0.4555514256852822,0.4615384615384615
9999981_00000_d_0000069.jpg,39,YOLOv13-X,YOLOv13-L,False,0.7857142857142856,0.8148148148148148,0.029100529100529182,0.7065983605696469,0.6896551724137931,0.7290640948045864,0.7560975609756098,0.7978634703288517,0.8148148148148148,0.8062131401058613,0.7857142857142856
9999955_00000_d_0000338.jpg,47,YOLOv13-L,YOLOv13-X,False,0.7804878048780487,0.8095238095238095,0.029036004645760838,0.6578920131752047,0.6352941176470589,0.7283205293712975,0.7142857142857143,0.7776979362281143,0.7804878048780487,0.7743105114286045,0.8095238095238095
9999955_00000_d_0000404.jpg,35,YOLOv13-X,YOLOv13-L,False,0.927536231884058,0.9565217391304348,0.02898550724637683,0.7014386709650703,0.7428571428571429,0.7574067343401246,0.732394366197183,0.8253712229108914,0.9565217391304348,0.8277624855187605,0.927536231884058
0000157_00451_d_0000082.jpg,65,YOLOv13-L,YOLOv13-X,False,0.4086021505376344,0.4375,0.02889784946236562,0.5471784439373538,0.3958333333333333,0.5991133131904116,0.3789473684210526,0.6818219853033428,0.4086021505376344,0.6798985030966102,0.4375
9999984_00000_d_0000021.jpg,24,YOLOv13-L,YOLOv13-X,False,0.761904761904762,0.7906976744186046,0.02879291251384264,0.36829953116392616,0.7142857142857143,0.45730642853632325,0.7142857142857143,0.5271633000032627,0.761904761904762,0.5249702499295881,0.7906976744186046
0000165_01325_d_0000090.jpg,45,YOLOv13-X,YOLOv13-L,False,0.5789473684210527,0.6075949367088608,0.028647568287808123,0.5104091992617021,0.4736842105263158,0.5874638217055683,0.5569620253164557,0.6674692424512707,0.6075949367088608,0.6796402029351507,0.5789473684210527
9999981_00000_d_0000008.jpg,15,YOLOv13-L,YOLOv13-S,False,0.7407407407407408,0.7692307692307692,0.028490028490028352,0.6381654511032381,0.6153846153846153,0.7229861684656852,0.7692307692307692,0.8057095559723857,0.7407407407407408,0.7796973368341745,0.6666666666666666
9999999_00037_d_0000007.jpg,63,YOLOv13-X,YOLOv13-L,False,0.7238095238095238,0.7522935779816514,0.028484054172127626,0.5647121300999217,0.673076923076923,0.6235228727082262,0.7169811320754716,0.6706234115987006,0.7522935779816514,0.6722355744540633,0.7238095238095238
9999966_00000_d_0000038.jpg,65,YOLOv13-X,YOLOv13-L,False,0.6715328467153284,0.7,0.02846715328467153,0.6580105306442592,0.5594405594405595,0.7236502413420818,0.6029411764705882,0.7724960060561059,0.7,0.7880646297835586,0.6715328467153284
0000143_00481_d_0000050.jpg,205,YOLOv13-L,YOLOv13-X,False,0.5337423312883436,0.5621301775147929,0.028387846226449298,0.5528920667114903,0.3916083916083916,0.6037856377301968,0.4873417721518987,0.6582693058778739,0.5337423312883436,0.6566023232514223,0.5621301775147929
9999999_00779_d_0000356.jpg,131,YOLOv13-X,YOLOv13-L,False,0.6190476190476191,0.6473429951690821,0.028295376121463045,0.47085177681874535,0.4693877551020408,0.5459596441217485,0.5471698113207547,0.6107147192698017,0.6473429951690821,0.6233586361031519,0.6190476190476191
0000195_00000_d_0000126.jpg,146,YOLOv13-X,YOLOv13-L,False,0.393939393939394,0.422110552763819,0.028171158824425002,0.38653794682483666,0.2499999999999999,0.44984628135662424,0.3419689119170984,0.5270350179815984,0.422110552763819,0.5409366788222676,0.393939393939394
9999956_00000_d_0000042.jpg,71,YOLOv13-X,YOLOv13-L,False,0.748091603053435,0.7761194029850745,0.028027799931639508,0.5318521107718449,0.4912280701754386,0.5909811034084663,0.688,0.6507697880440217,0.7761194029850745,0.6667191881725393,0.748091603053435
9999951_00000_d_0000104.jpg,43,YOLOv13-L,YOLOv13-X,False,0.891566265060241,0.9195402298850576,0.02797396482481662,0.6497950207711785,0.8181818181818183,0.712148140264796,0.8604651162790697,0.7830373275958964,0.891566265060241,0.7801289439047476,0.9195402298850576
9999998_00002_d_0000001.jpg,85,YOLOv13-L,YOLOv13-X,False,0.6473988439306358,0.6751592356687899,0.027760391738154033,0.5079176248943965,0.4806201550387596,0.5586281892804271,0.5753424657534247,0.6435940836443443,0.6473988439306358,0.6333726543889069,0.6751592356687899
9999955_00000_d_0000236.jpg,158,YOLOv13-X,YOLOv13-L,False,0.5663082437275986,0.5939849624060151,0.02767671867841648,0.4668169781437725,0.4634146341463415,0.5332557443198306,0.4942084942084941,0.6168604033259076,0.5939849624060151,0.6199669161447606,0.5663082437275986
9999966_00000_d_0000134.jpg,147,YOLOv13-X,YOLOv13-L,False,0.6307053941908713,0.6583333333333334,0.027627939142462088,0.5662236096851712,0.5446428571428571,0.6325229347699892,0.543859649122807,0.7005175861157854,0.6583333333333334,0.708064926456269,0.6307053941908713
9999955_00000_d_0000148.jpg,21,YOLOv13-L,YOLOv13-X,False,0.7906976744186046,0.8181818181818182,0.02748414376321362,0.626893689798275,0.7441860465116279,0.6829790532476854,0.7234042553191489,0.7279814212050336,0.7906976744186046,0.7116309793630432,0.8181818181818182
9999999_00807_d_0000369.jpg,112,YOLOv13-X,YOLOv13-L,False,0.4324324324324324,0.4597701149425288,0.027337682510096384,0.3975507964247816,0.3157894736842105,0.460144792817745,0.3658536585365853,0.5543282488707058,0.4597701149425288,0.5621217965721631,0.4324324324324324
0000352_03137_d_0000555.jpg,53,YOLOv13-X,YOLOv13-L,False,0.7368421052631579,0.7640449438202246,0.027202838557066733,0.5776786231831693,0.631578947368421,0.6346717959656678,0.6666666666666667,0.6975538553677817,0.7640449438202246,0.7048240497331387,0.7368421052631579
9999960_00000_d_0000119.jpg,39,YOLOv13-X,YOLOv13-L,False,0.8333333333333333,0.8604651162790696,0.02713178294573637,0.6626320526365955,0.7555555555555555,0.7333480214654714,0.8045977011494253,0.8035274607144182,0.8604651162790696,0.8058532870167522,0.8333333333333333
9999990_00000_d_0000072.jpg,36,YOLOv13-L,YOLOv13-X,False,0.8108108108108109,0.8378378378378377,0.027027027027026862,0.717045894608844,0.6666666666666666,0.7589269652908637,0.7567567567567567,0.8438684072470014,0.8108108108108109,0.8286152461708711,0.8378378378378377
9999955_00000_d_0000118.jpg,20,YOLOv13-X,YOLOv13-L,False,0.9230769230769232,0.95,0.026923076923076716,0.7841082111457194,0.8421052631578948,0.8229808210176394,0.85,0.8773877691650976,0.95,0.8800705963052755,0.9230769230769232
9999937_00000_d_0000081.jpg,66,YOLOv13-L,YOLOv13-X,False,0.3409090909090909,0.367816091954023,0.0269070010449321,0.4193957999625095,0.2222222222222221,0.48512067538874293,0.3294117647058823,0.5792977296943337,0.3409090909090909,0.5710963962901494,0.367816091954023
9999969_00000_d_0000001.jpg,16,YOLOv13-X,YOLOv13-L,False,0.9142857142857144,0.9411764705882352,0.026890756302520802,0.9155805580228984,0.9090909090909092,0.9501664538924686,0.9142857142857144,0.9521018396887265,0.9411764705882352,0.9585693406670438,0.9142857142857144
9999948_00000_d_0000038.jpg,57,YOLOv13-X,YOLOv13-L,False,0.6078431372549019,0.6346153846153846,0.02677224736048267,0.5952108555630052,0.5918367346938775,0.6616004653711522,0.5858585858585859,0.7342798872519303,0.6346153846153846,0.7488620852711375,0.6078431372549019
9999960_00000_d_0000166.jpg,93,YOLOv13-X,YOLOv13-L,False,0.7218934911242604,0.7485380116959064,0.026644520571646013,0.4968924317783699,0.6627906976744186,0.5642326889441898,0.6666666666666665,0.6404433607783511,0.7485380116959064,0.6531249884382367,0.7218934911242604
9999960_00000_d_0000162.jpg,34,YOLOv13-X,YOLOv13-S,False,0.8307692307692308,0.8571428571428571,0.02637362637362628,0.7074365556607088,0.7796610169491526,0.7434110904831789,0.8571428571428571,0.7601454333110412,0.84375,0.768833468632943,0.8307692307692308
9999965_00000_d_0000049.jpg,32,YOLOv13-X,YOLOv13-L,False,0.8307692307692308,0.8571428571428571,0.02637362637362628,0.7119683058499491,0.8059701492537314,0.7445668799002533,0.78125,0.8182902793200392,0.8571428571428571,0.8237190525559935,0.8307692307692308
9999998_00226_d_0000182.jpg,37,YOLOv13-L,YOLOv13-X,False,0.7894736842105263,0.8157894736842105,0.02631578947368418,0.5820088098674386,0.65625,0.6523954416123465,0.7123287671232876,0.7153504418600897,0.7894736842105263,0.7045429692939082,0.8157894736842105
9999937_00000_d_0000069.jpg,13,YOLOv13-X,YOLOv13-L,False,0.5,0.5263157894736842,0.02631578947368418,0.5890554868190954,0.4444444444444444,0.6211532857751199,0.4444444444444444,0.6397094913030765,0.5263157894736842,0.6801415342058268,0.5
9999982_00000_d_0000219.jpg,69,YOLOv13-X,YOLOv13-L,False,0.5294117647058824,0.5555555555555555,0.02614379084967311,0.5141098235528914,0.3298969072164948,0.568530174174151,0.4848484848484848,0.6224794172314194,0.5555555555555555,0.6420182213707804,0.5294117647058824
9999969_00000_d_0000064.jpg,27,YOLOv13-X,YOLOv13-L,False,0.7936507936507936,0.819672131147541,0.0260213374967474,0.5379520343678008,0.6923076923076923,0.591700900891885,0.7796610169491525,0.673970583448668,0.819672131147541,0.6805035633232615,0.7936507936507936
9999994_00000_d_0000051.jpg,84,YOLOv13-X,YOLOv13-L,False,0.512,0.5378151260504201,0.025815126050420134,0.40414941817027367,0.4035087719298246,0.4753308453303663,0.3893805309734514,0.5610213678518337,0.5378151260504201,0.5733018985181015,0.512
9999985_00000_d_0000009.jpg,23,YOLOv13-L,YOLOv13-X,False,0.8444444444444444,0.8695652173913043,0.02512077294685988,0.6126829573303839,0.6511627906976744,0.6612569649605133,0.6511627906976744,0.7475572521748642,0.8444444444444444,0.7400651163803925,0.8695652173913043
9999937_00000_d_0000023.jpg,59,YOLOv13-L,YOLOv13-X,False,0.8437499999999999,0.8688524590163935,0.02510245901639363,0.6350322194636808,0.7218045112781954,0.6829957621733417,0.8062015503875969,0.7616527572807102,0.8437499999999999,0.7611615817307351,0.8688524590163935
9999951_00000_d_0000121.jpg,42,YOLOv13-L,YOLOv13-X,False,0.9,0.925,0.025000000000000022,0.8723797423443382,0.8311688311688312,0.8836831600869991,0.8717948717948718,0.9136868886880599,0.9,0.9054626975787022,0.925
9999943_00000_d_0000092.jpg,21,YOLOv13-X,YOLOv13-L,False,0.8085106382978723,0.8333333333333334,0.024822695035461084,0.6926899761146584,0.7346938775510204,0.7282190900705817,0.7083333333333334,0.8097197694642893,0.8333333333333334,0.8202613356625946,0.8085106382978723
9999956_00000_d_0000029.jpg,25,YOLOv13-X,YOLOv13-L,False,0.8085106382978724,0.8333333333333333,0.024822695035460862,0.5771785313795633,0.72,0.6344996157242688,0.7499999999999999,0.701313817910682,0.8333333333333333,0.7086505120699021,0.8085106382978724
9999955_00000_d_0000327.jpg,66,YOLOv13-X,YOLOv13-L,False,0.6538461538461537,0.6785714285714286,0.02472527472527486,0.5792031396567627,0.5663716814159292,0.6416923395610346,0.6181818181818182,0.7143391398658808,0.6785714285714286,0.7192817051650124,0.6538461538461537
9999955_00000_d_0000055.jpg,69,YOLOv13-X,YOLOv13-L,False,0.6521739130434783,0.6766917293233083,0.024517816279830074,0.6043190354606545,0.5937500000000001,0.6660010916347326,0.5757575757575758,0.7207639717023192,0.6766917293233083,0.736295422599013,0.6521739130434783
9999955_00000_d_0000122.jpg,27,YOLOv13-L,YOLOv13-X,False,0.7755102040816326,0.7999999999999999,0.024489795918367308,0.7451951311532278,0.6222222222222222,0.7824390142315303,0.6538461538461539,0.8411121269225074,0.7755102040816326,0.8202351528030997,0.7999999999999999
9999948_00000_d_0000031.jpg,18,YOLOv13-L,YOLOv13-N,False,0.8947368421052632,0.918918918918919,0.024182076813655806,0.8162980743759883,0.918918918918919,0.8458895544438136,0.8292682926829269,0.8739794848300172,0.8947368421052632,0.8660488744590077,0.8292682926829269
9999984_00000_d_0000141.jpg,63,YOLOv13-X,YOLOv13-L,False,0.6055045871559633,0.6296296296296297,0.024125042473666314,0.4744576456632972,0.3749999999999999,0.5520489066235695,0.5098039215686274,0.6311496845171484,0.6296296296296297,0.639967053291097,0.6055045871559633
9999965_00000_d_0000063.jpg,40,YOLOv13-L,YOLOv13-X,False,0.9156626506024096,0.9397590361445785,0.024096385542168863,0.85946634755331,0.9268292682926828,0.8821169806746926,0.9382716049382716,0.9071746813055335,0.9156626506024096,0.8964944601865266,0.9397590361445785
9999965_00000_d_0000031.jpg,68,YOLOv13-L,YOLOv13-X,False,0.8307692307692308,0.8548387096774193,0.024069478908188446,0.7619915020699609,0.6984126984126984,0.8198289420332828,0.7611940298507464,0.8588201451764075,0.8307692307692308,0.8441213837137653,0.8548387096774193
9999937_00000_d_0000066.jpg,18,YOLOv13-X,YOLOv13-S,False,0.6428571428571429,0.6666666666666666,0.023809523809523725,0.7272431146485548,0.5384615384615385,0.7483235956024207,0.6666666666666666,0.799763863796545,0.5925925925925926,0.8115546205307348,0.6428571428571429
9999966_00000_d_0000039.jpg,37,YOLOv13-L,YOLOv13-X,False,0.9113924050632912,0.935064935064935,0.02367253000164382,0.9051788524954454,0.9041095890410958,0.9206313898603401,0.918918918918919,0.9365891495976622,0.9113924050632912,0.9349318063676267,0.935064935064935
9999951_00000_d_0000043.jpg,35,YOLOv13-X,YOLOv13-L,False,0.8,0.823529411764706,0.02352941176470591,0.6905483157208652,0.576271186440678,0.7384420415227473,0.7384615384615385,0.8154083317208728,0.823529411764706,0.8167684174137031,0.8
0000309_02201_d_0000344.jpg,107,YOLOv13-L,YOLOv13-X,False,0.7659574468085105,0.7894736842105263,0.023516237402015805,0.6233587496088507,0.627906976744186,0.6875839003945321,0.6631016042780749,0.7305233619503533,0.7659574468085105,0.7257493833717915,0.7894736842105263
0000323_02401_d_0000644.jpg,88,YOLOv13-X,YOLOv13-L,False,0.7692307692307693,0.7926829268292682,0.023452157598498946,0.5080225182964531,0.5526315789473685,0.5634346770593275,0.6624203821656051,0.6385501861668125,0.7926829268292682,0.6505210588877297,0.7692307692307693
0000228_00001_d_0000001.jpg,87,YOLOv13-X,YOLOv13-L,False,0.3697478991596639,0.3931623931623932,0.023414494002729325,0.4320058367078514,0.3478260869565217,0.5072649317498099,0.3392857142857143,0.5594665671807564,0.3931623931623932,0.5836472520435552,0.3697478991596639
9999943_00000_d_0000033.jpg,45,YOLOv13-X,YOLOv13-L,False,0.8139534883720929,0.8372093023255814,0.023255813953488524,0.4316074582597402,0.7000000000000001,0.5125341266953595,0.7294117647058822,0.5933821106058665,0.8372093023255814,0.600097012280573,0.8139534883720929
0000329_03601_d_0000783.jpg,41,YOLOv13-L,YOLOv13-X,False,0.9647058823529412,0.9879518072289156,0.023245924875974433,0.6825117503827302,0.8139534883720929,0.7394005490703808,0.8674698795180722,0.8077198692142842,0.9647058823529412,0.8023864693521318,0.9879518072289156
9999998_00067_d_0000052.jpg,192,YOLOv13-X,YOLOv13-L,False,0.4383561643835616,0.4615384615384615,0.02318229715489989,0.5909531283669939,0.3929824561403509,0.6458138683589042,0.4027303754266211,0.6911175801929178,0.4615384615384615,0.7018114374504246,0.4383561643835616
0000331_03201_d_0000857.jpg,102,YOLOv13-L,YOLOv13-X,False,0.7853403141361257,0.8085106382978724,0.02317032416174669,0.5847665257538106,0.6292134831460675,0.6541164662655187,0.7351351351351351,0.7259512342364237,0.7853403141361257,0.7212722193116021,0.8085106382978724
9999969_00000_d_0000020.jpg,45,YOLOv13-X,YOLOv13-L,False,0.9230769230769232,0.946236559139785,0.023159636062861755,0.7166772028724026,0.8222222222222222,0.7812488226627069,0.851063829787234,0.8392972427682246,0.946236559139785,0.8423235689891402,0.9230769230769232
9999945_00000_d_0000105.jpg,151,YOLOv13-X,YOLOv13-L,False,0.4265402843601896,0.4495412844036697,0.023001000043480102,0.4959382916590282,0.2872340425531914,0.552483107136037,0.371859296482412,0.6408397231455045,0.4495412844036697,0.650163302118442,0.4265402843601896
0000182_02053_d_0000041.jpg,59,YOLOv13-X,YOLOv13-S,False,0.5057471264367817,0.5287356321839081,0.02298850574712641,0.4977210055497472,0.4597701149425287,0.5567387105328667,0.5287356321839081,0.6314495442757283,0.4719101123595506,0.6426692344003986,0.5057471264367817
9999955_00000_d_0000264.jpg,12,YOLOv13-X,YOLOv13-L,False,0.8571428571428571,0.8799999999999999,0.022857142857142798,0.4115780133859979,0.7692307692307692,0.5065224019712687,0.7857142857142857,0.6015981890015698,0.8799999999999999,0.612327299653648,0.8571428571428571
9999951_00000_d_0000216.jpg,18,YOLOv13-X,YOLOv13-L,False,0.4888888888888889,0.5116279069767442,0.022739018087855334,0.4806881057057288,0.4864864864864865,0.5437375624652675,0.4782608695652174,0.6273458262926179,0.5116279069767442,0.6293446470835132,0.4888888888888889
9999999_00285_d_0000125.jpg,139,YOLOv13-L,YOLOv13-X,False,0.5236051502145923,0.5462555066079295,0.022650356393337234,0.5102781743505758,0.4134615384615385,0.5736376920385989,0.5116279069767443,0.6581764474432757,0.5236051502145923,0.6518725341747486,0.5462555066079295
0000181_02410_d_0000034.jpg,27,YOLOv13-X,YOLOv13-L,False,0.823529411764706,0.8461538461538461,0.02262443438914019,0.4992394049215952,0.6938775510204083,0.5764543036594473,0.7692307692307692,0.6416384180589976,0.8461538461538461,0.65324379100075,0.823529411764706
9999955_00000_d_0000422.jpg,121,YOLOv13-L,YOLOv13-X,False,0.761467889908257,0.7837837837837839,0.022315893875526904,0.3720959037804856,0.6027397260273972,0.49038342445457545,0.7345132743362831,0.5870554268420742,0.761467889908257,0.5666927508468943,0.7837837837837839
9999999_00715_d_0000325.jpg,22,YOLOv13-L,YOLOv13-X,False,0.9777777777777776,1.0,0.022222222222222365,0.845167334307856,0.9047619047619048,0.8697221114066537,0.9361702127659576,0.9100907285549,0.9777777777777776,0.9093717496410684,1.0
9999953_00000_d_0000233.jpg,8,YOLOv13-X,YOLOv13-N,False,0.7777777777777777,0.7999999999999999,0.022222222222222254,0.827908831216849,0.7999999999999999,0.8661039837138301,0.7058823529411765,0.9048766672984525,0.75,0.9063110875607898,0.7777777777777777
9999937_00000_d_0000031.jpg,21,YOLOv13-X,YOLOv13-L,False,0.7,0.7222222222222222,0.022222222222222254,0.5636701873693192,0.3636363636363636,0.6622415313808199,0.5714285714285714,0.739387786337801,0.7222222222222222,0.7428544489431517,0.7
9999953_00000_d_0000018.jpg,11,YOLOv13-L,YOLOv13-X,False,0.7777777777777778,0.7999999999999999,0.022222222222222143,0.7733966229851758,0.6666666666666665,0.8068458756739043,0.631578947368421,0.8625908986686676,0.7777777777777778,0.8453262131647536,0.7999999999999999
9999937_00000_d_0000008.jpg,158,YOLOv13-L,YOLOv13-X,False,0.2536585365853658,0.2758620689655172,0.02220353238015138,0.40717952818518266,0.1578947368421052,0.4693156539755249,0.2058823529411764,0.5917049307352042,0.2536585365853658,0.5886129599800576,0.2758620689655172
9999942_00000_d_0000171.jpg,38,YOLOv13-L,YOLOv13-X,False,0.7605633802816901,0.782608695652174,0.02204531537048382,0.7087514624576216,0.5483870967741936,0.7502998383992312,0.6333333333333333,0.8033875614924629,0.7605633802816901,0.7982753401078923,0.782608695652174
0000270_02601_d_0000366.jpg,90,YOLOv13-X,YOLOv13-L,False,0.5797101449275363,0.6013986013986015,0.02168845647106521,0.6192734509753126,0.5,0.6740238655710554,0.5072463768115942,0.7296391463576538,0.6013986013986015,0.7296877880015689,0.5797101449275363
9999955_00000_d_0000277.jpg,19,YOLOv13-X,YOLOv13-L,False,0.7058823529411765,0.7272727272727273,0.021390374331550777,0.47815148592283807,0.4848484848484848,0.5512573563946328,0.6285714285714286,0.6246668220170537,0.7272727272727273,0.6308159649519447,0.7058823529411765
9999969_00000_d_0000024.jpg,36,YOLOv13-L,YOLOv13-X,False,0.7567567567567567,0.7777777777777778,0.021021021021021102,0.5510093170950312,0.6666666666666666,0.6296391162428023,0.7272727272727273,0.7523118443316272,0.7567567567567567,0.7453750116374622,0.7777777777777778
0000197_02416_d_0000152.jpg,209,YOLOv13-X,YOLOv13-L,False,0.3233082706766917,0.3443223443223443,0.02101407364565261,0.375629326980074,0.2222222222222222,0.46194650719108127,0.2421874999999999,0.5247300711709737,0.3443223443223443,0.542601096105294,0.3233082706766917
9999955_00000_d_0000071.jpg,38,YOLOv13-L,YOLOv13-S,False,0.6,0.6206896551724138,0.020689655172413834,0.4814105333441053,0.32,0.5727111285336874,0.6206896551724138,0.6127924199962702,0.6,0.6121103727873384,0.5454545454545454
0000196_03072_d_0000141.jpg,217,YOLOv13-X,YOLOv13-L,False,0.3392226148409894,0.3598615916955017,0.02063897685451227,0.42664046128590544,0.2330827067669173,0.4988871716276065,0.3169014084507042,0.5677651735213473,0.3598615916955017,0.5702718808130431,0.3392226148409894
0000261_03701_d_0000133.jpg,21,YOLOv13-L,YOLOv13-X,False,0.888888888888889,0.909090909090909,0.02020202020202,0.7094097864302805,0.6315789473684211,0.7796692717826388,0.8205128205128205,0.8511333796377273,0.888888888888889,0.8493138068922845,0.909090909090909
9999982_00000_d_0000028.jpg,21,YOLOv13-L,YOLOv13-X,False,0.6857142857142857,0.7058823529411765,0.020168067226890796,0.44076642799222443,0.4324324324324324,0.49445503775717997,0.611111111111111,0.5904995792674138,0.6857142857142857,0.5779822521851657,0.7058823529411765
9999972_00000_d_0000042.jpg,30,YOLOv13-L,YOLOv13-X,False,0.8727272727272728,0.8928571428571429,0.02012987012987011,0.6238424325771471,0.7636363636363636,0.6776768830020707,0.847457627118644,0.7543275092864706,0.8727272727272728,0.7353833066391429,0.8928571428571429
9999937_00000_d_0000149.jpg,30,YOLOv13-X,YOLOv13-L,False,0.8571428571428571,0.8771929824561403,0.020050125313283207,0.5397643536934468,0.75,0.6075661077183353,0.7407407407407408,0.7048744594118047,0.8771929824561403,0.7151395377442672,0.8571428571428571
9999945_00000_d_0000145.jpg,19,YOLOv13-L,YOLOv13-X,False,0.6896551724137931,0.7096774193548387,0.020022246941045596,0.6148479822093376,0.5925925925925926,0.674103592112423,0.6,0.7337019339629026,0.6896551724137931,0.7085818671503022,0.7096774193548387
9999937_00000_d_0000044.jpg,32,YOLOv13-X,YOLOv13-L,False,0.4800000000000001,0.5000000000000001,0.020000000000000018,0.5117882746311894,0.3555555555555555,0.5868205248668202,0.4347826086956521,0.7093653802066484,0.5000000000000001,0.7111477318958913,0.4800000000000001
9999969_00000_d_0000048.jpg,48,YOLOv13-L,YOLOv13-X,False,0.5411764705882353,0.5609756097560975,0.019799139167862245,0.5688223661189007,0.4533333333333333,0.6268653714387817,0.5194805194805195,0.7186203310152091,0.5411764705882353,0.7129791874309919,0.5609756097560975
9999937_00000_d_0000039.jpg,37,YOLOv13-X,YOLOv13-L,False,0.5517241379310345,0.5714285714285714,0.019704433497536922,0.4220053431905156,0.3018867924528302,0.4700254906936427,0.3571428571428571,0.5229786879300747,0.5714285714285714,0.5449070912906319,0.5517241379310345
9999945_00000_d_0000155.jpg,21,YOLOv13-L,YOLOv13-S,False,0.6470588235294118,0.6666666666666667,0.019607843137254943,0.5828348263741766,0.611111111111111,0.6586102179418574,0.6666666666666667,0.7276986721411874,0.6470588235294118,0.7134706223467624,0.6470588235294118
9999981_00000_d_0000119.jpg,18,YOLOv13-X,YOLOv13-L,False,0.6470588235294118,0.6666666666666666,0.019607843137254832,0.3800078005054683,0.5384615384615385,0.465207387579511,0.5714285714285714,0.5458096827057058,0.6666666666666666,0.5523635553535424,0.6470588235294118
9999998_00371_d_0000323.jpg,45,YOLOv13-X,YOLOv13-L,False,0.851063829787234,0.8705882352941177,0.019524405506883613,0.6885005745858249,0.7317073170731707,0.7500444031856185,0.735632183908046,0.8111054531280365,0.8705882352941177,0.8188452577166951,0.851063829787234
9999942_00000_d_0000095.jpg,22,YOLOv13-L,YOLOv13-N,False,0.9166666666666666,0.9361702127659576,0.019503546099290947,0.9308402261252158,0.9361702127659576,0.9369783442281688,0.9361702127659576,0.9441110754465447,0.9166666666666666,0.9391723346506361,0.9166666666666666
9999966_00000_d_0000059.jpg,75,YOLOv13-X,YOLOv13-L,False,0.5840707964601771,0.603448275862069,0.01937747940189183,0.5569353548608694,0.5272727272727272,0.6216589066952796,0.5272727272727272,0.698654647424773,0.603448275862069,0.7079128174736472,0.5840707964601771
0000261_04901_d_0000137.jpg,22,YOLOv13-X,YOLOv13-L,False,0.7499999999999999,0.7692307692307693,0.019230769230769384,0.5471904294438416,0.6153846153846153,0.5903569461565038,0.717948717948718,0.6825887032535334,0.7692307692307693,0.6866680527138602,0.7499999999999999
9999937_00000_d_0000167.jpg,35,YOLOv13-L,YOLOv13-X,False,0.4705882352941175,0.4897959183673469,0.019207683073229453,0.5300046849905738,0.3461538461538461,0.6323676722596533,0.44,0.7062838417877142,0.4705882352941175,0.6963879741912348,0.4897959183673469
9999955_00000_d_0000052.jpg,40,YOLOv13-L,YOLOv13-X,False,0.6666666666666666,0.6857142857142857,0.01904761904761909,0.619509752180211,0.4827586206896551,0.6619323779482591,0.6229508196721311,0.7465152791820988,0.6666666666666666,0.7345655195683053,0.6857142857142857
9999999_00153_d_0000061.jpg,52,YOLOv13-L,YOLOv13-X,False,0.6,0.6190476190476191,0.01904761904761909,0.58832597579254,0.4102564102564103,0.6474368818382567,0.5185185185185185,0.7569138477672072,0.6,0.7430448176141574,0.6190476190476191
0000309_03801_d_0000352.jpg,67,YOLOv13-L,YOLOv13-X,False,0.7540983606557378,0.773109243697479,0.019010883041741256,0.616126784546844,0.6371681415929203,0.6735424133832048,0.706896551724138,0.7244549251830269,0.7540983606557378,0.7181327692782986,0.773109243697479
9999982_00000_d_0000014.jpg,23,YOLOv13-L,YOLOv13-X,False,0.717948717948718,0.7368421052631579,0.018893387314439902,0.6037493886727519,0.55,0.6444278454484605,0.5945945945945946,0.7074849601423475,0.717948717948718,0.6996717919712158,0.7368421052631579
9999999_00219_d_0000092.jpg,62,YOLOv13-L,YOLOv13-X,False,0.768,0.7868852459016393,0.018885245901639314,0.6113826828805934,0.5982905982905983,0.6703905067907913,0.6607142857142857,0.7534130431704317,0.768,0.7513845288739921,0.7868852459016393
9999999_00243_d_0000104.jpg,89,YOLOv13-L,YOLOv13-X,False,0.593939393939394,0.6127167630057804,0.018777369066386385,0.4122374995172153,0.4551724137931034,0.49014715073483767,0.567741935483871,0.578523575806104,0.593939393939394,0.5778885623916721,0.6127167630057804
9999977_00000_d_0000016.jpg,42,YOLOv13-X,YOLOv13-L,False,0.6176470588235294,0.6363636363636364,0.018716577540106916,0.6063282923753295,0.5573770491803278,0.6514436124739772,0.5483870967741935,0.7150197796573647,0.6363636363636364,0.7166971608715537,0.6176470588235294
9999960_00000_d_0000167.jpg,90,YOLOv13-X,YOLOv13-L,False,0.7228915662650601,0.7415730337078651,0.018681467442804967,0.5489955932705545,0.5777777777777777,0.603703289819347,0.6739130434782609,0.6864649005894327,0.7415730337078651,0.6921732381607818,0.7228915662650601
9999965_00000_d_0000069.jpg,13,YOLOv13-X,YOLOv13-N,False,0.8148148148148148,0.8333333333333333,0.01851851851851849,0.7708937864947929,0.8333333333333333,0.8057403415552561,0.7826086956521738,0.8544449681810489,0.7826086956521738,0.8546060215820555,0.8148148148148148
0000226_04291_d_0000016.jpg,72,YOLOv13-L,YOLOv13-X,False,0.5504587155963303,0.5688073394495412,0.0183486238532109,0.6201173241852289,0.4107142857142856,0.6830858034405431,0.4587155963302752,0.7558651070828213,0.5504587155963303,0.7452348564300424,0.5688073394495412
9999977_00000_d_0000025.jpg,36,YOLOv13-X,YOLOv13-L,False,0.8125000000000001,0.8307692307692308,0.018269230769230704,0.5907858419502339,0.7118644067796611,0.6198466697166908,0.7540983606557377,0.6428817788747033,0.8307692307692308,0.6613244590489371,0.8125000000000001
9999953_00000_d_0000167.jpg,13,YOLOv13-L,YOLOv13-N,False,0.8000000000000002,0.8181818181818181,0.018181818181817966,0.6079416739606334,0.8181818181818181,0.6558354005849701,0.6666666666666667,0.7305757072406998,0.8000000000000002,0.7158479128934089,0.7407407407407408
9999998_00187_d_0000150.jpg,39,YOLOv13-L,YOLOv13-X,False,0.7142857142857142,0.7323943661971831,0.01810865191146893,0.5293955525848829,0.5714285714285714,0.5925750439474239,0.6268656716417911,0.661247058343438,0.7142857142857142,0.6526659080216652,0.7323943661971831
9999964_00000_d_0000073.jpg,87,YOLOv13-X,YOLOv13-L,False,0.9176470588235294,0.935672514619883,0.018025455796353618,0.7884931729400785,0.7976878612716762,0.83445183086275,0.8757396449704142,0.8661119955630527,0.935672514619883,0.8666997073452303,0.9176470588235294
9999981_00000_d_0000099.jpg,64,YOLOv13-X,YOLOv13-L,False,0.7248322147651006,0.742857142857143,0.01802492809204237,0.4359201691781586,0.5196850393700788,0.5090992072977201,0.5547445255474454,0.5922346802202403,0.742857142857143,0.5945360364941948,0.7248322147651006
0000313_05001_d_0000461.jpg,20,YOLOv13-L,YOLOv13-X,False,0.7,0.717948717948718,0.017948717948717996,0.8306511463907503,0.6666666666666667,0.8556003753226586,0.6666666666666666,0.8989657566027727,0.7,0.8883724609180558,0.717948717948718
0000071_07913_d_0000013.jpg,21,YOLOv13-X,YOLOv13-L,False,0.8571428571428571,0.8750000000000001,0.017857142857143016,0.6765355149811305,0.7843137254901961,0.7388161212837084,0.7307692307692307,0.8162231366077313,0.8750000000000001,0.8178254122428985,0.8571428571428571
0000342_04509_d_0000265.jpg,32,YOLOv13-L,YOLOv13-X,False,0.8571428571428571,0.875,0.017857142857142905,0.7611768251613658,0.7692307692307692,0.818221442971092,0.8125,0.8676194129613729,0.8571428571428571,0.864544215404562,0.875
9999998_00344_d_0000296.jpg,18,YOLOv13-X,YOLOv13-L,False,0.7096774193548387,0.7272727272727272,0.017595307917888436,0.7574862959951958,0.5384615384615385,0.76830143041482,0.6451612903225806,0.8376803123703543,0.7272727272727272,0.8506366411947538,0.7096774193548387
9999960_00000_d_0000024.jpg,27,YOLOv13-X,YOLOv13-L,False,0.9642857142857144,0.9818181818181818,0.0175324675324674,0.896603494335817,0.9473684210526316,0.9146150281324232,0.9642857142857144,0.9323301467017918,0.9818181818181818,0.9355709832180678,0.9642857142857144
9999999_00390_d_0000170.jpg,169,YOLOv13-L,YOLOv13-X,False,0.4824902723735408,0.5,0.017509727626459193,0.4460890549035978,0.2991452991452991,0.5163367969625285,0.3583333333333333,0.5987802578757531,0.4824902723735408,0.5931880257481121,0.5
9999974_00000_d_0000029.jpg,74,YOLOv13-L,YOLOv13-X,False,0.7857142857142858,0.8031496062992127,0.017435320584926917,0.6628442683498572,0.6666666666666667,0.7204983832732129,0.7313432835820896,0.793091825234245,0.7857142857142858,0.7836866886109128,0.8031496062992127
9999942_00000_d_0000039.jpg,31,YOLOv13-L,YOLOv13-S,False,0.8888888888888888,0.90625,0.01736111111111116,0.6947567255177403,0.6875,0.7442672818435334,0.90625,0.8221986778182784,0.8888888888888888,0.8206643437891467,0.90625
9999951_00000_d_0000268.jpg,33,YOLOv13-L,YOLOv13-X,False,0.8615384615384615,0.8787878787878788,0.01724941724941731,0.8153694115931204,0.819672131147541,0.8474298347052812,0.875,0.8989481818272894,0.8615384615384615,0.8831717182865333,0.8787878787878788
0000363_00981_d_0000788.jpg,111,YOLOv13-L,YOLOv13-X,False,0.6363636363636365,0.6534653465346535,0.017101710171017026,0.555642957469754,0.425287356321839,0.6278704208382416,0.4725274725274725,0.7556273167437094,0.6363636363636365,0.7517587290446858,0.6534653465346535
9999950_00000_d_0000012.jpg,71,YOLOv13-X,YOLOv13-S,False,0.547008547008547,0.5641025641025642,0.017094017094017255,0.41724253736778416,0.5046728971962617,0.4884646394396623,0.5641025641025642,0.5736287499495447,0.5254237288135594,0.5779129393454334,0.547008547008547
9999972_00000_d_0000158.jpg,22,YOLOv13-X,YOLOv13-L,False,0.631578947368421,0.6486486486486486,0.017069701280227556,0.4664624166232737,0.4705882352941177,0.5234480484359624,0.5555555555555556,0.6033722607667286,0.6486486486486486,0.6041781097268268,0.631578947368421
9999962_00000_d_0000054.jpg,28,YOLOv13-L,YOLOv13-X,False,0.9473684210526316,0.9642857142857144,0.016917293233082775,0.7275999836912219,0.9285714285714286,0.7731596432419292,0.9285714285714286,0.8297067098744275,0.9473684210526316,0.811226189987897,0.9642857142857144
9999937_00000_d_0000180.jpg,62,YOLOv13-L,YOLOv13-X,False,0.3376623376623376,0.3544303797468354,0.01676804208449778,0.613007196117469,0.3157894736842105,0.6716688917183047,0.3291139240506329,0.7267606752578567,0.3376623376623376,0.7117722545498227,0.3544303797468354
9999951_00000_d_0000156.jpg,59,YOLOv13-X,YOLOv13-L,False,0.7241379310344828,0.7407407407407407,0.016602809706257937,0.47986929181266613,0.594059405940594,0.5502525828464994,0.6666666666666665,0.6265627237531287,0.7407407407407407,0.6296093349352662,0.7241379310344828
9999998_00244_d_0000198.jpg,28,YOLOv13-L,YOLOv13-X,False,0.8235294117647057,0.84,0.016470588235294237,0.6037912513291128,0.6415094339622641,0.6425085517672247,0.6792452830188679,0.7292193454223419,0.8235294117647057,0.7151047632833685,0.84
9999977_00000_d_0000045.jpg,50,YOLOv13-L,YOLOv13-X,False,0.6329113924050632,0.6493506493506493,0.016439256945586123,0.5763429046751746,0.5066666666666666,0.6442207232323189,0.6301369863013699,0.7436927413928885,0.6329113924050632,0.732442377635548,0.6493506493506493
9999994_00000_d_0000077.jpg,93,YOLOv13-L,YOLOv13-X,False,0.573529411764706,0.5899280575539568,0.016398645789250876,0.6233302882099923,0.4812030075187971,0.6689327498426633,0.5373134328358209,0.7284363521488773,0.573529411764706,0.722206465260713,0.5899280575539568
9999956_00000_d_0000078.jpg,40,YOLOv13-L,YOLOv13-X,False,0.8055555555555555,0.821917808219178,0.016362252663622567,0.6531184875433241,0.7466666666666666,0.7042086699461425,0.7671232876712328,0.7538888490251744,0.8055555555555555,0.745898743298075,0.821917808219178
9999969_00000_d_0000004.jpg,42,YOLOv13-X,YOLOv13-S,False,0.8192771084337348,0.8354430379746834,0.016165929540948643,0.7285860513189029,0.810126582278481,0.7752036334857053,0.8354430379746834,0.8387191718460962,0.8235294117647058,0.8530690518664892,0.8192771084337348
9999998_00412_d_0000364.jpg,27,YOLOv13-L,YOLOv13-X,False,0.8727272727272727,0.8888888888888888,0.016161616161616155,0.7798247550940512,0.7796610169491525,0.839996629336642,0.8571428571428572,0.8962660772516151,0.8727272727272727,0.8921307766803613,0.8888888888888888
9999940_00000_d_0000010.jpg,77,YOLOv13-X,YOLOv13-L,False,0.8163265306122449,0.8322147651006712,0.015888234488426245,0.6132194302965435,0.7248322147651006,0.6629254905184341,0.7894736842105264,0.7345415049255294,0.8322147651006712,0.7475305416352227,0.8163265306122449
9999998_00311_d_0000264.jpg,45,YOLOv13-L,YOLOv13-X,False,0.5555555555555555,0.5714285714285714,0.015873015873015928,0.5355372391114251,0.463768115942029,0.5703825508199,0.48,0.65056736319077,0.5555555555555555,0.6451063952515331,0.5714285714285714
9999960_00000_d_0000161.jpg,41,YOLOv13-X,YOLOv13-L,False,0.6842105263157895,0.7000000000000001,0.015789473684210575,0.4719949801520212,0.54320987654321,0.535403967879201,0.5945945945945946,0.6093089235100941,0.7000000000000001,0.6223000164075734,0.6842105263157895
9999982_00000_d_0000024.jpg,15,YOLOv13-L,YOLOv13-X,False,0.3,0.3157894736842105,0.01578947368421052,0.4895126355911402,0.2352941176470588,0.6068494776042923,0.2105263157894737,0.6450616284731576,0.3,0.6324126363409985,0.3157894736842105
9999955_00000_d_0000234.jpg,54,YOLOv13-X,YOLOv13-L,False,0.7999999999999999,0.8155339805825242,0.01553398058252431,0.5585996398086632,0.7272727272727273,0.6337505319645933,0.7572815533980582,0.6980899470752758,0.8155339805825242,0.7211841389203374,0.7999999999999999
9999981_00000_d_0000020.jpg,35,YOLOv13-X,YOLOv13-L,False,0.7714285714285715,0.7868852459016394,0.015456674473067977,0.485161122383038,0.5964912280701754,0.5683477441298406,0.7076923076923077,0.6275552717579792,0.7868852459016394,0.6334608852138915,0.7714285714285715
9999940_00000_d_0000053.jpg,97,YOLOv13-L,YOLOv13-X,False,0.5241379310344828,0.5394736842105263,0.01533575317604352,0.5560624939891181,0.3206106870229007,0.60859124288608,0.4722222222222221,0.710301415024142,0.5241379310344828,0.7080356109571979,0.5394736842105263
0000141_00651_d_0000011.jpg,176,YOLOv13-L,YOLOv13-X,False,0.6378737541528239,0.6531986531986533,0.015324899045829454,0.5216581923820268,0.4982698961937716,0.5808448569954135,0.5653710247349824,0.6623856309992939,0.6378737541528239,0.6599047836627728,0.6531986531986533
9999962_00000_d_0000079.jpg,41,YOLOv13-L,YOLOv13-X,False,0.902439024390244,0.9176470588235294,0.015208034433285333,0.8386932195671547,0.810126582278481,0.8685651371529205,0.8139534883720929,0.9067704972560573,0.902439024390244,0.9019321334415671,0.9176470588235294
9999942_00000_d_0000035.jpg,29,YOLOv13-L,YOLOv13-X,False,0.8813559322033899,0.896551724137931,0.015195791934541125,0.736447050586823,0.7741935483870968,0.7885447332534394,0.8196721311475409,0.8471709213955138,0.8813559322033899,0.836071793924445,0.896551724137931
9999972_00000_d_0000027.jpg,26,YOLOv13-X,YOLOv13-L,False,0.7083333333333333,0.7234042553191489,0.01507092198581561,0.5282879622986945,0.5416666666666667,0.5925611449163777,0.5333333333333333,0.6899830249548128,0.7234042553191489,0.6974984208739499,0.7083333333333333
0000223_00836_d_0000003.jpg,110,YOLOv13-X,YOLOv13-L,False,0.6333333333333333,0.6483516483516484,0.015018315018315076,0.49225748999831387,0.4691358024691359,0.5553375693974413,0.5614035087719299,0.6263151199912884,0.6483516483516484,0.6345329774225076,0.6333333333333333
9999998_00061_d_0000047.jpg,99,YOLOv13-X,YOLOv13-L,False,0.674698795180723,0.689655172413793,0.014956377233070084,0.5321019755747372,0.5548387096774193,0.5738041391904116,0.5853658536585367,0.6281309126900395,0.689655172413793,0.6368610203257579,0.674698795180723
9999953_00000_d_0000112.jpg,32,YOLOv13-X,YOLOv13-L,False,0.9696969696969696,0.9846153846153848,0.014918414918415168,0.7453813765415879,0.9253731343283582,0.782982879411787,0.955223880597015,0.8242761246474225,0.9846153846153848,0.8289987273328185,0.9696969696969696
0000204_01028_d_0000194.jpg,49,YOLOv13-X,YOLOv13-L,False,0.851063829787234,0.8659793814432989,0.01491555165606484,0.795759532038517,0.7741935483870968,0.8287064991382519,0.8172043010752688,0.8611687435511618,0.8659793814432989,0.8643652936827307,0.851063829787234
9999951_00000_d_0000218.jpg,41,YOLOv13-X,YOLOv13-L,False,0.810126582278481,0.8250000000000001,0.014873417721519067,0.6084157908270161,0.675,0.6665388518658661,0.6233766233766234,0.7143300948623184,0.8250000000000001,0.7183105500226349,0.810126582278481
9999984_00000_d_0000073.jpg,32,YOLOv13-L,YOLOv13-S,False,0.5384615384615384,0.5531914893617021,0.014729950900163713,0.6881545571847085,0.4545454545454545,0.7576328363275715,0.5531914893617021,0.7907123020721522,0.5384615384615384,0.7757339736932618,0.5098039215686275
9999965_00000_d_0000053.jpg,29,YOLOv13-L,YOLOv13-X,False,0.9508196721311476,0.9655172413793104,0.01469756924816279,0.8256017641566802,0.8771929824561403,0.8344126975647547,0.9180327868852458,0.8903066027891026,0.9508196721311476,0.882114182442396,0.9655172413793104
9999989_00000_d_0000005.jpg,74,YOLOv13-X,YOLOv13-L,False,0.5546218487394958,0.5691056910569106,0.01448384231741473,0.4727137186988846,0.4615384615384615,0.5297097061142957,0.5,0.624527980498528,0.5691056910569106,0.6280532266970117,0.5546218487394958
9999965_00000_d_0000078.jpg,32,YOLOv13-X,YOLOv13-L,False,0.9393939393939394,0.953846153846154,0.014452214452214562,0.7998229266911925,0.9393939393939394,0.8254779195104676,0.8955223880597014,0.8597787349744788,0.953846153846154,0.8632508725488328,0.9393939393939394
9999937_00000_d_0000029.jpg,26,YOLOv13-X,YOLOv13-L,False,0.6046511627906976,0.6190476190476191,0.01439645625692143,0.5704506697458308,0.5789473684210527,0.646697952703413,0.55,0.7483151979435422,0.6190476190476191,0.749010789498031,0.6046511627906976
9999982_00000_d_0000210.jpg,60,YOLOv13-L,YOLOv13-X,False,0.631578947368421,0.6458333333333335,0.014254385964912464,0.5201347039763108,0.4827586206896551,0.5601551819253286,0.6105263157894737,0.6354240120475102,0.631578947368421,0.6296162194166313,0.6458333333333335
9999943_00000_d_0000043.jpg,77,YOLOv13-X,YOLOv13-L,False,0.8085106382978724,0.822695035460993,0.014184397163120588,0.5593898504384544,0.7142857142857143,0.6131365621267254,0.7428571428571428,0.6834794415669987,0.822695035460993,0.6864338004894212,0.8085106382978724
9999940_00000_d_0000061.jpg,73,YOLOv13-L,YOLOv13-X,False,0.6814814814814814,0.6956521739130435,0.014170692431562104,0.3822066055845116,0.4736842105263157,0.44600644588573873,0.5217391304347826,0.5202397592231512,0.6814814814814814,0.5062708254710997,0.6956521739130435
9999998_00146_d_0000122.jpg,44,YOLOv13-X,YOLOv13-L,False,0.7674418604651163,0.7816091954022988,0.014167334937182474,0.6589964349042258,0.6666666666666666,0.685309617999453,0.746987951807229,0.7259824152119351,0.7816091954022988,0.7405581272184628,0.7674418604651163
0000345_03137_d_0000325.jpg,60,YOLOv13-X,YOLOv13-L,False,0.7567567567567567,0.7706422018348624,0.01388544507810574,0.7358954967241282,0.653061224489796,0.7764826525315168,0.7222222222222223,0.8023362399312882,0.7706422018348624,0.811907993228843,0.7567567567567567
9999955_00000_d_0000202.jpg,53,YOLOv13-X,YOLOv13-L,False,0.68,0.6938775510204082,0.013877551020408108,0.5778302889563788,0.5747126436781609,0.6330723796501402,0.6526315789473685,0.7092944478929782,0.6938775510204082,0.7114405961628727,0.68
9999982_00000_d_0000203.jpg,38,YOLOv13-L,YOLOv13-X,False,0.4,0.4137931034482758,0.013793103448275779,0.3023322858413015,0.2448979591836734,0.3515180345405016,0.3703703703703703,0.43869155861139236,0.4,0.4241521164675318,0.4137931034482758
9999942_00000_d_0000147.jpg,60,YOLOv13-X,YOLOv13-L,False,0.8181818181818182,0.8318584070796461,0.013676588897827857,0.7668804211661846,0.7889908256880733,0.8015755936612443,0.7850467289719626,0.8404878887015701,0.8318584070796461,0.8419597678893196,0.8181818181818182
9999951_00000_d_0000007.jpg,46,YOLOv13-L,YOLOv13-X,False,0.4675324675324675,0.4810126582278481,0.01348019069538059,0.3794189067566934,0.3529411764705882,0.48174830287005455,0.3529411764705882,0.5853803504780468,0.4675324675324675,0.5820415312877573,0.4810126582278481
0000157_00251_d_0000081.jpg,65,YOLOv13-X,YOLOv13-L,False,0.6788990825688073,0.6923076923076924,0.013408609738885136,0.5650364833127358,0.56,0.6175712783730646,0.6274509803921569,0.6794463574520667,0.6923076923076924,0.6882173475458048,0.6788990825688073
0000030_00754_d_0000036.jpg,131,YOLOv13-X,YOLOv13-L,False,0.8384879725085911,0.8518518518518519,0.013363879343260776,0.570043403506837,0.6190476190476191,0.6587763206700904,0.7593984962406015,0.7438428354598419,0.8518518518518519,0.7510523497439997,0.8384879725085911
9999998_00437_d_0000389.jpg,53,YOLOv13-X,YOLOv13-S,False,0.6823529411764705,0.6956521739130435,0.013299232736572963,0.7265957804404297,0.5952380952380953,0.7672335148702513,0.6956521739130435,0.8107717998487164,0.6590909090909092,0.8115927571604136,0.6823529411764705
9999966_00000_d_0000036.jpg,111,YOLOv13-X,YOLOv13-L,False,0.772093023255814,0.7853881278538812,0.013295104598067264,0.6426393513266795,0.7121951219512195,0.6983682210581339,0.7570093457943925,0.758056368711594,0.7853881278538812,0.7691328749688069,0.772093023255814
9999981_00000_d_0000131.jpg,75,YOLOv13-X,YOLOv13-L,False,0.7152317880794702,0.7284768211920529,0.013245033112582738,0.5165948425472526,0.5343511450381679,0.5925277036487523,0.6103896103896105,0.68034784564405,0.7284768211920529,0.6814363835983132,0.7152317880794702
9999991_00000_d_0000005.jpg,94,YOLOv13-X,YOLOv13-L,False,0.7515151515151516,0.7647058823529411,0.013190730837789544,0.6434830205684627,0.5974025974025974,0.6858714321161031,0.6878980891719746,0.7403237774884518,0.7647058823529411,0.7445876054142606,0.7515151515151516
9999955_00000_d_0000167.jpg,91,YOLOv13-L,YOLOv13-S,False,0.5063291139240506,0.5194805194805194,0.013151405556468876,0.5104504781864388,0.5037037037037037,0.5830682739655688,0.5194805194805194,0.6579934361494036,0.5063291139240506,0.6576110494848836,0.5064935064935066
9999999_00813_d_0000372.jpg,127,YOLOv13-L,YOLOv13-X,False,0.7183673469387756,0.7312775330396475,0.012910186100871912,0.70130055103432,0.6570048309178744,0.7472460177892204,0.6912442396313363,0.8066808860391558,0.7183673469387756,0.7947764675520698,0.7312775330396475
9999951_00000_d_0000296.jpg,36,YOLOv13-X,YOLOv13-L,False,0.9014084507042254,0.9142857142857144,0.012877263581488996,0.7006173651577056,0.732394366197183,0.751863377366989,0.8611111111111112,0.7888327137547658,0.9142857142857144,0.7911829227470699,0.9014084507042254
9999969_00000_d_0000068.jpg,62,YOLOv13-L,YOLOv13-X,False,0.6538461538461537,0.6666666666666667,0.012820512820512997,0.5952747293063381,0.5918367346938775,0.6463952502283231,0.6399999999999999,0.7148377217854271,0.6538461538461537,0.714676283257083,0.6666666666666667
9999975_00000_d_0000010.jpg,103,YOLOv13-L,YOLOv13-X,False,0.7582417582417582,0.770949720670391,0.012707962428632813,0.5758650000149204,0.6702702702702702,0.6475764561787161,0.7597765363128491,0.7067988989565859,0.7582417582417582,0.7059375719091194,0.770949720670391
0000352_05293_d_0000566.jpg,106,YOLOv13-X,YOLOv13-L,False,0.7628865979381443,0.7755102040816326,0.012623606143488342,0.5773418757275903,0.6634146341463415,0.6362653343767005,0.7352941176470589,0.6928857068554022,0.7755102040816326,0.7005770421809372,0.7628865979381443
9999956_00000_d_0000025.jpg,70,YOLOv13-X,YOLOv13-L,False,0.7669172932330828,0.7794117647058824,0.012494471472799584,0.5889016967322942,0.603174603174603,0.6536817043764604,0.6567164179104478,0.7143535949396687,0.7794117647058824,0.7235360473253745,0.7669172932330828
9999990_00000_d_0000023.jpg,67,YOLOv13-X,YOLOv13-L,False,0.7906976744186047,0.8031496062992126,0.012451931880607892,0.507982790828485,0.6875,0.5673498049734141,0.7518796992481201,0.623420123862129,0.8031496062992126,0.6420286919065542,0.7906976744186047
9999945_00000_d_0000002.jpg,92,YOLOv13-L,YOLOv13-X,False,0.4534883720930233,0.4659090909090909,0.0124207188160676,0.33660074758922987,0.3235294117647059,0.4259658393667837,0.4269662921348315,0.508713788030944,0.4534883720930233,0.5044505950136547,0.4659090909090909
9999999_00424_d_0000187.jpg,94,YOLOv13-X,YOLOv13-L,False,0.8070175438596491,0.8192771084337349,0.012259564574085835,0.5738320268143123,0.691358024691358,0.6250624659745283,0.7560975609756098,0.7029369207030374,0.8192771084337349,0.7076419619870906,0.8070175438596491
9999956_00000_d_0000085.jpg,35,YOLOv13-L,YOLOv13-X,False,0.7000000000000001,0.711864406779661,0.011864406779660941,0.6978521082730929,0.6440677966101694,0.7498417378987308,0.6666666666666666,0.8157489339972649,0.7000000000000001,0.8098481766305313,0.711864406779661
9999998_00418_d_0000370.jpg,54,YOLOv13-L,YOLOv13-X,False,0.7843137254901961,0.796116504854369,0.011802779364172955,0.6452561632346265,0.6938775510204083,0.6887973775756647,0.7572815533980582,0.739915645641418,0.7843137254901961,0.7283023229581481,0.796116504854369
9999942_00000_d_0000216.jpg,39,YOLOv13-X,YOLOv13-L,False,0.9113924050632912,0.9230769230769232,0.011684518013632017,0.6659913601676497,0.7272727272727273,0.729595726111183,0.8947368421052632,0.8167093556584823,0.9230769230769232,0.8225628173109628,0.9113924050632912
9999999_00689_d_0000312.jpg,132,YOLOv13-X,YOLOv13-L,False,0.3953488372093023,0.4069767441860465,0.011627906976744207,0.4259296176787018,0.2906976744186046,0.4926022818142047,0.3863636363636363,0.5558238030621968,0.4069767441860465,0.578401745717276,0.3953488372093023
0000205_02315_d_0000202.jpg,88,YOLOv13-L,YOLOv13-X,False,0.7976878612716763,0.8092485549132947,0.01156069364161838,0.7232750210064137,0.6966292134831461,0.7852324886087244,0.7167630057803468,0.865836425544573,0.7976878612716763,0.8574970262905726,0.8092485549132947
9999984_00000_d_0000042.jpg,27,YOLOv13-X,YOLOv13-L,False,0.8813559322033898,0.8928571428571429,0.011501210653753091,0.7230926293741353,0.7307692307692308,0.7757618856733364,0.8363636363636364,0.8222269991262076,0.8928571428571429,0.8292050295868815,0.8813559322033898
9999998_00341_d_0000293.jpg,41,YOLOv13-L,YOLOv13-X,False,0.8378378378378378,0.8493150684931506,0.011477230655312809,0.7597509811759151,0.7714285714285715,0.7939027018200588,0.8055555555555556,0.8355238414694575,0.8378378378378378,0.8335501822215978,0.8493150684931506
0000331_00601_d_0000844.jpg,55,YOLOv13-L,YOLOv13-S,False,0.7924528301886793,0.803921568627451,0.01146873843877172,0.5781253085264204,0.7547169811320754,0.6393370263983097,0.803921568627451,0.7122158397794025,0.7924528301886793,0.7095778033032983,0.7884615384615385
9999951_00000_d_0000334.jpg,26,YOLOv13-X,YOLOv13-L,False,0.6249999999999999,0.6363636363636364,0.011363636363636465,0.5117767038267397,0.4,0.5457884653025818,0.5777777777777778,0.6418946081007546,0.6363636363636364,0.6427081550352384,0.6249999999999999
9999965_00000_d_0000059.jpg,49,YOLOv13-L,YOLOv13-X,False,0.8865979381443299,0.8979591836734694,0.01136124552913953,0.7573007317510341,0.7884615384615385,0.8081612826075449,0.8200000000000001,0.8584645363648168,0.8865979381443299,0.8479088961310937,0.8979591836734694
0000172_01201_d_0000001.jpg,38,YOLOv13-L,YOLOv13-X,False,0.6349206349206348,0.6461538461538462,0.011233211233211415,0.4649714449077718,0.6440677966101696,0.5110216064789278,0.6451612903225806,0.5839212386954898,0.6349206349206348,0.5819537493985493,0.6461538461538462
0000334_00785_d_0000025.jpg,42,YOLOv13-L,YOLOv13-X,False,0.8421052631578947,0.8533333333333334,0.011228070175438698,0.748657418991623,0.7733333333333333,0.7878604266582195,0.8311688311688312,0.8364689246157289,0.8421052631578947,0.8255569219721557,0.8533333333333334
9999945_00000_d_0000058.jpg,82,YOLOv13-X,YOLOv13-L,False,0.592,0.6031746031746033,0.011174603174603281,0.4675628165811671,0.3999999999999999,0.5347828887311645,0.4999999999999999,0.6150040974834557,0.6031746031746033,0.6195551498140919,0.592
9999994_00000_d_0000105.jpg,76,YOLOv13-L,YOLOv13-X,False,0.6805555555555556,0.6917293233082706,0.011173767752715058,0.6780418246161675,0.5467625899280575,0.7431775588536161,0.6370370370370371,0.8094595031846756,0.6805555555555556,0.8075278892454304,0.6917293233082706
9999994_00000_d_0000091.jpg,155,YOLOv13-X,YOLOv13-L,False,0.4292237442922375,0.4403669724770643,0.011143228184826826,0.511003779917942,0.3689320388349514,0.5565898032510015,0.3696682464454975,0.6367019157997096,0.4403669724770643,0.6462820917752935,0.4292237442922375
9999951_00000_d_0000152.jpg,16,YOLOv13-X,YOLOv13-L,False,0.8125,0.823529411764706,0.011029411764705954,0.7216259115303185,0.8125,0.7645880441917476,0.8125,0.8189446220543386,0.823529411764706,0.8199092310093016,0.8125
0000010_05149_d_0000057.jpg,57,YOLOv13-X,YOLOv13-L,False,0.6500000000000001,0.6610169491525425,0.011016949152542366,0.48817436329617475,0.3846153846153846,0.5697449230650323,0.5344827586206897,0.6694939525699475,0.6610169491525425,0.6736172036766177,0.6500000000000001
9999955_00000_d_0000111.jpg,22,YOLOv13-X,YOLOv13-L,False,0.846153846153846,0.8571428571428572,0.010989010989011172,0.629313637466861,0.7755102040816326,0.6831738126712009,0.7924528301886793,0.7517714604581974,0.8571428571428572,0.753440610942351,0.846153846153846
9999951_00000_d_0000001.jpg,28,YOLOv13-X,YOLOv13-L,False,0.5490196078431373,0.56,0.01098039215686275,0.49510820584302406,0.4888888888888888,0.574559457350097,0.4912280701754385,0.6517825220101358,0.56,0.6586613268323604,0.5490196078431373
9999945_00000_d_0000131.jpg,59,YOLOv13-L,YOLOv13-X,False,0.7678571428571428,0.7787610619469028,0.010903919089759961,0.6960553465131899,0.6776859504132231,0.7643899197493241,0.75,0.8229874530506772,0.7678571428571428,0.8205761915891627,0.7787610619469028
9999955_00000_d_0000026.jpg,67,YOLOv13-X,YOLOv13-L,False,0.8421052631578948,0.8529411764705882,0.010835913312693402,0.6336599833396388,0.6666666666666666,0.7116049097897804,0.8270676691729324,0.7749699322612764,0.8529411764705882,0.7761065624002116,0.8421052631578948
0000338_01569_d_0000146.jpg,64,YOLOv13-L,YOLOv13-X,False,0.8529411764705882,0.8636363636363636,0.010695187165775444,0.6789842879078732,0.6614173228346457,0.7355859255737534,0.676923076923077,0.8260257276132473,0.8529411764705882,0.8131741936184047,0.8636363636363636
0000325_04001_d_0000682.jpg,82,YOLOv13-X,YOLOv13-L,False,0.7792207792207793,0.7898089171974522,0.010588137976672907,0.5873309942314663,0.6753246753246753,0.6430248622178769,0.736842105263158,0.7081352727117007,0.7898089171974522,0.7124339588324309,0.7792207792207793
9999945_00000_d_0000023.jpg,78,YOLOv13-X,YOLOv13-L,False,0.6461538461538461,0.6567164179104477,0.01056257175660158,0.6443472141650284,0.4482758620689654,0.7067075254056057,0.5692307692307692,0.7834663225008369,0.6567164179104477,0.7915430615990547,0.6461538461538461
9999999_00181_d_0000074.jpg,127,YOLOv13-X,YOLOv13-L,False,0.4921465968586387,0.5026737967914437,0.010527199932805043,0.5414602264885178,0.3448275862068965,0.6195166208286795,0.4699453551912568,0.6880305273849596,0.5026737967914437,0.7056632523074313,0.4921465968586387
9999982_00000_d_0000161.jpg,57,YOLOv13-X,YOLOv13-L,False,0.5476190476190477,0.5581395348837209,0.01052048726467325,0.407945988174815,0.3116883116883116,0.47943502455656156,0.4675324675324675,0.5506719405381606,0.5581395348837209,0.5649523167351282,0.5476190476190477
9999999_00191_d_0000079.jpg,64,YOLOv13-L,YOLOv13-X,False,0.5242718446601942,0.5346534653465346,0.01038162068634041,0.4744721639537959,0.4123711340206185,0.5389745748466312,0.5052631578947367,0.6181623573676674,0.5242718446601942,0.6104605457346202,0.5346534653465346
9999967_00000_d_0000046.jpg,95,YOLOv13-L,YOLOv13-X,False,0.6060606060606061,0.6163522012578617,0.010291595197255643,0.5891967798839972,0.4966442953020133,0.6472875455271322,0.527027027027027,0.7334240433219662,0.6060606060606061,0.7271404803320849,0.6163522012578617
0000300_02801_d_0000152.jpg,109,YOLOv13-X,YOLOv13-L,False,0.717948717948718,0.7282051282051282,0.01025641025641022,0.5552092967620018,0.6310160427807486,0.6324553068923054,0.6557377049180328,0.6933033770464977,0.7282051282051282,0.6986137820238227,0.717948717948718
9999998_00338_d_0000290.jpg,39,YOLOv13-L,YOLOv13-X,False,0.7792207792207793,0.7894736842105263,0.01025290498974707,0.7213267529311661,0.6567164179104477,0.7832856707423101,0.6849315068493151,0.8379254464454322,0.7792207792207793,0.8379131819864962,0.7894736842105263
9999956_00000_d_0000071.jpg,25,YOLOv13-X,YOLOv13-L,False,0.7804878048780487,0.7906976744186047,0.010209869540556027,0.5284069653663923,0.5555555555555556,0.5758128123390731,0.6829268292682927,0.6229755307171974,0.7906976744186047,0.6280884060521262,0.7804878048780487
9999937_00000_d_0000094.jpg,31,YOLOv13-L,YOLOv13-X,False,0.4897959183673469,0.5,0.010204081632653073,0.6337342383528641,0.4090909090909091,0.6956097926352233,0.3913043478260869,0.7402296978428861,0.4897959183673469,0.7393152288747983,0.5
9999945_00000_d_0000097.jpg,92,YOLOv13-X,YOLOv13-L,False,0.6029411764705883,0.6131386861313868,0.010197509660798465,0.67141082015171,0.582089552238806,0.7081908308397854,0.5925925925925926,0.7519490607816011,0.6131386861313868,0.7581298595298697,0.6029411764705883
0000225_04002_d_0000013.jpg,135,YOLOv13-L,YOLOv13-X,False,0.6880733944954129,0.6981132075471699,0.01003981305175694,0.6108748260765162,0.5314009661835748,0.6770111632548272,0.6190476190476191,0.7381279021985059,0.6880733944954129,0.7354927709163762,0.6981132075471699
0000279_05801_d_0000610.jpg,111,YOLOv13-X,YOLOv13-L,False,0.5680473372781065,0.5780346820809248,0.009987344802818265,0.5183173736842868,0.4071856287425149,0.5970658032454301,0.4914285714285714,0.664410002449291,0.5780346820809248,0.6712321462837447,0.5680473372781065
0000329_03201_d_0000781.jpg,48,YOLOv13-L,YOLOv13-X,False,0.9032258064516128,0.9130434782608696,0.009817671809256856,0.7268362139337075,0.8260869565217391,0.7656086243377351,0.8666666666666666,0.843690412731796,0.9032258064516128,0.8387814997001699,0.9130434782608696
0000275_00401_d_0000499.jpg,67,YOLOv13-X,YOLOv13-L,False,0.4587155963302752,0.4684684684684684,0.009752872138193203,0.44572649783777807,0.3333333333333333,0.518121389825934,0.3368421052631579,0.604615856479274,0.4684684684684684,0.613502652590856,0.4587155963302752
9999955_00000_d_0000045.jpg,36,YOLOv13-X,YOLOv13-L,False,0.6031746031746033,0.6129032258064515,0.00972862263184826,0.5108860608809274,0.5862068965517242,0.5732153280604062,0.5937499999999999,0.6276138658443855,0.6129032258064515,0.634054429335326,0.6031746031746033
9999950_00000_d_0000057.jpg,42,YOLOv13-L,YOLOv13-X,False,0.6769230769230768,0.6865671641791046,0.009644087256027722,0.7371044462029215,0.5084745762711864,0.7769168643196738,0.65625,0.8126433156794541,0.6769230769230768,0.8110953786680357,0.6865671641791046
9999999_00785_d_0000359.jpg,64,YOLOv13-X,YOLOv13-L,False,0.7936507936507936,0.8032786885245901,0.00962789487379645,0.6638199223375426,0.6548672566371682,0.7272590885942525,0.7155963302752294,0.7834298895640602,0.8032786885245901,0.7893430853644282,0.7936507936507936
9999937_00000_d_0000189.jpg,214,YOLOv13-X,YOLOv13-L,False,0.6028985507246377,0.6124661246612467,0.009567573936609008,0.4882432184712132,0.4502923976608187,0.5623180530199984,0.5344827586206896,0.6551753492294384,0.6124661246612467,0.6580672423246875,0.6028985507246377
9999999_00773_d_0000353.jpg,85,YOLOv13-L,YOLOv13-X,False,0.6878980891719745,0.6973684210526316,0.009470331880657157,0.5938080934271529,0.5655172413793104,0.6664069310957166,0.6578947368421053,0.7323750001420897,0.6878980891719745,0.7251495690911847,0.6973684210526316
9999984_00000_d_0000130.jpg,69,YOLOv13-X,YOLOv13-L,False,0.5098039215686274,0.5192307692307693,0.009426847662141857,0.4269887318011141,0.3695652173913044,0.5007074681381621,0.4081632653061224,0.567675524673091,0.5192307692307693,0.5815123708170634,0.5098039215686274
9999962_00000_d_0000026.jpg,51,YOLOv13-L,YOLOv13-X,False,0.9411764705882352,0.9504950495049505,0.009318578916715281,0.8415853291228733,0.9142857142857144,0.8678291783724683,0.923076923076923,0.9118071323247164,0.9411764705882352,0.9071545556061881,0.9504950495049505
9999982_00000_d_0000250.jpg,30,YOLOv13-X,YOLOv13-L,False,0.4,0.4090909090909091,0.009090909090909094,0.3402792909443433,0.2162162162162162,0.43820610653619746,0.2439024390243902,0.46493550860641697,0.4090909090909091,0.5161248835050417,0.4
9999937_00000_d_0000083.jpg,13,YOLOv13-X,YOLOv13-L,False,0.8799999999999999,0.888888888888889,0.008888888888889057,0.7756668101757097,0.7692307692307693,0.8068692350906651,0.8461538461538461,0.8620266357532682,0.888888888888889,0.8652632603714457,0.8799999999999999
0000072_05564_d_0000007.jpg,77,YOLOv13-X,YOLOv13-L,False,0.8427672955974842,0.8516129032258064,0.008845607628322205,0.6171675899694405,0.7142857142857143,0.6680477709287852,0.7898089171974523,0.7634686835987863,0.8516129032258064,0.7757017165101959,0.8427672955974842
9999974_00000_d_0000056.jpg,43,YOLOv13-L,YOLOv13-X,False,0.6835443037974683,0.6923076923076923,0.008763388510223957,0.5713188808702901,0.547945205479452,0.645996105488903,0.6578947368421053,0.7303379351651499,0.6835443037974683,0.722207109890434,0.6923076923076923
0000071_03281_d_0000004.jpg,49,YOLOv13-X,YOLOv13-L,False,0.86,0.8686868686868686,0.008686868686868632,0.6310089817649873,0.6236559139784946,0.6996958908497335,0.7047619047619047,0.7732436814586664,0.8686868686868686,0.7820685428542217,0.86
9999950_00000_d_0000064.jpg,16,YOLOv13-X,YOLOv13-S,False,0.8484848484848485,0.8571428571428572,0.008658008658008698,0.6856260918393287,0.8484848484848485,0.7402972805640571,0.8571428571428572,0.7789614810186144,0.8484848484848485,0.7836796536534288,0.8484848484848485
0000344_00001_d_0000293.jpg,64,YOLOv13-L,YOLOv13-X,False,0.7457627118644067,0.7543859649122807,0.008623253047874035,0.8063659943002864,0.6078431372549019,0.8477084225010019,0.6605504587155964,0.8942784337011942,0.7457627118644067,0.8914827539120024,0.7543859649122807
9999942_00000_d_0000042.jpg,63,YOLOv13-X,YOLOv13-L,False,0.7107438016528926,0.7192982456140351,0.008554443961142466,0.4517081951438296,0.5242718446601942,0.5091154005706235,0.6034482758620691,0.6100866045647889,0.7192982456140351,0.6128551779187559,0.7107438016528926
9999937_00000_d_0000156.jpg,80,YOLOv13-X,YOLOv13-L,False,0.6754966887417218,0.6838709677419355,0.008374279000213702,0.5900682277622722,0.4393939393939394,0.6516154794645078,0.5416666666666666,0.7402361054223375,0.6838709677419355,0.7407174612888902,0.6754966887417218
9999998_00360_d_0000312.jpg,53,YOLOv13-L,YOLOv13-X,False,0.7916666666666666,0.8,0.008333333333333415,0.5899151169917826,0.6666666666666666,0.6667489140544646,0.723404255319149,0.7397001134029019,0.7916666666666666,0.7311626482111142,0.8
9999987_00000_d_0000029.jpg,68,YOLOv13-L,YOLOv13-X,False,0.4504504504504505,0.4587155963302752,0.008265145879824687,0.3808028433769811,0.3461538461538462,0.45342426376457795,0.4380952380952381,0.5146730296791804,0.4504504504504505,0.5083331497539285,0.4587155963302752
0000349_02157_d_0000451.jpg,87,YOLOv13-L,YOLOv13-X,False,0.8352941176470587,0.8433734939759037,0.008079376328844923,0.6003407516073954,0.7030303030303031,0.6574809069509082,0.7607361963190185,0.7399274152115539,0.8352941176470587,0.7358829788688693,0.8433734939759037
0000352_04509_d_0000562.jpg,96,YOLOv13-X,YOLOv13-L,False,0.7674418604651162,0.7752808988764045,0.007839038411288302,0.569063851182879,0.6181818181818182,0.6247280072607806,0.6745562130177515,0.6913567117322948,0.7752808988764045,0.7024538930770138,0.7674418604651162
9999942_00000_d_0000221.jpg,39,YOLOv13-X,YOLOv13-L,False,0.7027027027027027,0.7105263157894737,0.00782361308677093,0.6786323363873145,0.6329113924050633,0.7386226296297936,0.6857142857142857,0.8182213236447394,0.7105263157894737,0.8215384614641026,0.7027027027027027
0000315_03401_d_0000518.jpg,107,YOLOv13-L,YOLOv13-X,False,0.6101694915254237,0.6179775280898877,0.007808036564464049,0.6260605117772483,0.475,0.6798662496970439,0.4795321637426901,0.7481525958809367,0.6101694915254237,0.7447345390434412,0.6179775280898877
0000045_01032_d_0000085.jpg,56,YOLOv13-L,YOLOv13-X,False,0.8256880733944955,0.8333333333333334,0.007645259938837912,0.611315810888264,0.5274725274725274,0.7068313431448278,0.6947368421052632,0.7789199774114194,0.8256880733944955,0.7667713585013495,0.8333333333333334
0000222_01650_d_0000006.jpg,69,YOLOv13-X,YOLOv13-L,False,0.5984251968503937,0.6060606060606061,0.0076354092102123294,0.4632548906840103,0.5238095238095238,0.5244757162941027,0.5190839694656489,0.6065554139167382,0.6060606060606061,0.6122445315071933,0.5984251968503937
9999955_00000_d_0000353.jpg,120,YOLOv13-X,YOLOv13-L,False,0.4088397790055249,0.4161849710982659,0.0073451920927410375,0.47171999098531214,0.23841059602649,0.5592439864063073,0.325,0.6641844195322059,0.4161849710982659,0.6661303275378198,0.4088397790055249
9999998_00302_d_0000255.jpg,11,YOLOv13-X,YOLOv13-L,False,0.761904761904762,0.7692307692307692,0.007326007326007189,0.6902282409500861,0.7000000000000001,0.7145816963415142,0.6666666666666666,0.7533878571733881,0.7692307692307692,0.7666834878511968,0.761904761904762
9999977_00000_d_0000046.jpg,51,YOLOv13-L,YOLOv13-X,False,0.5783132530120481,0.5853658536585367,0.007052600646488605,0.5987868397917002,0.4347826086956522,0.6466232186880938,0.5454545454545454,0.6993553433238574,0.5783132530120481,0.6896943321302748,0.5853658536585367
9999967_00000_d_0000007.jpg,40,YOLOv13-X,YOLOv13-L,False,0.7397260273972603,0.7466666666666666,0.006940639269406246,0.40724351291763067,0.5555555555555556,0.48645887612352356,0.5789473684210527,0.5606176726105796,0.7466666666666666,0.5767991332205397,0.7397260273972603
9999945_00000_d_0000109.jpg,111,YOLOv13-X,YOLOv13-L,False,0.5614035087719298,0.5683060109289617,0.00690250215703192,0.4623556468316947,0.4260355029585799,0.5406261799517921,0.5,0.6026527694591477,0.5683060109289617,0.6266466627761631,0.5614035087719298
0000305_00801_d_0000217.jpg,42,YOLOv13-X,YOLOv13-L,False,0.6407766990291263,0.6476190476190475,0.006842348589921277,0.5839624997036738,0.4464285714285715,0.6522113798949173,0.5535714285714286,0.7059690290959444,0.6476190476190475,0.7167499787784025,0.6407766990291263
9999955_00000_d_0000191.jpg,62,YOLOv13-X,YOLOv13-L,False,0.6949152542372881,0.7017543859649122,0.006839131727624181,0.5775289412126144,0.6166666666666667,0.6338171835011704,0.6837606837606838,0.6981183146133128,0.7017543859649122,0.7057458941912647,0.6949152542372881
9999982_00000_d_0000117.jpg,82,YOLOv13-X,YOLOv13-L,False,0.8176100628930817,0.8242424242424242,0.00663236134934253,0.6130133129129757,0.7037037037037036,0.678360038857547,0.7745664739884394,0.7388723920566315,0.8242424242424242,0.7530492665903212,0.8176100628930817
9999943_00000_d_0000004.jpg,21,YOLOv13-L,YOLOv13-X,False,0.8571428571428571,0.8636363636363636,0.006493506493506551,0.8567444274082839,0.7500000000000001,0.8880705131134969,0.7619047619047619,0.912873233036776,0.8571428571428571,0.9025768140960745,0.8636363636363636
9999964_00000_d_0000055.jpg,84,YOLOv13-L,YOLOv13-X,False,0.8799999999999999,0.8863636363636365,0.006363636363636571,0.6196115191369489,0.8111111111111111,0.6643519608185593,0.8222222222222222,0.7359715150968544,0.8799999999999999,0.7303892339896558,0.8863636363636365
0000366_09801_d_0000818.jpg,236,YOLOv13-X,YOLOv13-L,False,0.4560439560439561,0.4623955431754875,0.006351587131531389,0.4959363011505713,0.2910216718266253,0.5604669633374582,0.3452380952380952,0.6474042398781035,0.4623955431754875,0.6495869131019129,0.4560439560439561
9999981_00000_d_0000054.jpg,40,YOLOv13-L,YOLOv13-X,False,0.7631578947368423,0.7692307692307692,0.006072874493926905,0.7062110994864844,0.53125,0.7555041881851733,0.6756756756756757,0.802776021402958,0.7631578947368423,0.7912948752726341,0.7692307692307692
9999964_00000_d_0000064.jpg,50,YOLOv13-X,YOLOv13-L,False,0.7676767676767676,0.7735849056603773,0.005908137983609674,0.5885908011759713,0.6601941747572816,0.6506631580287635,0.7450980392156863,0.706827734980605,0.7735849056603773,0.7140426196040767,0.7676767676767676
9999982_00000_d_0000228.jpg,36,YOLOv13-L,YOLOv13-S,False,0.8101265822784809,0.8157894736842106,0.005662891405729731,0.642843085720883,0.7123287671232876,0.6751866093491816,0.8157894736842106,0.7510231669791353,0.8101265822784809,0.7389305901395277,0.8157894736842106
9999987_00000_d_0000044.jpg,164,YOLOv13-X,YOLOv13-L,False,0.7266881028938906,0.7323076923076922,0.0056195894138015845,0.5637910728623639,0.6407766990291262,0.618846674488384,0.6776315789473685,0.6940776330433901,0.7323076923076922,0.7261912840181711,0.7266881028938906
0000351_02745_d_0000533.jpg,58,YOLOv13-L,YOLOv13-X,False,0.5161290322580646,0.5217391304347826,0.005610098176717981,0.4158641984045016,0.3902439024390244,0.49042208329295434,0.4222222222222221,0.5917979150477525,0.5161290322580646,0.5839311479192103,0.5217391304347826
9999984_00000_d_0000136.jpg,69,YOLOv13-X,YOLOv13-L,False,0.6315789473684211,0.6371681415929203,0.0055891942244992165,0.5862757168953346,0.4814814814814815,0.6482070273040818,0.5636363636363636,0.6949786935392311,0.6371681415929203,0.7093330615636894,0.6315789473684211
9999999_00095_d_0000033.jpg,131,YOLOv13-L,YOLOv13-X,False,0.7520661157024794,0.7574468085106384,0.005380692808159004,0.5658053758752073,0.5614035087719298,0.6343520258019965,0.6637931034482758,0.6957450509322306,0.7520661157024794,0.6951637218567811,0.7574468085106384
9999937_00000_d_0000157.jpg,87,YOLOv13-L,YOLOv13-X,False,0.6277372262773723,0.6330935251798562,0.0053562989024839025,0.5320998042960119,0.4390243902439025,0.600910221904056,0.5161290322580645,0.7013305667545655,0.6277372262773723,0.6887739233831759,0.6330935251798562
0000349_04705_d_0000464.jpg,40,YOLOv13-X,YOLOv13-L,False,0.7848101265822786,0.7901234567901235,0.0053133302078449685,0.6824573052409768,0.6753246753246753,0.7459701667502927,0.775,0.8157367043253785,0.7901234567901235,0.8355180723683503,0.7848101265822786
0000344_02549_d_0000306.jpg,285,YOLOv13-X,YOLOv13-L,False,0.4412470023980816,0.4465558194774348,0.005308817079353156,0.569945669486119,0.3493670886075949,0.6321919974119634,0.3693045563549161,0.6955863148566619,0.4465558194774348,0.7066146471457545,0.4412470023980816
0000122_01200_d_0000119.jpg,87,YOLOv13-X,YOLOv13-L,False,0.9385474860335196,0.9438202247191012,0.005272738685581646,0.7031669375944835,0.9162011173184358,0.7539644721871925,0.9318181818181818,0.7897680600607835,0.9438202247191012,0.7916298031532866,0.9385474860335196
9999982_00000_d_0000223.jpg,74,YOLOv13-L,YOLOv13-X,False,0.6766917293233082,0.6818181818181819,0.005126452494873646,0.5638139038975009,0.546875,0.6097492473684725,0.609375,0.6981400241388824,0.6766917293233082,0.6911270133822509,0.6818181818181819
9999948_00000_d_0000009.jpg,84,YOLOv13-L,YOLOv13-S,False,0.5935483870967742,0.5986394557823129,0.005091068685538769,0.6018245843531109,0.5562913907284769,0.6518013560246128,0.5986394557823129,0.7140136311913866,0.5935483870967742,0.7105411307985529,0.5822784810126581
0000072_08702_d_0000013.jpg,95,YOLOv13-X,YOLOv13-L,False,0.936842105263158,0.9417989417989416,0.004956836535783604,0.6942013712378808,0.7999999999999999,0.7455692157898052,0.8842105263157894,0.8096968760848411,0.9417989417989416,0.8139834424654883,0.936842105263158
9999962_00000_d_0000046.jpg,28,YOLOv13-L,YOLOv13-X,False,0.8571428571428571,0.8620689655172413,0.0049261083743842304,0.7951849757343158,0.7407407407407408,0.8234975558290101,0.793103448275862,0.861149024903003,0.8571428571428571,0.8587702541911336,0.8620689655172413
0000166_01558_d_0000123.jpg,47,YOLOv13-L,YOLOv13-X,False,0.7551020408163265,0.76,0.004897959183673528,0.5767654570653087,0.5714285714285714,0.6291220615874143,0.627450980392157,0.7572231819522346,0.7551020408163265,0.745374771767539,0.76
9999999_00606_d_0000275.jpg,80,YOLOv13-X,YOLOv13-L,False,0.5161290322580645,0.5210084033613446,0.004879371103280072,0.6082107218366287,0.3826086956521739,0.6433367139651851,0.4227642276422764,0.7054562468392832,0.5210084033613446,0.7060484863970791,0.5161290322580645
0000352_02745_d_0000553.jpg,29,YOLOv13-X,YOLOv13-L,False,0.8679245283018867,0.8727272727272727,0.004802744425385974,0.8806808120102554,0.8163265306122449,0.8941932968846416,0.8627450980392156,0.9202367417837974,0.8727272727272727,0.9202558859323638,0.8679245283018867
9999999_00173_d_0000071.jpg,116,YOLOv13-L,YOLOv13-X,False,0.5502645502645502,0.5549738219895288,0.004709271724978592,0.5781976758276686,0.4337349397590362,0.6370151130864311,0.4972375690607735,0.7096760851156075,0.5502645502645502,0.7083366543395299,0.5549738219895288
9999994_00000_d_0000046.jpg,80,YOLOv13-X,YOLOv13-L,False,0.6165413533834586,0.6212121212121211,0.004670767828662492,0.4384414974570896,0.4961240310077519,0.520428086932963,0.5691056910569106,0.6014949901458503,0.6212121212121211,0.6094945782428064,0.6165413533834586
9999955_00000_d_0000252.jpg,66,YOLOv13-L,YOLOv13-X,False,0.6902654867256637,0.6949152542372881,0.004649767511624381,0.5844870231206203,0.6,0.6451792221843093,0.688,0.7133326795601199,0.6902654867256637,0.7081434133064657,0.6949152542372881
0000325_04801_d_0000686.jpg,57,YOLOv13-L,YOLOv13-S,False,0.518987341772152,0.523489932885906,0.004502591113753951,0.49490978660717777,0.5205479452054794,0.5430020173793081,0.523489932885906,0.6325288785920431,0.518987341772152,0.6316851270982426,0.5217391304347826
9999990_00000_d_0000019.jpg,48,YOLOv13-X,YOLOv13-L,False,0.7912087912087912,0.7956989247311829,0.004490133522391693,0.7450762896441221,0.7526881720430108,0.7767474811255151,0.7526881720430108,0.8349800937856988,0.7956989247311829,0.8402844278879836,0.7912087912087912
9999951_00000_d_0000018.jpg,68,YOLOv13-X,YOLOv13-L,False,0.7433628318584071,0.7478260869565218,0.004463255098114627,0.5207040527216608,0.5576923076923077,0.5778548404976351,0.6915887850467289,0.6437779000609177,0.7478260869565218,0.6528068095429417,0.7433628318584071
9999981_00000_d_0000123.jpg,92,YOLOv13-L,YOLOv13-X,False,0.6101694915254238,0.6145833333333333,0.004413841807909491,0.3874297487233446,0.3534482758620689,0.4646819039213482,0.4705882352941176,0.5820558877243379,0.6101694915254238,0.5775633297584638,0.6145833333333333
9999950_00000_d_0000071.jpg,23,YOLOv13-L,YOLOv13-X,False,0.9047619047619048,0.909090909090909,0.004329004329004182,0.8928074169173519,0.878048780487805,0.8846004458197237,0.8571428571428571,0.9296257771257174,0.9047619047619048,0.9075779215515891,0.909090909090909
9999955_00000_d_0000399.jpg,72,YOLOv13-X,YOLOv13-L,False,0.8549618320610687,0.8592592592592592,0.004297427198190484,0.7284339308437999,0.734375,0.7658023145797939,0.7596899224806201,0.7952053393893307,0.8592592592592592,0.8004932020150073,0.8549618320610687
9999998_00430_d_0000382.jpg,78,YOLOv13-L,YOLOv13-X,False,0.4736842105263157,0.4778761061946902,0.004191895668374468,0.5288101955393442,0.3653846153846153,0.5622013690085055,0.4299065420560747,0.6438742407672449,0.4736842105263157,0.6342642377643762,0.4778761061946902
0000334_01961_d_0000031.jpg,61,YOLOv13-X,YOLOv13-L,False,0.7884615384615384,0.7924528301886792,0.003991291727140744,0.6476618683833537,0.693069306930693,0.6981459284320596,0.693069306930693,0.7544091667216891,0.7924528301886792,0.7551294414249132,0.7884615384615384
0000142_04458_d_0000045.jpg,370,YOLOv13-X,YOLOv13-L,False,0.4146341463414634,0.4185110663983903,0.0038769200569269135,0.5611408811679653,0.3354297693920335,0.6034971226322969,0.3674321503131524,0.6507549592650941,0.4185110663983903,0.6664146461278284,0.4146341463414634
9999942_00000_d_0000011.jpg,44,YOLOv13-L,YOLOv13-X,False,0.7777777777777778,0.7816091954022988,0.003831417624520994,0.7874752116455889,0.6835443037974683,0.8449487860110008,0.7640449438202247,0.8717841834085601,0.7777777777777778,0.8596403173611373,0.7816091954022988
0000070_05776_d_0000004.jpg,116,YOLOv13-X,YOLOv13-L,False,0.7306273062730627,0.7343749999999999,0.0037476937269371735,0.5336405882884142,0.583941605839416,0.6180675331610828,0.6521739130434782,0.6913526691707477,0.7343749999999999,0.6986952403161281,0.7306273062730627
9999999_00241_d_0000103.jpg,96,YOLOv13-L,YOLOv13-X,False,0.5620915032679739,0.5657894736842105,0.003697970416236651,0.4837148476390763,0.4285714285714285,0.532671889340145,0.5241379310344828,0.6169893183818586,0.5620915032679739,0.6118441626302522,0.5657894736842105
9999985_00000_d_0000062.jpg,36,YOLOv13-L,YOLOv13-X,False,0.75,0.7536231884057971,0.0036231884057971175,0.6043028815749115,0.6176470588235293,0.6597203217919646,0.676923076923077,0.7419799537652324,0.75,0.7257842284230746,0.7536231884057971
9999955_00000_d_0000346.jpg,104,YOLOv13-L,YOLOv13-X,False,0.5256410256410257,0.5290322580645161,0.0033912324234904867,0.47157776402396895,0.3285714285714285,0.5602466686573049,0.4324324324324324,0.668771268904648,0.5256410256410257,0.6567635825300373,0.5290322580645161
9999955_00000_d_0000386.jpg,57,YOLOv13-L,YOLOv13-X,False,0.819047619047619,0.822429906542056,0.0033822874944370307,0.6675797223333234,0.6542056074766356,0.7176953601924354,0.6792452830188679,0.7876774458873284,0.819047619047619,0.7836908922641662,0.822429906542056
9999998_00160_d_0000135.jpg,58,YOLOv13-L,YOLOv13-X,False,0.8288288288288289,0.831858407079646,0.0030295782508170666,0.6845580033239331,0.7454545454545455,0.7050640808027335,0.8,0.7524098889595406,0.8288288288288289,0.7518492170796812,0.831858407079646
9999942_00000_d_0000069.jpg,116,YOLOv13-X,YOLOv13-L,False,0.8173076923076923,0.8202764976958526,0.002968805388160356,0.6750381212205243,0.7476635514018692,0.7268744163296947,0.7636363636363636,0.7706004521386141,0.8202764976958526,0.7804066655638496,0.8173076923076923
0000334_02941_d_0000036.jpg,126,YOLOv13-X,YOLOv13-L,False,0.5483870967741935,0.5513513513513514,0.0029642545771578765,0.65923275502701,0.4858757062146892,0.6908743389297428,0.5227272727272727,0.7359677700638454,0.5513513513513514,0.7482178123758949,0.5483870967741935
9999967_00000_d_0000055.jpg,62,YOLOv13-X,YOLOv13-L,False,0.6111111111111109,0.6140350877192983,0.0029239766081873286,0.5431656521408355,0.5471698113207547,0.6294373136856192,0.5660377358490567,0.7000672897336752,0.6140350877192983,0.7019727989499793,0.6111111111111109
9999955_00000_d_0000416.jpg,19,YOLOv13-L,YOLOv13-X,False,0.9444444444444444,0.9473684210526316,0.0029239766081872176,0.7764355042806828,0.6976744186046512,0.8281400739988526,0.8947368421052632,0.879850356890805,0.9444444444444444,0.8753440179697285,0.9473684210526316
0000085_00399_d_0000009.jpg,82,YOLOv13-X,YOLOv13-S,False,0.64,0.6428571428571429,0.0028571428571428914,0.5535714165779422,0.5238095238095238,0.6573007609032359,0.6428571428571429,0.7362226872715515,0.6298342541436464,0.7402889415277852,0.64
9999999_00031_d_0000004.jpg,25,YOLOv13-L,YOLOv13-X,False,0.923076923076923,0.925925925925926,0.002849002849003024,0.865260594676751,0.8399999999999999,0.8955001583660882,0.8979591836734694,0.9211076874759347,0.923076923076923,0.9117378797467806,0.925925925925926
9999998_00066_d_0000051.jpg,187,YOLOv13-X,YOLOv13-L,False,0.6990291262135923,0.701639344262295,0.0026102180487027615,0.57298740354193,0.6193548387096774,0.6342769415169867,0.6819672131147542,0.7001758808510465,0.701639344262295,0.71089384964337,0.6990291262135923
9999970_00000_d_0000046.jpg,99,YOLOv13-X,YOLOv13-L,False,0.7027027027027027,0.7052631578947368,0.0025604551920340723,0.5124089353430614,0.5745856353591161,0.5880073515999015,0.6810810810810811,0.6663193607050106,0.7052631578947368,0.6753992732634228,0.7027027027027027
0000197_03351_d_0000154.jpg,171,YOLOv13-X,YOLOv13-L,False,0.3539823008849557,0.3565217391304347,0.002539438245479031,0.36626910492393167,0.2536585365853658,0.4733833854297966,0.3303571428571428,0.5281942021009393,0.3565217391304347,0.536325602116673,0.3539823008849557
9999945_00000_d_0000073.jpg,36,YOLOv13-L,YOLOv13-X,False,0.911764705882353,0.9142857142857144,0.0025210084033613356,0.6117624322869973,0.7941176470588235,0.6884788059143269,0.7999999999999999,0.763939711625799,0.911764705882353,0.7562890749665315,0.9142857142857144
9999991_00000_d_0000027.jpg,84,YOLOv13-X,YOLOv13-L,False,0.7975460122699387,0.8,0.0024539877300613355,0.48082909820415715,0.5342465753424658,0.5522418272915997,0.6289308176100629,0.6086250181322583,0.8,0.6141662957379785,0.7975460122699387
0000142_00458_d_0000025.jpg,217,YOLOv13-X,YOLOv13-L,False,0.5977653631284915,0.6,0.0022346368715084886,0.5418901163773547,0.4901408450704225,0.5991300587551851,0.5224719101123596,0.6752895728554936,0.6,0.6856577117161259,0.5977653631284915
9999937_00000_d_0000222.jpg,84,YOLOv13-L,YOLOv13-X,False,0.4786324786324786,0.48,0.0013675213675213849,0.6490045165945456,0.3684210526315789,0.7074289550416247,0.4201680672268908,0.7803726944871168,0.4786324786324786,0.7765211211068616,0.48
9999955_00000_d_0000220.jpg,60,YOLOv13-X,YOLOv13-L,False,0.7130434782608696,0.7142857142857142,0.001242236024844634,0.5046345331255493,0.6363636363636365,0.5693624665581016,0.6608695652173913,0.6465592585450366,0.7142857142857142,0.6482864431113889,0.7130434782608696
9999951_00000_d_0000166.jpg,29,YOLOv13-L,YOLOv13-X,False,0.9655172413793104,0.9666666666666666,0.001149425287356176,0.783394934001558,0.912280701754386,0.8061398060043431,0.9180327868852458,0.8600996128225267,0.9655172413793104,0.8513839832912778,0.9666666666666666
9999942_00000_d_0000110.jpg,43,YOLOv13-L,YOLOv13-X,False,0.8181818181818183,0.8192771084337349,0.0010952902519165697,0.6652683263241518,0.7105263157894738,0.725576888268209,0.7272727272727273,0.7686074262709836,0.8181818181818183,0.766732808061342,0.8192771084337349
9999967_00000_d_0000022.jpg,104,YOLOv13-X,YOLOv13-L,False,0.5818181818181818,0.5828571428571429,0.0010389610389610615,0.5112408687612198,0.3949044585987261,0.5574454554197463,0.4814814814814814,0.6396262808467141,0.5828571428571429,0.6468685365955186,0.5818181818181818
9999966_00000_d_0000091.jpg,129,YOLOv13-L,YOLOv13-X,False,0.5145631067961166,0.5154639175257733,0.0009008107296566426,0.4378380181671377,0.2988505747126436,0.509312394399395,0.3736263736263736,0.6089912056159004,0.5145631067961166,0.5924222052897472,0.5154639175257733
9999997_00000_d_0000035.jpg,26,YOLOv13-X,YOLOv13-L,False,0.8076923076923077,0.8085106382978723,0.0008183306055645767,0.5739082465418673,0.6956521739130435,0.6206311839448437,0.7391304347826088,0.6653435646491855,0.8085106382978723,0.680110140762893,0.8076923076923077
9999999_00239_d_0000102.jpg,54,YOLOv13-L,YOLOv13-X,False,0.6808510638297872,0.6813186813186813,0.00046761748889412313,0.6273074424754206,0.3478260869565218,0.6871846939746944,0.5185185185185185,0.7540939907905743,0.6808510638297872,0.7459309708090522,0.6813186813186813
0000195_00815_d_0000130.jpg,89,YOLOv13-X,YOLOv13-L,False,0.5957446808510638,0.5960264900662252,0.00028180921516141044,0.4325314757704515,0.4172661870503597,0.5019724594251347,0.5072463768115942,0.5811782415962284,0.5960264900662252,0.5904134800879497,0.5957446808510638
9999951_00000_d_0000006.jpg,30,YOLOv13-X,YOLOv13-L,False,0.6666666666666665,0.6666666666666666,1.1102230246251565e-16,0.41858313134415825,0.4186046511627906,0.49957012380180527,0.5416666666666666,0.597449740367529,0.6666666666666666,0.6074741670947219,0.6666666666666665
9999997_00000_d_0000067.jpg,23,YOLOv13-X,YOLOv13-X,True,0.8636363636363636,0.8636363636363636,0.0,0.6446430095966297,0.6666666666666666,0.7124450738583781,0.8095238095238095,0.7625783873498213,0.8372093023255814,0.772381541265717,0.8636363636363636
9999951_00000_d_0000239.jpg,75,YOLOv13-X,YOLOv13-X,True,0.8192771084337349,0.8192771084337349,0.0,0.5649091554810669,0.7126436781609197,0.6215278804295153,0.7428571428571429,0.6860919202250119,0.8165680473372782,0.6920159865769138,0.8192771084337349
9999977_00000_d_0000017.jpg,43,YOLOv13-X,YOLOv13-X,True,0.5454545454545454,0.5454545454545454,0.0,0.5766620889661284,0.4918032786885246,0.6111073333365782,0.5,0.6826698680923722,0.53125,0.6919203749835596,0.5454545454545454
9999987_00000_d_0000026.jpg,91,YOLOv13-X,YOLOv13-X,True,0.5185185185185185,0.5185185185185185,0.0,0.45713514960099755,0.375,0.5016203312913263,0.4122137404580152,0.5884200833732933,0.5147058823529412,0.6041660651337074,0.5185185185185185
9999966_00000_d_0000090.jpg,204,YOLOv13-X,YOLOv13-X,True,0.6193181818181819,0.6193181818181819,0.0,0.5046141949312422,0.3936507936507936,0.5554575115759957,0.484472049689441,0.6442685184404531,0.6106442577030812,0.6639338090759354,0.6193181818181819
9999951_00000_d_0000332.jpg,8,YOLOv13-L,YOLOv13-L,True,0.7999999999999999,0.7999999999999999,0.0,0.4481256815934978,0.5714285714285715,0.5182803919996346,0.6666666666666666,0.6179629062151153,0.7999999999999999,0.5921517013728828,0.7999999999999999
9999964_00000_d_0000083.jpg,15,YOLOv13-S,YOLOv13-S,True,1.0,1.0,0.0,0.9491217297735719,0.967741935483871,0.9703757915097214,1.0,0.9693932759062623,1.0,0.9675496756552178,0.967741935483871
0000266_08201_d_0000276.jpg,8,YOLOv13-L,YOLOv13-L,True,0.8571428571428571,0.8571428571428571,0.0,0.5060073706605795,0.5,0.5594559634770447,0.6666666666666666,0.6522467569776649,0.8571428571428571,0.6267561866686305,0.8571428571428571
9999937_00000_d_0000228.jpg,107,YOLOv13-X,YOLOv13-X,True,0.2900763358778625,0.2900763358778625,0.0,0.5676753750710095,0.2615384615384615,0.6333018214697159,0.2539682539682539,0.6995587868281608,0.28125,0.7015915278511128,0.2900763358778625
9999960_00000_d_0000122.jpg,43,YOLOv13-X,YOLOv13-X,True,0.9032258064516128,0.9032258064516128,0.0,0.7346780358101388,0.8314606741573034,0.7685646464510895,0.8571428571428572,0.8427269887906513,0.8842105263157894,0.8522531387335,0.9032258064516128
9999951_00000_d_0000331.jpg,26,YOLOv13-X,YOLOv13-X,True,0.7307692307692306,0.7307692307692306,0.0,0.5410606404148034,0.4736842105263157,0.584505120200665,0.6666666666666666,0.6846122917853226,0.7234042553191489,0.6846294278114843,0.7307692307692306
9999942_00000_d_0000256.jpg,34,YOLOv13-L,YOLOv13-L,True,0.6557377049180328,0.6557377049180328,0.0,0.4580148157215163,0.4912280701754386,0.5358846819094369,0.5714285714285714,0.6084234868513658,0.6557377049180328,0.6029967735485349,0.5573770491803278
9999999_00119_d_0000044.jpg,53,YOLOv13-L,YOLOv13-L,True,0.9306930693069309,0.9306930693069309,0.0,0.6480468149323492,0.811881188118812,0.6923189721021827,0.8333333333333334,0.75419634795836,0.9306930693069309,0.746144220631379,0.8932038834951457
9999998_00077_d_0000062.jpg,135,YOLOv13-X,YOLOv13-X,True,0.6146788990825688,0.6146788990825688,0.0,0.5684751033315013,0.4864864864864865,0.6274926487224478,0.5610859728506787,0.6934962976785626,0.5882352941176471,0.6997812076724952,0.6146788990825688
9999999_00765_d_0000350.jpg,99,YOLOv13-X,YOLOv13-L,False,0.6144578313253012,0.6144578313253012,0.0,0.4478993472049201,0.4563758389261744,0.5025133395400064,0.525,0.5842486986259019,0.6144578313253012,0.5857798514210729,0.6144578313253012
9999951_00000_d_0000115.jpg,54,YOLOv13-L,YOLOv13-L,True,0.9818181818181818,0.9818181818181818,0.0,0.8788420089220195,0.9310344827586208,0.8972799280623346,0.9464285714285714,0.9239539151706514,0.9818181818181818,0.9233795947040222,0.9818181818181818
9999955_00000_d_0000308.jpg,85,YOLOv13-X,YOLOv13-X,True,0.5942028985507246,0.5942028985507246,0.0,0.5269739164374379,0.390625,0.5838314061145938,0.4475524475524475,0.6609085804818418,0.5734265734265734,0.6665430849797239,0.5942028985507246
9999951_00000_d_0000066.jpg,54,YOLOv13-X,YOLOv13-X,True,0.5957446808510639,0.5957446808510639,0.0,0.5335538266289246,0.4,0.5824074448243881,0.5111111111111111,0.670222104924019,0.5494505494505494,0.6714495597890924,0.5957446808510639
9999942_00000_d_0000223.jpg,42,YOLOv13-L,YOLOv13-L,True,0.7105263157894737,0.7105263157894737,0.0,0.7180972567060354,0.5714285714285714,0.7743382333970945,0.6575342465753424,0.8427076354039725,0.7105263157894737,0.8395808552804187,0.684931506849315
9999955_00000_d_0000128.jpg,26,YOLOv13-L,YOLOv13-L,True,0.8799999999999999,0.8799999999999999,0.0,0.6400869450031741,0.8076923076923077,0.6738092724797634,0.8679245283018868,0.7205711525193245,0.8799999999999999,0.7127278204506544,0.8627450980392156
9999984_00000_d_0000096.jpg,50,YOLOv13-L,YOLOv13-L,True,0.3428571428571428,0.3428571428571428,0.0,0.27692849894478977,0.1785714285714285,0.3645859961186908,0.2985074626865671,0.4719624289556204,0.3428571428571428,0.4305881224692616,0.3428571428571428
9999964_00000_d_0000044.jpg,76,YOLOv13-L,YOLOv13-L,True,0.7972972972972973,0.7972972972972973,0.0,0.6454536721301242,0.6394557823129252,0.6952001416697191,0.7222222222222222,0.7629460637812885,0.7972972972972973,0.7588092069994845,0.7763157894736842
9999956_00000_d_0000027.jpg,50,YOLOv13-L,YOLOv13-L,True,0.782608695652174,0.782608695652174,0.0,0.7901039076647784,0.6419753086419753,0.8466854549814822,0.7191011235955057,0.9039627337840704,0.782608695652174,0.8914221508929168,0.7555555555555556
9999974_00000_d_0000028.jpg,21,YOLOv13-L,YOLOv13-S,False,0.9268292682926828,0.9268292682926828,0.0,0.8493228473712467,0.8421052631578947,0.8654934504396773,0.9268292682926828,0.880201907075509,0.9268292682926828,0.8530095620967368,0.8837209302325582
0000140_02277_d_0000005.jpg,229,YOLOv13-X,YOLOv13-X,True,0.6243386243386243,0.6243386243386243,0.0,0.6090724027279059,0.4527220630372494,0.6577770047518723,0.5068870523415978,0.7174645452394179,0.5925925925925926,0.7218517411948604,0.6243386243386243
9999999_00075_d_0000024.jpg,57,YOLOv13-X,YOLOv13-X,True,0.7346938775510203,0.7346938775510203,0.0,0.5944577853707707,0.5510204081632653,0.6771668629748383,0.6,0.7467496872919848,0.6881720430107527,0.7476252267987643,0.7346938775510203
9999953_00000_d_0000176.jpg,5,YOLOv13-L,YOLOv13-S,False,0.9090909090909092,0.9090909090909092,0.0,0.8025783670824317,0.8000000000000002,0.823515076286683,0.9090909090909092,0.8604771577772319,0.9090909090909092,0.8436313499719257,0.9090909090909092
9999977_00000_d_0000068.jpg,22,YOLOv13-L,YOLOv13-L,True,0.4313725490196078,0.4313725490196078,0.0,0.5797717479766321,0.3428571428571428,0.6305579682150653,0.35,0.6817049681144739,0.4313725490196078,0.6612983724419784,0.3636363636363636
9999982_00000_d_0000141.jpg,44,YOLOv13-L,YOLOv13-L,True,0.8433734939759037,0.8433734939759037,0.0,0.5583038140014104,0.7250000000000001,0.5937350378829069,0.7333333333333332,0.6792089485510819,0.8433734939759037,0.6638732072440117,0.8235294117647058
9999970_00000_d_0000020.jpg,165,YOLOv13-X,YOLOv13-X,True,0.5906432748538011,0.5906432748538011,0.0,0.5255534147640656,0.4929577464788733,0.575867630422354,0.5512367491166078,0.6568523857815546,0.5893416927899686,0.6605787655416283,0.5906432748538011
9999990_00000_d_0000022.jpg,70,YOLOv13-X,YOLOv13-X,True,0.746031746031746,0.746031746031746,0.0,0.6542048973704983,0.5454545454545454,0.7123124603361428,0.6611570247933883,0.7696031803355686,0.7258064516129034,0.7773552391993299,0.746031746031746
0000257_04069_d_0000064.jpg,43,YOLOv13-L,YOLOv13-L,True,0.8461538461538461,0.8461538461538461,0.0,0.7498352018246276,0.6756756756756758,0.7841794237104792,0.7397260273972602,0.8299988051953721,0.8461538461538461,0.8222975680550074,0.7848101265822784
9999953_00000_d_0000189.jpg,6,YOLOv13-L,YOLOv13-N,False,1.0,1.0,0.0,0.8165657126699564,1.0,0.8273834613116953,1.0,0.8673532778813321,1.0,0.838804283868477,0.923076923076923
9999966_00000_d_0000045.jpg,27,YOLOv13-X,YOLOv13-L,False,0.8928571428571429,0.8928571428571429,0.0,0.8839883925934414,0.8771929824561403,0.9051128705968975,0.8771929824561403,0.9206403911088228,0.8928571428571429,0.9215463756777283,0.8928571428571429
9999982_00000_d_0000016.jpg,10,YOLOv13-X,YOLOv13-S,False,0.5714285714285715,0.5714285714285715,0.0,0.35788483065406185,0.4615384615384615,0.45879102669278105,0.5714285714285715,0.5470728117323612,0.5714285714285715,0.5500660509075379,0.5714285714285715
0000100_02616_d_0000012.jpg,10,YOLOv13-L,YOLOv13-L,True,1.0,1.0,0.0,0.8401934901574349,0.9,0.844120936680873,0.9090909090909092,0.9090426724289017,1.0,0.8982925298262191,1.0
9999998_00183_d_0000147.jpg,25,YOLOv13-L,YOLOv13-L,True,0.8333333333333333,0.8333333333333333,0.0,0.7716235692686954,0.7916666666666667,0.7984015658368414,0.7659574468085107,0.8476355077032651,0.8333333333333333,0.8457573831194236,0.7916666666666667
0000179_00000_d_0000013.jpg,8,YOLOv13-L,YOLOv13-L,True,0.6666666666666666,0.6666666666666666,0.0,0.4301401344954185,0.1666666666666666,0.5084972518192608,0.4285714285714285,0.6098253120795619,0.6666666666666666,0.6081884467919669,0.5333333333333333
9999994_00000_d_0000069.jpg,44,YOLOv13-L,YOLOv13-L,True,0.4745762711864407,0.4745762711864407,0.0,0.716874502023845,0.3703703703703703,0.7451019343476324,0.3859649122807017,0.7916218472995108,0.4745762711864407,0.7825241915449712,0.4482758620689656
9999982_00000_d_0000052.jpg,4,YOLOv13-L,YOLOv13-L,True,0.8571428571428571,0.8571428571428571,0.0,0.6200509888054254,0.75,0.7060247123598772,0.75,0.775935876639869,0.8571428571428571,0.7577007375758518,0.8571428571428571
9999967_00000_d_0000049.jpg,52,YOLOv13-X,YOLOv13-X,True,0.7010309278350516,0.7010309278350516,0.0,0.5519141705316565,0.5,0.6110343173434677,0.6222222222222222,0.7189455118961251,0.6804123711340205,0.7199935458164126,0.7010309278350516
0000195_01518_d_0000134.jpg,140,YOLOv13-X,YOLOv13-X,True,0.3425414364640883,0.3425414364640883,0.0,0.40616161247007176,0.2117647058823529,0.47225880205065,0.3169398907103825,0.5497133348796571,0.3387978142076502,0.556579364379734,0.3425414364640883
9999981_00000_d_0000125.jpg,80,YOLOv13-L,YOLOv13-L,True,0.6987951807228916,0.6987951807228916,0.0,0.37470506540336634,0.4327485380116959,0.45979270226426094,0.5882352941176471,0.5695520980884585,0.6987951807228916,0.5574726198632524,0.6826347305389221
9999984_00000_d_0000033.jpg,32,YOLOv13-L,YOLOv13-L,True,0.2916666666666667,0.2916666666666667,0.0,0.18920839297579647,0.0555555555555555,0.2909434020141172,0.1304347826086956,0.3643457185708554,0.2916666666666667,0.3595803804476085,0.2666666666666666
9999967_00000_d_0000050.jpg,107,YOLOv13-L,YOLOv13-L,True,0.8380952380952381,0.8380952380952381,0.0,0.6883960839550372,0.6761904761904761,0.7380107940663285,0.7326732673267325,0.812842355371551,0.8380952380952381,0.8081807925932637,0.8269230769230769
9999937_00000_d_0000213.jpg,86,YOLOv13-X,YOLOv13-X,True,0.5538461538461539,0.5538461538461539,0.0,0.5704798836654447,0.396694214876033,0.6274183991129146,0.459016393442623,0.7015876616344802,0.5040650406504064,0.709349940576351,0.5538461538461539
9999994_00000_d_0000104.jpg,87,YOLOv13-X,YOLOv13-L,False,0.6187050359712231,0.6187050359712231,0.0,0.5913955496173031,0.5211267605633803,0.6444617027423906,0.5797101449275363,0.7204727668075888,0.6187050359712231,0.7280437946797463,0.6187050359712231
0000225_00939_d_0000003.jpg,48,YOLOv13-L,YOLOv13-L,True,0.8604651162790697,0.8604651162790697,0.0,0.5284289851263209,0.7472527472527473,0.5662002068488636,0.7865168539325843,0.6300086965364985,0.8604651162790697,0.6257762757371951,0.7674418604651162
9999942_00000_d_0000043.jpg,44,YOLOv13-L,YOLOv13-L,True,0.875,0.875,0.0,0.6509769209152483,0.7727272727272727,0.707136791593044,0.7608695652173914,0.7725640761734267,0.875,0.7705428127497673,0.8510638297872342
9999991_00000_d_0000012.jpg,55,YOLOv13-X,YOLOv13-X,True,0.8076923076923076,0.8076923076923076,0.0,0.6550069064677703,0.6808510638297872,0.7041678583689301,0.761904761904762,0.7531357744082485,0.780952380952381,0.7600197518775457,0.8076923076923076
0000257_02550_d_0000055.jpg,53,YOLOv13-L,YOLOv13-L,True,0.9514563106796116,0.9514563106796116,0.0,0.7643605784803243,0.8909090909090909,0.8105111659437121,0.9245283018867924,0.8510006288569126,0.9514563106796116,0.8393439788085357,0.9514563106796116
9999998_00436_d_0000388.jpg,53,YOLOv13-X,YOLOv13-X,True,0.8712871287128713,0.8712871287128713,0.0,0.7139311286922603,0.7692307692307692,0.7644321937794896,0.796116504854369,0.8241108231143732,0.8431372549019608,0.8254599710113011,0.8712871287128713
9999985_00000_d_0000048.jpg,13,YOLOv13-L,YOLOv13-L,True,0.7826086956521738,0.7826086956521738,0.0,0.8749376055109082,0.7272727272727274,0.8896051522401628,0.64,0.9111208763181111,0.7826086956521738,0.9092831969338182,0.7500000000000001
9999951_00000_d_0000246.jpg,9,YOLOv13-X,YOLOv13-L,False,1.0,1.0,0.0,0.5331205647678552,0.7000000000000001,0.5973555115894527,0.8888888888888888,0.6652596123341405,1.0,0.6899798846670789,1.0
9999962_00000_d_0000159.jpg,54,YOLOv13-L,YOLOv13-L,True,0.7884615384615384,0.7884615384615384,0.0,0.725987333095855,0.6736842105263158,0.7754971948916861,0.7010309278350516,0.835520534584309,0.7884615384615384,0.8353607369716541,0.7524752475247524
9999951_00000_d_0000257.jpg,43,YOLOv13-L,YOLOv13-L,True,1.0,1.0,0.0,0.8366547491325096,0.878048780487805,0.8602597215064247,0.9411764705882352,0.8965192230663257,1.0,0.8887186975968822,0.9213483146067416
0000325_03201_d_0000678.jpg,178,YOLOv13-X,YOLOv13-X,True,0.8057971014492753,0.8057971014492753,0.0,0.5441901699545347,0.679245283018868,0.6068443464598217,0.6956521739130433,0.671440081090134,0.7952522255192878,0.6769083212746395,0.8057971014492753
9999991_00000_d_0000010.jpg,52,YOLOv13-L,YOLOv13-L,True,0.888888888888889,0.888888888888889,0.0,0.7468646370907931,0.8224299065420562,0.8024052547601181,0.7927927927927929,0.8453421355580045,0.888888888888889,0.8440978106272247,0.8518518518518519
9999999_00249_d_0000107.jpg,136,YOLOv13-X,YOLOv13-X,True,0.6074766355140188,0.6074766355140188,0.0,0.5291799156796949,0.4653465346534653,0.594984976656156,0.5741626794258373,0.6821299974728784,0.5990783410138248,0.6884174850421604,0.6074766355140188
9999982_00000_d_0000013.jpg,27,YOLOv13-L,YOLOv13-L,True,0.7999999999999999,0.7999999999999999,0.0,0.6354749043927587,0.72,0.6849597869767678,0.76,0.7496736491780729,0.7999999999999999,0.7275202338143412,0.7924528301886792
9999951_00000_d_0000038.jpg,38,YOLOv13-X,YOLOv13-X,True,0.7384615384615385,0.7384615384615385,0.0,0.5838327201158997,0.5573770491803278,0.6350277396063012,0.6229508196721311,0.6926944624221294,0.7000000000000001,0.6949297891655641,0.7384615384615385
9999999_00101_d_0000035.jpg,118,YOLOv13-X,YOLOv13-X,True,0.7203791469194313,0.7203791469194313,0.0,0.5728214067491929,0.6268656716417911,0.6454432843407921,0.6424870466321244,0.6977892437657628,0.6796116504854368,0.7067540145971654,0.7203791469194313
9999982_00000_d_0000139.jpg,37,YOLOv13-L,YOLOv13-L,True,0.6206896551724138,0.6206896551724138,0.0,0.44991027715179843,0.5925925925925927,0.508210479668729,0.5964912280701754,0.5751364601403756,0.6206896551724138,0.5659817023396239,0.5454545454545455
0000224_00251_d_0000002.jpg,63,YOLOv13-L,YOLOv13-L,True,0.7758620689655172,0.7758620689655172,0.0,0.646218958300228,0.6785714285714285,0.6910380524231919,0.6846846846846846,0.7536954347522706,0.7758620689655172,0.7522217138240307,0.743362831858407
0000243_01787_d_0000005.jpg,57,YOLOv13-X,YOLOv13-X,True,0.7567567567567567,0.7567567567567567,0.0,0.5686219440543847,0.5858585858585859,0.6177613509754274,0.6538461538461539,0.6909009559727097,0.7289719626168225,0.6967917892614285,0.7567567567567567
9999945_00000_d_0000165.jpg,12,YOLOv13-L,YOLOv13-L,True,0.7826086956521738,0.7826086956521738,0.0,0.8346114170549298,0.6363636363636365,0.852267278717564,0.6363636363636365,0.9081323985181108,0.7826086956521738,0.8949599921814824,0.6666666666666666
9999962_00000_d_0000062.jpg,35,YOLOv13-L,YOLOv13-L,True,0.88,0.88,0.0,0.7997547577445454,0.8450704225352113,0.8420387540003255,0.8378378378378378,0.8786169659143899,0.88,0.8755879534002846,0.88
0000040_03752_d_0000070.jpg,17,YOLOv13-L,YOLOv13-L,True,0.8125,0.8125,0.0,0.5983843784632933,0.7222222222222222,0.665659678968506,0.7647058823529412,0.7515309666930755,0.8125,0.7415008540676445,0.787878787878788
9999982_00000_d_0000214.jpg,49,YOLOv13-X,YOLOv13-X,True,0.7529411764705882,0.7529411764705882,0.0,0.5305216740940097,0.691358024691358,0.5859866835028997,0.6888888888888889,0.6617225920570871,0.7272727272727272,0.6766126744187047,0.7529411764705882
9999951_00000_d_0000291.jpg,60,YOLOv13-L,YOLOv13-L,True,0.7058823529411764,0.7058823529411764,0.0,0.6693135072628095,0.5957446808510638,0.7209434553992567,0.6597938144329898,0.7684174754898644,0.7058823529411764,0.7666058491725026,0.7058823529411764
9999999_00580_d_0000262.jpg,34,YOLOv13-L,YOLOv13-S,False,0.75,0.75,0.0,0.7243108853024568,0.6923076923076924,0.7631149442250172,0.75,0.8047146910451528,0.75,0.7933977910938488,0.75
9999975_00000_d_0000026.jpg,38,YOLOv13-L,YOLOv13-L,True,0.7878787878787878,0.7878787878787878,0.0,0.5778449438885872,0.6756756756756757,0.6187147456478722,0.742857142857143,0.704350147067845,0.7878787878787878,0.6836233259301776,0.7878787878787878
9999999_00320_d_0000140.jpg,151,YOLOv13-X,YOLOv13-X,True,0.5276595744680852,0.5276595744680852,0.0,0.40319231462277844,0.3738317757009345,0.47163997015619386,0.4363636363636363,0.5532778848168117,0.5112107623318386,0.5615518013062932,0.5276595744680852
9999953_00000_d_0000128.jpg,9,YOLOv13-X,YOLOv13-L,False,1.0,1.0,0.0,0.6649837130001207,0.9,0.7142492448502015,0.9,0.7637054947157971,1.0,0.765543017985297,1.0
9999999_00203_d_0000084.jpg,109,YOLOv13-X,YOLOv13-X,True,0.6333333333333333,0.6333333333333333,0.0,0.6292954533016859,0.4814814814814814,0.6987583492883359,0.5632183908045978,0.7570783838549554,0.6127167630057804,0.7616932347865211,0.6333333333333333
9999990_00000_d_0000021.jpg,23,YOLOv13-L,YOLOv13-L,True,0.9777777777777776,0.9777777777777776,0.0,0.7980903824519275,0.8260869565217391,0.8214471265161245,0.9302325581395348,0.8720764896806565,0.9777777777777776,0.8502770171640892,0.9545454545454544
9999937_00000_d_0000115.jpg,16,YOLOv13-L,YOLOv13-L,True,1.0,1.0,0.0,0.9268760532956037,0.9375,0.943839566718529,0.9696969696969696,0.954551842062018,1.0,0.9461601001434317,1.0
0000309_01001_d_0000338.jpg,52,YOLOv13-X,YOLOv13-X,True,0.854368932038835,0.854368932038835,0.0,0.5535800918560847,0.7096774193548387,0.613762459243078,0.7551020408163265,0.6741221888035217,0.8118811881188118,0.6758093844659786,0.854368932038835
0000293_02401_d_0000934.jpg,113,YOLOv13-L,YOLOv13-L,True,0.6126126126126127,0.6126126126126127,0.0,0.5369003000176543,0.4672897196261683,0.5981960828990994,0.5164319248826292,0.6874465067880747,0.6126126126126127,0.6847468362170234,0.593607305936073
9999982_00000_d_0000101.jpg,32,YOLOv13-X,YOLOv13-X,True,0.8,0.8,0.0,0.601541289144044,0.5777777777777777,0.6281074551361819,0.6545454545454547,0.6427897937441563,0.75,0.6528763688896939,0.8
0000165_06325_d_0000115.jpg,49,YOLOv13-L,YOLOv13-L,True,0.6595744680851063,0.6595744680851063,0.0,0.5378852963182776,0.4050632911392404,0.607250082368906,0.3953488372093023,0.7137998348511077,0.6595744680851063,0.7118304814935653,0.5842696629213483
9999967_00000_d_0000061.jpg,76,YOLOv13-X,YOLOv13-X,True,0.7050359712230216,0.7050359712230216,0.0,0.6406260322693648,0.5,0.7001445758225281,0.5797101449275363,0.7629759076128575,0.6887417218543047,0.7732801795172,0.7050359712230216
9999994_00000_d_0000024.jpg,72,YOLOv13-X,YOLOv13-X,True,0.672566371681416,0.672566371681416,0.0,0.5473831902842181,0.5405405405405406,0.6000259267638541,0.5535714285714286,0.6599474884667257,0.6666666666666667,0.6654095083098762,0.672566371681416
0000196_00553_d_0000136.jpg,80,YOLOv13-X,YOLOv13-X,True,0.4963503649635036,0.4963503649635036,0.0,0.4240713277493511,0.3826086956521739,0.4863762607245182,0.3387096774193549,0.5575534233995385,0.4864864864864864,0.5632556505172015,0.4963503649635036
0000261_03501_d_0000132.jpg,17,YOLOv13-L,YOLOv13-L,True,0.8571428571428571,0.8571428571428571,0.0,0.6920184058187987,0.5882352941176471,0.7379523590324424,0.6875,0.8190935898109524,0.8571428571428571,0.8147884093583423,0.8571428571428571
9999962_00000_d_0000147.jpg,29,YOLOv13-L,YOLOv13-L,True,0.9206349206349206,0.9206349206349206,0.0,0.6090809300078721,0.7826086956521738,0.6736596683313314,0.8571428571428571,0.7638537027580822,0.9206349206349206,0.7421395982160286,0.8615384615384615
9999969_00000_d_0000018.jpg,60,YOLOv13-X,YOLOv13-X,True,0.8799999999999999,0.8799999999999999,0.0,0.5393000488390933,0.6666666666666666,0.6170719908194298,0.7258064516129032,0.701879774426709,0.8031496062992126,0.7087637354261371,0.8799999999999999
9999962_00000_d_0000050.jpg,19,YOLOv13-L,YOLOv13-N,False,0.8947368421052632,0.8947368421052632,0.0,0.8401799521765503,0.8947368421052632,0.8548338755152824,0.8500000000000001,0.8981245719362307,0.8947368421052632,0.8881486254994155,0.8717948717948718
9999956_00000_d_0000063.jpg,20,YOLOv13-L,YOLOv13-L,True,0.9743589743589745,0.9743589743589745,0.0,0.6097964535743191,0.7567567567567567,0.6475374289624793,0.7894736842105262,0.686460519216687,0.9743589743589745,0.682573456970649,0.9523809523809524
0000325_02801_d_0000676.jpg,98,YOLOv13-X,YOLOv13-X,True,0.7272727272727272,0.7272727272727272,0.0,0.6089322925629856,0.6181818181818182,0.6618782941606005,0.6783625730994152,0.7319953023412918,0.718232044198895,0.7435380396460173,0.7272727272727272
9999942_00000_d_0000226.jpg,33,YOLOv13-L,YOLOv13-L,True,0.8656716417910447,0.8656716417910447,0.0,0.833839402398539,0.8571428571428572,0.8659254151221946,0.8285714285714285,0.8930374303859653,0.8656716417910447,0.8838722238159141,0.8484848484848486
9999942_00000_d_0000105.jpg,25,YOLOv13-X,YOLOv13-X,True,0.8679245283018867,0.8679245283018867,0.0,0.8960040715738634,0.8399999999999999,0.9000715013138606,0.8571428571428572,0.9240114837692376,0.8214285714285714,0.9246143545600615,0.8679245283018867
9999953_00000_d_0000075.jpg,24,YOLOv13-X,YOLOv13-X,True,0.7999999999999999,0.7999999999999999,0.0,0.47543770959025616,0.5238095238095238,0.5454615950372851,0.7142857142857143,0.6513684122399508,0.6956521739130435,0.6601275545047937,0.7999999999999999
9999989_00000_d_0000007.jpg,28,YOLOv13-X,YOLOv13-X,True,0.5957446808510638,0.5957446808510638,0.0,0.5408864582900089,0.4761904761904762,0.5969147525188945,0.5365853658536585,0.6536245479111975,0.5116279069767441,0.6588079671702711,0.5957446808510638
9999942_00000_d_0000210.jpg,31,YOLOv13-L,YOLOv13-L,True,0.935483870967742,0.935483870967742,0.0,0.8235921749720961,0.875,0.8580384611898821,0.9,0.9002549563494164,0.935483870967742,0.8940918913930133,0.8888888888888888
9999955_00000_d_0000043.jpg,18,YOLOv13-L,YOLOv13-L,True,0.9411764705882352,0.9411764705882352,0.0,0.6437935371982235,0.75,0.7025531520836298,0.9142857142857144,0.7165470736742876,0.9411764705882352,0.7161671169363794,0.9090909090909092
9999956_00000_d_0000016.jpg,15,YOLOv13-L,YOLOv13-S,False,0.689655172413793,0.689655172413793,0.0,0.5652766379790451,0.6153846153846153,0.6214822756638485,0.689655172413793,0.6973648746283323,0.689655172413793,0.6886233580799838,0.5
0000076_04200_d_0000014.jpg,15,YOLOv13-L,YOLOv13-L,True,1.0,1.0,0.0,0.8212587626964658,0.9655172413793104,0.8510689500538198,0.9375,0.9070397822489312,1.0,0.8817872470065716,1.0
9999955_00000_d_0000127.jpg,17,YOLOv13-L,YOLOv13-L,True,0.9714285714285714,0.9714285714285714,0.0,0.8375981147439018,0.8888888888888888,0.859216979981823,0.9411764705882352,0.8997878193513049,0.9714285714285714,0.8896226493804182,0.9714285714285714
9999985_00000_d_0000042.jpg,43,YOLOv13-L,YOLOv13-L,True,0.6933333333333334,0.6933333333333334,0.0,0.6260074709692025,0.5866666666666667,0.6846639686612093,0.6250000000000001,0.7631956136485961,0.6933333333333334,0.7551346900070313,0.6341463414634145
9999990_00000_d_0000039.jpg,63,YOLOv13-X,YOLOv13-X,True,0.6491228070175439,0.6491228070175439,0.0,0.5821762659327563,0.5233644859813084,0.6388911213355601,0.6071428571428572,0.698370689094228,0.6379310344827586,0.7007473403458021,0.6491228070175439
9999962_00000_d_0000031.jpg,31,YOLOv13-L,YOLOv13-L,True,0.918032786885246,0.918032786885246,0.0,0.7166336398701519,0.819672131147541,0.7719735720379167,0.8387096774193549,0.8000750320472249,0.918032786885246,0.7967830486686304,0.90625
9999943_00000_d_0000010.jpg,89,YOLOv13-L,YOLOv13-L,True,0.9204545454545454,0.9204545454545454,0.0,0.7784374661060885,0.797752808988764,0.8239829615192368,0.8700564971751412,0.8613134832302025,0.9204545454545454,0.8549217299841413,0.875
9999945_00000_d_0000093.jpg,77,YOLOv13-X,YOLOv13-L,False,0.3877551020408163,0.3877551020408163,0.0,0.5213935822351334,0.3505154639175257,0.5757500501591807,0.3711340206185566,0.6464403835509411,0.3877551020408163,0.6517261236524867,0.3877551020408163
9999972_00000_d_0000108.jpg,37,YOLOv13-L,YOLOv13-L,True,0.8405797101449275,0.8405797101449275,0.0,0.6563515729386961,0.6857142857142857,0.7127014592321502,0.7428571428571429,0.7916917475828302,0.8405797101449275,0.7810699549506724,0.8405797101449275
9999953_00000_d_0000032.jpg,20,YOLOv13-L,YOLOv13-L,True,1.0,1.0,0.0,0.7292594646695302,0.8000000000000002,0.7610489010500248,0.9268292682926828,0.8236228379270004,1.0,0.8169965095479977,0.9523809523809524
9999945_00000_d_0000031.jpg,14,YOLOv13-L,YOLOv13-L,True,0.8333333333333333,0.8333333333333333,0.0,0.8246290771445948,0.7272727272727273,0.8339853665669111,0.6956521739130435,0.8881736371521768,0.8333333333333333,0.8490050312655474,0.782608695652174
9999999_00344_d_0000151.jpg,106,YOLOv13-L,YOLOv13-L,True,0.6524064171122994,0.6524064171122994,0.0,0.44910808276528585,0.4767441860465117,0.5088048889397982,0.5921787709497207,0.6043685174438279,0.6524064171122994,0.6000985971511498,0.6195652173913043
0000177_00374_d_0000003.jpg,4,YOLOv13-X,YOLOv13-N,False,1.0,1.0,0.0,0.6258802439515491,1.0,0.7241786843904059,1.0,0.7522013226006473,1.0,0.7633854900095141,1.0
9999974_00000_d_0000030.jpg,48,YOLOv13-L,YOLOv13-L,True,0.8913043478260869,0.8913043478260869,0.0,0.7611417797091682,0.7526881720430108,0.8074323882490803,0.8666666666666666,0.8456185951058536,0.8913043478260869,0.8408289914710383,0.8791208791208791
9999953_00000_d_0000220.jpg,8,YOLOv13-L,YOLOv13-N,False,1.0,1.0,0.0,0.8082801909057088,1.0,0.8070181111221894,0.9411764705882352,0.8516508474051482,1.0,0.8440105016796537,1.0
9999972_00000_d_0000142.jpg,51,YOLOv13-X,YOLOv13-X,True,0.8125,0.8125,0.0,0.4697449491976556,0.4827586206896552,0.5357022594474306,0.6521739130434783,0.5969203969169115,0.8085106382978724,0.6190859428061158,0.8125
0000076_03315_d_0000011.jpg,114,YOLOv13-X,YOLOv13-X,True,0.7150259067357513,0.7150259067357513,0.0,0.6542060574860684,0.6051282051282051,0.7106772001604201,0.6153846153846153,0.7820936624098265,0.7135678391959799,0.7858066371444874,0.7150259067357513
0000173_01180_d_0000001.jpg,94,YOLOv13-X,YOLOv13-X,True,0.6153846153846153,0.6153846153846153,0.0,0.4298304702684429,0.4148148148148148,0.51433373340405,0.4864864864864864,0.5968672967512861,0.5847953216374269,0.6088995857633066,0.6153846153846153
9999937_00000_d_0000102.jpg,84,YOLOv13-X,YOLOv13-X,True,0.4333333333333334,0.4333333333333334,0.0,0.46517971128575136,0.3362831858407079,0.5292248483889489,0.3859649122807017,0.591514257617617,0.4273504273504273,0.6120421409117203,0.4333333333333334
9999990_00000_d_0000043.jpg,51,YOLOv13-X,YOLOv13-X,True,0.6526315789473683,0.6526315789473683,0.0,0.47750478281916436,0.5225225225225224,0.5486227440940024,0.6060606060606061,0.6087053204923701,0.6105263157894737,0.6123274425371886,0.6526315789473683
0000352_01177_d_0000545.jpg,130,YOLOv13-X,YOLOv13-L,False,0.6376811594202898,0.6376811594202898,0.0,0.5914902523887821,0.5024630541871921,0.6493401539139304,0.5631067961165048,0.7206109297693238,0.6376811594202898,0.7256171903289008,0.6376811594202898
9999942_00000_d_0000258.jpg,16,YOLOv13-L,YOLOv13-L,True,0.8823529411764706,0.8823529411764706,0.0,0.7189202307133569,0.7741935483870969,0.7811152353513553,0.7333333333333334,0.8692078183576938,0.8823529411764706,0.855212429583897,0.8484848484848485
9999942_00000_d_0000010.jpg,20,YOLOv13-X,YOLOv13-X,True,0.975609756097561,0.975609756097561,0.0,0.7736478974737416,0.8837209302325583,0.8131619540368571,0.85,0.8640051786638798,0.9047619047619048,0.8650717249251749,0.975609756097561
9999943_00000_d_0000041.jpg,27,YOLOv13-X,YOLOv13-X,True,0.75,0.75,0.0,0.5011788165885737,0.5238095238095238,0.588820463974536,0.6956521739130435,0.6307015675476777,0.7391304347826088,0.6423025382040092,0.75
9999962_00000_d_0000121.jpg,66,YOLOv13-L,YOLOv13-L,True,0.9172932330827068,0.9172932330827068,0.0,0.729749518923481,0.8181818181818182,0.775054845175418,0.8661417322834646,0.8419807782533082,0.9172932330827068,0.8341616354372506,0.9037037037037036
9999966_00000_d_0000093.jpg,80,YOLOv13-X,YOLOv13-X,True,0.5238095238095237,0.5238095238095237,0.0,0.5343314854027382,0.297029702970297,0.6016460114320649,0.4067796610169491,0.6963522254871157,0.5076923076923077,0.7073674828819404,0.5238095238095237
9999967_00000_d_0000044.jpg,39,YOLOv13-X,YOLOv13-X,True,0.8461538461538461,0.8461538461538461,0.0,0.5196197987910367,0.6265060240963856,0.5914969581832492,0.7297297297297296,0.6757311835281284,0.7692307692307693,0.6797052466186578,0.8461538461538461
9999937_00000_d_0000089.jpg,170,YOLOv13-L,YOLOv13-L,True,0.3148148148148149,0.3148148148148149,0.0,0.4955911656465975,0.2051282051282051,0.556816325002484,0.2613065326633166,0.6183921236200184,0.3148148148148149,0.6101959909476896,0.3127962085308057
9999955_00000_d_0000196.jpg,27,YOLOv13-X,YOLOv13-X,True,0.6046511627906976,0.6046511627906976,0.0,0.40848333082058047,0.3157894736842105,0.48150259620481634,0.3902439024390244,0.5276803768359284,0.5909090909090909,0.5695936073044703,0.6046511627906976
9999984_00000_d_0000174.jpg,16,YOLOv13-X,YOLOv13-L,False,0.5833333333333334,0.5833333333333334,0.0,0.38620434741713716,0.2727272727272727,0.4702639265903221,0.4347826086956521,0.4916570775585249,0.5833333333333334,0.5340440039994484,0.5833333333333334
9999972_00000_d_0000121.jpg,9,YOLOv13-X,YOLOv13-X,True,0.9411764705882352,0.9411764705882352,0.0,0.7447240631410154,0.823529411764706,0.7624113261764357,0.8888888888888888,0.7972435112701662,0.8888888888888888,0.8139177746649477,0.9411764705882352
9999942_00000_d_0000009.jpg,61,YOLOv13-L,YOLOv13-L,True,0.7868852459016392,0.7868852459016392,0.0,0.5232719272592125,0.5645161290322581,0.5922376314874307,0.734375,0.6738158477493221,0.7868852459016392,0.6642020434802471,0.7741935483870968
9999956_00000_d_0000110.jpg,17,YOLOv13-L,YOLOv13-L,True,0.8823529411764706,0.8823529411764706,0.0,0.5342922710042018,0.7027027027027027,0.5797802093717482,0.7647058823529412,0.6654695979420474,0.8823529411764706,0.6486866847773379,0.7567567567567567
9999955_00000_d_0000315.jpg,143,YOLOv13-X,YOLOv13-X,True,0.6861924686192469,0.6861924686192469,0.0,0.5835587690162716,0.5294117647058824,0.6372694536313454,0.6065573770491803,0.7097765423190058,0.6748971193415638,0.7190279066500928,0.6861924686192469
9999943_00000_d_0000015.jpg,37,YOLOv13-L,YOLOv13-L,True,0.8529411764705881,0.8529411764705881,0.0,0.7945575438836834,0.7714285714285715,0.8201608486064599,0.7887323943661971,0.8678306437863134,0.8529411764705881,0.8500126882703944,0.823529411764706
0000331_04601_d_0000864.jpg,43,YOLOv13-L,YOLOv13-L,True,0.8157894736842105,0.8157894736842105,0.0,0.7144282098493803,0.6666666666666666,0.7602926130856693,0.810810810810811,0.8034661350091118,0.8157894736842105,0.7957858003073479,0.810810810810811
0000080_00002_d_0000001.jpg,29,YOLOv13-L,YOLOv13-L,True,0.9,0.9,0.0,0.6009875033553066,0.7796610169491527,0.6809132022651644,0.8771929824561403,0.7700854415274808,0.9,0.7616061855670415,0.8571428571428572
9999962_00000_d_0000148.jpg,7,YOLOv13-X,YOLOv13-X,True,0.8235294117647058,0.8235294117647058,0.0,0.4622678676578453,0.375,0.5159445455515417,0.6666666666666665,0.6247228925146937,0.7999999999999999,0.6312675741231778,0.8235294117647058
9999999_00650_d_0000295.jpg,27,YOLOv13-X,YOLOv13-X,True,0.8888888888888888,0.8888888888888888,0.0,0.6041289846992692,0.631578947368421,0.646663784165727,0.7586206896551724,0.7145275004713884,0.8363636363636364,0.7164415306845682,0.8888888888888888
9999987_00000_d_0000060.jpg,21,YOLOv13-X,YOLOv13-L,False,0.9523809523809524,0.9523809523809524,0.0,0.47463496001760686,0.6938775510204083,0.554376023239174,0.7916666666666667,0.6187242964135294,0.9523809523809524,0.6288690862269719,0.9523809523809524
0000229_01203_d_0000004.jpg,77,YOLOv13-X,YOLOv13-X,True,0.7482014388489209,0.7482014388489209,0.0,0.5293525097372604,0.5833333333333334,0.588215346276148,0.6666666666666666,0.6556757912801069,0.6993006993006993,0.661290534664607,0.7482014388489209
9999960_00000_d_0000085.jpg,23,YOLOv13-X,YOLOv13-X,True,0.9361702127659574,0.9361702127659574,0.0,0.8161983408378751,0.8260869565217391,0.8436829796101392,0.8444444444444444,0.877716152798536,0.888888888888889,0.8783251073828373,0.9361702127659574
9999977_00000_d_0000066.jpg,43,YOLOv13-L,YOLOv13-L,True,0.8051948051948051,0.8051948051948051,0.0,0.6918303882088243,0.6666666666666666,0.7383648498148744,0.7179487179487181,0.80491563158161,0.8051948051948051,0.7888138917995031,0.7692307692307693
0000348_05489_d_0000434.jpg,22,YOLOv13-X,YOLOv13-X,True,0.8260869565217391,0.8260869565217391,0.0,0.6159958998758618,0.6521739130434783,0.6835474648193716,0.7906976744186046,0.7469467032512561,0.8181818181818182,0.7628083020175874,0.8260869565217391
9999937_00000_d_0000090.jpg,61,YOLOv13-X,YOLOv13-X,True,0.4791666666666666,0.4791666666666666,0.0,0.37562864629702625,0.3870967741935484,0.46126242404763906,0.4081632653061225,0.5487412094914819,0.4166666666666667,0.5605915559320093,0.4791666666666666
9999962_00000_d_0000069.jpg,44,YOLOv13-X,YOLOv13-L,False,0.9772727272727272,0.9772727272727272,0.0,0.8571640286876917,0.8837209302325582,0.8897871963844204,0.8809523809523809,0.908265153293832,0.9772727272727272,0.9097212156905723,0.9772727272727272
9999940_00000_d_0000091.jpg,35,YOLOv13-L,YOLOv13-L,True,0.8750000000000001,0.8750000000000001,0.0,0.7665094928534456,0.8484848484848486,0.8090203534712654,0.7761194029850748,0.8500751947933852,0.8750000000000001,0.8484699972026797,0.8615384615384616
9999942_00000_d_0000122.jpg,34,YOLOv13-L,YOLOv13-L,True,0.861111111111111,0.861111111111111,0.0,0.8061781017954474,0.7500000000000001,0.8325856345700043,0.8059701492537314,0.8738227747010502,0.861111111111111,0.8731082830524419,0.861111111111111
9999951_00000_d_0000286.jpg,70,YOLOv13-X,YOLOv13-X,True,0.6837606837606837,0.6837606837606837,0.0,0.673020475724129,0.5849056603773586,0.7260643874959116,0.6608695652173913,0.7575857120418236,0.6608695652173913,0.7625003946323691,0.6837606837606837
9999998_00294_d_0000247.jpg,37,YOLOv13-X,YOLOv13-X,True,0.6999999999999998,0.6999999999999998,0.0,0.7038652642122838,0.5964912280701754,0.7466598967727787,0.5614035087719298,0.7835765761763673,0.6333333333333333,0.7847598390468902,0.6999999999999998
0000248_01500_d_0000004.jpg,35,YOLOv13-L,YOLOv13-L,True,0.8656716417910447,0.8656716417910447,0.0,0.6673517134187836,0.8437500000000001,0.694771374777751,0.8615384615384616,0.756506036209316,0.8656716417910447,0.7514552672135554,0.8615384615384616
9999942_00000_d_0000179.jpg,36,YOLOv13-L,YOLOv13-L,True,0.6666666666666666,0.6666666666666666,0.0,0.7616957678228894,0.5762711864406781,0.7841038746041591,0.6031746031746033,0.8269169823529335,0.6666666666666666,0.8172626668085474,0.634920634920635
9999972_00000_d_0000154.jpg,21,YOLOv13-L,YOLOv13-L,True,0.7272727272727273,0.7272727272727273,0.0,0.5480707292435931,0.5,0.6250557016063297,0.4848484848484849,0.6710475346305776,0.7272727272727273,0.6470506262439923,0.7058823529411765
9999966_00000_d_0000069.jpg,13,YOLOv13-L,YOLOv13-S,False,1.0,1.0,0.0,0.7350900570953861,0.96,0.803397585895472,1.0,0.8430885226471984,1.0,0.8360223728996811,0.96
9999955_00000_d_0000407.jpg,44,YOLOv13-X,YOLOv13-X,True,0.8604651162790699,0.8604651162790699,0.0,0.6627430982737558,0.7764705882352942,0.7301821959003495,0.7741935483870968,0.7914420100001127,0.8505747126436781,0.7999667144210576,0.8604651162790699
9999985_00000_d_0000031.jpg,34,YOLOv13-L,YOLOv13-L,True,0.8767123287671232,0.8767123287671232,0.0,0.8546504115347778,0.8615384615384616,0.881562514913167,0.8484848484848485,0.9104880786223395,0.8767123287671232,0.8934911148205035,0.8378378378378379
9999990_00000_d_0000027.jpg,22,YOLOv13-L,YOLOv13-L,True,0.6285714285714286,0.6285714285714286,0.0,0.5402122634718058,0.4516129032258064,0.5960713802087224,0.3999999999999999,0.6625942480458532,0.6285714285714286,0.6593876999660911,0.5405405405405405
9999942_00000_d_0000070.jpg,36,YOLOv13-L,YOLOv13-L,True,0.9041095890410958,0.9041095890410958,0.0,0.8029787367769246,0.7999999999999999,0.8179011975569037,0.8285714285714286,0.8757828166749544,0.9041095890410958,0.8597194706980289,0.8857142857142858
0000008_02499_d_0000041.jpg,12,YOLOv13-L,YOLOv13-L,True,0.8571428571428571,0.8571428571428571,0.0,0.7504507531333368,0.7499999999999999,0.8330654099533904,0.7333333333333334,0.8843658547341209,0.8571428571428571,0.8735819175864982,0.8275862068965517
9999940_00000_d_0000034.jpg,58,YOLOv13-L,YOLOv13-L,True,0.7339449541284404,0.7339449541284404,0.0,0.5817922850107967,0.6170212765957447,0.6463904107523027,0.6915887850467289,0.7099918903779318,0.7339449541284404,0.7041458641388332,0.7037037037037037
9999937_00000_d_0000088.jpg,30,YOLOv13-L,YOLOv13-L,True,0.5333333333333333,0.5333333333333333,0.0,0.6203808115727102,0.4761904761904761,0.673155990013011,0.4651162790697674,0.7515296940805446,0.5333333333333333,0.732074877451545,0.5
9999955_00000_d_0000217.jpg,58,YOLOv13-X,YOLOv13-X,True,0.719298245614035,0.719298245614035,0.0,0.5160400238869891,0.6363636363636364,0.573922189895681,0.5950413223140496,0.641861226806088,0.6610169491525424,0.6491948599209372,0.719298245614035
9999951_00000_d_0000310.jpg,25,YOLOv13-L,YOLOv13-L,True,0.6363636363636364,0.6363636363636364,0.0,0.3881605780973852,0.4102564102564102,0.47273090431464715,0.4545454545454545,0.5485131286514652,0.6363636363636364,0.5451870422899567,0.4782608695652174
9999962_00000_d_0000128.jpg,18,YOLOv13-L,YOLOv13-L,True,1.0,1.0,0.0,0.8641841995938948,0.918918918918919,0.8967304551867603,0.9444444444444444,0.9090035650041146,1.0,0.9042422712842325,1.0
9999942_00000_d_0000157.jpg,56,YOLOv13-X,YOLOv13-X,True,0.8214285714285714,0.8214285714285714,0.0,0.6491381294660824,0.6938775510204083,0.7198268608002864,0.7450980392156864,0.7947952000986238,0.7924528301886793,0.8004153119262679,0.8214285714285714
9999977_00000_d_0000081.jpg,42,YOLOv13-X,YOLOv13-X,True,0.7631578947368423,0.7631578947368423,0.0,0.39824984573411865,0.588235294117647,0.45444944758640154,0.684931506849315,0.556561722586617,0.7027027027027026,0.5763389689664976,0.7631578947368423
9999942_00000_d_0000209.jpg,30,YOLOv13-L,YOLOv13-L,True,0.9666666666666668,0.9666666666666668,0.0,0.7772019828006003,0.8524590163934426,0.8233460223831047,0.9491525423728816,0.8736828410441064,0.9666666666666668,0.8552551544091016,0.9666666666666668
0000142_00858_d_0000027.jpg,161,YOLOv13-X,YOLOv13-X,True,0.7058823529411764,0.7058823529411764,0.0,0.5993773149781391,0.5415162454873647,0.6522921459473783,0.6014492753623188,0.730932317432414,0.6944444444444444,0.7349380217867162,0.7058823529411764
0000226_04986_d_0000018.jpg,50,YOLOv13-X,YOLOv13-X,True,0.717391304347826,0.717391304347826,0.0,0.5087924312517637,0.6046511627906976,0.566373552383174,0.6021505376344087,0.6200962628886189,0.6966292134831461,0.6385824379144278,0.717391304347826
0000256_01924_d_0000027.jpg,12,YOLOv13-L,YOLOv13-L,True,0.761904761904762,0.761904761904762,0.0,0.4278217576626044,0.5454545454545454,0.49147993472703105,0.6,0.5781764761950358,0.761904761904762,0.5612691846431179,0.7368421052631579
0000224_00387_d_0000003.jpg,75,YOLOv13-L,YOLOv13-L,True,0.7596899224806202,0.7596899224806202,0.0,0.5898446920209797,0.6093749999999999,0.6428294911209192,0.6456692913385826,0.7046433909579806,0.7596899224806202,0.7035494198650124,0.7596899224806202
0000264_02401_d_0000206.jpg,23,YOLOv13-X,YOLOv13-X,True,0.375,0.375,0.0,0.31146593180055004,0.2142857142857142,0.3694819035482834,0.3333333333333333,0.4883027201812966,0.3636363636363636,0.5093360865977214,0.375
9999984_00000_d_0000103.jpg,44,YOLOv13-X,YOLOv13-X,True,0.3793103448275862,0.3793103448275862,0.0,0.3744135558970641,0.2456140350877193,0.43849786553909814,0.3125,0.5421479355835318,0.360655737704918,0.5553867487093035,0.3793103448275862
9999962_00000_d_0000164.jpg,29,YOLOv13-L,YOLOv13-L,True,0.8771929824561403,0.8771929824561403,0.0,0.5293233429001779,0.6296296296296295,0.5862503380346739,0.7272727272727274,0.6912003786783691,0.8771929824561403,0.6778157954688451,0.7796610169491527
9999969_00000_d_0000065.jpg,36,YOLOv13-X,YOLOv13-X,True,0.8378378378378377,0.8378378378378377,0.0,0.47053524027215804,0.7536231884057971,0.5386738851166327,0.7671232876712328,0.6234877971729561,0.8311688311688312,0.624038032198338,0.8378378378378377
0000143_00081_d_0000048.jpg,253,YOLOv13-L,YOLOv13-L,True,0.3507692307692308,0.3507692307692308,0.0,0.5323410303304444,0.2384105960264901,0.5943499903807913,0.2838709677419355,0.653933879000069,0.3507692307692308,0.6444533682611044,0.3271604938271605
0000293_04001_d_0000942.jpg,121,YOLOv13-L,YOLOv13-L,True,0.6129032258064516,0.6129032258064516,0.0,0.5723934247694321,0.4497041420118343,0.6404489830404376,0.4942528735632184,0.7029578688435166,0.6129032258064516,0.7006904078378237,0.5989304812834225
9999960_00000_d_0000073.jpg,24,YOLOv13-X,YOLOv13-X,True,0.8679245283018867,0.8679245283018867,0.0,0.6157335636036653,0.7450980392156864,0.6632029465905079,0.8076923076923077,0.751892862732296,0.8518518518518519,0.7687149209718602,0.8679245283018867
9999994_00000_d_0000034.jpg,39,YOLOv13-X,YOLOv13-S,False,0.8571428571428572,0.8571428571428572,0.0,0.648527201889895,0.7945205479452054,0.68966090397378,0.8571428571428572,0.7097173504843926,0.8450704225352113,0.7315802241574192,0.8571428571428572
9999972_00000_d_0000038.jpg,11,YOLOv13-L,YOLOv13-L,True,0.9523809523809524,0.9523809523809524,0.0,0.7881300683690383,0.7777777777777778,0.7743498838528553,0.8421052631578948,0.8507392840303901,0.9523809523809524,0.824289640462713,0.9523809523809524
9999990_00000_d_0000079.jpg,38,YOLOv13-L,YOLOv13-L,True,0.6774193548387096,0.6774193548387096,0.0,0.6490914150336741,0.6101694915254237,0.7101749442771134,0.5937499999999999,0.7680610134153192,0.6774193548387096,0.7615811186433871,0.6666666666666667
9999984_00000_d_0000040.jpg,72,YOLOv13-L,YOLOv13-L,True,0.628099173553719,0.628099173553719,0.0,0.5411615579879159,0.4950495049504951,0.598722576115517,0.5663716814159292,0.6752883848499784,0.628099173553719,0.669686721720258,0.608
9999984_00000_d_0000126.jpg,15,YOLOv13-L,YOLOv13-L,True,0.6666666666666667,0.6666666666666667,0.0,0.4902948247136093,0.4545454545454545,0.5674049447381692,0.4347826086956521,0.6164436097963525,0.6666666666666667,0.6080367946182961,0.5
0000076_01444_d_0000005.jpg,39,YOLOv13-L,YOLOv13-L,True,0.8378378378378378,0.8378378378378378,0.0,0.6541443868257276,0.708860759493671,0.7306076027939227,0.8,0.8152077345634954,0.8378378378378378,0.8096692767740903,0.8266666666666667
9999937_00000_d_0000204.jpg,25,YOLOv13-X,YOLOv13-L,False,0.8181818181818181,0.8181818181818181,0.0,0.5542666509177441,0.4878048780487805,0.6301178227451977,0.6829268292682927,0.7245247922588515,0.8181818181818181,0.7249334509355919,0.8181818181818181
9999960_00000_d_0000041.jpg,34,YOLOv13-X,YOLOv13-L,False,0.9142857142857144,0.9142857142857144,0.0,0.7635767997630416,0.8405797101449276,0.7917994810542216,0.8857142857142858,0.8503551955894981,0.9142857142857144,0.8560226758964771,0.9142857142857144
9999969_00000_d_0000033.jpg,49,YOLOv13-X,YOLOv13-X,True,0.7959183673469388,0.7959183673469388,0.0,0.5151042402209896,0.4691358024691358,0.5922437696763343,0.6590909090909091,0.6775011235468261,0.7809523809523811,0.6936153001633476,0.7959183673469388
9999955_00000_d_0000178.jpg,42,YOLOv13-X,YOLOv13-X,True,0.810126582278481,0.810126582278481,0.0,0.5338280426025083,0.6666666666666667,0.5713137124178784,0.7435897435897436,0.6445563096229636,0.7792207792207793,0.6503839413604038,0.810126582278481
9999974_00000_d_0000039.jpg,27,YOLOv13-X,YOLOv13-X,True,0.8666666666666665,0.8666666666666665,0.0,0.5917711310957253,0.7540983606557378,0.6501104259978043,0.7666666666666667,0.7410688542397997,0.8333333333333334,0.7449841028898467,0.8666666666666665
9999953_00000_d_0000216.jpg,4,YOLOv13-L,YOLOv13-L,True,1.0,1.0,0.0,0.7117653958660817,0.888888888888889,0.7745177594638054,0.888888888888889,0.810942057680106,1.0,0.8109067513004506,1.0
0000345_00785_d_0000313.jpg,18,YOLOv13-L,YOLOv13-L,True,0.8717948717948718,0.8717948717948718,0.0,0.6443811054799301,0.7317073170731708,0.7062515272854548,0.5714285714285715,0.8038151655119424,0.8717948717948718,0.8034133695994905,0.85
9999972_00000_d_0000120.jpg,21,YOLOv13-X,YOLOv13-X,True,0.8780487804878048,0.8780487804878048,0.0,0.6269095618270938,0.6666666666666666,0.685940077932284,0.7692307692307692,0.7436388934752842,0.8095238095238095,0.750849475163595,0.8780487804878048
9999962_00000_d_0000005.jpg,14,YOLOv13-X,YOLOv13-N,False,1.0,1.0,0.0,0.6570625180149097,1.0,0.6712135028664223,1.0,0.6967044881814113,0.9655172413793104,0.7173592015684466,1.0
9999962_00000_d_0000023.jpg,53,YOLOv13-L,YOLOv13-L,True,0.8909090909090909,0.8909090909090909,0.0,0.6590751271916827,0.7368421052631579,0.7114870734721487,0.8035714285714285,0.7712560495946386,0.8909090909090909,0.7625344293962821,0.8623853211009174
9999997_00000_d_0000070.jpg,7,YOLOv13-L,YOLOv13-L,True,0.4444444444444445,0.4444444444444445,0.0,0.0016836500554751064,0.0,0.1894233376809802,0.4,0.409436915621256,0.4444444444444445,0.34483759680922743,0.4444444444444445
0000261_01101_d_0000123.jpg,18,YOLOv13-X,YOLOv13-X,True,0.8292682926829269,0.8292682926829269,0.0,0.6308227078813361,0.7692307692307692,0.7067730892579609,0.761904761904762,0.7897101418433637,0.8095238095238096,0.7995438528379882,0.8292682926829269
0000099_00508_d_0000002.jpg,3,YOLOv13-L,YOLOv13-L,True,1.0,1.0,0.0,0.49086290479290506,0.8571428571428571,0.5925396766727442,0.8571428571428571,0.7365242404094371,1.0,0.7138122385350324,1.0
9999945_00000_d_0000009.jpg,12,YOLOv13-L,YOLOv13-N,False,0.8,0.8,0.0,0.7620634313552735,0.8,0.7980052192675622,0.7000000000000001,0.8571561145095796,0.8,0.8390131246538975,0.6363636363636365
9999972_00000_d_0000012.jpg,25,YOLOv13-L,YOLOv13-L,True,0.7916666666666667,0.7916666666666667,0.0,0.7039495659588269,0.76,0.7700917545987371,0.7346938775510204,0.8227728351498205,0.7916666666666667,0.8154037052915487,0.7450980392156863
9999981_00000_d_0000025.jpg,26,YOLOv13-L,YOLOv13-L,True,0.7692307692307693,0.7692307692307693,0.0,0.5001416733628139,0.6060606060606061,0.5847455192540676,0.6376811594202898,0.6850324499291514,0.7692307692307693,0.6776630424873875,0.6666666666666667
9999981_00000_d_0000070.jpg,60,YOLOv13-L,YOLOv13-L,True,0.95,0.95,0.0,0.8625672285018843,0.8925619834710743,0.8824474957161089,0.925619834710744,0.9084198683777335,0.95,0.89539811737196,0.9333333333333332
9999997_00000_d_0000019.jpg,13,YOLOv13-X,YOLOv13-X,True,0.761904761904762,0.761904761904762,0.0,0.4146429462650188,0.5555555555555556,0.5360462113420926,0.5555555555555556,0.5956702742900907,0.7000000000000001,0.6238832223375022,0.761904761904762
9999984_00000_d_0000098.jpg,5,YOLOv13-L,YOLOv13-N,False,0.0,0.0,0.0,0.0016836500554751064,0.0,0.1894233376809802,0.0,0.409436915621256,0.0,0.34483759680922743,0.0
0000273_03001_d_0000454.jpg,23,YOLOv13-X,YOLOv13-X,True,0.7307692307692308,0.7307692307692308,0.0,0.4569570218210642,0.4489795918367347,0.5593976677313242,0.6122448979591837,0.6441574192907493,0.6206896551724138,0.6471397420486285,0.7307692307692308
0000290_02601_d_0000860.jpg,110,YOLOv13-X,YOLOv13-X,True,0.8035714285714286,0.8035714285714286,0.0,0.6338620859978569,0.6418604651162791,0.6851022620987236,0.7339449541284404,0.7367454783800529,0.7762557077625571,0.7412895523726842,0.8035714285714286
9999982_00000_d_0000062.jpg,86,YOLOv13-X,YOLOv13-X,True,0.676056338028169,0.676056338028169,0.0,0.4841729495111979,0.4705882352941177,0.5305917730310847,0.5714285714285714,0.6070376902976073,0.6533333333333333,0.6136783680818966,0.676056338028169
9999953_00000_d_0000185.jpg,2,YOLOv13-L,YOLOv13-N,False,1.0,1.0,0.0,0.7232208087476277,1.0,0.7598835887961489,1.0,0.76697340317329,1.0,0.7669654644628908,1.0
9999951_00000_d_0000301.jpg,97,YOLOv13-X,YOLOv13-X,True,0.8095238095238095,0.8095238095238095,0.0,0.5691678695705298,0.6706586826347305,0.6326086040585969,0.7261904761904762,0.6894858030466997,0.7636363636363637,0.7001311485445838,0.8095238095238095
9999966_00000_d_0000107.jpg,102,YOLOv13-L,YOLOv13-L,True,0.6808510638297872,0.6808510638297872,0.0,0.660162340392899,0.5568181818181819,0.7359921158311773,0.6292134831460675,0.8003379808350418,0.6808510638297872,0.7939543597436944,0.6630434782608696
0000101_01189_d_0000017.jpg,9,YOLOv13-X,YOLOv13-L,False,0.823529411764706,0.823529411764706,0.0,0.6762301620134611,0.75,0.7090446955708078,0.75,0.7165193665397144,0.823529411764706,0.7220797313036652,0.823529411764706
9999984_00000_d_0000004.jpg,24,YOLOv13-X,YOLOv13-X,True,0.5714285714285715,0.5714285714285715,0.0,0.5429183766065875,0.4242424242424242,0.5804535664146586,0.4117647058823529,0.6179754802278143,0.5555555555555556,0.6223837097949265,0.5714285714285715
9999937_00000_d_0000165.jpg,18,YOLOv13-X,YOLOv13-L,False,0.7333333333333334,0.7333333333333334,0.0,0.49944425846470525,0.6451612903225806,0.5483731409366596,0.606060606060606,0.6290142182599919,0.7333333333333334,0.636498127769949,0.7333333333333334
9999937_00000_d_0000074.jpg,39,YOLOv13-X,YOLOv13-X,True,0.7397260273972601,0.7397260273972601,0.0,0.5066907427869617,0.5352112676056338,0.5705200671504487,0.5599999999999999,0.6681303042588059,0.7027027027027027,0.6794377005052101,0.7397260273972601
9999945_00000_d_0000111.jpg,70,YOLOv13-L,YOLOv13-L,True,0.6491228070175439,0.6491228070175439,0.0,0.5733615604812179,0.4854368932038834,0.6268021605587045,0.5739130434782609,0.7066085662092775,0.6491228070175439,0.6944319228536889,0.6140350877192983
0000273_04601_d_0000461.jpg,28,YOLOv13-L,YOLOv13-L,True,0.8571428571428571,0.8571428571428571,0.0,0.6383660871045088,0.6250000000000001,0.6865781190098693,0.7692307692307692,0.7885214360338257,0.8571428571428571,0.7873098235313275,0.830188679245283
9999955_00000_d_0000314.jpg,179,YOLOv13-X,YOLOv13-X,True,0.5774647887323944,0.5774647887323944,0.0,0.48403952725282845,0.3359375,0.5506703416197041,0.4552238805970148,0.6337425781984262,0.5642857142857143,0.6416188110175612,0.5774647887323944
0000275_00201_d_0000498.jpg,52,YOLOv13-X,YOLOv13-X,True,0.5,0.5,0.0,0.38836782264758213,0.303030303030303,0.46287235068345717,0.4657534246575343,0.5507755947447839,0.481012658227848,0.5688341419383058,0.5
9999951_00000_d_0000100.jpg,51,YOLOv13-L,YOLOv13-L,True,0.9345794392523364,0.9345794392523364,0.0,0.8665614779470613,0.897196261682243,0.8896317483229945,0.9245283018867924,0.9145467117980397,0.9345794392523364,0.9132998030299796,0.9074074074074074
0000281_00201_d_0000630.jpg,22,YOLOv13-L,YOLOv13-L,True,0.8837209302325582,0.8837209302325582,0.0,0.7043974637178285,0.5,0.7724734224823877,0.6666666666666667,0.834166843351275,0.8837209302325582,0.8318705680840852,0.8837209302325582
9999999_00663_d_0000301.jpg,21,YOLOv13-L,YOLOv13-L,True,0.7804878048780488,0.7804878048780488,0.0,0.7041434639030751,0.7027027027027026,0.7517152903602934,0.7317073170731706,0.810813092270176,0.7804878048780488,0.8005677116341485,0.6341463414634146
9999981_00000_d_0000021.jpg,58,YOLOv13-L,YOLOv13-L,True,0.902654867256637,0.902654867256637,0.0,0.7701746299450494,0.8037383177570093,0.8132343672790369,0.8468468468468469,0.8496845297823239,0.902654867256637,0.8358988634448125,0.875
9999937_00000_d_0000123.jpg,75,YOLOv13-L,YOLOv13-L,True,0.4220183486238532,0.4220183486238532,0.0,0.5230811964546375,0.2916666666666667,0.5829552962866223,0.32,0.6877490491425343,0.4220183486238532,0.6745383399796733,0.4181818181818181
9999985_00000_d_0000059.jpg,16,YOLOv13-L,YOLOv13-L,True,0.6428571428571429,0.6428571428571429,0.0,0.6726055967039043,0.5517241379310345,0.7351388583302161,0.5161290322580646,0.7821117587758004,0.6428571428571429,0.7807566305325087,0.6428571428571429
0000325_01601_d_0000670.jpg,29,YOLOv13-L,YOLOv13-L,True,0.9473684210526316,0.9473684210526316,0.0,0.8874770928814882,0.7843137254901961,0.8990667692153361,0.851851851851852,0.9187105568607402,0.9473684210526316,0.909722031662774,0.8571428571428572
0000010_05291_d_0000058.jpg,58,YOLOv13-L,YOLOv13-L,True,0.752,0.752,0.0,0.571464090916734,0.5891472868217055,0.6334138912603787,0.672,0.7333547232897749,0.752,0.7331943572508918,0.640625
9999998_00329_d_0000281.jpg,21,YOLOv13-X,YOLOv13-X,True,1.0,1.0,0.0,0.8298217776237637,0.9523809523809524,0.8493814974107152,0.9523809523809524,0.8809004918703829,0.9767441860465116,0.8853220374815242,1.0
9999966_00000_d_0000014.jpg,91,YOLOv13-L,YOLOv13-L,True,0.2393162393162393,0.2393162393162393,0.0,0.28497461767499754,0.1782178217821782,0.3697859562507741,0.116504854368932,0.4245311436215471,0.2393162393162393,0.42141991438918963,0.2260869565217391
9999977_00000_d_0000047.jpg,58,YOLOv13-X,YOLOv13-X,True,0.5274725274725275,0.5274725274725275,0.0,0.40362035456800194,0.3414634146341463,0.47759961418878644,0.3855421686746988,0.5333694414150385,0.4545454545454545,0.5558207800903878,0.5274725274725275
9999994_00000_d_0000048.jpg,116,YOLOv13-X,YOLOv13-X,True,0.6424870466321244,0.6424870466321244,0.0,0.5214754845045019,0.4186046511627907,0.5831862008112556,0.5263157894736842,0.659238355100107,0.6224489795918368,0.669658692763741,0.6424870466321244
9999951_00000_d_0000185.jpg,104,YOLOv13-X,YOLOv13-X,True,0.8425925925925926,0.8425925925925926,0.0,0.6366051160764352,0.7074235807860262,0.6804904543635197,0.7678571428571429,0.7576594891511663,0.8018018018018018,0.7655471567944891,0.8425925925925926
9999982_00000_d_0000157.jpg,23,YOLOv13-L,YOLOv13-L,True,0.3870967741935483,0.3870967741935483,0.0,0.3255695345379858,0.1176470588235294,0.37513496640530747,0.303030303030303,0.4589493553470845,0.3870967741935483,0.45540175938586613,0.3870967741935483
0000165_05125_d_0000109.jpg,47,YOLOv13-L,YOLOv13-L,True,0.6904761904761905,0.6904761904761905,0.0,0.6235056885335778,0.6190476190476191,0.7031858056172814,0.627906976744186,0.7874096742422801,0.6904761904761905,0.7869575946766885,0.6585365853658536
9999940_00000_d_0000052.jpg,59,YOLOv13-X,YOLOv13-X,True,0.859504132231405,0.859504132231405,0.0,0.5523410694175264,0.5504587155963302,0.6072555732997468,0.7377049180327869,0.6795766942021371,0.7692307692307694,0.6830469555867252,0.859504132231405
0000196_01508_d_0000138.jpg,168,YOLOv13-X,YOLOv13-X,True,0.4434782608695652,0.4434782608695652,0.0,0.4912643018097162,0.2718446601941747,0.5506393045805419,0.3454545454545454,0.6284026521032539,0.4125560538116592,0.6396057699073612,0.4434782608695652
0000290_03001_d_0000862.jpg,122,YOLOv13-X,YOLOv13-X,True,0.8333333333333333,0.8333333333333333,0.0,0.5281584098117443,0.6808510638297871,0.5924760561875821,0.7280701754385964,0.6662994309764162,0.7914893617021276,0.6692209394991796,0.8333333333333333
9999987_00000_d_1008236.jpg,6,YOLOv13-L,YOLOv13-L,True,1.0,1.0,0.0,0.4557828159774356,0.8333333333333334,0.5044496805798558,0.923076923076923,0.6071402686457213,1.0,0.596389095212914,0.923076923076923
9999998_00207_d_0000164.jpg,33,YOLOv13-X,YOLOv13-X,True,0.7000000000000001,0.7000000000000001,0.0,0.49385926712930717,0.5230769230769231,0.5419558307376958,0.6666666666666666,0.6469818653924141,0.6984126984126984,0.6494062173017704,0.7000000000000001
9999942_00000_d_0000252.jpg,55,YOLOv13-L,YOLOv13-L,True,0.6981132075471698,0.6981132075471698,0.0,0.4786479207925961,0.4086021505376344,0.5416157819162017,0.5833333333333334,0.623489812596095,0.6981132075471698,0.6198114804612318,0.693069306930693
0000235_00001_d_0000001.jpg,20,YOLOv13-L,YOLOv13-L,True,0.8571428571428571,0.8571428571428571,0.0,0.7197395109713501,0.6111111111111112,0.7669960044550168,0.7567567567567567,0.8449741106163637,0.8571428571428571,0.831221880337717,0.7567567567567567
9999960_00000_d_0000084.jpg,16,YOLOv13-L,YOLOv13-N,False,0.875,0.875,0.0,0.8628614242378599,0.875,0.8791561004315942,0.823529411764706,0.9119320771804356,0.875,0.9079404129624365,0.823529411764706
9999998_00407_d_0000359.jpg,11,YOLOv13-L,YOLOv13-L,True,1.0,1.0,0.0,0.8231768548375439,0.8571428571428572,0.8619593126515313,0.8695652173913043,0.8870158206840247,1.0,0.8837004406267632,0.9166666666666666
9999956_00000_d_0000100.jpg,26,YOLOv13-L,YOLOv13-L,True,0.9090909090909092,0.9090909090909092,0.0,0.6325810621466013,0.7457627118644068,0.6863765023581674,0.7796610169491526,0.7706599218292642,0.9090909090909092,0.7664322086710753,0.8727272727272727
9999981_00000_d_0000002.jpg,67,YOLOv13-X,YOLOv13-L,False,0.7555555555555554,0.7555555555555554,0.0,0.5694375220462176,0.5619834710743802,0.6339660853132773,0.6562500000000001,0.7064960747200616,0.7555555555555554,0.72008951047632,0.7555555555555554
9999970_00000_d_0000022.jpg,117,YOLOv13-X,YOLOv13-X,True,0.6920152091254754,0.6920152091254754,0.0,0.5397686334334281,0.5675675675675675,0.610510648516856,0.5746268656716418,0.6824973424479058,0.6825396825396826,0.687973164084785,0.6920152091254754
9999965_00000_d_0000072.jpg,10,YOLOv13-L,YOLOv13-N,False,1.0,1.0,0.0,0.8123768518074037,1.0,0.8314793490079901,1.0,0.8737042865771923,1.0,0.8361597911169653,1.0
0000270_03401_d_0000370.jpg,74,YOLOv13-L,YOLOv13-L,True,0.712121212121212,0.712121212121212,0.0,0.6825315296103968,0.6239999999999999,0.7238343222223554,0.6307692307692307,0.7755274957162261,0.712121212121212,0.7747453109824448,0.712121212121212
9999950_00000_d_0000010.jpg,69,YOLOv13-L,YOLOv13-L,True,0.6379310344827587,0.6379310344827587,0.0,0.40076609540046954,0.4807692307692308,0.46858701077584003,0.5405405405405405,0.5438559144017424,0.6379310344827587,0.5437946242418222,0.6055045871559632
9999945_00000_d_0000007.jpg,22,YOLOv13-L,YOLOv13-L,True,0.7894736842105263,0.7894736842105263,0.0,0.638929685587276,0.6285714285714286,0.6955267919867395,0.7567567567567568,0.765199707043975,0.7894736842105263,0.7548651382963466,0.6666666666666667
0000313_04601_d_0000459.jpg,14,YOLOv13-X,YOLOv13-X,True,0.9032258064516128,0.9032258064516128,0.0,0.7193646673849796,0.7878787878787878,0.7649168245718924,0.7647058823529412,0.8328495268750508,0.8750000000000001,0.8345646910616764,0.9032258064516128
9999997_00000_d_0000015.jpg,7,YOLOv13-X,YOLOv13-X,True,0.923076923076923,0.923076923076923,0.0,0.5468094331248978,0.8333333333333333,0.5869018530971686,0.8333333333333333,0.6261512447843943,0.7692307692307692,0.6269806579235095,0.923076923076923
9999955_00000_d_0000226.jpg,166,YOLOv13-L,YOLOv13-L,True,0.631578947368421,0.631578947368421,0.0,0.47926291162897966,0.4666666666666667,0.5438227062985174,0.5192982456140351,0.6300511819529255,0.631578947368421,0.6279961717964399,0.5723270440251573
9999950_00000_d_0000033.jpg,22,YOLOv13-L,YOLOv13-L,True,0.8510638297872342,0.8510638297872342,0.0,0.6830989995903318,0.7499999999999999,0.7326820397671137,0.8444444444444444,0.7743421230653428,0.8510638297872342,0.7709799812379383,0.8163265306122449
0000222_03900_d_0000012.jpg,64,YOLOv13-L,YOLOv13-L,True,0.8666666666666666,0.8666666666666666,0.0,0.5891576403574821,0.7017543859649122,0.6415761565057403,0.7478260869565218,0.7080230577290842,0.8666666666666666,0.7008365998963864,0.8376068376068376
9999951_00000_d_0000314.jpg,44,YOLOv13-X,YOLOv13-L,False,0.4545454545454545,0.4545454545454545,0.0,0.45683385094616324,0.3272727272727273,0.5030752614850276,0.3050847457627118,0.5980249139093117,0.4545454545454545,0.6033264605607376,0.4545454545454545
9999955_00000_d_0000108.jpg,33,YOLOv13-X,YOLOv13-L,False,0.7457627118644068,0.7457627118644068,0.0,0.6669348665165793,0.6415094339622641,0.7005338343285189,0.6545454545454545,0.7475879519989173,0.7457627118644068,0.7517829994724888,0.7457627118644068
9999956_00000_d_0000096.jpg,37,YOLOv13-X,YOLOv13-X,True,0.9722222222222222,0.9722222222222222,0.0,0.6586796385222209,0.8311688311688312,0.7253913452110653,0.9333333333333332,0.7791889717271753,0.9589041095890412,0.7822834305537557,0.9722222222222222
9999955_00000_d_0000377.jpg,33,YOLOv13-X,YOLOv13-X,True,0.819672131147541,0.819672131147541,0.0,0.7361213263599905,0.7301587301587302,0.7868402671703871,0.8064516129032258,0.8266812711494127,0.8135593220338984,0.8405778469321059,0.819672131147541
9999972_00000_d_0000076.jpg,21,YOLOv13-L,YOLOv13-L,True,0.8648648648648648,0.8648648648648648,0.0,0.7723920280188891,0.7222222222222222,0.7986124075306192,0.6470588235294118,0.8462136200881556,0.8648648648648648,0.8357303734242529,0.8108108108108109
0000325_06201_d_0000693.jpg,77,YOLOv13-X,YOLOv13-X,True,0.6717557251908397,0.6717557251908397,0.0,0.5924802729134024,0.5760000000000001,0.6451903321937907,0.640625,0.7230746489649209,0.6417910447761195,0.7258202238918039,0.6717557251908397
9999937_00000_d_0000223.jpg,22,YOLOv13-L,YOLOv13-L,True,0.9090909090909092,0.9090909090909092,0.0,0.8082692589953759,0.8,0.8377841771666705,0.8163265306122449,0.8735042801480193,0.9090909090909092,0.872607253405318,0.8571428571428572
9999937_00000_d_0000076.jpg,26,YOLOv13-L,YOLOv13-L,True,0.8627450980392156,0.8627450980392156,0.0,0.6615607767293717,0.6530612244897959,0.7256443613475605,0.7916666666666666,0.7973194557427153,0.8627450980392156,0.7943921547026149,0.8
9999953_00000_d_0000136.jpg,19,YOLOv13-X,YOLOv13-X,True,0.8571428571428572,0.8571428571428572,0.0,0.4290967408244449,0.5161290322580646,0.5018656959115645,0.7222222222222222,0.6057997490854765,0.7567567567567567,0.6426635776604062,0.8571428571428572
9999997_00000_d_0000063.jpg,21,YOLOv13-L,YOLOv13-L,True,0.9,0.9,0.0,0.6260157934738698,0.7777777777777778,0.6710598237090536,0.8,0.7473989583034073,0.9,0.734332705933243,0.8780487804878048
0000102_03540_d_0000025.jpg,10,YOLOv13-L,YOLOv13-L,True,0.8571428571428572,0.8571428571428572,0.0,0.7667851442783383,0.6666666666666665,0.81640822503082,0.7058823529411764,0.885084100867373,0.8571428571428572,0.855525338415871,0.8571428571428572
9999982_00000_d_0000167.jpg,72,YOLOv13-L,YOLOv13-L,True,0.6666666666666666,0.6666666666666666,0.0,0.5800756997598132,0.5299145299145299,0.623305858666578,0.5391304347826087,0.7025492084251898,0.6666666666666666,0.6948325673889127,0.6371681415929205
9999977_00000_d_0000096.jpg,57,YOLOv13-X,YOLOv13-X,True,0.5777777777777777,0.5777777777777777,0.0,0.35250843573875007,0.2790697674418604,0.41863439983842893,0.4090909090909091,0.552840946567078,0.5473684210526316,0.554855258080705,0.5777777777777777
0000273_02001_d_0000449.jpg,17,YOLOv13-X,YOLOv13-L,False,0.6666666666666667,0.6666666666666667,0.0,0.5748954910637429,0.4166666666666667,0.6334430669339881,0.6451612903225806,0.7341423334695607,0.6666666666666667,0.7377848009047294,0.6666666666666667
9999948_00000_d_0000032.jpg,30,YOLOv13-X,YOLOv13-X,True,0.8387096774193549,0.8387096774193549,0.0,0.6790489702636225,0.7017543859649122,0.717986605789219,0.75,0.7981113809470609,0.7241379310344827,0.8001334308592523,0.8387096774193549
9999953_00000_d_0000105.jpg,17,YOLOv13-L,YOLOv13-L,True,1.0,1.0,0.0,0.7193237971769414,0.9411764705882352,0.7603064210245425,0.9714285714285714,0.8032390587556842,1.0,0.7898945557375515,1.0
9999972_00000_d_0000145.jpg,33,YOLOv13-X,YOLOv13-X,True,0.7419354838709677,0.7419354838709677,0.0,0.6052923412003693,0.6071428571428571,0.6437298691903608,0.6451612903225807,0.724842077601788,0.71875,0.7258177453906556,0.7419354838709677
0000345_01765_d_0000318.jpg,120,YOLOv13-X,YOLOv13-X,True,0.6046511627906976,0.6046511627906976,0.0,0.4763376406808254,0.4193548387096774,0.5306503380642245,0.5427135678391959,0.6148724466695435,0.5767441860465116,0.6295486990229945,0.6046511627906976
0000220_03347_d_0000011.jpg,35,YOLOv13-L,YOLOv13-L,True,0.5660377358490566,0.5660377358490566,0.0,0.6409072095886719,0.4166666666666666,0.7085946201853596,0.5098039215686275,0.7626062064665092,0.5660377358490566,0.7554549154342465,0.5416666666666666
9999977_00000_d_0000059.jpg,33,YOLOv13-X,YOLOv13-X,True,0.8275862068965517,0.8275862068965517,0.0,0.546075527323068,0.6440677966101696,0.5929315499456709,0.6785714285714286,0.6681672049718135,0.7999999999999999,0.6713104615166353,0.8275862068965517
0000239_00708_d_0000003.jpg,17,YOLOv13-L,YOLOv13-L,True,0.9375,0.9375,0.0,0.7090281130189708,0.7741935483870968,0.7827493694679902,0.8125,0.8442629521778552,0.9375,0.836086005021404,0.8749999999999999
0000263_02601_d_0000180.jpg,21,YOLOv13-L,YOLOv13-L,True,0.5555555555555556,0.5555555555555556,0.0,0.6541296514359406,0.4666666666666666,0.7300304258941758,0.4571428571428571,0.7912803805917886,0.5555555555555556,0.7793340204832976,0.4571428571428571
9999955_00000_d_0000159.jpg,4,YOLOv13-L,YOLOv13-L,True,1.0,1.0,0.0,0.6720971680847497,0.888888888888889,0.7341077392028801,0.75,0.7950477299741998,1.0,0.7828589303920007,1.0
9999955_00000_d_0000233.jpg,55,YOLOv13-L,YOLOv13-L,True,0.6067415730337079,0.6067415730337079,0.0,0.44393179975462727,0.5647058823529413,0.5137627306180466,0.5909090909090909,0.5956785105151206,0.6067415730337079,0.5926112567259388,0.5869565217391305
0000135_00828_d_0000150.jpg,153,YOLOv13-L,YOLOv13-L,True,0.6072874493927125,0.6072874493927125,0.0,0.5843565329424636,0.3931623931623932,0.6397288765832883,0.4919354838709676,0.709952810464944,0.6072874493927125,0.7065678861603756,0.5714285714285715
9999937_00000_d_0000140.jpg,48,YOLOv13-X,YOLOv13-X,True,0.8172043010752689,0.8172043010752689,0.0,0.6490522109895799,0.5934065934065934,0.7111300031755227,0.7708333333333333,0.8024337867986786,0.7835051546391752,0.8134847905450807,0.8172043010752689
9999982_00000_d_0000233.jpg,55,YOLOv13-L,YOLOv13-L,True,0.8070175438596492,0.8070175438596492,0.0,0.6097807105978335,0.616822429906542,0.670103277247311,0.7592592592592593,0.7257786092985472,0.8070175438596492,0.7129038420402253,0.7962962962962964
9999999_00073_d_0000023.jpg,52,YOLOv13-L,YOLOv13-L,True,0.8125000000000001,0.8125000000000001,0.0,0.6696475625658495,0.7628865979381444,0.7064099593079958,0.8041237113402062,0.7574469205807387,0.8125000000000001,0.7557344979698254,0.8085106382978723
9999998_00122_d_0000100.jpg,153,YOLOv13-X,YOLOv13-X,True,0.698961937716263,0.698961937716263,0.0,0.5616879021122897,0.5681818181818181,0.6170356857004937,0.6231884057971014,0.670047798438644,0.6643598615916955,0.6861875685120683,0.698961937716263
9999975_00000_d_0000012.jpg,108,YOLOv13-X,YOLOv13-X,True,0.8041237113402061,0.8041237113402061,0.0,0.640409105959033,0.7179487179487181,0.6783134756291106,0.71356783919598,0.7379118306858853,0.8020833333333334,0.7455258993728757,0.8041237113402061
9999951_00000_d_0000072.jpg,36,YOLOv13-L,YOLOv13-L,True,0.9863013698630138,0.9863013698630138,0.0,0.8319372496233786,0.878048780487805,0.869269697831488,0.9350649350649352,0.898576160680555,0.9863013698630138,0.8902132118109327,0.9473684210526316
0000141_01851_d_0000017.jpg,245,YOLOv13-L,YOLOv13-L,True,0.6118721461187214,0.6118721461187214,0.0,0.47843888707642385,0.4755244755244755,0.5557472091681923,0.5253012048192771,0.6430330889251449,0.6118721461187214,0.6394620974394621,0.5882352941176471
9999998_00313_d_0000266.jpg,38,YOLOv13-L,YOLOv13-L,True,0.8059701492537312,0.8059701492537312,0.0,0.7292097842824286,0.6451612903225806,0.7682858726624567,0.71875,0.820327370155211,0.8059701492537312,0.8060180159387825,0.7301587301587301
9999991_00000_d_0000002.jpg,68,YOLOv13-X,YOLOv13-X,True,0.8484848484848485,0.8484848484848485,0.0,0.6296474841194825,0.6885245901639345,0.7056432848291658,0.7301587301587301,0.7547687492326107,0.8421052631578948,0.7605359513196984,0.8484848484848485
9999998_00346_d_0000298.jpg,112,YOLOv13-X,YOLOv13-X,True,0.5030674846625767,0.5030674846625767,0.0,0.5077078695222039,0.3975155279503105,0.5699602361786503,0.4691358024691359,0.6294126891719489,0.4914285714285715,0.6338885830555653,0.5030674846625767
9999951_00000_d_0000306.jpg,30,YOLOv13-L,YOLOv13-L,True,0.9152542372881356,0.9152542372881356,0.0,0.809218312191406,0.8000000000000002,0.8335445047142489,0.8524590163934426,0.8920137643088036,0.9152542372881356,0.8766468206468302,0.8620689655172413
9999982_00000_d_0000193.jpg,14,YOLOv13-L,YOLOv13-L,True,0.8148148148148148,0.8148148148148148,0.0,0.5297603227075104,0.6956521739130435,0.5898321243846267,0.75,0.6657257314861322,0.8148148148148148,0.6447193504002277,0.8148148148148148
0000072_04493_d_0000005.jpg,120,YOLOv13-X,YOLOv13-X,True,0.7,0.7,0.0,0.5399967986924342,0.5110132158590309,0.6098518119660554,0.5714285714285715,0.6980964180266546,0.6776859504132232,0.7042551033972448,0.7
9999981_00000_d_0000037.jpg,92,YOLOv13-X,YOLOv13-X,True,0.6578947368421053,0.6578947368421053,0.0,0.6699496474405705,0.4525547445255474,0.7290773156719679,0.5135135135135135,0.7725464002215109,0.6486486486486486,0.7768748795957705,0.6578947368421053
0000166_01158_d_0000121.jpg,50,YOLOv13-X,YOLOv13-X,True,0.7307692307692308,0.7307692307692308,0.0,0.660664204933875,0.5000000000000001,0.7116301874047628,0.5544554455445545,0.8066487319044787,0.6324786324786325,0.8167638661720976,0.7307692307692308
9999982_00000_d_0000084.jpg,29,YOLOv13-X,YOLOv13-X,True,0.6956521739130435,0.6956521739130435,0.0,0.5580069227245219,0.6046511627906977,0.5810736212016152,0.6666666666666667,0.610687849558382,0.6818181818181819,0.6207820076131491,0.6956521739130435
0000331_00801_d_0000845.jpg,64,YOLOv13-X,YOLOv13-X,True,0.8032786885245901,0.8032786885245901,0.0,0.6203263354493246,0.6779661016949152,0.6720989879299778,0.7627118644067796,0.7375421261233625,0.7619047619047619,0.7410563195629468,0.8032786885245901
9999937_00000_d_0000080.jpg,67,YOLOv13-X,YOLOv13-X,True,0.54,0.54,0.0,0.5716472439786033,0.225,0.6306614811016884,0.3956043956043956,0.6922027718904276,0.4897959183673469,0.6959285681253813,0.54
9999972_00000_d_0000047.jpg,7,YOLOv13-L,YOLOv13-S,False,1.0,1.0,0.0,0.7431873881126574,0.8750000000000001,0.8003142211387543,1.0,0.8588486061554903,1.0,0.8404862030239927,0.9333333333333332
9999977_00000_d_0000097.jpg,54,YOLOv13-L,YOLOv13-L,True,0.6451612903225806,0.6451612903225806,0.0,0.4491629110912069,0.3695652173913044,0.47105052427477034,0.4835164835164836,0.5863658195634736,0.6451612903225806,0.5834037526077278,0.6086956521739131
9999981_00000_d_0000013.jpg,9,YOLOv13-L,YOLOv13-L,True,0.9473684210526316,0.9473684210526316,0.0,0.8762500942583904,0.8888888888888888,0.8844514038682937,0.8888888888888888,0.927856422240778,0.9473684210526316,0.8946301318293727,0.9
9999937_00000_d_0000146.jpg,163,YOLOv13-X,YOLOv13-X,True,0.456140350877193,0.456140350877193,0.0,0.4439255490319115,0.2131979695431472,0.5187503457570032,0.3557692307692308,0.5875923925009461,0.4137931034482758,0.6015104979149489,0.456140350877193
0000072_06173_d_0000010.jpg,98,YOLOv13-L,YOLOv13-L,True,0.7009345794392522,0.7009345794392522,0.0,0.5050130821990724,0.5549738219895289,0.5720156274908476,0.6387434554973822,0.6683064145585612,0.7009345794392522,0.6565408945202875,0.6909090909090909
0000275_00601_d_0000500.jpg,72,YOLOv13-X,YOLOv13-X,True,0.6376811594202899,0.6376811594202899,0.0,0.4275998976517527,0.4,0.494136157129966,0.5161290322580646,0.5849107546918824,0.6370370370370372,0.5907441381885419,0.6376811594202899
9999972_00000_d_0000029.jpg,21,YOLOv13-L,YOLOv13-L,True,0.5454545454545454,0.5454545454545454,0.0,0.5649752250633189,0.4285714285714285,0.6332944829969795,0.4666666666666666,0.710018958704127,0.5454545454545454,0.7075981707841316,0.5454545454545454
9999972_00000_d_0000152.jpg,17,YOLOv13-L,YOLOv13-L,True,0.8749999999999999,0.8749999999999999,0.0,0.8042061733588853,0.8000000000000002,0.8395660186126593,0.8275862068965517,0.8717400868556728,0.8749999999999999,0.8546498922551731,0.7999999999999999
0000142_02658_d_0000036.jpg,94,YOLOv13-X,YOLOv13-X,True,0.6293706293706295,0.6293706293706295,0.0,0.6229608915977136,0.5217391304347826,0.6571846669539182,0.5588235294117647,0.7077727170261382,0.5942028985507247,0.7126984991457381,0.6293706293706295
0000256_03204_d_0000033.jpg,60,YOLOv13-X,YOLOv13-X,True,0.6788990825688074,0.6788990825688074,0.0,0.4898465603209152,0.3870967741935483,0.5530047227976984,0.4301075268817204,0.6327509203234706,0.6019417475728156,0.6491812578742719,0.6788990825688074
9999942_00000_d_0000175.jpg,14,YOLOv13-X,YOLOv13-X,True,0.9285714285714286,0.9285714285714286,0.0,0.7461326172477891,0.7407407407407408,0.7592994151662686,0.8148148148148148,0.8047929008944692,0.8571428571428571,0.8102422556362376,0.9285714285714286
9999998_00245_d_0000199.jpg,18,YOLOv13-X,YOLOv13-L,False,0.8571428571428571,0.8571428571428571,0.0,0.8628976458902652,0.8484848484848485,0.8843979168296539,0.7428571428571428,0.9084571071414732,0.8571428571428571,0.9128322482493846,0.8571428571428571
0000165_05725_d_0000112.jpg,24,YOLOv13-X,YOLOv13-X,True,0.76,0.76,0.0,0.5641171613018257,0.5454545454545454,0.6328967418133706,0.6415094339622641,0.7361145882277835,0.7017543859649124,0.7371958535873151,0.76
9999955_00000_d_0000103.jpg,14,YOLOv13-L,YOLOv13-L,True,0.8,0.8,0.0,0.6323647898403651,0.6153846153846153,0.6978882750428489,0.75,0.7768410519845175,0.8,0.7742254515717405,0.7407407407407408
9999965_00000_d_0000047.jpg,77,YOLOv13-X,YOLOv13-X,True,0.7972027972027972,0.7972027972027972,0.0,0.6064331890542123,0.6338028169014084,0.6522714927534026,0.7552447552447552,0.7113961678059088,0.7919463087248323,0.7168000994401277,0.7972027972027972
9999985_00000_d_0000023.jpg,26,YOLOv13-L,YOLOv13-L,True,0.2352941176470588,0.2352941176470588,0.0,0.2268219956098847,0.1176470588235294,0.3227552894790943,0.1714285714285714,0.3871308411011217,0.2352941176470588,0.38575627693636677,0.1666666666666666
9999937_00000_d_0000009.jpg,6,YOLOv13-X,YOLOv13-L,False,0.8,0.8,0.0,0.4539667751768267,0.6666666666666666,0.49551672382154255,0.5454545454545454,0.5625830682350218,0.8,0.5971317373817377,0.8
0000220_00500_d_0000002.jpg,30,YOLOv13-L,YOLOv13-L,True,0.6923076923076923,0.6923076923076923,0.0,0.5229738953581679,0.5531914893617021,0.5784865011272333,0.5,0.6692114534542261,0.6923076923076923,0.6514853702408249,0.6792452830188679
9999953_00000_d_0000031.jpg,25,YOLOv13-L,YOLOv13-L,True,0.9803921568627452,0.9803921568627452,0.0,0.6646752390388819,0.851851851851852,0.7142167680868627,0.888888888888889,0.7948405708861341,0.9803921568627452,0.7791327980336575,0.9411764705882352
0000257_01607_d_0000050.jpg,16,YOLOv13-L,YOLOv13-N,False,1.0,1.0,0.0,0.9067912993553132,1.0,0.9172365003756161,1.0,0.9327175121960896,1.0,0.9217642647650045,1.0
9999956_00000_d_0000046.jpg,11,YOLOv13-X,YOLOv13-L,False,0.7999999999999999,0.7999999999999999,0.0,0.6917935723547475,0.7368421052631579,0.7132349597714028,0.7000000000000001,0.7655749892730987,0.7999999999999999,0.7683654778250432,0.7999999999999999
0000348_00197_d_0000407.jpg,93,YOLOv13-X,YOLOv13-X,True,0.5562913907284769,0.5562913907284769,0.0,0.4669330106718264,0.3970588235294118,0.5210749989264459,0.4657534246575342,0.6178015858977126,0.5342465753424658,0.6317181101327637,0.5562913907284769
9999955_00000_d_0000017.jpg,39,YOLOv13-X,YOLOv13-X,True,0.6031746031746031,0.6031746031746031,0.0,0.493531316721042,0.4074074074074074,0.5539167139565246,0.5263157894736842,0.6136744626304157,0.5625,0.6196509064544286,0.6031746031746031
9999981_00000_d_0000028.jpg,49,YOLOv13-L,YOLOv13-L,True,0.9514563106796116,0.9514563106796116,0.0,0.841303018649061,0.8648648648648648,0.8586152121190181,0.8596491228070176,0.9023525549103555,0.9514563106796116,0.8999550798934913,0.8909090909090909
9999950_00000_d_0000061.jpg,31,YOLOv13-X,YOLOv13-X,True,0.9,0.9,0.0,0.7414256796210995,0.7857142857142856,0.7840007069416546,0.8214285714285714,0.8354771775438807,0.8666666666666666,0.8426165055258363,0.9
9999990_00000_d_0000033.jpg,37,YOLOv13-X,YOLOv13-L,False,0.8529411764705881,0.8529411764705881,0.0,0.7282944082809149,0.7352941176470588,0.7654629630921278,0.7714285714285715,0.8206870414587838,0.8529411764705881,0.8223839466036375,0.8529411764705881
9999999_00053_d_0000013.jpg,41,YOLOv13-L,YOLOv13-L,True,0.8,0.8,0.0,0.7846367567816263,0.7428571428571429,0.81569880598473,0.7499999999999999,0.8515436238106933,0.8,0.8498447036866625,0.8
0000205_00405_d_0000197.jpg,71,YOLOv13-X,YOLOv13-X,True,0.7974683544303797,0.7974683544303797,0.0,0.577202170029751,0.6496815286624205,0.6337986987443048,0.7712418300653594,0.718679929713558,0.782051282051282,0.7201756842780606,0.7974683544303797
9999984_00000_d_0000144.jpg,156,YOLOv13-X,YOLOv13-X,True,0.6470588235294118,0.6470588235294118,0.0,0.5471433592689132,0.475095785440613,0.5951896709332889,0.582089552238806,0.6537424115510497,0.6415094339622641,0.667358926411282,0.6470588235294118
9999937_00000_d_0000219.jpg,59,YOLOv13-X,YOLOv13-X,True,0.4761904761904761,0.4761904761904761,0.0,0.5607817159650824,0.375,0.6223473945426055,0.375,0.6968325251835634,0.4390243902439025,0.7034619830390937,0.4761904761904761
0000112_01120_d_0000074.jpg,45,YOLOv13-X,YOLOv13-X,True,0.4415584415584416,0.4415584415584416,0.0,0.4663745776742466,0.2807017543859649,0.5430097689473466,0.3,0.6271239348230765,0.4358974358974359,0.6436572843228828,0.4415584415584416
9999972_00000_d_0000105.jpg,23,YOLOv13-X,YOLOv13-X,True,0.8260869565217391,0.8260869565217391,0.0,0.5035758922596097,0.7,0.555972682289023,0.7317073170731708,0.6234535284056099,0.7906976744186046,0.6400916749530853,0.8260869565217391
9999985_00000_d_0000046.jpg,25,YOLOv13-X,YOLOv13-X,True,0.6190476190476191,0.6190476190476191,0.0,0.6205536672306412,0.4736842105263157,0.6872851292256846,0.5789473684210525,0.7375951727110259,0.6,0.7429428463251574,0.6190476190476191
9999999_00163_d_0000066.jpg,35,YOLOv13-L,YOLOv13-L,True,0.8115942028985507,0.8115942028985507,0.0,0.6337000788711602,0.7222222222222223,0.6974700025031935,0.7647058823529412,0.7558642802679133,0.8115942028985507,0.7549082507242134,0.75
0000263_02201_d_0000178.jpg,33,YOLOv13-L,YOLOv13-L,True,0.8064516129032258,0.8064516129032258,0.0,0.7255245096018841,0.6885245901639345,0.7831045561964851,0.721311475409836,0.8577931430413895,0.8064516129032258,0.852739893039088,0.7936507936507938
9999999_00727_d_0000331.jpg,191,YOLOv13-X,YOLOv13-X,True,0.4909747292418772,0.4909747292418772,0.0,0.4345658795841026,0.3846153846153846,0.4983403386387706,0.4444444444444444,0.5488555801090731,0.4671532846715328,0.5537618781596667,0.4909747292418772
9999956_00000_d_0000104.jpg,18,YOLOv13-L,YOLOv13-L,True,0.7894736842105262,0.7894736842105262,0.0,0.6835157455857584,0.6857142857142857,0.7239844073057258,0.7058823529411765,0.8053593552930678,0.7894736842105262,0.7881711741805427,0.7499999999999999
0000071_05298_d_0000008.jpg,132,YOLOv13-L,YOLOv13-L,True,0.7954545454545455,0.7954545454545455,0.0,0.5791156085977334,0.6101694915254238,0.6756849321002105,0.68503937007874,0.7668019726102595,0.7954545454545455,0.7645180038536007,0.77992277992278
0000109_00228_d_0000061.jpg,22,YOLOv13-L,YOLOv13-L,True,0.5714285714285714,0.5714285714285714,0.0,0.50403550978515,0.2142857142857142,0.5748179918184934,0.5000000000000001,0.6599176085477333,0.5714285714285714,0.6505495628528251,0.5405405405405405
9999987_00000_d_0000005.jpg,54,YOLOv13-X,YOLOv13-X,True,0.6363636363636364,0.6363636363636364,0.0,0.44689977979306045,0.5918367346938775,0.5021745270390714,0.6260869565217391,0.5763688704992369,0.6115702479338844,0.5826624483966566,0.6363636363636364
9999962_00000_d_0000064.jpg,44,YOLOv13-X,YOLOv13-X,True,0.8505747126436781,0.8505747126436781,0.0,0.6595653684413797,0.746987951807229,0.714940952708812,0.7608695652173914,0.7754799285952985,0.8089887640449439,0.7803007580901549,0.8505747126436781
9999972_00000_d_0000092.jpg,21,YOLOv13-L,YOLOv13-L,True,0.8108108108108109,0.8108108108108109,0.0,0.830209942667042,0.588235294117647,0.8630676141912486,0.6857142857142857,0.8882981707183748,0.8108108108108109,0.8614264572301977,0.6500000000000001
9999945_00000_d_0000116.jpg,171,YOLOv13-X,YOLOv13-X,True,0.4761904761904762,0.4761904761904762,0.0,0.5034046058264411,0.3362831858407079,0.5583713781127115,0.3776824034334763,0.629235443368019,0.4675324675324675,0.6341671044126302,0.4761904761904762
9999999_00446_d_0000198.jpg,27,YOLOv13-X,YOLOv13-X,True,0.8727272727272727,0.8727272727272727,0.0,0.6424405018070882,0.6538461538461539,0.6964743241951129,0.7037037037037037,0.7499198640784701,0.7924528301886792,0.75212602238574,0.8727272727272727
9999940_00000_d_0000084.jpg,23,YOLOv13-L,YOLOv13-L,True,0.75,0.75,0.0,0.6408098835620022,0.5405405405405405,0.6723084789697912,0.4615384615384615,0.7475733563075845,0.75,0.7427083771771945,0.6842105263157895
0000325_04201_d_0000683.jpg,119,YOLOv13-X,YOLOv13-L,False,0.7904761904761903,0.7904761904761903,0.0,0.6131525410820996,0.6206896551724139,0.6667350253193179,0.6796116504854369,0.7289485891754349,0.7904761904761903,0.7333345969378223,0.7904761904761903
9999972_00000_d_0000131.jpg,25,YOLOv13-L,YOLOv13-L,True,0.7727272727272727,0.7727272727272727,0.0,0.638528679692148,0.6818181818181819,0.7096690946682187,0.6363636363636364,0.7750048088301877,0.7727272727272727,0.7643440563375195,0.7272727272727272
9999945_00000_d_0000041.jpg,104,YOLOv13-L,YOLOv13-L,True,0.5405405405405405,0.5405405405405405,0.0,0.6715780774225647,0.4615384615384615,0.7157895185122252,0.486111111111111,0.7690106123490469,0.5405405405405405,0.7648896181953573,0.5277777777777778
9999998_00065_d_0000050.jpg,173,YOLOv13-X,YOLOv13-X,True,0.6594202898550724,0.6594202898550724,0.0,0.5898792981428446,0.5441696113074205,0.6374424913411881,0.5985915492957746,0.705412833993077,0.6499999999999999,0.7112632096578372,0.6594202898550724
9999994_00000_d_0000002.jpg,31,YOLOv13-L,YOLOv13-L,True,0.5531914893617021,0.5531914893617021,0.0,0.5743796325985214,0.3636363636363636,0.6145589307014626,0.3720930232558139,0.6755763511728037,0.5531914893617021,0.6611720982525229,0.4897959183673469
0000056_00727_d_0000111.jpg,79,YOLOv13-X,YOLOv13-X,True,0.7770700636942675,0.7770700636942675,0.0,0.5689532455556244,0.5859872611464968,0.6243087096262215,0.6712328767123288,0.7088054470348023,0.7530864197530864,0.7201868044346332,0.7770700636942675
9999951_00000_d_0000308.jpg,21,YOLOv13-L,YOLOv13-L,True,0.7567567567567567,0.7567567567567567,0.0,0.38309503338208745,0.588235294117647,0.4779336959042031,0.5555555555555556,0.5669296377709682,0.7567567567567567,0.5568412032206735,0.7368421052631577
9999991_00000_d_0000004.jpg,46,YOLOv13-L,YOLOv13-L,True,0.8260869565217391,0.8260869565217391,0.0,0.6652982577288855,0.7916666666666667,0.7145868809847999,0.782608695652174,0.7781594528514976,0.8260869565217391,0.7746108214753058,0.8085106382978724
0000165_02925_d_0000098.jpg,35,YOLOv13-X,YOLOv13-X,True,0.8125,0.8125,0.0,0.6149689250126655,0.6984126984126985,0.682403377095388,0.676470588235294,0.7487298593898147,0.787878787878788,0.7580410036340222,0.8125
9999950_00000_d_0000070.jpg,14,YOLOv13-L,YOLOv13-L,True,0.888888888888889,0.888888888888889,0.0,0.5294724788839474,0.7857142857142857,0.5694681501630392,0.8,0.6348570594729204,0.888888888888889,0.6321040710354628,0.8275862068965518
0000222_03100_d_0000010.jpg,60,YOLOv13-X,YOLOv13-X,True,0.7070707070707071,0.7070707070707071,0.0,0.5861281462344315,0.5625000000000001,0.6665992262052016,0.6105263157894737,0.7251424798531806,0.6804123711340206,0.7261436193323813,0.7070707070707071
0000142_02458_d_0000035.jpg,116,YOLOv13-X,YOLOv13-X,True,0.6363636363636364,0.6363636363636364,0.0,0.639853057400204,0.5207100591715977,0.6861038938214196,0.5828571428571429,0.7346045412345387,0.5988700564971752,0.7459323145429925,0.6363636363636364
9999966_00000_d_0000140.jpg,20,YOLOv13-X,YOLOv13-X,True,0.9743589743589745,0.9743589743589745,0.0,0.8447490242228167,0.95,0.8548492644938661,0.95,0.8906056500565028,0.95,0.8947362667082447,0.9743589743589745
0000132_01903_d_0000140.jpg,177,YOLOv13-L,YOLOv13-L,True,0.7466666666666667,0.7466666666666667,0.0,0.658075221328665,0.6666666666666666,0.7005222090215715,0.7050847457627119,0.7502635856041037,0.7466666666666667,0.7457970735953574,0.74
9999940_00000_d_0000049.jpg,70,YOLOv13-X,YOLOv13-X,True,0.681159420289855,0.681159420289855,0.0,0.5559918409281436,0.4566929133858268,0.6228021094950785,0.6153846153846153,0.7120543984238019,0.5555555555555556,0.7179991536093463,0.681159420289855
9999972_00000_d_0000045.jpg,22,YOLOv13-L,YOLOv13-S,False,0.8979591836734693,0.8979591836734693,0.0,0.7720450603101009,0.88,0.826078928497514,0.8979591836734693,0.8679918245940016,0.8979591836734693,0.8583512882866003,0.88
9999953_00000_d_0000154.jpg,14,YOLOv13-X,YOLOv13-L,False,0.9655172413793104,0.9655172413793104,0.0,0.6878601186771527,0.7878787878787878,0.7530398969446973,0.9032258064516128,0.8318399856334786,0.9655172413793104,0.8379001264942108,0.9655172413793104
0000206_00668_d_0000205.jpg,44,YOLOv13-L,YOLOv13-L,True,0.8260869565217391,0.8260869565217391,0.0,0.6717749484428898,0.62,0.7285967860807446,0.7311827956989247,0.8146079371710907,0.8260869565217391,0.8145531024649973,0.8210526315789474
9999955_00000_d_0000232.jpg,66,YOLOv13-X,YOLOv13-X,True,0.6290322580645162,0.6290322580645162,0.0,0.4638622090220792,0.5691056910569104,0.529708654289625,0.5555555555555556,0.5895830090680322,0.5950413223140496,0.6014647979830801,0.6290322580645162
9999955_00000_d_0000030.jpg,46,YOLOv13-X,YOLOv13-X,True,0.7999999999999999,0.7999999999999999,0.0,0.5882268515363118,0.7446808510638298,0.6431487088471245,0.795698924731183,0.7126101623977942,0.78,0.7319231799764306,0.7999999999999999
9999972_00000_d_0000053.jpg,10,YOLOv13-L,YOLOv13-N,False,1.0,1.0,0.0,0.8583819976264486,1.0,0.8668126591465103,1.0,0.9108598251361711,1.0,0.8859434623371961,1.0
0000225_02427_d_0000009.jpg,37,YOLOv13-L,YOLOv13-L,True,0.9589041095890412,0.9589041095890412,0.0,0.7225633369740972,0.8205128205128206,0.7925241022710277,0.8974358974358975,0.8525137333868034,0.9589041095890412,0.8413751700326738,0.8974358974358975
9999990_00000_d_0000050.jpg,43,YOLOv13-X,YOLOv13-X,True,0.8705882352941177,0.8705882352941177,0.0,0.5855712497956911,0.7499999999999999,0.6333586682227165,0.7291666666666667,0.7064325189470061,0.8674698795180723,0.7084259366230587,0.8705882352941177
9999951_00000_d_0000190.jpg,82,YOLOv13-X,YOLOv13-L,False,0.9523809523809524,0.9523809523809524,0.0,0.7777974168355406,0.8555555555555556,0.812318920973671,0.935672514619883,0.8563334030263625,0.9523809523809524,0.8573160421515096,0.9523809523809524
9999990_00000_d_0000065.jpg,41,YOLOv13-X,YOLOv13-X,True,0.8354430379746836,0.8354430379746836,0.0,0.5441399055121373,0.6753246753246753,0.5908291018893546,0.7567567567567567,0.6779363178918849,0.7894736842105263,0.6871869331892497,0.8354430379746836
9999987_00000_d_0000061.jpg,8,YOLOv13-L,YOLOv13-L,True,0.5,0.5,0.0,0.2987269034938263,0.2222222222222222,0.3529524151471177,0.2,0.4871521365673001,0.5,0.4268400490055123,0.5
9999955_00000_d_0000268.jpg,44,YOLOv13-X,YOLOv13-X,True,0.6285714285714286,0.6285714285714286,0.0,0.4847299949965748,0.4848484848484849,0.588831873390674,0.6000000000000001,0.6787346988111607,0.5714285714285714,0.6817402240900721,0.6285714285714286
9999955_00000_d_0000297.jpg,19,YOLOv13-L,YOLOv13-L,True,0.7333333333333334,0.7333333333333334,0.0,0.5081505314687011,0.5882352941176471,0.5789147413167958,0.625,0.6522989958017663,0.7333333333333334,0.6388387261515845,0.7096774193548387
0000137_00509_d_0000159.jpg,162,YOLOv13-X,YOLOv13-X,True,0.5723905723905723,0.5723905723905723,0.0,0.5448048830524745,0.4652777777777778,0.6165529962046042,0.5223367697594502,0.700514836177944,0.5714285714285715,0.7016807296153681,0.5723905723905723
9999953_00000_d_0000033.jpg,34,YOLOv13-L,YOLOv13-L,True,0.8358208955223881,0.8358208955223881,0.0,0.5710082129300392,0.7,0.6319917416571724,0.78125,0.6998681815531643,0.8358208955223881,0.6953007282270267,0.8235294117647058
0000313_00001_d_0000436.jpg,91,YOLOv13-X,YOLOv13-X,True,0.6405228758169934,0.6405228758169934,0.0,0.5763018680714909,0.4525547445255474,0.6390176463241276,0.5714285714285714,0.6968026815169567,0.6315789473684211,0.7051349560077158,0.6405228758169934
9999999_00061_d_0000017.jpg,79,YOLOv13-X,YOLOv13-X,True,0.7412587412587414,0.7412587412587414,0.0,0.560203520770367,0.5833333333333333,0.6261698919673547,0.704225352112676,0.6874424893194182,0.7299270072992702,0.7036293675124943,0.7412587412587414
9999962_00000_d_0000129.jpg,27,YOLOv13-X,YOLOv13-X,True,0.8679245283018868,0.8679245283018868,0.0,0.7976898352289927,0.7083333333333334,0.8254800866670549,0.8333333333333334,0.9005885937605524,0.8627450980392156,0.9042504880843915,0.8679245283018868
9999964_00000_d_0000020.jpg,57,YOLOv13-X,YOLOv13-X,True,0.8235294117647058,0.8235294117647058,0.0,0.6023485974428613,0.6200000000000001,0.6530116629538811,0.6990291262135923,0.7231271786385312,0.7850467289719626,0.7348340733922654,0.8235294117647058
9999966_00000_d_0000133.jpg,95,YOLOv13-X,YOLOv13-X,True,0.8216216216216217,0.8216216216216217,0.0,0.5122290266860584,0.6010928961748634,0.5714641618425428,0.7709497206703911,0.6623003763289249,0.8105263157894737,0.6679917197418964,0.8216216216216217
9999940_00000_d_0000058.jpg,152,YOLOv13-L,YOLOv13-L,True,0.5833333333333333,0.5833333333333333,0.0,0.4520516365822879,0.4047619047619047,0.538294441334944,0.4980842911877395,0.6229054850907526,0.5833333333333333,0.6049424295189932,0.5660377358490566
9999953_00000_d_0000214.jpg,11,YOLOv13-L,YOLOv13-N,False,0.9523809523809524,0.9523809523809524,0.0,0.8611272661654438,0.9523809523809524,0.8423240195197459,0.9523809523809524,0.8994627299115944,0.9523809523809524,0.8923432315812648,0.9523809523809524
0000366_08429_d_0000815.jpg,163,YOLOv13-L,YOLOv13-L,True,0.301255230125523,0.301255230125523,0.0,0.25689995105037494,0.023391812865497,0.37501905450162637,0.1990950226244344,0.46070257843742235,0.301255230125523,0.4539119610873735,0.2580645161290322
9999937_00000_d_0000178.jpg,82,YOLOv13-L,YOLOv13-L,True,0.4655172413793104,0.4655172413793104,0.0,0.6734689317413994,0.3366336633663366,0.7258586087030574,0.4,0.8096797606243312,0.4655172413793104,0.8067926252868632,0.4385964912280701
9999951_00000_d_0000113.jpg,40,YOLOv13-X,YOLOv13-X,True,0.9523809523809524,0.9523809523809524,0.0,0.8793865693101335,0.891566265060241,0.9071408255054665,0.9285714285714284,0.9315850825706063,0.9285714285714284,0.9351726970702433,0.9523809523809524
0000305_02401_d_0000225.jpg,44,YOLOv13-L,YOLOv13-L,True,0.8735632183908046,0.8735632183908046,0.0,0.7978909184036228,0.7297297297297297,0.8187341483651671,0.761904761904762,0.8677477870340812,0.8735632183908046,0.8624798213300724,0.8705882352941177
0000040_02454_d_0000068.jpg,19,YOLOv13-L,YOLOv13-L,True,0.9268292682926828,0.9268292682926828,0.0,0.6696863931199241,0.7555555555555555,0.7484074092174787,0.8085106382978724,0.8142163932700419,0.9268292682926828,0.8096237337632417,0.9268292682926828
9999999_00865_d_0000396.jpg,62,YOLOv13-X,YOLOv13-X,True,0.7692307692307693,0.7692307692307693,0.0,0.7725458984759856,0.6346153846153847,0.8151828461043613,0.7037037037037037,0.8585920544756355,0.7563025210084033,0.8597343813554761,0.7692307692307693
9999997_00000_d_0000027.jpg,15,YOLOv13-X,YOLOv13-X,True,0.6956521739130436,0.6956521739130436,0.0,0.5900075672931553,0.6666666666666667,0.6140511272205014,0.608695652173913,0.6654545820251427,0.6363636363636364,0.6670789178377998,0.6956521739130436
9999945_00000_d_0000088.jpg,30,YOLOv13-L,YOLOv13-L,True,0.5531914893617021,0.5531914893617021,0.0,0.6148402380479453,0.4285714285714285,0.6501354330997555,0.4680851063829787,0.7236569105586748,0.5531914893617021,0.7132576907418791,0.5416666666666666
9999937_00000_d_0000026.jpg,41,YOLOv13-L,YOLOv13-L,True,0.9047619047619048,0.9047619047619048,0.0,0.6498472624078228,0.7951807228915663,0.6996078711034373,0.7804878048780488,0.7846964766668055,0.9047619047619048,0.7788645899450295,0.8915662650602411
9999951_00000_d_0000297.jpg,51,YOLOv13-X,YOLOv13-X,True,0.94,0.94,0.0,0.7233928230580207,0.7339449541284404,0.7927344628596528,0.8461538461538461,0.8535282304360411,0.9320388349514565,0.8540920525371885,0.94
0000325_06401_d_0000694.jpg,100,YOLOv13-L,YOLOv13-L,True,0.6746987951807228,0.6746987951807228,0.0,0.5998905440342056,0.4594594594594595,0.6502713305059121,0.5548387096774193,0.722628573974955,0.6746987951807228,0.7159975664947267,0.5939393939393939
0000308_05201_d_0000331.jpg,93,YOLOv13-L,YOLOv13-L,True,0.8139534883720929,0.8139534883720929,0.0,0.6233578891597676,0.6625766871165644,0.6795166010769982,0.7530864197530863,0.7503099838128784,0.8139534883720929,0.74553864288,0.8070175438596492
9999951_00000_d_0000330.jpg,31,YOLOv13-X,YOLOv13-X,True,0.7142857142857142,0.7142857142857142,0.0,0.5361556044038567,0.5200000000000001,0.5938308602044732,0.6666666666666667,0.6513055015705257,0.6785714285714285,0.6655413272299394,0.7142857142857142
9999966_00000_d_0000106.jpg,65,YOLOv13-L,YOLOv13-L,True,0.8405797101449275,0.8405797101449275,0.0,0.7224647940092567,0.7301587301587301,0.7807546715149061,0.832116788321168,0.8428378941457103,0.8405797101449275,0.840042537071785,0.8345323741007195
9999951_00000_d_0000109.jpg,93,YOLOv13-L,YOLOv13-L,True,0.9361702127659576,0.9361702127659576,0.0,0.7217702609131972,0.8155339805825244,0.7779122291076399,0.8900523560209423,0.853810413700781,0.9361702127659576,0.848721732914417,0.9072164948453608
9999999_00035_d_0000006.jpg,49,YOLOv13-X,YOLOv13-X,True,0.813953488372093,0.813953488372093,0.0,0.5233809705499909,0.7096774193548386,0.5698685632984263,0.7529411764705882,0.6308417732815376,0.8045977011494253,0.6462558266821239,0.813953488372093
9999950_00000_d_0000082.jpg,17,YOLOv13-L,YOLOv13-L,True,0.8275862068965517,0.8275862068965517,0.0,0.6000783031424058,0.6399999999999999,0.633818883091137,0.5925925925925927,0.6759662036408703,0.8275862068965517,0.6684880366561926,0.7586206896551724
9999943_00000_d_0000072.jpg,67,YOLOv13-X,YOLOv13-X,True,0.8307692307692308,0.8307692307692308,0.0,0.6558215256679538,0.6666666666666667,0.7163129673693,0.6865671641791045,0.7809699189422709,0.7913669064748201,0.782427038772004,0.8307692307692308
9999999_00362_d_0000157.jpg,86,YOLOv13-L,YOLOv13-L,True,0.812121212121212,0.812121212121212,0.0,0.6247204262387028,0.6419753086419753,0.6867595995797668,0.718954248366013,0.7734328504494252,0.812121212121212,0.7714199844677602,0.8092485549132948
9999985_00000_d_0000027.jpg,15,YOLOv13-L,YOLOv13-L,True,0.7407407407407408,0.7407407407407408,0.0,0.688008395744467,0.6666666666666667,0.7610167737042128,0.6153846153846153,0.8071586367053095,0.7407407407407408,0.8019209764455868,0.6666666666666665
9999998_00217_d_0000173.jpg,38,YOLOv13-L,YOLOv13-L,True,0.7631578947368421,0.7631578947368421,0.0,0.6146351639435315,0.684931506849315,0.6672736943388675,0.7222222222222222,0.7298845544990247,0.7631578947368421,0.7195419510596051,0.7272727272727273
0000342_01569_d_0000250.jpg,89,YOLOv13-X,YOLOv13-X,True,0.761904761904762,0.761904761904762,0.0,0.6089743315865724,0.4583333333333333,0.6735950482122867,0.5283018867924529,0.7399756814065964,0.6625766871165645,0.7504557587925827,0.761904761904762
9999982_00000_d_0000165.jpg,50,YOLOv13-X,YOLOv13-X,True,0.9108910891089108,0.9108910891089108,0.0,0.5919148169616292,0.75,0.6352867002142728,0.7787610619469026,0.7105000897490218,0.8823529411764707,0.7114645987058166,0.9108910891089108
9999999_00478_d_0000213.jpg,20,YOLOv13-L,YOLOv13-L,True,0.7692307692307693,0.7692307692307693,0.0,0.5550528038852238,0.7659574468085106,0.6170560657380291,0.7599999999999999,0.6809879278161244,0.7692307692307693,0.6689392998344454,0.7599999999999999
9999937_00000_d_0000004.jpg,28,YOLOv13-L,YOLOv13-L,True,0.8235294117647057,0.8235294117647057,0.0,0.629286240431914,0.6538461538461539,0.6824858624821792,0.7407407407407408,0.7784866382616537,0.8235294117647057,0.7748214892871553,0.8148148148148148
0000326_00001_d_0000696.jpg,16,YOLOv13-L,YOLOv13-L,True,0.967741935483871,0.967741935483871,0.0,0.8921030924987076,0.8275862068965517,0.8940462067761717,0.9333333333333332,0.9218074344124062,0.967741935483871,0.9075593368656487,0.9375
0000349_04313_d_0000462.jpg,85,YOLOv13-X,YOLOv13-X,True,0.8198757763975155,0.8198757763975155,0.0,0.5275935199605117,0.5949367088607594,0.6139153314246754,0.6967741935483872,0.6964339939268097,0.7926829268292683,0.6994224895476516,0.8198757763975155
0000205_00831_d_0000198.jpg,72,YOLOv13-X,YOLOv13-X,True,0.8137931034482759,0.8137931034482759,0.0,0.5540873938188322,0.6382978723404256,0.6214263298213878,0.6714285714285714,0.6802165742089112,0.7671232876712328,0.6869651273431661,0.8137931034482759
9999955_00000_d_0000417.jpg,15,YOLOv13-X,YOLOv13-X,True,0.9032258064516128,0.9032258064516128,0.0,0.8545738159208829,0.8666666666666667,0.8774565752154533,0.8125,0.8928112288927237,0.8749999999999999,0.9085659025552592,0.9032258064516128
9999960_00000_d_0000031.jpg,6,YOLOv13-X,YOLOv13-X,True,1.0,1.0,0.0,0.716786927324697,0.923076923076923,0.7667975655434482,0.923076923076923,0.8500441627160504,0.923076923076923,0.8504136536380041,1.0
9999982_00000_d_0000070.jpg,66,YOLOv13-L,YOLOv13-L,True,0.673076923076923,0.673076923076923,0.0,0.5587600955862716,0.5882352941176471,0.625475796408552,0.6346153846153846,0.6879588812263326,0.673076923076923,0.6827694067673586,0.6666666666666667
9999937_00000_d_0000105.jpg,24,YOLOv13-L,YOLOv13-L,True,0.9411764705882352,0.9411764705882352,0.0,0.5396100604322571,0.3285714285714286,0.6121926066719714,0.5974025974025975,0.7253840642284429,0.9411764705882352,0.7063106870844915,0.923076923076923
9999953_00000_d_0000192.jpg,5,YOLOv13-X,YOLOv13-L,False,0.9090909090909092,0.9090909090909092,0.0,0.5000694093814503,0.8333333333333333,0.5721152706136234,0.8333333333333333,0.6405619908509639,0.9090909090909092,0.6552356574776678,0.9090909090909092
9999953_00000_d_0000191.jpg,17,YOLOv13-X,YOLOv13-L,False,0.7857142857142858,0.7857142857142858,0.0,0.6431670075434229,0.6666666666666667,0.7073904778575597,0.7586206896551724,0.7392677620577517,0.7857142857142858,0.7564575948625669,0.7857142857142858
9999955_00000_d_0000175.jpg,16,YOLOv13-X,YOLOv13-L,False,0.9032258064516128,0.9032258064516128,0.0,0.6468991952452122,0.7333333333333334,0.6804024175863524,0.875,0.7333569328012255,0.9032258064516128,0.7415342032992773,0.9032258064516128
9999967_00000_d_0000020.jpg,73,YOLOv13-X,YOLOv13-X,True,0.6507936507936508,0.6507936507936508,0.0,0.5075715327699813,0.4324324324324324,0.5871586203044973,0.5454545454545454,0.6478220781979532,0.6093750000000001,0.6603128875939932,0.6507936507936508
9999965_00000_d_0000015.jpg,13,YOLOv13-L,YOLOv13-L,True,0.8799999999999999,0.8799999999999999,0.0,0.8369664205437402,0.8333333333333333,0.8291976175321562,0.8333333333333333,0.883137773738732,0.8799999999999999,0.8776112388549061,0.8799999999999999
9999964_00000_d_0000023.jpg,76,YOLOv13-L,YOLOv13-L,True,0.8175182481751824,0.8175182481751824,0.0,0.7548133026393413,0.7142857142857143,0.8065362883387708,0.723076923076923,0.8600746165363702,0.8175182481751824,0.857387771773878,0.7969924812030075
9999984_00000_d_0000087.jpg,48,YOLOv13-X,YOLOv13-X,True,0.5797101449275361,0.5797101449275361,0.0,0.3754181954422764,0.34375,0.4508701629689963,0.4193548387096774,0.5037930268536893,0.5633802816901409,0.5194843782058987,0.5797101449275361
9999960_00000_d_0000109.jpg,17,YOLOv13-L,YOLOv13-L,True,0.9714285714285714,0.9714285714285714,0.0,0.6904664357101864,0.8108108108108107,0.7471964367622949,0.9090909090909092,0.8154069464400627,0.9714285714285714,0.7761743800816999,0.9714285714285714
9999955_00000_d_0000359.jpg,23,YOLOv13-L,YOLOv13-L,True,0.9166666666666666,0.9166666666666666,0.0,0.7213920215415982,0.5599999999999999,0.7670400879934861,0.7727272727272727,0.8494739611574466,0.9166666666666666,0.8317811391166844,0.8979591836734695
9999967_00000_d_0000052.jpg,89,YOLOv13-L,YOLOv13-L,True,0.736196319018405,0.736196319018405,0.0,0.7027793182789165,0.6351351351351352,0.7419472362635524,0.6842105263157895,0.8063732045126831,0.736196319018405,0.7913403394658112,0.7295597484276731
9999970_00000_d_0000027.jpg,89,YOLOv13-X,YOLOv13-X,True,0.7976190476190476,0.7976190476190476,0.0,0.628681579487795,0.6459627329192547,0.6735289073457,0.7239263803680981,0.7432721618046736,0.7906976744186045,0.75460363714987,0.7976190476190476
9999937_00000_d_0000168.jpg,33,YOLOv13-X,YOLOv13-X,True,0.4680851063829786,0.4680851063829786,0.0,0.45060321382189533,0.326530612244898,0.5315000539404926,0.3137254901960784,0.6343890318354848,0.3921568627450981,0.6346357431387368,0.4680851063829786
0000143_01481_d_0000055.jpg,166,YOLOv13-X,YOLOv13-X,True,0.6066066066066066,0.6066066066066066,0.0,0.5390821157094589,0.5144694533762058,0.5889251383322393,0.558282208588957,0.6674834866055323,0.5976331360946745,0.6759971429351233,0.6066066066066066
9999964_00000_d_0000024.jpg,103,YOLOv13-X,YOLOv13-L,False,0.7700534759358288,0.7700534759358288,0.0,0.6172992529571897,0.6349206349206349,0.6581619717272715,0.6875,0.7269581999840401,0.7700534759358288,0.7420522271867024,0.7700534759358288
9999956_00000_d_0000076.jpg,54,YOLOv13-X,YOLOv13-X,True,0.7476635514018692,0.7476635514018692,0.0,0.45177338140348505,0.5263157894736843,0.5109670758072182,0.7128712871287127,0.5791222770740915,0.7027027027027027,0.5913707984749222,0.7476635514018692
0000102_02749_d_0000024.jpg,6,YOLOv13-X,YOLOv13-X,True,1.0,1.0,0.0,0.8535001663743761,0.923076923076923,0.8642459904287212,0.923076923076923,0.9025738151858377,0.8571428571428571,0.9060864909193818,1.0
0000348_04901_d_0000431.jpg,60,YOLOv13-L,YOLOv13-L,True,0.8067226890756303,0.8067226890756303,0.0,0.5363801931733213,0.5714285714285715,0.609029241743826,0.6785714285714285,0.6906054613787663,0.8067226890756303,0.6903195746308323,0.8000000000000002
9999998_00196_d_0000157.jpg,43,YOLOv13-L,YOLOv13-L,True,0.59375,0.59375,0.0,0.4402586496562828,0.339622641509434,0.5254840972111434,0.4666666666666667,0.6060146693536422,0.59375,0.5806033247775825,0.5666666666666667
9999966_00000_d_0000003.jpg,42,YOLOv13-L,YOLOv13-L,True,0.8863636363636365,0.8863636363636365,0.0,0.6775557599176647,0.7529411764705882,0.7562963618183447,0.8139534883720929,0.8203608872621738,0.8863636363636365,0.8158501810277222,0.8505747126436781
9999953_00000_d_0000109.jpg,25,YOLOv13-L,YOLOv13-L,True,1.0,1.0,0.0,0.8009178677419038,0.8679245283018867,0.8395828178130568,0.925925925925926,0.8873172959163546,1.0,0.8640737741051696,0.9803921568627452
0000331_00801_d_0000828.jpg,29,YOLOv13-X,YOLOv13-X,True,0.7719298245614034,0.7719298245614034,0.0,0.5782034509255101,0.6274509803921569,0.6433629284066447,0.5882352941176471,0.7143495739077701,0.7407407407407408,0.716737160362981,0.7719298245614034
9999942_00000_d_0000143.jpg,87,YOLOv13-X,YOLOv13-X,True,0.7975460122699386,0.7975460122699386,0.0,0.5956853925315387,0.6582278481012659,0.6472733001619673,0.6875000000000001,0.7113815987754739,0.7393939393939394,0.7158137641881981,0.7975460122699386
9999962_00000_d_0000032.jpg,36,YOLOv13-L,YOLOv13-L,True,0.9041095890410958,0.9041095890410958,0.0,0.7336409490943048,0.7999999999999999,0.7718280670338962,0.8732394366197184,0.8210922708921169,0.9041095890410958,0.8159466661879984,0.9014084507042254
9999987_00000_d_0000046.jpg,85,YOLOv13-X,YOLOv13-X,True,0.8606060606060607,0.8606060606060607,0.0,0.5712131758793817,0.6931818181818181,0.6038837416339288,0.7816091954022989,0.6876893564208143,0.8395061728395061,0.6939995703768449,0.8606060606060607
9999964_00000_d_0000005.jpg,40,YOLOv13-X,YOLOv13-X,True,0.7472527472527473,0.7472527472527473,0.0,0.5636169495801363,0.6436781609195402,0.637254897902955,0.6739130434782609,0.7065759014965852,0.7096774193548386,0.7171177337496181,0.7472527472527473
9999953_00000_d_0000221.jpg,12,YOLOv13-L,YOLOv13-N,False,1.0,1.0,0.0,0.795970635213324,1.0,0.8145516263171475,0.923076923076923,0.8448712163712924,1.0,0.8415399669037331,1.0
9999994_00000_d_0000119.jpg,58,YOLOv13-X,YOLOv13-X,True,0.6067415730337079,0.6067415730337079,0.0,0.5258374415537105,0.5057471264367817,0.592560601814284,0.5287356321839081,0.6392967868479199,0.5777777777777777,0.6503871236510272,0.6067415730337079
9999969_00000_d_0000038.jpg,85,YOLOv13-X,YOLOv13-X,True,0.7096774193548386,0.7096774193548386,0.0,0.5151309922061256,0.5384615384615384,0.5989793911246057,0.6027397260273973,0.6728244651348342,0.6666666666666667,0.6818196340497267,0.7096774193548386
9999940_00000_d_0000021.jpg,29,YOLOv13-L,YOLOv13-L,True,0.7450980392156864,0.7450980392156864,0.0,0.6633579282780695,0.5833333333333334,0.697255373050803,0.7058823529411765,0.7646433068901786,0.7450980392156864,0.7453221187492486,0.7450980392156864
9999960_00000_d_0000090.jpg,13,YOLOv13-X,YOLOv13-X,True,0.9230769230769232,0.9230769230769232,0.0,0.4967284726804423,0.7857142857142856,0.5900735708354515,0.9166666666666666,0.6512256862495044,0.888888888888889,0.663274346565468,0.9230769230769232
0000071_06447_d_0000009.jpg,136,YOLOv13-L,YOLOv13-L,True,0.7851851851851852,0.7851851851851852,0.0,0.5697559152339132,0.6068965517241379,0.6673859716107431,0.7007874015748031,0.7531912789999607,0.7851851851851852,0.7528025318920964,0.7789473684210527
9999962_00000_d_0000081.jpg,73,YOLOv13-X,YOLOv13-X,True,0.9315068493150684,0.9315068493150684,0.0,0.7230266255391622,0.8309859154929579,0.7751317724565082,0.8783783783783784,0.8139674754454324,0.9054054054054056,0.8233166940565296,0.9315068493150684
0000261_01601_d_0000124.jpg,14,YOLOv13-L,YOLOv13-L,True,0.9333333333333332,0.9333333333333332,0.0,0.6852464516558128,0.8387096774193549,0.7461454880984404,0.8666666666666666,0.8195994334897272,0.9333333333333332,0.8018713722591562,0.896551724137931
9999955_00000_d_0000050.jpg,51,YOLOv13-X,YOLOv13-X,True,0.4857142857142856,0.4857142857142856,0.0,0.4800209216725674,0.3582089552238805,0.5547699513766652,0.4225352112676055,0.5910288913221233,0.4637681159420289,0.5945929044871529,0.4857142857142856
9999951_00000_d_0000083.jpg,69,YOLOv13-L,YOLOv13-L,True,0.8741721854304637,0.8741721854304637,0.0,0.612027309008327,0.759493670886076,0.6537677956910872,0.8275862068965517,0.738947953607505,0.8741721854304637,0.7296961793573397,0.8552631578947367
9999942_00000_d_0000061.jpg,83,YOLOv13-X,YOLOv13-X,True,0.7662337662337662,0.7662337662337662,0.0,0.624974931421512,0.6666666666666667,0.670539576854762,0.7200000000000001,0.7203006019361687,0.7530864197530864,0.7355446676799811,0.7662337662337662
9999945_00000_d_0000020.jpg,29,YOLOv13-X,YOLOv13-X,True,0.7547169811320755,0.7547169811320755,0.0,0.47482515643776696,0.6046511627906977,0.5446858751176067,0.6521739130434783,0.5760758444605142,0.6666666666666666,0.5902855551233958,0.7547169811320755
0000217_00001_d_0000001.jpg,10,YOLOv13-X,YOLOv13-X,True,0.4705882352941176,0.4705882352941176,0.0,0.353587734538215,0.25,0.42321056905992555,0.25,0.5222056564720132,0.4444444444444445,0.522607395788164,0.4705882352941176
9999945_00000_d_0000096.jpg,61,YOLOv13-X,YOLOv13-X,True,0.8113207547169811,0.8113207547169811,0.0,0.6182818749371655,0.6981132075471698,0.6738977785082091,0.7450980392156863,0.7358357812519993,0.8039215686274509,0.7448420221234419,0.8113207547169811
9999955_00000_d_0000408.jpg,87,YOLOv13-L,YOLOv13-L,True,0.7792207792207794,0.7792207792207794,0.0,0.662885407294756,0.68,0.7205389051894047,0.7368421052631579,0.7800035788343731,0.7792207792207794,0.7737534344079047,0.7792207792207794
9999960_00000_d_0000160.jpg,12,YOLOv13-X,YOLOv13-L,False,0.96,0.96,0.0,0.7492495308324646,0.888888888888889,0.7754112381040275,0.923076923076923,0.8210062442973545,0.96,0.8306128211249405,0.96
9999997_00000_d_0000038.jpg,6,YOLOv13-L,YOLOv13-L,True,0.5,0.5,0.0,0.24734379694673084,0.25,0.3376040082792785,0.4444444444444444,0.39723665154876986,0.5,0.39531075808979943,0.2857142857142857
9999950_00000_d_0000017.jpg,26,YOLOv13-X,YOLOv13-X,True,0.6666666666666667,0.6666666666666667,0.0,0.612360831897661,0.5853658536585367,0.6904886664168696,0.5957446808510638,0.8012479728298632,0.6521739130434783,0.8026942820207443,0.6666666666666667
0000205_02019_d_0000201.jpg,98,YOLOv13-L,YOLOv13-L,True,0.7512690355329948,0.7512690355329948,0.0,0.6905412932825448,0.6187845303867403,0.7417764583500395,0.6984126984126984,0.8213189419840735,0.7512690355329948,0.8097103894649563,0.7461139896373057
0000366_06077_d_0000807.jpg,42,YOLOv13-L,YOLOv13-L,True,0.5245901639344263,0.5245901639344263,0.0,0.40201927754191935,0.3389830508474576,0.5285420478602669,0.4406779661016949,0.6264227974525785,0.5245901639344263,0.6153555784071119,0.4406779661016949
9999953_00000_d_0000093.jpg,25,YOLOv13-X,YOLOv13-L,False,0.7272727272727272,0.7272727272727272,0.0,0.5881076045791542,0.5853658536585366,0.6122329582703665,0.7000000000000001,0.6981911398971226,0.7272727272727272,0.6984528394668039,0.7272727272727272
9999955_00000_d_0000332.jpg,83,YOLOv13-L,YOLOv13-L,True,0.7132867132867132,0.7132867132867132,0.0,0.6123244167639651,0.5555555555555555,0.6643022958189195,0.657142857142857,0.7514173915308295,0.7132867132867132,0.7415255277717583,0.7092198581560283
9999951_00000_d_0000016.jpg,54,YOLOv13-L,YOLOv13-L,True,0.8135593220338982,0.8135593220338982,0.0,0.673649064778822,0.7037037037037037,0.7223872454573047,0.7567567567567567,0.7827889186783076,0.8135593220338982,0.7789605492905163,0.7833333333333333
9999982_00000_d_0000094.jpg,16,YOLOv13-X,YOLOv13-X,True,0.8108108108108109,0.8108108108108109,0.0,0.5231272498277304,0.6875,0.6050391074508759,0.75,0.6724765728551387,0.7999999999999999,0.6783300784835699,0.8108108108108109
9999962_00000_d_0000119.jpg,59,YOLOv13-X,YOLOv13-X,True,0.8518518518518519,0.8518518518518519,0.0,0.7702905952351496,0.7522935779816514,0.8308608394667519,0.7850467289719627,0.8696479555824514,0.8495575221238938,0.8746561945483174,0.8518518518518519
9999982_00000_d_0000066.jpg,53,YOLOv13-L,YOLOv13-L,True,0.7835051546391751,0.7835051546391751,0.0,0.6177027479614494,0.6363636363636364,0.6831220693907003,0.7291666666666667,0.7377474406448151,0.7835051546391751,0.7318749911700181,0.7551020408163266
9999999_00853_d_0000390.jpg,54,YOLOv13-X,YOLOv13-X,True,0.5822784810126582,0.5822784810126582,0.0,0.4625044865352994,0.5442176870748299,0.5190663439815985,0.5316455696202531,0.6114248406315392,0.5365853658536586,0.6211691928387163,0.5822784810126582
9999977_00000_d_0000018.jpg,42,YOLOv13-X,YOLOv13-X,True,0.5079365079365079,0.5079365079365079,0.0,0.5152229033785062,0.3157894736842105,0.5576291820553407,0.4137931034482759,0.6274748902794641,0.4838709677419354,0.6345541650980688,0.5079365079365079
0000342_03529_d_0000260.jpg,47,YOLOv13-X,YOLOv13-X,True,0.8723404255319149,0.8723404255319149,0.0,0.7000550858516873,0.6739130434782609,0.7670454903685497,0.8181818181818182,0.8211440182378579,0.8571428571428571,0.8331889611776033,0.8723404255319149
9999953_00000_d_0000169.jpg,5,YOLOv13-L,YOLOv13-S,False,0.888888888888889,0.888888888888889,0.0,0.6884450873509099,0.7499999999999999,0.7484178008275535,0.888888888888889,0.7776501155314659,0.888888888888889,0.7612653809479273,0.8000000000000002
9999945_00000_d_0000095.jpg,13,YOLOv13-L,YOLOv13-L,True,0.9230769230769232,0.9230769230769232,0.0,0.9086272494121285,0.7826086956521738,0.9015209190521641,0.888888888888889,0.9265608040079538,0.9230769230769232,0.9031238993915193,0.9230769230769232
9999981_00000_d_0000014.jpg,56,YOLOv13-L,YOLOv13-L,True,0.830188679245283,0.830188679245283,0.0,0.7008783793406659,0.74,0.744733986178008,0.75,0.8111830923580757,0.830188679245283,0.7962892678825981,0.8155339805825244
9999940_00000_d_0000071.jpg,36,YOLOv13-L,YOLOv13-L,True,0.5925925925925926,0.5925925925925926,0.0,0.679981501004581,0.5,0.7288799880376844,0.5660377358490566,0.7627168134580193,0.5925925925925926,0.753341108979564,0.5818181818181818
9999998_00353_d_0000305.jpg,132,YOLOv13-X,YOLOv13-X,True,0.5700483091787439,0.5700483091787439,0.0,0.5615799124376143,0.4021739130434782,0.6372256736630928,0.4867724867724868,0.7053834928374926,0.5673076923076923,0.7132803907968778,0.5700483091787439
0000239_06950_d_0000018.jpg,29,YOLOv13-L,YOLOv13-L,True,0.5490196078431373,0.5490196078431373,0.0,0.5997368442413804,0.5,0.6120029342914451,0.4444444444444445,0.6508940434730415,0.5490196078431373,0.6440967700007213,0.4897959183673469
0000133_00078_d_0000141.jpg,118,YOLOv13-X,YOLOv13-X,True,0.5828571428571429,0.5828571428571429,0.0,0.6824151220702163,0.5325443786982248,0.7100500100567635,0.5421686746987951,0.7586513755730381,0.5697674418604651,0.7597357859808763,0.5828571428571429
0000342_04117_d_0000263.jpg,29,YOLOv13-L,YOLOv13-L,True,0.8928571428571429,0.8928571428571429,0.0,0.8387657815702736,0.851851851851852,0.8611745259757777,0.8727272727272727,0.8968864141597688,0.8928571428571429,0.8677345277031571,0.8928571428571429
0000059_01886_d_0000114.jpg,902,YOLOv13-L,YOLOv13-L,True,0.1161904761904761,0.1161904761904761,0.0,0.3449868836789963,0.0287179487179487,0.45626075646483405,0.0621761658031088,0.5429547258552992,0.1161904761904761,0.5244079324267282,0.0903614457831325
9999951_00000_d_0000237.jpg,10,YOLOv13-L,YOLOv13-L,True,1.0,1.0,0.0,0.9098091416721362,0.888888888888889,0.913342070322494,0.888888888888889,0.945599734781349,1.0,0.9431172727248802,0.9473684210526316
9999942_00000_d_0000080.jpg,53,YOLOv13-X,YOLOv13-X,True,0.7850467289719626,0.7850467289719626,0.0,0.5829976308866064,0.6086956521739131,0.654379954734135,0.6666666666666666,0.7117720454080871,0.7567567567567567,0.7124655884866982,0.7850467289719626
9999966_00000_d_0000089.jpg,170,YOLOv13-X,YOLOv13-X,True,0.6283783783783784,0.6283783783783784,0.0,0.48883232004926297,0.4140625,0.5577559925875133,0.5338345864661654,0.6519596927896029,0.6250000000000001,0.6571113604991211,0.6283783783783784
9999972_00000_d_0000065.jpg,21,YOLOv13-X,YOLOv13-X,True,0.9767441860465116,0.9767441860465116,0.0,0.7177835302787554,0.8372093023255814,0.7604159146282291,0.8837209302325582,0.8035606230236755,0.9130434782608696,0.812359355661329,0.9767441860465116
9999991_00000_d_0000008.jpg,52,YOLOv13-L,YOLOv13-L,True,0.845360824742268,0.845360824742268,0.0,0.6840390610200882,0.74468085106383,0.7440016125500828,0.7755102040816326,0.810040672547362,0.845360824742268,0.8043409197863487,0.8333333333333333
9999955_00000_d_0000421.jpg,52,YOLOv13-X,YOLOv13-X,True,0.738095238095238,0.738095238095238,0.0,0.6932674396758253,0.6024096385542168,0.7321282389657815,0.6341463414634146,0.8015250013773749,0.7228915662650601,0.8062393495601364,0.738095238095238
9999953_00000_d_0000104.jpg,17,YOLOv13-L,YOLOv13-L,True,1.0,1.0,0.0,0.678312795944676,0.8823529411764706,0.7210333878850537,0.9142857142857144,0.7714344235309899,1.0,0.7591649808066325,0.9142857142857144
9999982_00000_d_0000145.jpg,55,YOLOv13-X,YOLOv13-X,True,0.8785046728971962,0.8785046728971962,0.0,0.5956426983374101,0.7238095238095238,0.6442745902576328,0.8571428571428572,0.7023256577987815,0.8679245283018867,0.7058128339586227,0.8785046728971962
9999953_00000_d_0000180.jpg,4,YOLOv13-L,YOLOv13-N,False,1.0,1.0,0.0,0.9154068190800245,1.0,0.8999873186404684,1.0,0.9235836136114961,1.0,0.9097073667417978,1.0
9999975_00000_d_0000015.jpg,119,YOLOv13-L,YOLOv13-L,True,0.798076923076923,0.798076923076923,0.0,0.6325643440780279,0.6161137440758293,0.6774292006693562,0.7559808612440191,0.7467784151327,0.798076923076923,0.7306970719874873,0.798076923076923
9999984_00000_d_0000166.jpg,30,YOLOv13-L,YOLOv13-L,True,0.4761904761904761,0.4761904761904761,0.0,0.38994848129105525,0.2926829268292683,0.44204046209324427,0.3333333333333333,0.5514324458241411,0.4761904761904761,0.5433317387124584,0.3902439024390244
9999998_00427_d_0000379.jpg,78,YOLOv13-X,YOLOv13-X,True,0.5755395683453238,0.5755395683453238,0.0,0.5415742542870303,0.512396694214876,0.5912484488186991,0.512,0.6348987637862983,0.5531914893617021,0.6416636028815472,0.5755395683453238
0000256_01350_d_0000023.jpg,82,YOLOv13-L,YOLOv13-L,True,0.4999999999999999,0.4999999999999999,0.0,0.5757705731893308,0.3965517241379311,0.637545177105715,0.448,0.7039000238516177,0.4999999999999999,0.7007415534141411,0.4724409448818897
9999953_00000_d_0000115.jpg,14,YOLOv13-L,YOLOv13-L,True,0.9333333333333332,0.9333333333333332,0.0,0.8358409742156888,0.8387096774193549,0.8444734625828038,0.8125000000000001,0.887268046319813,0.9333333333333332,0.8720400056951486,0.896551724137931
0000257_03482_d_0000059.jpg,25,YOLOv13-X,YOLOv13-X,True,0.8333333333333333,0.8333333333333333,0.0,0.6171000587289748,0.7441860465116279,0.6453496887580596,0.7272727272727272,0.6899494713445898,0.7272727272727272,0.6992888833355358,0.8333333333333333
9999955_00000_d_0000270.jpg,49,YOLOv13-X,YOLOv13-X,True,0.6233766233766234,0.6233766233766234,0.0,0.39420442355335344,0.5,0.49196918759856745,0.4736842105263157,0.585037059435621,0.5526315789473685,0.5886712391766447,0.6233766233766234
0000351_00981_d_0000524.jpg,65,YOLOv13-L,YOLOv13-L,True,0.6548672566371682,0.6548672566371682,0.0,0.5804857271240008,0.5142857142857142,0.6246492573069209,0.5660377358490567,0.687181998578088,0.6548672566371682,0.684790411596381,0.6548672566371682
9999955_00000_d_0000250.jpg,123,YOLOv13-L,YOLOv13-L,True,0.7280701754385964,0.7280701754385964,0.0,0.5545727481800278,0.5229357798165137,0.6160628727821045,0.6160337552742616,0.687828932093129,0.7280701754385964,0.687383882229226,0.7142857142857142
9999960_00000_d_0000154.jpg,46,YOLOv13-X,YOLOv13-X,True,0.795698924731183,0.795698924731183,0.0,0.5002875825111401,0.5979381443298969,0.5816319651834306,0.6881720430107526,0.6558340328794346,0.7659574468085107,0.667343963554407,0.795698924731183
9999955_00000_d_0000049.jpg,55,YOLOv13-L,YOLOv13-L,True,0.5581395348837209,0.5581395348837209,0.0,0.4141819540866051,0.4390243902439024,0.48818430403583357,0.5063291139240507,0.5807634636988608,0.5581395348837209,0.5726846278700862,0.5542168674698795
9999999_00442_d_0000196.jpg,36,YOLOv13-X,YOLOv13-X,True,0.8493150684931507,0.8493150684931507,0.0,0.6013935445128563,0.7142857142857143,0.6586016860803368,0.7000000000000001,0.7214232901381821,0.7948717948717949,0.727515593379965,0.8493150684931507
9999987_00000_d_0000062.jpg,7,YOLOv13-L,YOLOv13-L,True,0.923076923076923,0.923076923076923,0.0,0.44083799929786815,0.7272727272727273,0.47449121450673365,0.8333333333333333,0.6066373553489481,0.923076923076923,0.5976451274700894,0.923076923076923
9999997_00000_d_0000046.jpg,20,YOLOv13-L,YOLOv13-N,False,0.7096774193548387,0.7096774193548387,0.0,0.5983906988347576,0.7096774193548387,0.6188984932547169,0.7096774193548387,0.6502505331142623,0.7096774193548387,0.6359765128910513,0.6874999999999999
9999955_00000_d_0000309.jpg,93,YOLOv13-X,YOLOv13-X,True,0.8369565217391305,0.8369565217391305,0.0,0.6049600822897369,0.4845360824742268,0.6567171764324977,0.68,0.721325710806791,0.8043478260869565,0.7325558227536972,0.8369565217391305
9999974_00000_d_0000026.jpg,54,YOLOv13-X,YOLOv13-X,True,0.8333333333333334,0.8333333333333334,0.0,0.718936001240009,0.7307692307692308,0.7617067425399898,0.7777777777777778,0.8190999252423992,0.8148148148148148,0.8226605641889837,0.8333333333333334
9999981_00000_d_0000053.jpg,15,YOLOv13-L,YOLOv13-L,True,0.967741935483871,0.967741935483871,0.0,0.6953491384342763,0.8823529411764706,0.7395184807037228,0.9375,0.8133830717522055,0.967741935483871,0.7939997605393844,0.967741935483871
9999964_00000_d_0000065.jpg,71,YOLOv13-L,YOLOv13-L,True,0.7737226277372262,0.7737226277372262,0.0,0.6687169072287859,0.6428571428571428,0.7118963146768889,0.7050359712230215,0.7783548355283205,0.7737226277372262,0.7714868446448552,0.7659574468085106
9999955_00000_d_0000371.jpg,39,YOLOv13-L,YOLOv13-L,True,0.761904761904762,0.761904761904762,0.0,0.7988618668394574,0.6885245901639344,0.829727801194775,0.6349206349206349,0.8865698394813479,0.761904761904762,0.8638025682639093,0.6875
9999984_00000_d_0000148.jpg,124,YOLOv13-X,YOLOv13-X,True,0.679245283018868,0.679245283018868,0.0,0.6188593822575925,0.5510204081632653,0.6608165911060033,0.6280193236714976,0.7194726682671377,0.6445497630331755,0.7265241932248999,0.679245283018868
9999998_00340_d_0000292.jpg,44,YOLOv13-X,YOLOv13-X,True,0.6835443037974683,0.6835443037974683,0.0,0.53350032187485,0.5428571428571428,0.5824851014284138,0.5333333333333333,0.6679209749012511,0.6749999999999999,0.6727502745534945,0.6835443037974683
0000288_04801_d_0000807.jpg,31,YOLOv13-X,YOLOv13-X,True,0.9836065573770492,0.9836065573770492,0.0,0.7222982658554711,0.7999999999999999,0.7795954831588257,0.896551724137931,0.8510496717412396,0.9310344827586208,0.8533918782837336,0.9836065573770492
9999998_00287_d_0000240.jpg,38,YOLOv13-L,YOLOv13-L,True,0.7532467532467534,0.7532467532467534,0.0,0.6398684582668313,0.6470588235294117,0.7038055086444834,0.6756756756756757,0.7657935624609714,0.7532467532467534,0.7626432681201943,0.7341772151898733
0000047_01000_d_0000090.jpg,71,YOLOv13-X,YOLOv13-X,True,0.8,0.8,0.0,0.5969434456249557,0.6666666666666666,0.6617880333675185,0.7058823529411765,0.7348510476017752,0.7794117647058824,0.7649956954912444,0.8
9999950_00000_d_0000003.jpg,35,YOLOv13-X,YOLOv13-X,True,0.7272727272727272,0.7272727272727272,0.0,0.592290408925341,0.6129032258064516,0.6660023069826657,0.603174603174603,0.7523664801185184,0.6956521739130436,0.7555850009879721,0.7272727272727272
9999951_00000_d_0000211.jpg,73,YOLOv13-X,YOLOv13-X,True,0.781456953642384,0.781456953642384,0.0,0.5922546306486501,0.6878980891719746,0.6613494652195295,0.717948717948718,0.7267095100437444,0.7770700636942677,0.7301411505545454,0.781456953642384
9999955_00000_d_0000304.jpg,46,YOLOv13-X,YOLOv13-X,True,0.5507246376811594,0.5507246376811594,0.0,0.4107328493192912,0.25,0.4653017439901289,0.3188405797101449,0.5561674560298302,0.4776119402985074,0.5804968581605374,0.5507246376811594
0000166_00358_d_0000117.jpg,50,YOLOv13-X,YOLOv13-X,True,0.7311827956989247,0.7311827956989247,0.0,0.6027762435946737,0.5054945054945056,0.6645979106375879,0.5116279069767442,0.7674652884395474,0.7032967032967035,0.7698721457585127,0.7311827956989247
9999951_00000_d_0000167.jpg,17,YOLOv13-L,YOLOv13-L,True,0.9714285714285714,0.9714285714285714,0.0,0.7600468406116051,0.8333333333333333,0.8276442238883316,0.9090909090909092,0.8628174616341654,0.9714285714285714,0.8538612078074044,0.9189189189189187
9999955_00000_d_0000336.jpg,36,YOLOv13-L,YOLOv13-L,True,0.8437499999999999,0.8437499999999999,0.0,0.6081281535884001,0.7076923076923076,0.6583353319324412,0.7936507936507936,0.7359129632780396,0.8437499999999999,0.7158869481350469,0.8253968253968254
9999999_00109_d_0000039.jpg,81,YOLOv13-X,YOLOv13-X,True,0.6511627906976744,0.6511627906976744,0.0,0.5828097504452365,0.59375,0.6524413594683522,0.625,0.6946146048444977,0.6330935251798561,0.7045065952921257,0.6511627906976744
9999998_00348_d_0000300.jpg,139,YOLOv13-X,YOLOv13-X,True,0.5346534653465347,0.5346534653465347,0.0,0.4991252607664189,0.4210526315789473,0.5602980949846448,0.4875621890547263,0.6218240063235448,0.5196078431372548,0.6219354055041422,0.5346534653465347
9999998_00159_d_0000134.jpg,8,YOLOv13-X,YOLOv13-X,True,0.888888888888889,0.888888888888889,0.0,0.7188823452575749,0.8421052631578948,0.7527143262590668,0.8421052631578948,0.7993132740174792,0.8,0.8158369096905695,0.888888888888889
0000199_00603_d_0000164.jpg,37,YOLOv13-L,YOLOv13-L,True,0.746268656716418,0.746268656716418,0.0,0.7105482159540116,0.6875,0.7631267310328139,0.6666666666666667,0.8022170654592575,0.746268656716418,0.7947663821075108,0.746268656716418
9999999_00464_d_0000207.jpg,12,YOLOv13-L,YOLOv13-S,False,1.0,1.0,0.0,0.867184384377455,0.96,0.8653188983173353,1.0,0.9028926465073115,1.0,0.8976444913040971,1.0
9999951_00000_d_0000266.jpg,8,YOLOv13-L,YOLOv13-L,True,0.875,0.875,0.0,0.7166453187056491,0.75,0.7441569865451221,0.75,0.7982249714891113,0.875,0.794416885171039,0.875
9999953_00000_d_0000137.jpg,12,YOLOv13-X,YOLOv13-L,False,0.888888888888889,0.888888888888889,0.0,0.6076142081966464,0.8181818181818182,0.6492720468637944,0.8695652173913043,0.6698855012834186,0.888888888888889,0.7028959483765315,0.888888888888889
9999955_00000_d_0000104.jpg,26,YOLOv13-X,YOLOv13-X,True,0.9019607843137256,0.9019607843137256,0.0,0.6132492575995626,0.8333333333333333,0.6371613308398529,0.875,0.6901314438517094,0.8627450980392156,0.6908742417043477,0.9019607843137256
9999942_00000_d_0000068.jpg,89,YOLOv13-X,YOLOv13-X,True,0.8072289156626504,0.8072289156626504,0.0,0.7052445203044255,0.7515151515151515,0.758982241907218,0.7951807228915663,0.8047602177584313,0.7953216374269005,0.8067318296972307,0.8072289156626504
0000279_03601_d_0000600.jpg,164,YOLOv13-X,YOLOv13-X,True,0.5338645418326693,0.5338645418326693,0.0,0.5257375711048734,0.3605150214592275,0.5869955830014779,0.4083333333333334,0.6463165512151423,0.4938271604938272,0.6534399825470565,0.5338645418326693
9999999_00105_d_0000037.jpg,72,YOLOv13-X,YOLOv13-X,True,0.8220858895705522,0.8220858895705522,0.0,0.6344442572043014,0.7272727272727272,0.6842058652024259,0.718562874251497,0.7502338329859192,0.788235294117647,0.7552056518585905,0.8220858895705522
9999953_00000_d_0000012.jpg,13,YOLOv13-L,YOLOv13-L,True,0.8461538461538461,0.8461538461538461,0.0,0.6729333361307425,0.5714285714285714,0.7619420643665396,0.6923076923076923,0.8246403510478814,0.8461538461538461,0.822454630327583,0.8333333333333333
0000313_06801_d_0000470.jpg,81,YOLOv13-X,YOLOv13-X,True,0.6187050359712232,0.6187050359712232,0.0,0.4452189479595107,0.48,0.5210759358323334,0.5179856115107913,0.5973291146869169,0.60431654676259,0.6074460591478723,0.6187050359712232
9999962_00000_d_0000145.jpg,24,YOLOv13-L,YOLOv13-L,True,0.92,0.92,0.0,0.5449693679176509,0.6382978723404256,0.6273514603556539,0.75,0.6980949203033375,0.92,0.6823782238451451,0.816326530612245
9999942_00000_d_0000204.jpg,65,YOLOv13-L,YOLOv13-L,True,0.8787878787878788,0.8787878787878788,0.0,0.7488502138590875,0.7086614173228347,0.8005702069519356,0.7794117647058824,0.8597938471039505,0.8787878787878788,0.8543591335513683,0.8088235294117647
9999962_00000_d_0000113.jpg,53,YOLOv13-L,YOLOv13-L,True,0.9285714285714284,0.9285714285714284,0.0,0.7796522903993013,0.7706422018348623,0.8190102608677227,0.8141592920353983,0.8779761151049887,0.9285714285714284,0.8677799991091658,0.9272727272727272
9999956_00000_d_0000117.jpg,20,YOLOv13-L,YOLOv13-L,True,0.8421052631578948,0.8421052631578948,0.0,0.7638777595799859,0.7222222222222223,0.8281791006170355,0.6666666666666667,0.8743260947344724,0.8421052631578948,0.8676630724694802,0.7894736842105262
9999937_00000_d_0000173.jpg,13,YOLOv13-L,YOLOv13-L,True,0.7272727272727274,0.7272727272727274,0.0,0.7352039141340373,0.6363636363636364,0.7737079364675359,0.6,0.8369636628117868,0.7272727272727274,0.8277404108884542,0.6956521739130435
9999999_00269_d_0000117.jpg,79,YOLOv13-L,YOLOv13-L,True,0.8104575163398693,0.8104575163398693,0.0,0.7510355135407868,0.6666666666666667,0.7930516395155214,0.6711409395973155,0.8568351292843438,0.8104575163398693,0.8558185130225343,0.8076923076923078
9999965_00000_d_0000043.jpg,64,YOLOv13-L,YOLOv13-L,True,0.859504132231405,0.859504132231405,0.0,0.7958235391289886,0.7130434782608696,0.8342472447905563,0.7413793103448276,0.8713483015365138,0.859504132231405,0.8651082177255565,0.8360655737704917
9999955_00000_d_0000318.jpg,123,YOLOv13-L,YOLOv13-L,True,0.5595854922279793,0.5595854922279793,0.0,0.5855492887264315,0.4545454545454546,0.6322040487306471,0.546448087431694,0.7006097385034484,0.5595854922279793,0.696727089086549,0.5416666666666666
9999937_00000_d_0000043.jpg,30,YOLOv13-X,YOLOv13-X,True,0.870967741935484,0.870967741935484,0.0,0.49371974532047874,0.5517241379310344,0.5701734043448364,0.7017543859649122,0.6666171980644348,0.7540983606557377,0.6668257032592423,0.870967741935484
9999977_00000_d_0000051.jpg,55,YOLOv13-X,YOLOv13-X,True,0.4054054054054054,0.4054054054054054,0.0,0.2820596199648522,0.096774193548387,0.3600924904035187,0.2608695652173913,0.4674391570106559,0.3380281690140845,0.5007572950676862,0.4054054054054054
0000342_00197_d_0000243.jpg,104,YOLOv13-X,YOLOv13-X,True,0.6628571428571429,0.6628571428571429,0.0,0.5131328806998524,0.5185185185185185,0.5790783455109374,0.5828571428571429,0.6519646518088381,0.6511627906976744,0.6669520972637087,0.6628571428571429
9999977_00000_d_0000064.jpg,48,YOLOv13-L,YOLOv13-L,True,0.8695652173913043,0.8695652173913043,0.0,0.5884511518386586,0.7199999999999999,0.6423389423103604,0.8043478260869567,0.7269665981242399,0.8695652173913043,0.7221821146227828,0.8478260869565218
0000146_00001_d_0000057.jpg,65,YOLOv13-X,YOLOv13-X,True,0.6491228070175438,0.6491228070175438,0.0,0.5219387467022966,0.4554455445544554,0.596013175856483,0.5742574257425743,0.6844019226646897,0.6481481481481481,0.6875600101726138,0.6491228070175438
9999999_00494_d_0000220.jpg,58,YOLOv13-X,YOLOv13-X,True,0.6292134831460675,0.6292134831460675,0.0,0.4911654577132008,0.4470588235294118,0.5549831944404882,0.4893617021276595,0.6112988853849252,0.6153846153846154,0.6222519131551169,0.6292134831460675
9999953_00000_d_0000184.jpg,3,YOLOv13-S,YOLOv13-N,False,1.0,1.0,0.0,0.8506915337933515,1.0,0.8897941243663969,1.0,0.8491642074517992,1.0,0.8281957726944635,0.8571428571428571
9999960_00000_d_0000141.jpg,67,YOLOv13-X,YOLOv13-X,True,0.8906250000000001,0.8906250000000001,0.0,0.5586043335346326,0.7375886524822697,0.6136856595201275,0.7777777777777778,0.6860361468398575,0.8549618320610687,0.6954500396929276,0.8906250000000001
9999956_00000_d_0000014.jpg,26,YOLOv13-L,YOLOv13-S,False,0.96,0.96,0.0,0.7570837555258747,0.9230769230769232,0.7835258602765546,0.96,0.830541887697018,0.96,0.828079939591996,0.96
9999982_00000_d_0000221.jpg,60,YOLOv13-L,YOLOv13-L,True,0.6949152542372882,0.6949152542372882,0.0,0.4802547304282433,0.5490196078431373,0.5378233939624827,0.5523809523809524,0.6104395100842103,0.6949152542372882,0.6096137214927435,0.6607142857142857
9999950_00000_d_10000080.jpg,9,YOLOv13-L,YOLOv13-L,True,1.0,1.0,0.0,0.7045892701282906,0.823529411764706,0.7453175583083326,0.9473684210526316,0.782379711993907,1.0,0.7630129427984492,0.9411764705882352
9999951_00000_d_0000139.jpg,9,YOLOv13-X,YOLOv13-X,True,0.9411764705882352,0.9411764705882352,0.0,0.8737905289460884,0.8750000000000001,0.8869337582111962,0.8750000000000001,0.8928269637024095,0.8421052631578948,0.9037262039349333,0.9411764705882352
9999998_00381_d_0000333.jpg,21,YOLOv13-L,YOLOv13-L,True,0.7441860465116279,0.7441860465116279,0.0,0.6144201778261609,0.5714285714285714,0.6760066635560107,0.6666666666666666,0.7709003714823137,0.7441860465116279,0.7691731785688048,0.717948717948718
9999943_00000_d_0000088.jpg,29,YOLOv13-X,YOLOv13-X,True,0.9508196721311476,0.9508196721311476,0.0,0.865034002203782,0.8928571428571429,0.8893117989205448,0.8852459016393444,0.9208501033699926,0.935483870967742,0.921135411266821,0.9508196721311476
0000226_02644_d_0000009.jpg,34,YOLOv13-L,YOLOv13-L,True,0.5384615384615384,0.5384615384615384,0.0,0.5918365315838361,0.3478260869565218,0.6420322722871393,0.4,0.7237942113803555,0.5384615384615384,0.6924120254727956,0.5283018867924528
9999965_00000_d_0000032.jpg,78,YOLOv13-X,YOLOv13-X,True,0.778523489932886,0.778523489932886,0.0,0.6375825465942642,0.6717557251908397,0.697953458528492,0.7338129496402876,0.7669306966812584,0.767123287671233,0.7707896429638865,0.778523489932886
9999955_00000_d_0000164.jpg,9,YOLOv13-X,YOLOv13-X,True,1.0,1.0,0.0,0.7529482566514629,0.7777777777777778,0.7759754636094253,0.9473684210526316,0.844999449720121,0.9473684210526316,0.8671675498086291,1.0
9999942_00000_d_0000266.jpg,21,YOLOv13-L,YOLOv13-L,True,0.8108108108108109,0.8108108108108109,0.0,0.7693810129538917,0.4848484848484849,0.8087582588522993,0.6857142857142857,0.8800087046727529,0.8108108108108109,0.8590610029489462,0.7027027027027026
9999994_00000_d_0000032.jpg,52,YOLOv13-X,YOLOv13-X,True,0.691358024691358,0.691358024691358,0.0,0.6407215160134068,0.5853658536585367,0.6901351600129156,0.6506024096385542,0.716150816466934,0.6666666666666667,0.7190541039854133,0.691358024691358
9999942_00000_d_0000259.jpg,12,YOLOv13-X,YOLOv13-X,True,0.923076923076923,0.923076923076923,0.0,0.8073321198955541,0.8695652173913043,0.8164547459147286,0.8695652173913043,0.8751477852512358,0.9166666666666666,0.8865184050389295,0.923076923076923
9999972_00000_d_0000018.jpg,12,YOLOv13-L,YOLOv13-L,True,0.8181818181818182,0.8181818181818182,0.0,0.7338607213613795,0.761904761904762,0.7403745371894441,0.7826086956521738,0.8285137845179436,0.8181818181818182,0.8126979373034084,0.7826086956521738
9999950_00000_d_0000026.jpg,20,YOLOv13-L,YOLOv13-L,True,0.975609756097561,0.975609756097561,0.0,0.5929950282211898,0.8292682926829269,0.654326773037523,0.9230769230769232,0.7218805863666475,0.975609756097561,0.7143281670040018,0.95
0000288_04601_d_0000806.jpg,37,YOLOv13-X,YOLOv13-X,True,0.8732394366197184,0.8732394366197184,0.0,0.6510755311826456,0.7323943661971832,0.7145037045871141,0.7837837837837838,0.7928083980315089,0.8450704225352113,0.7988462105018632,0.8732394366197184
9999984_00000_d_0000097.jpg,19,YOLOv13-X,YOLOv13-S,False,0.4516129032258065,0.4516129032258065,0.0,0.3536365295750582,0.4375,0.40199747637644695,0.4516129032258065,0.5279809589575899,0.4242424242424242,0.5372332552930325,0.4516129032258065
9999955_00000_d_0000398.jpg,109,YOLOv13-X,YOLOv13-X,True,0.7461139896373056,0.7461139896373056,0.0,0.607469251696121,0.6096256684491979,0.6636747567404715,0.6421052631578947,0.7305720629880097,0.7329842931937173,0.7369448447254067,0.7461139896373056
9999945_00000_d_0000146.jpg,48,YOLOv13-X,YOLOv13-X,True,0.5205479452054795,0.5205479452054795,0.0,0.4418511521992368,0.4444444444444444,0.5137295477300635,0.4473684210526316,0.5796954935213062,0.4864864864864864,0.602861975571587,0.5205479452054795
9999960_00000_d_0000077.jpg,29,YOLOv13-L,YOLOv13-L,True,0.9032258064516128,0.9032258064516128,0.0,0.6518391393816938,0.7796610169491527,0.7111051506302136,0.7692307692307692,0.7954426766550154,0.9032258064516128,0.7920437196471457,0.8615384615384615
9999940_00000_d_0000075.jpg,46,YOLOv13-L,YOLOv13-L,True,0.5633802816901409,0.5633802816901409,0.0,0.6800757126110909,0.46875,0.7217761720551732,0.5151515151515151,0.796527580128727,0.5633802816901409,0.7715907064244488,0.5479452054794521
9999999_00398_d_0000174.jpg,23,YOLOv13-X,YOLOv13-L,False,0.8800000000000001,0.8800000000000001,0.0,0.6311218356459729,0.84,0.7097933391392347,0.8235294117647057,0.7838745907282503,0.8800000000000001,0.7910466892496529,0.8800000000000001
9999964_00000_d_0000040.jpg,103,YOLOv13-X,YOLOv13-X,True,0.8857142857142858,0.8857142857142858,0.0,0.6108080294064786,0.7464114832535885,0.6621805928336704,0.8446601941747571,0.7232883271498024,0.8744186046511627,0.7327882664691486,0.8857142857142858
9999964_00000_d_0000013.jpg,86,YOLOv13-X,YOLOv13-X,True,0.8901734104046243,0.8901734104046243,0.0,0.5899458322132876,0.7329842931937173,0.629259084480327,0.8045977011494252,0.6924037447569888,0.8636363636363636,0.7088340775748255,0.8901734104046243
9999962_00000_d_0000048.jpg,20,YOLOv13-X,YOLOv13-X,True,0.8837209302325583,0.8837209302325583,0.0,0.7261058307685334,0.7317073170731706,0.7829047951353362,0.7894736842105262,0.8343893117676474,0.8372093023255814,0.8419199483447947,0.8837209302325583
0000176_00950_d_0000001.jpg,4,YOLOv13-X,YOLOv13-S,False,1.0,1.0,0.0,0.35265689499917846,0.75,0.47570077171105174,1.0,0.6046037643560619,0.888888888888889,0.6058146705517857,1.0
9999950_00000_d_0000030.jpg,24,YOLOv13-L,YOLOv13-L,True,0.744186046511628,0.744186046511628,0.0,0.5347659069970092,0.6285714285714286,0.6111743866895263,0.7179487179487181,0.6862831015022782,0.744186046511628,0.6787445854303004,0.6486486486486487
0000079_01783_d_0000007.jpg,56,YOLOv13-L,YOLOv13-L,True,0.7339449541284405,0.7339449541284405,0.0,0.6093744823451074,0.5777777777777777,0.6577717372644307,0.6185567010309277,0.7228734288492703,0.7339449541284405,0.7118065485627316,0.6792452830188679
9999962_00000_d_0000052.jpg,27,YOLOv13-L,YOLOv13-S,False,0.9411764705882352,0.9411764705882352,0.0,0.8203838005562055,0.8679245283018868,0.8385168475516124,0.9411764705882352,0.8742044794586212,0.9411764705882352,0.8596347974802273,0.9411764705882352
9999977_00000_d_0000052.jpg,41,YOLOv13-X,YOLOv13-X,True,0.24,0.24,0.0,0.38227832028428005,0.1777777777777777,0.4651316116399037,0.1304347826086956,0.5238460205272223,0.1702127659574468,0.5475267540556326,0.24
9999981_00000_d_0000087.jpg,40,YOLOv13-L,YOLOv13-L,True,0.6478873239436619,0.6478873239436619,0.0,0.36773033901143165,0.4927536231884058,0.47409950657878436,0.5405405405405405,0.5715538854186926,0.6478873239436619,0.5630855330047527,0.6052631578947367
9999972_00000_d_0000106.jpg,19,YOLOv13-L,YOLOv13-L,True,0.95,0.95,0.0,0.6662389832400857,0.918918918918919,0.7151168235514891,0.9230769230769232,0.78027040878242,0.95,0.763667746852906,0.9047619047619048
9999951_00000_d_0000060.jpg,53,YOLOv13-L,YOLOv13-L,True,0.7209302325581395,0.7209302325581395,0.0,0.5697729067477,0.5609756097560975,0.6288189588940649,0.5609756097560975,0.6872790752247409,0.7209302325581395,0.6748963280815308,0.7191011235955056
9999997_00000_d_0000052.jpg,3,YOLOv13-L,YOLOv13-N,False,0.0,0.0,0.0,0.0016836500554751064,0.0,0.1894233376809802,0.0,0.409436915621256,0.0,0.34483759680922743,0.0
9999982_00000_d_0000119.jpg,68,YOLOv13-X,YOLOv13-X,True,0.6929133858267716,0.6929133858267716,0.0,0.5527060471362784,0.5811965811965812,0.612583364746943,0.6229508196721312,0.6680107217463107,0.6776859504132231,0.6853302256909003,0.6929133858267716
9999977_00000_d_0000099.jpg,47,YOLOv13-X,YOLOv13-X,True,0.6388888888888888,0.6388888888888888,0.0,0.4930562275377244,0.4594594594594595,0.5665340142580078,0.5714285714285714,0.6489793278814302,0.5833333333333334,0.6518198439528038,0.6388888888888888
9999937_00000_d_0000054.jpg,20,YOLOv13-L,YOLOv13-L,True,0.8444444444444444,0.8444444444444444,0.0,0.533264128602151,0.7272727272727272,0.5945870437105731,0.7727272727272727,0.6905898507465895,0.8444444444444444,0.6858943055074455,0.8444444444444444
9999977_00000_d_0000057.jpg,29,YOLOv13-L,YOLOv13-L,True,0.4615384615384615,0.4615384615384615,0.0,0.5486766026406319,0.368421052631579,0.6005897081323299,0.3783783783783784,0.6579471206517798,0.4615384615384615,0.6490221951671206,0.4324324324324324
9999999_00452_d_0000201.jpg,18,YOLOv13-L,YOLOv13-L,True,0.9090909090909092,0.9090909090909092,0.0,0.6290107948725133,0.7647058823529411,0.6959299681579153,0.823529411764706,0.7570477501772508,0.9090909090909092,0.7533923242647192,0.8823529411764706
9999965_00000_d_0000061.jpg,85,YOLOv13-X,YOLOv13-X,True,0.8777777777777777,0.8777777777777777,0.0,0.6766867164088658,0.8444444444444443,0.7246899732132334,0.8604651162790696,0.7800701791103837,0.8620689655172413,0.7966745050104552,0.8777777777777777
9999998_00205_d_0000162.jpg,9,YOLOv13-X,YOLOv13-S,False,1.0,1.0,0.0,0.8552265992282981,0.9473684210526316,0.8860145153107277,1.0,0.9127098672429926,1.0,0.9153793026579177,1.0
9999985_00000_d_0000063.jpg,118,YOLOv13-X,YOLOv13-X,True,0.5536723163841808,0.5536723163841808,0.0,0.6302071022860659,0.4382022471910112,0.6824681225533926,0.4577114427860696,0.7335120652714967,0.5,0.7359451088926636,0.5536723163841808
9999984_00000_d_0000034.jpg,49,YOLOv13-L,YOLOv13-L,True,0.5205479452054794,0.5205479452054794,0.0,0.44904540089734973,0.2372881355932203,0.5078583777809901,0.3125,0.5706808647939274,0.5205479452054794,0.5620889204014066,0.4931506849315069
9999999_00584_d_0000264.jpg,11,YOLOv13-X,YOLOv13-L,False,0.8,0.8,0.0,0.4509786912695004,0.5833333333333334,0.5321223963521331,0.5833333333333334,0.6088600788324472,0.8,0.6117071063702202,0.8
9999951_00000_d_0000130.jpg,18,YOLOv13-X,YOLOv13-X,True,0.8571428571428571,0.8571428571428571,0.0,0.6952196811773852,0.8,0.7335670357964857,0.8125000000000001,0.7543166267605699,0.823529411764706,0.7638853228292254,0.8571428571428571
9999942_00000_d_0000129.jpg,36,YOLOv13-X,YOLOv13-X,True,0.7792207792207793,0.7792207792207793,0.0,0.5276071491798425,0.6944444444444444,0.5883525980667408,0.7142857142857144,0.6627058151440833,0.775,0.6733593591344893,0.7792207792207793
9999956_00000_d_0000073.jpg,67,YOLOv13-L,YOLOv13-L,True,0.4130434782608695,0.4130434782608695,0.0,0.39451220402539444,0.2857142857142857,0.4696933533606194,0.3555555555555555,0.5383893245249767,0.4130434782608695,0.5276264013941115,0.4
0000197_01211_d_0000149.jpg,151,YOLOv13-X,YOLOv13-X,True,0.3654822335025381,0.3654822335025381,0.0,0.396832287695398,0.2541436464088398,0.460078061731439,0.2751322751322751,0.539841867747606,0.3383084577114428,0.5565802958041371,0.3654822335025381
9999953_00000_d_0000056.jpg,17,YOLOv13-L,YOLOv13-L,True,0.9714285714285714,0.9714285714285714,0.0,0.7789854635198099,0.8717948717948718,0.8326420113146392,0.9444444444444444,0.8767766162138269,0.9714285714285714,0.8730797601422359,0.9714285714285714
9999942_00000_d_0000083.jpg,31,YOLOv13-L,YOLOv13-L,True,0.918032786885246,0.918032786885246,0.0,0.7691886613310038,0.7586206896551724,0.817792032309874,0.7999999999999999,0.8710019476673535,0.918032786885246,0.8534678326363487,0.9032258064516128
9999948_00000_d_0000022.jpg,39,YOLOv13-X,YOLOv13-X,True,0.8055555555555556,0.8055555555555556,0.0,0.7532662825892622,0.6129032258064516,0.7815747592316409,0.6956521739130435,0.8252448586928631,0.7777777777777778,0.8376025164017611,0.8055555555555556
9999951_00000_d_0000085.jpg,40,YOLOv13-L,YOLOv13-L,True,0.7575757575757575,0.7575757575757575,0.0,0.7796061260475531,0.6666666666666667,0.8073867136236308,0.71875,0.8599324272821812,0.7575757575757575,0.8403711732865269,0.7246376811594203
0000366_03921_d_0000797.jpg,182,YOLOv13-X,YOLOv13-X,True,0.6254295532646048,0.6254295532646048,0.0,0.5768370305627493,0.4452296819787986,0.6202461744909712,0.5369127516778524,0.7182459184257755,0.6148648648648649,0.7210135719688098,0.6254295532646048
0000261_02501_d_0000128.jpg,25,YOLOv13-X,YOLOv13-X,True,0.8399999999999999,0.8399999999999999,0.0,0.8345256449872681,0.7499999999999999,0.8439339348820696,0.6530612244897959,0.8943964524263947,0.8333333333333333,0.8969192858735248,0.8399999999999999
9999984_00000_d_0000157.jpg,30,YOLOv13-L,YOLOv13-L,True,0.4210526315789474,0.4210526315789474,0.0,0.26224697843881495,0.1212121212121212,0.37547956235447155,0.2857142857142857,0.5500154536919757,0.4210526315789474,0.5338679940345606,0.3243243243243243
9999965_00000_d_0000046.jpg,87,YOLOv13-X,YOLOv13-X,True,0.7770700636942675,0.7770700636942675,0.0,0.6600116731685763,0.6805555555555556,0.7208104402098753,0.7388535031847134,0.7708864384829807,0.7468354430379747,0.7738840548050084,0.7770700636942675
9999950_00000_d_0000029.jpg,13,YOLOv13-X,YOLOv13-X,True,0.8799999999999999,0.8799999999999999,0.0,0.441138940117047,0.6666666666666666,0.5058954503205432,0.8461538461538461,0.605351990154444,0.7142857142857142,0.6189770552961622,0.8799999999999999
9999982_00000_d_0000197.jpg,30,YOLOv13-L,YOLOv13-L,True,0.7450980392156863,0.7450980392156863,0.0,0.6685290033261038,0.6415094339622641,0.7317160371405701,0.7200000000000001,0.7988174370378254,0.7450980392156863,0.790339104961508,0.7307692307692307
9999981_00000_d_0000107.jpg,12,YOLOv13-L,YOLOv13-N,False,1.0,1.0,0.0,0.939696340280781,1.0,0.934487627812617,1.0,0.9446355063052648,1.0,0.9329494535256011,1.0
9999990_00000_d_0000042.jpg,104,YOLOv13-X,YOLOv13-X,True,0.8078817733990148,0.8078817733990148,0.0,0.5062597961602181,0.6138613861386137,0.5637787360268874,0.6859903381642513,0.6405268930924829,0.7867298578199052,0.649045468052631,0.8078817733990148
9999937_00000_d_0000079.jpg,14,YOLOv13-L,YOLOv13-S,False,0.9285714285714286,0.9285714285714286,0.0,0.7341305591594942,0.7692307692307692,0.8071191442965064,0.9285714285714286,0.8729099368208515,0.9285714285714286,0.8697707177883481,0.8275862068965518
9999966_00000_d_0000135.jpg,50,YOLOv13-L,YOLOv13-L,True,0.7526881720430109,0.7526881720430109,0.0,0.7687953814557756,0.6506024096385542,0.8221795924045738,0.7500000000000001,0.8663806889674628,0.7526881720430109,0.8641470099988319,0.7526881720430109
9999982_00000_d_0000247.jpg,65,YOLOv13-X,YOLOv13-X,True,0.5319148936170213,0.5319148936170213,0.0,0.5457907364945594,0.3870967741935484,0.6005375217598581,0.4742268041237114,0.6609677330670221,0.4230769230769231,0.6682017864819285,0.5319148936170213
9999967_00000_d_0000013.jpg,20,YOLOv13-L,YOLOv13-L,True,0.888888888888889,0.888888888888889,0.0,0.7205074585243046,0.5806451612903226,0.8182150819098505,0.7647058823529412,0.8729399364438717,0.888888888888889,0.8637288600857429,0.7567567567567567
0000257_03639_d_0000060.jpg,41,YOLOv13-X,YOLOv13-X,True,0.8169014084507042,0.8169014084507042,0.0,0.5436037643863604,0.6301369863013699,0.6042920160137881,0.6666666666666666,0.6484545065978669,0.767123287671233,0.6666886100512659,0.8169014084507042
9999991_00000_d_0000030.jpg,41,YOLOv13-L,YOLOv13-L,True,0.8354430379746836,0.8354430379746836,0.0,0.5982481390520492,0.7466666666666667,0.6587016200101804,0.7948717948717948,0.7010431863470431,0.8354430379746836,0.7002450807063652,0.810126582278481
9999960_00000_d_0000157.jpg,17,YOLOv13-X,YOLOv13-X,True,0.9696969696969696,0.9696969696969696,0.0,0.5918967938527324,0.8648648648648648,0.6583811436713353,0.8888888888888888,0.731647876086485,0.9142857142857144,0.7372828875502203,0.9696969696969696
9999972_00000_d_0000129.jpg,36,YOLOv13-L,YOLOv13-L,True,0.7761194029850746,0.7761194029850746,0.0,0.6336007607979302,0.6875000000000001,0.6744366198163146,0.746268656716418,0.7118200976880431,0.7761194029850746,0.7108052728747488,0.7352941176470588
9999945_00000_d_0000081.jpg,52,YOLOv13-L,YOLOv13-L,True,0.4791666666666667,0.4791666666666667,0.0,0.4911777326317492,0.3561643835616438,0.5551352879093335,0.3571428571428571,0.6435620928191446,0.4791666666666667,0.6435095833032598,0.4705882352941176
0000126_11844_d_0000130.jpg,431,YOLOv13-X,YOLOv13-X,True,0.4381270903010033,0.4381270903010033,0.0,0.5070315323097316,0.3443708609271523,0.5882122158064438,0.3973063973063973,0.6569835537921423,0.434640522875817,0.6703838055403623,0.4381270903010033
0000257_04349_d_0000067.jpg,63,YOLOv13-L,YOLOv13-L,True,0.3294117647058823,0.3294117647058823,0.0,0.13970421108170572,0.03125,0.28897551982144853,0.2191780821917808,0.37031824011395675,0.3294117647058823,0.3541763035041129,0.3043478260869565
9999962_00000_d_0000149.jpg,14,YOLOv13-X,YOLOv13-X,True,0.9333333333333332,0.9333333333333332,0.0,0.607524513776208,0.7096774193548386,0.7097599089638714,0.7142857142857143,0.7859913416543043,0.9285714285714286,0.7861398373453219,0.9333333333333332
9999945_00000_d_0000076.jpg,48,YOLOv13-L,YOLOv13-L,True,0.5675675675675675,0.5675675675675675,0.0,0.6465157265121039,0.4444444444444444,0.6780082653715007,0.4800000000000001,0.7717224848838617,0.5675675675675675,0.7657717286064101,0.5454545454545455
9999943_00000_d_0000011.jpg,53,YOLOv13-L,YOLOv13-L,True,0.7755102040816326,0.7755102040816326,0.0,0.688408463770553,0.7578947368421052,0.7308928010705178,0.7450980392156863,0.7794734293463239,0.7755102040816326,0.7781349590157408,0.7628865979381443
9999999_00651_d_0000296.jpg,28,YOLOv13-X,YOLOv13-X,True,0.5079365079365079,0.5079365079365079,0.0,0.43029499445156943,0.4313725490196078,0.49241652035697886,0.4333333333333333,0.5631406604422478,0.4545454545454545,0.5725215644085963,0.5079365079365079
9999937_00000_d_0000014.jpg,27,YOLOv13-L,YOLOv13-L,True,0.7272727272727272,0.7272727272727272,0.0,0.6935745077786123,0.5499999999999999,0.761348057263964,0.6190476190476191,0.8286530001166001,0.7272727272727272,0.8203062181295826,0.7272727272727272
9999998_00402_d_0000354.jpg,55,YOLOv13-L,YOLOv13-L,True,0.6551724137931035,0.6551724137931035,0.0,0.5978127091595653,0.495575221238938,0.6545606559146154,0.6,0.7356546518326053,0.6551724137931035,0.7278711166116933,0.6545454545454545
9999999_00091_d_0000032.jpg,97,YOLOv13-X,YOLOv13-X,True,0.7142857142857142,0.7142857142857142,0.0,0.5395510283992745,0.5917159763313609,0.6006603362671312,0.670807453416149,0.6506451228116159,0.7023809523809524,0.666053859280759,0.7142857142857142
9999956_00000_d_0000020.jpg,23,YOLOv13-L,YOLOv13-L,True,0.8095238095238095,0.8095238095238095,0.0,0.8318199387725406,0.7,0.8551175935432155,0.75,0.8975994121658014,0.8095238095238095,0.8802836154598785,0.7441860465116279
9999950_00000_d_0000049.jpg,40,YOLOv13-X,YOLOv13-X,True,0.8607594936708861,0.8607594936708861,0.0,0.6437142528885546,0.7126436781609196,0.6828304090130252,0.8470588235294118,0.7519388390721032,0.8395061728395061,0.7547949280775508,0.8607594936708861
9999999_00544_d_0000244.jpg,39,YOLOv13-L,YOLOv13-L,True,0.8648648648648648,0.8648648648648648,0.0,0.6543925316160447,0.6865671641791046,0.6867354367998892,0.7428571428571428,0.7704170734115895,0.8648648648648648,0.7664720415873515,0.8493150684931507
9999999_00406_d_0000178.jpg,68,YOLOv13-X,YOLOv13-X,True,0.8591549295774648,0.8591549295774648,0.0,0.6402624606544332,0.7448275862068966,0.695954749834949,0.7887323943661971,0.7680785324786854,0.8219178082191781,0.774628451790419,0.8591549295774648
9999964_00000_d_0000027.jpg,69,YOLOv13-X,YOLOv13-X,True,0.8368794326241135,0.8368794326241135,0.0,0.6374492504114838,0.7857142857142857,0.6885603998465006,0.7769784172661871,0.7458987752488578,0.8057553956834532,0.7525015925506594,0.8368794326241135
9999953_00000_d_0000099.jpg,13,YOLOv13-X,YOLOv13-S,False,0.7692307692307693,0.7692307692307693,0.0,0.48907511247139407,0.6666666666666666,0.5644766684875028,0.7692307692307693,0.6496103789617617,0.7500000000000001,0.6515171691886391,0.7692307692307693
9999960_00000_d_0000099.jpg,7,YOLOv13-L,YOLOv13-N,False,1.0,1.0,0.0,0.929891042465133,1.0,0.9351569683402825,1.0,0.9519642182221892,1.0,0.9326894211879972,1.0
0000339_00589_d_0000164.jpg,40,YOLOv13-L,YOLOv13-L,True,0.5970149253731343,0.5970149253731343,0.0,0.5926912849448208,0.4666666666666667,0.6715276445387001,0.4375,0.7492049492170376,0.5970149253731343,0.7329965897707693,0.5937499999999999
9999999_00741_d_0000338.jpg,212,YOLOv13-X,YOLOv13-X,True,0.5049833887043189,0.5049833887043189,0.0,0.45858096824615857,0.4,0.5260108787424012,0.4399999999999999,0.5848558388594747,0.495114006514658,0.5947759414299535,0.5049833887043189
9999999_00632_d_0000287.jpg,40,YOLOv13-X,YOLOv13-X,True,0.8048780487804876,0.8048780487804876,0.0,0.632718990178838,0.7058823529411764,0.6896108890395801,0.7341772151898733,0.7318402475104546,0.775,0.7363755558489482,0.8048780487804876
0000144_00001_d_0000001.jpg,5,YOLOv13-X,YOLOv13-L,False,1.0,1.0,0.0,0.6616957404711469,0.7499999999999999,0.7545564618729055,0.7499999999999999,0.762129562033238,1.0,0.7779091335015931,1.0
9999981_00000_d_0000043.jpg,22,YOLOv13-L,YOLOv13-L,True,0.7924528301886793,0.7924528301886793,0.0,0.48015567653079894,0.6666666666666667,0.5748866983866595,0.6530612244897959,0.6424829724680059,0.7924528301886793,0.6271397365634588,0.7843137254901961
0000239_06450_d_0000017.jpg,45,YOLOv13-L,YOLOv13-L,True,0.4776119402985074,0.4776119402985074,0.0,0.5997368442413804,0.4,0.6120029342914451,0.3934426229508197,0.6508940434730415,0.4776119402985074,0.6440967700007213,0.4307692307692307
9999956_00000_d_0000050.jpg,10,YOLOv13-L,YOLOv13-N,False,1.0,1.0,0.0,0.8857569539127312,1.0,0.8478641930058706,1.0,0.9299241974242328,1.0,0.9166001285851848,1.0
9999981_00000_d_0000061.jpg,23,YOLOv13-X,YOLOv13-X,True,0.8205128205128205,0.8205128205128205,0.0,0.4078822300283387,0.5945945945945946,0.4752465971000241,0.5945945945945946,0.5521023347728587,0.75,0.5528324772732659,0.8205128205128205
9999937_00000_d_0000154.jpg,18,YOLOv13-L,YOLOv13-L,True,0.8823529411764706,0.8823529411764706,0.0,0.49874862099231115,0.6470588235294118,0.5796522111404094,0.7027027027027027,0.6410564183306527,0.8823529411764706,0.6308469615709648,0.8571428571428571
9999956_00000_d_0000004.jpg,17,YOLOv13-L,YOLOv13-N,False,0.4545454545454545,0.4545454545454545,0.0,0.7032729262833217,0.4545454545454545,0.7289403418173012,0.4545454545454545,0.7748483023496903,0.4545454545454545,0.7641402498185728,0.4545454545454545
9999945_00000_d_0000069.jpg,57,YOLOv13-L,YOLOv13-L,True,0.4736842105263157,0.4736842105263157,0.0,0.530916388735018,0.2465753424657534,0.5799754002074773,0.3684210526315789,0.6620331266853715,0.4736842105263157,0.654463139368789,0.4102564102564102
0000210_01251_d_0000227.jpg,8,YOLOv13-L,YOLOv13-N,False,0.2222222222222222,0.2222222222222222,0.0,0.5036889482177512,0.2222222222222222,0.5258647778007176,0.2222222222222222,0.5494247886148179,0.2222222222222222,0.49728971531306376,0.2
9999981_00000_d_0000096.jpg,29,YOLOv13-X,YOLOv13-X,True,0.4285714285714286,0.4285714285714286,0.0,0.40368456069616254,0.1714285714285714,0.4979799542377351,0.2777777777777778,0.5563407869622871,0.4186046511627907,0.574172603337958,0.4285714285714286
0000331_01401_d_0000831.jpg,29,YOLOv13-X,YOLOv13-X,True,0.8148148148148148,0.8148148148148148,0.0,0.6242598007960932,0.5714285714285714,0.6854602701417059,0.7346938775510204,0.7783480837809641,0.7924528301886793,0.7810214092370863,0.8148148148148148
9999955_00000_d_0000224.jpg,274,YOLOv13-L,YOLOv13-L,True,0.4822695035460993,0.4822695035460993,0.0,0.357733695155082,0.2702702702702703,0.46394505268642117,0.3989898989898989,0.5566010249270754,0.4822695035460993,0.540713973410809,0.4779582366589327
9999999_00071_d_0000022.jpg,70,YOLOv13-L,YOLOv13-L,True,0.8346456692913385,0.8346456692913385,0.0,0.6376627391980303,0.6870229007633588,0.7009022552754025,0.7419354838709677,0.753464749037729,0.8346456692913385,0.7513870511429938,0.7874015748031495
9999953_00000_d_0000014.jpg,17,YOLOv13-L,YOLOv13-L,True,0.9375,0.9375,0.0,0.5213602543979823,0.6486486486486486,0.5997313202515363,0.717948717948718,0.7102871434968167,0.9375,0.7057383875949608,0.7567567567567567
0000349_01961_d_0000450.jpg,67,YOLOv13-X,YOLOv13-X,True,0.757142857142857,0.757142857142857,0.0,0.5912156462064274,0.5669291338582678,0.6573778640903959,0.606060606060606,0.7416895188446558,0.6896551724137931,0.7474609465879255,0.757142857142857
9999982_00000_d_0000237.jpg,53,YOLOv13-X,YOLOv13-X,True,0.8043478260869565,0.8043478260869565,0.0,0.6600059888415265,0.6593406593406593,0.6975822846044747,0.7608695652173912,0.740638783635156,0.7912087912087911,0.7568232689038815,0.8043478260869565
9999998_00046_d_0000036.jpg,125,YOLOv13-X,YOLOv13-X,True,0.8294573643410852,0.8294573643410852,0.0,0.5515377899139838,0.6909090909090909,0.60805044988887,0.7547169811320756,0.6754270345757778,0.8089887640449438,0.7046326558069903,0.8294573643410852
0000309_00201_d_0000334.jpg,88,YOLOv13-L,YOLOv13-L,True,0.6216216216216216,0.6216216216216216,0.0,0.6207519067561369,0.4929577464788732,0.6790860276754164,0.5241379310344827,0.7537345538447517,0.6216216216216216,0.7530556779225693,0.5774647887323944
9999960_00000_d_0000116.jpg,34,YOLOv13-L,YOLOv13-L,True,0.9705882352941176,0.9705882352941176,0.0,0.8266385249570148,0.8695652173913043,0.8730983716422208,0.927536231884058,0.9205909404983541,0.9705882352941176,0.9058079729316559,0.9166666666666669
9999998_00216_d_0000172.jpg,24,YOLOv13-X,YOLOv13-X,True,0.8085106382978724,0.8085106382978724,0.0,0.5265797489741061,0.5396825396825398,0.6057446861757949,0.7037037037037038,0.687435755744662,0.7547169811320755,0.6940970790075142,0.8085106382978724
9999955_00000_d_0000115.jpg,38,YOLOv13-X,YOLOv13-X,True,0.6440677966101696,0.6440677966101696,0.0,0.41987997158248774,0.5084745762711864,0.512505165351489,0.4642857142857142,0.5761965437267149,0.576271186440678,0.5801286737055529,0.6440677966101696
9999970_00000_d_0000031.jpg,69,YOLOv13-X,YOLOv13-X,True,0.7874015748031497,0.7874015748031497,0.0,0.6807479127647499,0.6218487394957984,0.7232540034890245,0.7166666666666667,0.7924850142305645,0.7846153846153846,0.7959336663540664,0.7874015748031497
9999942_00000_d_0000184.jpg,85,YOLOv13-X,YOLOv13-L,False,0.7612903225806451,0.7612903225806451,0.0,0.7162242774296567,0.6666666666666666,0.7595067203830353,0.7000000000000001,0.8012341931773314,0.7612903225806451,0.8087774973683368,0.7612903225806451
9999998_00230_d_0000186.jpg,41,YOLOv13-L,YOLOv13-L,True,0.6865671641791045,0.6865671641791045,0.0,0.7277340608667358,0.5333333333333333,0.7650213493906656,0.6031746031746033,0.8125149403722809,0.6865671641791045,0.8109209347450007,0.6865671641791045
9999991_00000_d_0000026.jpg,101,YOLOv13-L,YOLOv13-L,True,0.7272727272727273,0.7272727272727273,0.0,0.5320214919780882,0.5889570552147239,0.6069334752276213,0.6666666666666666,0.6749159492257444,0.7272727272727273,0.6675558534011045,0.6961325966850829
9999960_00000_d_0000094.jpg,32,YOLOv13-X,YOLOv13-X,True,0.9393939393939394,0.9393939393939394,0.0,0.6584940231779903,0.8732394366197183,0.709675172099742,0.8857142857142857,0.7754313818494777,0.8571428571428572,0.7779153437300852,0.9393939393939394
9999966_00000_d_0000012.jpg,75,YOLOv13-X,YOLOv13-X,True,0.419047619047619,0.419047619047619,0.0,0.3211584119589497,0.2340425531914893,0.4150371570075783,0.2653061224489796,0.5021395624078335,0.3928571428571429,0.5378305134337152,0.419047619047619
0000136_02529_d_0000158.jpg,122,YOLOv13-L,YOLOv13-L,True,0.6231155778894473,0.6231155778894473,0.0,0.5590164362695782,0.4404761904761905,0.6065588704632512,0.5384615384615384,0.6870231818233432,0.6231155778894473,0.6736943642656893,0.6185567010309279
9999977_00000_d_0000098.jpg,43,YOLOv13-L,YOLOv13-L,True,0.7792207792207793,0.7792207792207793,0.0,0.6108293640699552,0.6666666666666666,0.6818110166117716,0.7272727272727273,0.7538735059788867,0.7792207792207793,0.7502621859651556,0.7733333333333334
9999955_00000_d_0000053.jpg,33,YOLOv13-L,YOLOv13-L,True,0.7341772151898734,0.7341772151898734,0.0,0.6001532713264276,0.6666666666666666,0.6475216988122331,0.6052631578947368,0.749863558632394,0.7341772151898734,0.7265347128161943,0.6923076923076923
9999998_00368_d_0000320.jpg,29,YOLOv13-L,YOLOv13-L,True,0.8852459016393444,0.8852459016393444,0.0,0.7746207011758924,0.8148148148148148,0.822989153149006,0.7857142857142857,0.8905092715907221,0.8852459016393444,0.8891899366993206,0.8813559322033899
9999969_00000_d_0000044.jpg,5,YOLOv13-L,YOLOv13-L,True,0.9090909090909092,0.9090909090909092,0.0,0.49643948020337875,0.6,0.5774011624921351,0.888888888888889,0.7124983761555312,0.9090909090909092,0.7057719213563761,0.9090909090909092
9999999_00871_d_0000399.jpg,46,YOLOv13-L,YOLOv13-L,True,0.7676767676767677,0.7676767676767677,0.0,0.6801980218033363,0.7640449438202247,0.7325300637634392,0.7474747474747474,0.7621091537034785,0.7676767676767677,0.7606016749982994,0.7647058823529412
9999953_00000_d_0000062.jpg,27,YOLOv13-L,YOLOv13-L,True,0.9454545454545454,0.9454545454545454,0.0,0.7275083930877898,0.819672131147541,0.7922232374801766,0.912280701754386,0.8593167323439713,0.9454545454545454,0.8499349467450813,0.9454545454545454
9999982_00000_d_0000045.jpg,33,YOLOv13-X,YOLOv13-L,False,0.6122448979591837,0.6122448979591837,0.0,0.3843638553669212,0.4680851063829786,0.446047038216094,0.5531914893617021,0.5149850077689498,0.6122448979591837,0.5321941280466788,0.6122448979591837
9999982_00000_d_0000113.jpg,12,YOLOv13-X,YOLOv13-X,True,0.923076923076923,0.923076923076923,0.0,0.5436523117304679,0.8148148148148148,0.6078531831436723,0.8799999999999999,0.6875693767899496,0.9166666666666666,0.6952594588107172,0.923076923076923
9999942_00000_d_0000231.jpg,36,YOLOv13-L,YOLOv13-L,True,0.7945205479452055,0.7945205479452055,0.0,0.5100388978816152,0.6933333333333334,0.5777944484553813,0.7532467532467532,0.6698734482393317,0.7945205479452055,0.6607289769833249,0.7536231884057971
9999972_00000_d_0000135.jpg,48,YOLOv13-X,YOLOv13-X,True,0.75,0.75,0.0,0.4113444674224816,0.6,0.494388967012043,0.617283950617284,0.5777563140042067,0.7111111111111111,0.584458502254222,0.75
0000325_05801_d_0000691.jpg,91,YOLOv13-X,YOLOv13-L,False,0.7439024390243901,0.7439024390243901,0.0,0.6466987370825159,0.675,0.6920047949405171,0.690909090909091,0.7478013795348174,0.7439024390243901,0.7519469188287979,0.7439024390243901
9999984_00000_d_0000045.jpg,36,YOLOv13-X,YOLOv13-X,True,0.6037735849056604,0.6037735849056604,0.0,0.7117070564919787,0.3636363636363636,0.7294961699674491,0.36,0.7712860126065727,0.56,0.781796205092921,0.6037735849056604
0000140_02477_d_0000006.jpg,243,YOLOv13-X,YOLOv13-X,True,0.4986149584487533,0.4986149584487533,0.0,0.5387926365444837,0.3988269794721408,0.6008037456895635,0.4367816091954023,0.6694336229703396,0.4943181818181819,0.6711563621550838,0.4986149584487533
9999969_00000_d_0000059.jpg,40,YOLOv13-L,YOLOv13-L,True,0.810126582278481,0.810126582278481,0.0,0.528190193210758,0.5151515151515152,0.6219758709213137,0.7142857142857143,0.6984061099298181,0.810126582278481,0.6829255657089605,0.8048780487804876
9999945_00000_d_0000142.jpg,79,YOLOv13-X,YOLOv13-X,True,0.4915254237288136,0.4915254237288136,0.0,0.4850890516947549,0.3716814159292035,0.5456215063542651,0.4102564102564102,0.6370473927742901,0.4786324786324786,0.6374822754814473,0.4915254237288136
9999942_00000_d_0000060.jpg,62,YOLOv13-L,YOLOv13-L,True,0.768,0.768,0.0,0.65006232595191,0.6984126984126984,0.711363610223965,0.7460317460317459,0.7737547805209231,0.768,0.7646093302609609,0.7642276422764228
0000348_01373_d_0000413.jpg,62,YOLOv13-X,YOLOv13-X,True,0.8034188034188033,0.8034188034188033,0.0,0.6275740713520445,0.6407766990291263,0.6791208702029136,0.6837606837606838,0.7313818324973425,0.7804878048780488,0.736870307162163,0.8034188034188033
9999955_00000_d_0000027.jpg,55,YOLOv13-L,YOLOv13-L,True,0.8785046728971962,0.8785046728971962,0.0,0.6651493671918715,0.7339449541284404,0.7363411423719343,0.8380952380952381,0.7985607925925495,0.8785046728971962,0.7852289667365697,0.8571428571428572
9999982_00000_d_0000023.jpg,13,YOLOv13-L,YOLOv13-L,True,0.5555555555555556,0.5555555555555556,0.0,0.2760464946517607,0.4444444444444444,0.316096156371074,0.4705882352941176,0.42593834703860073,0.5555555555555556,0.423231214529685,0.5555555555555556
9999982_00000_d_0000204.jpg,60,YOLOv13-L,YOLOv13-L,True,0.5238095238095238,0.5238095238095238,0.0,0.5025971547654319,0.4050632911392405,0.5632334895276213,0.5176470588235295,0.6306982759144464,0.5238095238095238,0.6260076855911106,0.4941176470588235
0000137_02220_d_0000163.jpg,512,YOLOv13-L,YOLOv13-L,True,0.4893350062735258,0.4893350062735258,0.0,0.5044698147610939,0.3382949932341001,0.5522097966813395,0.4262734584450402,0.6483105990351256,0.4893350062735258,0.6420966253966133,0.4708860759493671
0000068_04169_d_0000014.jpg,189,YOLOv13-X,YOLOv13-X,True,0.65015479876161,0.65015479876161,0.0,0.5573751770422952,0.4641638225255972,0.599949215308624,0.5337837837837838,0.6783144760900437,0.6095238095238095,0.6834248172949046,0.65015479876161
9999999_00685_d_0000310.jpg,108,YOLOv13-X,YOLOv13-X,True,0.5595238095238095,0.5595238095238095,0.0,0.5705492581045262,0.4230769230769231,0.6072416579448613,0.4311377245508982,0.646780456254916,0.5487804878048781,0.6616847138959187,0.5595238095238095
9999953_00000_d_0000023.jpg,7,YOLOv13-L,YOLOv13-L,True,1.0,1.0,0.0,0.5627780237188406,0.8235294117647058,0.658657287567359,0.8750000000000001,0.7241329741181672,1.0,0.7106475817392982,0.9333333333333332
0000111_03678_d_0000072.jpg,32,YOLOv13-L,YOLOv13-L,True,0.5818181818181818,0.5818181818181818,0.0,0.45875611638251335,0.5384615384615384,0.5305732906914815,0.5,0.6300621236965332,0.5818181818181818,0.6120983543928067,0.5283018867924528
9999942_00000_d_0000088.jpg,41,YOLOv13-X,YOLOv13-X,True,0.8205128205128206,0.8205128205128206,0.0,0.7284361004432484,0.7341772151898733,0.7735632627197891,0.7499999999999999,0.8240059302986522,0.8148148148148149,0.8265758628994655,0.8205128205128206
9999982_00000_d_0000077.jpg,98,YOLOv13-X,YOLOv13-X,True,0.7604166666666667,0.7604166666666667,0.0,0.5106078046480309,0.6358381502890174,0.5818896168583337,0.6888888888888889,0.6483282149574457,0.7216494845360826,0.6520347623632289,0.7604166666666667
9999977_00000_d_0000078.jpg,37,YOLOv13-X,YOLOv13-X,True,0.676470588235294,0.676470588235294,0.0,0.4313451322726087,0.5333333333333333,0.49809942694530757,0.4516129032258065,0.5726316840683995,0.6376811594202898,0.6019173162533092,0.676470588235294
9999965_00000_d_0000006.jpg,106,YOLOv13-X,YOLOv13-X,True,0.7958115183246074,0.7958115183246074,0.0,0.5994481830898285,0.7184466019417476,0.6608230905799098,0.76,0.7281386796929465,0.7835051546391751,0.7409304596605675,0.7958115183246074
9999951_00000_d_0000114.jpg,68,YOLOv13-L,YOLOv13-L,True,0.9784172661870504,0.9784172661870504,0.0,0.8936263928032624,0.9241379310344828,0.9202991006214092,0.9577464788732396,0.9442735712916653,0.9784172661870504,0.9373461708087126,0.9577464788732396
9999987_00000_d_0000001.jpg,31,YOLOv13-X,YOLOv13-X,True,0.7999999999999999,0.7999999999999999,0.0,0.454796840166033,0.5806451612903226,0.5186106971570212,0.6666666666666667,0.5958461420754392,0.7,0.6128757625251037,0.7999999999999999
0000178_00201_d_0000007.jpg,10,YOLOv13-X,YOLOv13-X,True,0.7777777777777777,0.7777777777777777,0.0,0.5615373869045309,0.625,0.6271765249818886,0.625,0.7196694508015086,0.7,0.7373337926931648,0.7777777777777777
0000150_01630_d_0000075.jpg,190,YOLOv13-L,YOLOv13-L,True,0.5,0.5,0.0,0.396476733012472,0.2357723577235772,0.48272332954521235,0.4013377926421404,0.5792045477797901,0.5,0.5747074263318495,0.4900662251655628
9999945_00000_d_0000144.jpg,17,YOLOv13-L,YOLOv13-L,True,0.6666666666666667,0.6666666666666667,0.0,0.5813312481957139,0.6153846153846153,0.647263230502506,0.5384615384615384,0.7049658519038231,0.6666666666666667,0.696431009034734,0.6666666666666667
9999965_00000_d_0000056.jpg,35,YOLOv13-L,YOLOv13-L,True,0.9444444444444444,0.9444444444444444,0.0,0.7695594506914986,0.927536231884058,0.7935955580605208,0.9166666666666669,0.8343313402271674,0.9444444444444444,0.8298086089003796,0.9295774647887324
9999984_00000_d_0000075.jpg,18,YOLOv13-X,YOLOv13-X,True,0.4166666666666667,0.4166666666666667,0.0,0.3835774406263908,0.25,0.4711019868183242,0.3846153846153846,0.5635686885082988,0.3333333333333333,0.5783436639770392,0.4166666666666667
0000307_07201_d_0000304.jpg,70,YOLOv13-X,YOLOv13-X,True,0.6410256410256411,0.6410256410256411,0.0,0.5043787487624076,0.5241379310344827,0.5387530109006138,0.5256410256410257,0.621315492500117,0.6289308176100629,0.6323676056083234,0.6410256410256411
