image,gt_instances,router_model,oracle_model,oracle_match,adaptive_precision,adaptive_recall,adaptive_f1,adaptive_latency_ms,oracle_precision,oracle_recall,oracle_f1,N_precision,N_recall,N_f1,N_latency_ms,S_precision,S_recall,S_f1,S_latency_ms,L_precision,L_recall,L_f1,L_latency_ms,X_precision,X_recall,X_f1,X_latency_ms
0000001_02999_d_0000005.jpg,127,YOLOv13-L,YOLOv13-X,0,0.6984126984126984,0.3464566929133858,0.4631578947368421,2175.896466000012,0.6716417910447762,0.3543307086614173,0.4639175257731959,0.5555555555555556,0.23622047244094488,0.3314917127071823,1736.8775260000007,0.6785714285714286,0.2992125984251969,0.41530054644808745,237.03745900002104,0.6984126984126984,0.3464566929133858,0.4631578947368421,51.617310000011685,0.6716417910447762,0.3543307086614173,0.4639175257731959,576.0446710000053
0000001_03499_d_0000006.jpg,77,YOLOv13-L,YOLOv13-X,0,0.5681818181818182,0.3246753246753247,0.4132231404958678,56.96708700000386,0.675,0.35064935064935066,0.4615384615384615,0.6363636363636364,0.2727272727272727,0.3818181818181818,23.79386100000147,0.6111111111111112,0.2857142857142857,0.3893805309734514,33.94270100000085,0.5681818181818182,0.3246753246753247,0.4132231404958678,47.052280999992036,0.675,0.35064935064935066,0.4615384615384615,30.076995000001716
0000001_03999_d_0000007.jpg,48,YOLOv13-X,YOLOv13-L,0,0.5306122448979592,0.5416666666666666,0.5360824742268041,53.92977699997914,0.5531914893617021,0.5416666666666666,0.5473684210526316,0.5769230769230769,0.3125,0.4054054054054054,22.480647999998382,0.5142857142857142,0.375,0.43373493975903615,26.119409000017413,0.5531914893617021,0.5416666666666666,0.5473684210526316,43.31222799999068,0.5306122448979592,0.5416666666666666,0.5360824742268041,51.65534700000762
0000001_04527_d_0000008.jpg,115,YOLOv13-X,YOLOv13-L,0,0.6923076923076923,0.3130434782608696,0.4311377245508982,73.78396999999381,0.7454545454545455,0.3565217391304348,0.48235294117647054,0.44,0.09565217391304348,0.15714285714285714,34.888211999998475,0.6888888888888889,0.26956521739130435,0.3875,32.36075499998492,0.7454545454545455,0.3565217391304348,0.48235294117647054,49.294559000003346,0.6923076923076923,0.3130434782608696,0.4311377245508982,48.91282899998828
0000001_05249_d_0000009.jpg,113,YOLOv13-X,YOLOv13-X,1,0.7477477477477478,0.7345132743362832,0.7410714285714286,68.65364200001522,0.7477477477477478,0.7345132743362832,0.7410714285714286,0.6538461538461539,0.6017699115044248,0.6267281105990784,22.89303899999595,0.6428571428571429,0.6371681415929203,0.64,36.07934199999363,0.7090909090909091,0.6902654867256637,0.6995515695067264,48.51469700000166,0.7477477477477478,0.7345132743362832,0.7410714285714286,63.79337899997495
0000001_05499_d_0000010.jpg,140,YOLOv13-L,YOLOv13-L,1,0.8461538461538461,0.6285714285714286,0.721311475409836,57.05297599999426,0.8461538461538461,0.6285714285714286,0.721311475409836,0.7802197802197802,0.5071428571428571,0.6147186147186148,24.749133000000256,0.8505747126436781,0.5285714285714286,0.6519823788546255,33.59238699999878,0.8461538461538461,0.6285714285714286,0.721311475409836,49.314707999997154,0.8571428571428571,0.6,0.7058823529411764,32.21318200002088
0000001_05999_d_0000011.jpg,115,YOLOv13-X,YOLOv13-L,0,0.7466666666666667,0.48695652173913045,0.5894736842105264,61.42418199999611,0.7466666666666667,0.48695652173913045,0.5894736842105264,0.6197183098591549,0.3826086956521739,0.47311827956989244,22.934717999987697,0.6857142857142857,0.41739130434782606,0.5189189189189188,36.56730100001937,0.7466666666666667,0.48695652173913045,0.5894736842105264,51.62331299999323,0.7466666666666667,0.48695652173913045,0.5894736842105264,37.54660200002036
0000001_07999_d_0000012.jpg,136,YOLOv13-X,YOLOv13-L,0,0.6111111111111112,0.40441176470588236,0.4867256637168142,69.44724600000995,0.6352941176470588,0.39705882352941174,0.4886877828054299,0.46551724137931033,0.19852941176470587,0.27835051546391754,35.49456700000064,0.5625,0.2647058823529412,0.36000000000000004,21.691973000002918,0.6352941176470588,0.39705882352941174,0.4886877828054299,27.223026999990907,0.6111111111111112,0.40441176470588236,0.4867256637168142,51.58953100001895
0000001_08414_d_0000013.jpg,164,YOLOv13-X,YOLOv13-X,1,0.6415094339622641,0.4146341463414634,0.5037037037037037,70.68223400000306,0.6415094339622641,0.4146341463414634,0.5037037037037037,0.6451612903225806,0.24390243902439024,0.35398230088495575,33.18500900002164,0.676056338028169,0.2926829268292683,0.40851063829787226,37.87369900001636,0.62,0.3780487804878049,0.46969696969696967,47.3300330000086,0.6415094339622641,0.4146341463414634,0.5037037037037037,50.425253000014436
0000021_00000_d_0000001.jpg,31,YOLOv13-L,YOLOv13-L,1,0.5,0.25806451612903225,0.3404255319148936,49.85521700001527,0.5,0.25806451612903225,0.3404255319148936,0.38461538461538464,0.16129032258064516,0.22727272727272727,18.367422000011402,0.5384615384615384,0.22580645161290322,0.3181818181818182,21.25405399999636,0.5,0.25806451612903225,0.3404255319148936,24.430389000002606,0.4666666666666667,0.22580645161290322,0.3043478260869565,27.60915499999328
0000021_00500_d_0000002.jpg,17,YOLOv13-L,YOLOv13-L,1,0.4666666666666667,0.4117647058823529,0.43749999999999994,59.498231000020496,0.4666666666666667,0.4117647058823529,0.43749999999999994,0.4,0.23529411764705882,0.29629629629629634,18.76443100002234,0.5,0.35294117647058826,0.41379310344827586,16.782831000000442,0.4666666666666667,0.4117647058823529,0.43749999999999994,25.62156499999446,0.5,0.35294117647058826,0.41379310344827586,27.871895000004088
0000021_00800_d_0000003.jpg,7,YOLOv13-L,YOLOv13-X,0,0.4444444444444444,0.5714285714285714,0.5,71.38683699997728,0.75,0.8571428571428571,0.7999999999999999,0.375,0.42857142857142855,0.39999999999999997,30.981029999992415,0.375,0.42857142857142855,0.39999999999999997,22.42807800001856,0.4444444444444444,0.5714285714285714,0.5,45.91318700002489,0.75,0.8571428571428571,0.7999999999999999,42.00523000000089
0000022_00000_d_0000004.jpg,41,YOLOv13-X,YOLOv13-L,0,0.7222222222222222,0.6341463414634146,0.6753246753246753,51.083043000005546,0.8108108108108109,0.7317073170731707,0.7692307692307694,0.6296296296296297,0.4146341463414634,0.5,18.63099500002363,0.65625,0.5121951219512195,0.5753424657534246,18.073205999996844,0.8108108108108109,0.7317073170731707,0.7692307692307694,46.30081799999175,0.7222222222222222,0.6341463414634146,0.6753246753246753,44.605482999998
0000022_00500_d_0000005.jpg,32,YOLOv13-X,YOLOv13-L,0,0.7777777777777778,0.875,0.823529411764706,66.28868399999988,0.8181818181818182,0.84375,0.8307692307692308,0.6785714285714286,0.59375,0.6333333333333334,30.135384000004706,0.7931034482758621,0.71875,0.7540983606557378,18.904295999988108,0.8181818181818182,0.84375,0.8307692307692308,27.0374810000078,0.7777777777777778,0.875,0.823529411764706,25.55134600001452
0000022_01036_d_0000006.jpg,16,YOLOv13-L,YOLOv13-X,0,0.7142857142857143,0.625,0.6666666666666666,49.74037299999168,0.6666666666666666,0.75,0.7058823529411765,0.6363636363636364,0.4375,0.5185185185185185,17.992438999982596,0.7,0.4375,0.5384615384615384,29.156386000011025,0.7142857142857143,0.625,0.6666666666666666,39.3028759999936,0.6666666666666666,0.75,0.7058823529411765,35.676093000006404
0000022_01251_d_0000007.jpg,12,YOLOv13-L,YOLOv13-S,0,0.38095238095238093,0.6666666666666666,0.4848484848484849,66.04944299999715,0.5294117647058824,0.75,0.6206896551724139,0.4444444444444444,0.6666666666666666,0.5333333333333333,25.70785000000342,0.5294117647058824,0.75,0.6206896551724139,26.7258140000024,0.38095238095238093,0.6666666666666666,0.4848484848484849,45.35668299999429,0.4117647058823529,0.5833333333333334,0.4827586206896552,44.465700000017705
0000023_00000_d_0000008.jpg,40,YOLOv13-X,YOLOv13-L,0,0.7222222222222222,0.65,0.6842105263157895,51.155340999997634,0.7567567567567568,0.7,0.7272727272727273,0.6296296296296297,0.425,0.5074626865671642,19.483833000009554,0.625,0.5,0.5555555555555556,18.28812299999072,0.7567567567567568,0.7,0.7272727272727273,27.148373000017045,0.7222222222222222,0.65,0.6842105263157895,26.908448999989787
0000023_00300_d_0000009.jpg,30,YOLOv13-X,YOLOv13-X,1,0.5,0.5,0.5,54.497693000001846,0.5,0.5,0.5,0.44,0.36666666666666664,0.4,25.092835000009472,0.5,0.36666666666666664,0.423076923076923,18.0050800000231,0.4444444444444444,0.4,0.4210526315789474,26.799438000011833,0.5,0.5,0.5,45.91511999998943
0000023_00868_d_0000010.jpg,20,YOLOv13-L,YOLOv13-X,0,0.55,0.55,0.55,70.55766400000607,0.65,0.65,0.65,0.5882352941176471,0.5,0.5405405405405405,30.630419999994274,0.45,0.45,0.45,24.08091099999865,0.55,0.55,0.55,45.96026500001926,0.65,0.65,0.65,45.45238100001825
0000023_01233_d_0000011.jpg,14,YOLOv13-X,YOLOv13-L,0,0.5333333333333333,0.5714285714285714,0.5517241379310344,46.32242799999631,0.6,0.6428571428571429,0.6206896551724138,0.42857142857142855,0.42857142857142855,0.42857142857142855,17.892353999997113,0.47058823529411764,0.5714285714285714,0.5161290322580646,17.75748500000418,0.6,0.6428571428571429,0.6206896551724138,26.160025999985237,0.5333333333333333,0.5714285714285714,0.5517241379310344,25.30540300000439
0000024_00000_d_0000012.jpg,21,YOLOv13-X,YOLOv13-X,1,0.5625,0.42857142857142855,0.4864864864864864,68.6087810000231,0.5625,0.42857142857142855,0.4864864864864864,0.4444444444444444,0.38095238095238093,0.41025641025641024,30.763254000021334,0.45,0.42857142857142855,0.4390243902439024,25.94301499999574,0.47368421052631576,0.42857142857142855,0.45,44.6503459999974,0.5625,0.42857142857142855,0.4864864864864864,41.89523600001621
0000024_00500_d_0000013.jpg,10,YOLOv13-L,YOLOv13-X,0,0.3,0.3,0.3,47.95845399999621,0.75,0.6,0.6666666666666665,0.4444444444444444,0.4,0.4210526315789474,18.057887999987088,0.3333333333333333,0.3,0.3157894736842105,19.086837000003243,0.3,0.3,0.3,42.1728519999931,0.75,0.6,0.6666666666666665,27.73944300000153
0000024_01000_d_0000014.jpg,12,YOLOv13-L,YOLOv13-S,0,0.42857142857142855,0.25,0.3157894736842105,74.22600299997839,0.6666666666666666,0.3333333333333333,0.4444444444444444,0.5,0.25,0.3333333333333333,29.45843899999545,0.6666666666666666,0.3333333333333333,0.4444444444444444,29.532466000006252,0.42857142857142855,0.25,0.3157894736842105,45.24488199999155,0.6,0.25,0.35294117647058826,27.572057000014638
0000024_01543_d_0000015.jpg,8,YOLOv13-S,YOLOv13-X,0,0.8333333333333334,0.625,0.7142857142857143,40.957235000007586,1.0,0.75,0.8571428571428571,0.8571428571428571,0.75,0.7999999999999999,17.85082099999613,0.8333333333333334,0.625,0.7142857142857143,16.51377700000012,0.75,0.75,0.75,36.04076199999895,1.0,0.75,0.8571428571428571,25.851756999998088
0000026_00000_d_0000024.jpg,8,YOLOv13-N,YOLOv13-X,0,0.8888888888888888,1.0,0.9411764705882353,27.323407000011457,1.0,1.0,1.0,0.8888888888888888,1.0,0.9411764705882353,27.323407000011457,0.875,0.875,0.875,20.02112100001341,0.8888888888888888,1.0,0.9411764705882353,27.877118999981576,1.0,1.0,1.0,48.12067299999967
0000026_00500_d_0000025.jpg,15,YOLOv13-S,YOLOv13-S,1,0.75,1.0,0.8571428571428571,38.832411000015554,0.75,1.0,0.8571428571428571,0.7777777777777778,0.9333333333333333,0.8484848484848485,19.35606700001813,0.75,1.0,0.8571428571428571,22.250211999988778,0.65,0.8666666666666667,0.7428571428571429,29.974363999997422,0.7,0.9333333333333333,0.8,28.15566000001013
0000026_01000_d_0000026.jpg,25,YOLOv13-S,YOLOv13-S,1,0.88,0.88,0.88,38.19922400001019,0.88,0.88,0.88,0.84,0.84,0.8399999999999999,18.271905000005972,0.88,0.88,0.88,22.249161000019058,0.8214285714285714,0.92,0.8679245283018867,27.59552300000223,0.8214285714285714,0.92,0.8679245283018867,27.36857700000428
0000026_01500_d_0000027.jpg,10,YOLOv13-N,YOLOv13-L,0,0.75,0.9,0.8181818181818182,18.808234000005086,0.8181818181818182,0.9,0.8571428571428572,0.75,0.9,0.8181818181818182,18.808234000005086,0.6153846153846154,0.8,0.6956521739130435,29.237109999996846,0.8181818181818182,0.9,0.8571428571428572,30.943086000007725,0.75,0.9,0.8181818181818182,28.09507800000688
0000026_02000_d_0000028.jpg,9,YOLOv13-N,YOLOv13-N,1,0.9,1.0,0.9473684210526316,19.57575499997688,0.9,1.0,0.9473684210526316,0.9,1.0,0.9473684210526316,19.57575499997688,0.6666666666666666,0.8888888888888888,0.761904761904762,29.490089999995917,0.7272727272727273,0.8888888888888888,0.7999999999999999,45.33995099998833,0.8181818181818182,1.0,0.9,43.34976399999846
0000026_02500_d_0000029.jpg,17,YOLOv13-L,YOLOv13-X,0,0.6875,0.6470588235294118,0.6666666666666667,64.95867800001065,0.9285714285714286,0.7647058823529411,0.8387096774193549,0.6666666666666666,0.5882352941176471,0.625,18.915485000007948,0.6666666666666666,0.5882352941176471,0.625,30.068785999986858,0.6875,0.6470588235294118,0.6666666666666667,44.91300500001216,0.9285714285714286,0.7647058823529411,0.8387096774193549,44.68460399999685
0000026_03000_d_0000030.jpg,13,YOLOv13-N,YOLOv13-L,0,1.0,0.9230769230769231,0.9600000000000001,16.753394000005528,0.9285714285714286,1.0,0.962962962962963,1.0,0.9230769230769231,0.9600000000000001,16.753394000005528,0.9230769230769231,0.9230769230769231,0.9230769230769231,19.621276999998827,0.9285714285714286,1.0,0.962962962962963,25.59861500000693,0.9230769230769231,0.9230769230769231,0.9230769230769231,48.96776800001135
0000026_03500_d_0000031.jpg,23,YOLOv13-N,YOLOv13-L,0,1.0,0.8695652173913043,0.9302325581395349,32.44748500000583,0.9565217391304348,0.9565217391304348,0.9565217391304348,1.0,0.8695652173913043,0.9302325581395349,32.44748500000583,0.9166666666666666,0.9565217391304348,0.9361702127659574,23.91338999998993,0.9565217391304348,0.9565217391304348,0.9565217391304348,39.17704700000968,0.9565217391304348,0.9565217391304348,0.9565217391304348,45.737527999989425
0000026_04000_d_0000032.jpg,14,YOLOv13-S,YOLOv13-L,0,0.875,1.0,0.9333333333333333,41.48483299999839,0.9333333333333333,1.0,0.9655172413793104,0.8235294117647058,1.0,0.9032258064516129,23.045816999996305,0.875,1.0,0.9333333333333333,26.589697000019896,0.9333333333333333,1.0,0.9655172413793104,29.094100000008893,0.9333333333333333,1.0,0.9655172413793104,26.94456500000797
0000026_04500_d_0000033.jpg,47,YOLOv13-X,YOLOv13-L,0,0.8333333333333334,0.5319148936170213,0.6493506493506493,71.45125900001403,0.7878787878787878,0.5531914893617021,0.65,0.71875,0.48936170212765956,0.5822784810126582,32.0864950000157,0.6944444444444444,0.5319148936170213,0.6024096385542169,32.66826699999115,0.7878787878787878,0.5531914893617021,0.65,47.335524000004625,0.8333333333333334,0.5319148936170213,0.6493506493506493,37.08400000002143
0000026_04978_d_0000034.jpg,45,YOLOv13-L,YOLOv13-X,0,0.8235294117647058,0.6222222222222222,0.7088607594936709,52.40661900000987,0.8611111111111112,0.6888888888888889,0.7654320987654321,0.8333333333333334,0.5555555555555556,0.6666666666666667,19.95381800000473,0.7435897435897436,0.6444444444444445,0.6904761904761906,28.89427300002012,0.8235294117647058,0.6222222222222222,0.7088607594936709,45.204949000009265,0.8611111111111112,0.6888888888888889,0.7654320987654321,29.998867000017526
0000055_00000_d_0000109.jpg,101,YOLOv13-X,YOLOv13-L,0,0.7246376811594203,0.49504950495049505,0.5882352941176471,49.729103000004216,0.7222222222222222,0.5148514851485149,0.6011560693641618,0.5441176470588235,0.36633663366336633,0.4378698224852071,18.36458300002164,0.7924528301886793,0.4158415841584158,0.5454545454545455,30.934051000002682,0.7222222222222222,0.5148514851485149,0.6011560693641618,51.47301300002027,0.7246376811594203,0.49504950495049505,0.5882352941176471,46.168979999976045
0000055_00714_d_0000110.jpg,85,YOLOv13-X,YOLOv13-L,0,0.7419354838709677,0.5411764705882353,0.6258503401360543,61.602843999992274,0.7230769230769231,0.5529411764705883,0.6266666666666667,0.5217391304347826,0.4235294117647059,0.4675324675324676,15.602788999984796,0.5970149253731343,0.47058823529411764,0.5263157894736841,19.25840699999526,0.7230769230769231,0.5529411764705883,0.6266666666666667,47.84991099998592,0.7419354838709677,0.5411764705882353,0.6258503401360543,39.88352100000725
0000069_00001_d_0000001.jpg,34,YOLOv13-L,YOLOv13-X,0,0.6486486486486487,0.7058823529411765,0.676056338028169,48.27076700001953,0.8709677419354839,0.7941176470588235,0.8307692307692308,0.6129032258064516,0.5588235294117647,0.5846153846153845,19.537627000005386,0.6896551724137931,0.5882352941176471,0.6349206349206349,19.846823999984053,0.6486486486486487,0.7058823529411765,0.676056338028169,28.63617799999929,0.8709677419354839,0.7941176470588235,0.8307692307692308,28.637137999993456
0000069_00483_d_0000002.jpg,27,YOLOv13-L,YOLOv13-X,0,0.7058823529411765,0.8888888888888888,0.7868852459016393,63.59062300001028,0.7878787878787878,0.9629629629629629,0.8666666666666665,0.625,0.7407407407407407,0.6779661016949152,31.93098200000577,0.6666666666666666,0.8148148148148148,0.7333333333333333,19.087811000019883,0.7058823529411765,0.8888888888888888,0.7868852459016393,42.69687699999736,0.7878787878787878,0.9629629629629629,0.8666666666666665,46.94300200000612
0000069_00713_d_0000003.jpg,49,YOLOv13-L,YOLOv13-X,0,0.6346153846153846,0.673469387755102,0.6534653465346534,58.24171599999772,0.7619047619047619,0.6530612244897959,0.7032967032967032,0.5714285714285714,0.4897959183673469,0.5274725274725275,30.85175699999354,0.6666666666666666,0.6122448979591837,0.6382978723404255,19.24234199998409,0.6346153846153846,0.673469387755102,0.6534653465346534,44.678852999993524,0.7619047619047619,0.6530612244897959,0.7032967032967032,43.92384299998753
0000069_01109_d_0000004.jpg,31,YOLOv13-L,YOLOv13-L,1,0.625,0.6451612903225806,0.634920634920635,49.42308899998693,0.625,0.6451612903225806,0.634920634920635,0.5384615384615384,0.45161290322580644,0.4912280701754386,19.814274999987447,0.6538461538461539,0.5483870967741935,0.5964912280701755,20.1230790000011,0.625,0.6451612903225806,0.634920634920635,41.208367999985285,0.59375,0.6129032258064516,0.6031746031746031,54.71168699997975
0000069_01878_d_0000005.jpg,36,YOLOv13-X,YOLOv13-L,0,0.7941176470588235,0.75,0.7714285714285715,61.84317699998587,0.8108108108108109,0.8333333333333334,0.8219178082191781,0.725,0.8055555555555556,0.7631578947368423,21.217528999983415,0.75,0.75,0.75,32.35664499999302,0.8108108108108109,0.8333333333333334,0.8219178082191781,48.11353299999155,0.7941176470588235,0.75,0.7714285714285715,30.086063999988255
0000069_02163_d_0000006.jpg,49,YOLOv13-L,YOLOv13-L,1,0.7380952380952381,0.6326530612244898,0.6813186813186813,65.60331300002531,0.7380952380952381,0.6326530612244898,0.6813186813186813,0.5675675675675675,0.42857142857142855,0.4883720930232558,35.47675500001901,0.7352941176470589,0.5102040816326531,0.6024096385542169,18.785669999999755,0.7380952380952381,0.6326530612244898,0.6813186813186813,38.4152439999923,0.7435897435897436,0.5918367346938775,0.6590909090909091,50.149481999994805
0000069_02480_d_0000007.jpg,64,YOLOv13-X,YOLOv13-X,1,0.7358490566037735,0.609375,0.6666666666666665,60.589356000008365,0.7358490566037735,0.609375,0.6666666666666665,0.6923076923076923,0.421875,0.5242718446601942,33.42419700001642,0.6875,0.515625,0.5892857142857143,21.628818000010597,0.7115384615384616,0.578125,0.6379310344827586,30.503581000004942,0.7358490566037735,0.609375,0.6666666666666665,29.13814400000092
0000072_02834_d_0000003.jpg,73,YOLOv13-X,YOLOv13-X,1,0.84,0.863013698630137,0.8513513513513513,63.2048749999683,0.84,0.863013698630137,0.8513513513513513,0.675,0.7397260273972602,0.7058823529411764,33.972926999979336,0.7916666666666666,0.7808219178082192,0.7862068965517242,31.27954900000418,0.8450704225352113,0.821917808219178,0.8333333333333333,44.561817000015935,0.84,0.863013698630137,0.8513513513513513,46.40921500001127
0000076_02142_d_0000009.jpg,11,YOLOv13-X,YOLOv13-S,0,0.8181818181818182,0.8181818181818182,0.8181818181818182,47.35525199998847,0.9,0.8181818181818182,0.8571428571428572,0.75,0.8181818181818182,0.7826086956521738,20.712341999995942,0.9,0.8181818181818182,0.8571428571428572,20.480153999983486,0.8888888888888888,0.7272727272727273,0.7999999999999999,43.67028100000425,0.8181818181818182,0.8181818181818182,0.8181818181818182,47.88437300001647
0000081_00000_d_0000001.jpg,86,YOLOv13-X,YOLOv13-X,1,0.40714285714285714,0.6627906976744186,0.504424778761062,56.08998800002496,0.40714285714285714,0.6627906976744186,0.504424778761062,0.375,0.5581395348837209,0.4485981308411215,30.22789900001044,0.33986928104575165,0.6046511627906976,0.4351464435146444,19.34893700001794,0.3782051282051282,0.686046511627907,0.48760330578512395,27.078385999999455,0.40714285714285714,0.6627906976744186,0.504424778761062,27.642280000009123
0000086_00000_d_0000001.jpg,37,YOLOv13-L,YOLOv13-X,0,0.6086956521739131,0.7567567567567568,0.674698795180723,56.11229600000911,0.6428571428571429,0.7297297297297297,0.6835443037974683,0.5609756097560976,0.6216216216216216,0.5897435897435899,19.358330000017077,0.6190476190476191,0.7027027027027027,0.6582278481012659,17.81250899998099,0.6086956521739131,0.7567567567567568,0.674698795180723,28.89548199999581,0.6428571428571429,0.7297297297297297,0.6835443037974683,29.163728999975547
0000086_00592_d_0000002.jpg,65,YOLOv13-X,YOLOv13-X,1,0.6825396825396826,0.6615384615384615,0.671875,61.829318000008016,0.6825396825396826,0.6615384615384615,0.671875,0.625,0.46153846153846156,0.5309734513274336,28.582834000019375,0.76,0.5846153846153846,0.6608695652173914,20.286803999994163,0.6610169491525424,0.6,0.6290322580645161,48.182894999996506,0.6825396825396826,0.6615384615384615,0.671875,45.95698899998979
0000086_01084_d_0000003.jpg,146,YOLOv13-X,YOLOv13-X,1,0.7289719626168224,0.5342465753424658,0.616600790513834,46.488352000011446,0.7289719626168224,0.5342465753424658,0.616600790513834,0.5434782608695652,0.3424657534246575,0.4201680672268907,18.53810600002248,0.69,0.4726027397260274,0.5609756097560976,33.11593800000878,0.6422764227642277,0.541095890410959,0.5873605947955391,46.180977000005896,0.7289719626168224,0.5342465753424658,0.616600790513834,46.99017900000513
0000086_01443_d_0000004.jpg,107,YOLOv13-X,YOLOv13-X,1,0.6859504132231405,0.7757009345794392,0.7280701754385964,68.62936900000705,0.6859504132231405,0.7757009345794392,0.7280701754385964,0.6708860759493671,0.4953271028037383,0.5698924731182796,32.27097399999934,0.5929203539823009,0.6261682242990654,0.6090909090909091,31.168480999980375,0.6046511627906976,0.7289719626168224,0.6610169491525423,47.94446500000049,0.6859504132231405,0.7757009345794392,0.7280701754385964,48.94784299997923
0000086_01954_d_0000005.jpg,173,YOLOv13-X,YOLOv13-X,1,0.7391304347826086,0.4913294797687861,0.5902777777777777,60.69315900003858,0.7391304347826086,0.4913294797687861,0.5902777777777777,0.5977011494252874,0.30057803468208094,0.4,22.97127900001783,0.7142857142857143,0.4046242774566474,0.5166051660516605,20.120679000001473,0.680672268907563,0.4682080924855491,0.5547945205479452,28.411957000002985,0.7391304347826086,0.4913294797687861,0.5902777777777777,29.954140999990386
0000103_00180_d_0000026.jpg,1,YOLOv13-L,YOLOv13-S,0,1.0,1.0,1.0,204.91355099997577,1.0,1.0,1.0,0.5,1.0,0.6666666666666666,165.99236799999062,1.0,1.0,1.0,24.27410199999258,1.0,1.0,1.0,47.11502199998563,1.0,1.0,1.0,45.116227999983494
0000103_00502_d_0000027.jpg,3,YOLOv13-N,YOLOv13-N,1,1.0,1.0,1.0,19.71807299997863,1.0,1.0,1.0,1.0,1.0,1.0,19.71807299997863,1.0,1.0,1.0,24.46487800000341,0.75,1.0,0.8571428571428571,35.38130799998385,0.6666666666666666,0.6666666666666666,0.6666666666666666,47.671689999987166
0000103_01734_d_0000028.jpg,4,YOLOv13-L,YOLOv13-N,0,0.3333333333333333,0.5,0.4,56.122412999968674,0.3,0.75,0.4285714285714285,0.3,0.75,0.4285714285714285,30.208122999994202,0.3333333333333333,0.25,0.28571428571428575,16.571792999997115,0.3333333333333333,0.5,0.4,47.26702900001101,0.3333333333333333,0.25,0.28571428571428575,43.14219799999819
0000103_02544_d_0000029.jpg,14,YOLOv13-L,YOLOv13-L,1,0.5625,0.6428571428571429,0.6000000000000001,51.51533200003655,0.5625,0.6428571428571429,0.6000000000000001,0.35294117647058826,0.42857142857142855,0.3870967741935484,18.458174000016925,0.38461538461538464,0.35714285714285715,0.3703703703703704,26.52123900000447,0.5625,0.6428571428571429,0.6000000000000001,28.582612999997536,0.4375,0.5,0.4666666666666667,38.3005520000097
0000103_02964_d_0000030.jpg,10,YOLOv13-L,YOLOv13-L,1,0.5384615384615384,0.7,0.608695652173913,58.30688699998632,0.5384615384615384,0.7,0.608695652173913,0.46153846153846156,0.6,0.5217391304347826,23.609945999993442,0.3157894736842105,0.6,0.41379310344827586,29.01603300000488,0.5384615384615384,0.7,0.608695652173913,31.422913999989532,0.3076923076923077,0.4,0.34782608695652173,27.75317299997937
0000103_03349_d_0000031.jpg,4,YOLOv13-S,YOLOv13-X,0,0.42857142857142855,0.75,0.5454545454545454,57.064683999982435,0.8,1.0,0.888888888888889,0.6666666666666666,1.0,0.8,33.11688099998378,0.42857142857142855,0.75,0.5454545454545454,18.034209999996165,0.6666666666666666,0.5,0.5714285714285715,41.37352700001884,0.8,1.0,0.888888888888889,46.21278299998721
0000103_03738_d_0000032.jpg,3,YOLOv13-L,YOLOv13-L,1,1.0,1.0,1.0,60.094283000040605,1.0,1.0,1.0,0.4,0.6666666666666666,0.5,30.286005000021987,0.75,1.0,0.8571428571428571,23.48786300001393,1.0,1.0,1.0,44.09803800001555,1.0,1.0,1.0,39.86020100001042
0000103_04122_d_0000033.jpg,4,YOLOv13-N,YOLOv13-L,0,0.5,0.5,0.5,31.305680000002667,0.6666666666666666,1.0,0.8,0.5,0.5,0.5,31.305680000002667,0.75,0.75,0.75,20.967684999988023,0.6666666666666666,1.0,0.8,42.59109899999203,0.6666666666666666,1.0,0.8,28.110975000004146
0000103_04513_d_0000034.jpg,2,YOLOv13-N,YOLOv13-N,1,1.0,1.0,1.0,30.638683000006495,1.0,1.0,1.0,1.0,1.0,1.0,30.638683000006495,1.0,1.0,1.0,21.295095000027686,1.0,1.0,1.0,31.98639699999717,1.0,1.0,1.0,45.35789399997725
0000103_04948_d_0000035.jpg,1,YOLOv13-N,YOLOv13-N,1,0.0,0.0,0.0,30.965046000005714,0.0,0.0,0.0,0.0,0.0,0.0,30.965046000005714,0.0,0.0,0.0,24.111561000012216,0.0,0.0,0.0,42.82620400002202,0.0,0.0,0.0,27.922001999996837
0000115_00315_d_0000080.jpg,61,YOLOv13-L,YOLOv13-X,0,0.68,0.2786885245901639,0.3953488372093023,54.76113999998233,0.8181818181818182,0.29508196721311475,0.4337349397590361,0.75,0.2459016393442623,0.3703703703703703,27.657742999991797,0.85,0.2786885245901639,0.41975308641975306,17.730604999997013,0.68,0.2786885245901639,0.3953488372093023,23.906633000024158,0.8181818181818182,0.29508196721311475,0.4337349397590361,46.434589000000415
0000115_00796_d_0000081.jpg,78,YOLOv13-X,YOLOv13-X,1,0.7719298245614035,0.5641025641025641,0.6518518518518518,70.15990299998975,0.7719298245614035,0.5641025641025641,0.6518518518518518,0.6444444444444445,0.3717948717948718,0.47154471544715454,29.71005899999568,0.6530612244897959,0.41025641025641024,0.5039370078740157,17.732664999982717,0.6557377049180327,0.5128205128205128,0.5755395683453238,26.205853999982764,0.7719298245614035,0.5641025641025641,0.6518518518518518,25.559957999973903
0000115_01031_d_0000082.jpg,63,YOLOv13-X,YOLOv13-X,1,0.660377358490566,0.5555555555555556,0.6034482758620691,70.9687840000015,0.660377358490566,0.5555555555555556,0.6034482758620691,0.5,0.38095238095238093,0.4324324324324324,30.607953999975734,0.6041666666666666,0.4603174603174603,0.5225225225225225,25.444650999986607,0.6206896551724138,0.5714285714285714,0.5950413223140496,43.76012100001958,0.660377358490566,0.5555555555555556,0.6034482758620691,31.81482499999788
0000116_00351_d_0000083.jpg,74,YOLOv13-X,YOLOv13-L,0,0.7096774193548387,0.5945945945945946,0.6470588235294118,62.72005999997532,0.7719298245614035,0.5945945945945946,0.6717557251908397,0.7,0.47297297297297297,0.5645161290322581,29.423339999993914,0.7272727272727273,0.5405405405405406,0.6201550387596899,19.05307199999129,0.7719298245614035,0.5945945945945946,0.6717557251908397,45.69427699999551,0.7096774193548387,0.5945945945945946,0.6470588235294118,43.68526299998621
0000116_00819_d_0000084.jpg,36,YOLOv13-L,YOLOv13-X,0,0.5384615384615384,0.5833333333333334,0.5599999999999999,53.964852000035535,0.55,0.6111111111111112,0.5789473684210527,0.5416666666666666,0.3611111111111111,0.43333333333333335,18.34168300001693,0.5151515151515151,0.4722222222222222,0.49275362318840576,30.014340999997557,0.5384615384615384,0.5833333333333334,0.5599999999999999,43.05323300002328,0.55,0.6111111111111112,0.5789473684210527,43.76053400000046
0000116_01059_d_0000085.jpg,70,YOLOv13-L,YOLOv13-X,0,0.7333333333333333,0.4714285714285714,0.5739130434782609,69.37004200000274,0.7555555555555555,0.4857142857142857,0.5913043478260869,0.6857142857142857,0.34285714285714286,0.45714285714285724,28.746624999996584,0.6304347826086957,0.4142857142857143,0.5000000000000001,24.111507000014853,0.7333333333333333,0.4714285714285714,0.5739130434782609,44.07842000000528,0.7555555555555555,0.4857142857142857,0.5913043478260869,41.441351000003124
0000116_01338_d_0000086.jpg,54,YOLOv13-X,YOLOv13-L,0,0.8461538461538461,0.4074074074074074,0.5499999999999999,69.76051099996994,0.8,0.4444444444444444,0.5714285714285714,0.6153846153846154,0.2962962962962963,0.4,30.539584999985436,0.6428571428571429,0.3333333333333333,0.43902439024390244,17.326683999982606,0.8,0.4444444444444444,0.5714285714285714,28.06534199999078,0.8461538461538461,0.4074074074074074,0.5499999999999999,26.01945600000022
0000117_00112_d_0000087.jpg,129,YOLOv13-L,YOLOv13-L,1,0.8513513513513513,0.4883720930232558,0.6206896551724138,60.46185599998921,0.8513513513513513,0.4883720930232558,0.6206896551724138,0.6417910447761194,0.3333333333333333,0.43877551020408156,29.46170100000245,0.7903225806451613,0.3798449612403101,0.5130890052356021,31.41630999999734,0.8513513513513513,0.4883720930232558,0.6206896551724138,44.55813300000955,0.8051948051948052,0.4806201550387597,0.6019417475728156,44.258240999994314
0000117_01326_d_0000088.jpg,62,YOLOv13-X,YOLOv13-L,0,0.5,0.5967741935483871,0.5441176470588236,68.75269799999728,0.5217391304347826,0.5806451612903226,0.549618320610687,0.30985915492957744,0.3548387096774194,0.33082706766917297,31.175356999995074,0.3855421686746988,0.5161290322580645,0.4413793103448276,30.217505999985406,0.5217391304347826,0.5806451612903226,0.549618320610687,43.423437000001286,0.5,0.5967741935483871,0.5441176470588236,44.4566119999763
0000117_01731_d_0000089.jpg,47,YOLOv13-X,YOLOv13-S,0,0.6271186440677966,0.7872340425531915,0.6981132075471698,69.46517099999028,0.7333333333333333,0.7021276595744681,0.7173913043478262,0.5833333333333334,0.5957446808510638,0.5894736842105263,29.802407999994784,0.7333333333333333,0.7021276595744681,0.7173913043478262,18.06033299999399,0.5925925925925926,0.6808510638297872,0.6336633663366336,24.663220999997293,0.6271186440677966,0.7872340425531915,0.6981132075471698,41.76012800002127
0000117_02708_d_0000090.jpg,100,YOLOv13-X,YOLOv13-X,1,0.6511627906976745,0.56,0.6021505376344087,61.55318900002271,0.6511627906976745,0.56,0.6021505376344087,0.5535714285714286,0.31,0.3974358974358974,31.531970000003184,0.5970149253731343,0.4,0.47904191616766467,32.849509999977045,0.6455696202531646,0.51,0.5698324022346368,45.25734099999568,0.6511627906976745,0.56,0.6021505376344087,44.17367900001068
0000117_03096_d_0000091.jpg,24,YOLOv13-X,YOLOv13-S,0,0.25274725274725274,0.9583333333333334,0.39999999999999997,68.156627999997,0.29850746268656714,0.8333333333333334,0.4395604395604395,0.2638888888888889,0.7916666666666666,0.3958333333333333,31.698740999985375,0.29850746268656714,0.8333333333333334,0.4395604395604395,18.142277999999123,0.22580645161290322,0.875,0.358974358974359,27.9381160000014,0.25274725274725274,0.9583333333333334,0.39999999999999997,26.964870000000474
0000129_02411_d_0000138.jpg,186,YOLOv13-L,YOLOv13-L,1,0.9186991869918699,0.6075268817204301,0.7313915857605178,64.94104899999797,0.9186991869918699,0.6075268817204301,0.7313915857605178,0.8211382113821138,0.543010752688172,0.6537216828478963,33.62009299999613,0.8842975206611571,0.5752688172043011,0.6970684039087949,36.718937000017604,0.9186991869918699,0.6075268817204301,0.7313915857605178,50.69178900001248,0.9008264462809917,0.5860215053763441,0.7100977198697068,47.05125600000315
0000153_00001_d_0000001.jpg,55,YOLOv13-L,YOLOv13-L,1,0.8181818181818182,0.4909090909090909,0.6136363636363636,67.15213200001813,0.8181818181818182,0.4909090909090909,0.6136363636363636,0.7096774193548387,0.4,0.5116279069767441,29.68259000002149,0.8571428571428571,0.43636363636363634,0.5783132530120482,18.13306300002182,0.8181818181818182,0.4909090909090909,0.6136363636363636,25.633007000010366,0.7272727272727273,0.43636363636363634,0.5454545454545455,26.000935000013214
0000153_00401_d_0000001.jpg,59,YOLOv13-X,YOLOv13-X,1,0.6976744186046512,0.5084745762711864,0.5882352941176471,70.95228099998963,0.6976744186046512,0.5084745762711864,0.5882352941176471,0.5454545454545454,0.4067796610169492,0.46601941747572817,32.25466999998616,0.6923076923076923,0.4576271186440678,0.5510204081632654,31.900561000014704,0.6666666666666666,0.4406779661016949,0.5306122448979591,43.592027999977745,0.6976744186046512,0.5084745762711864,0.5882352941176471,42.923826000020426
0000153_00801_d_0000001.jpg,49,YOLOv13-X,YOLOv13-S,0,0.5,0.32653061224489793,0.39506172839506176,55.400029999987055,0.6153846153846154,0.32653061224489793,0.42666666666666664,0.5,0.22448979591836735,0.30985915492957744,28.734786000001122,0.6153846153846154,0.32653061224489793,0.42666666666666664,20.58838499999638,0.5,0.3469387755102041,0.4096385542168675,26.370818000003737,0.5,0.32653061224489793,0.39506172839506176,25.304624999989755
0000153_01201_d_0000001.jpg,59,YOLOv13-L,YOLOv13-X,0,0.5142857142857142,0.3050847457627119,0.38297872340425526,49.63628600000902,0.6551724137931034,0.3220338983050847,0.43181818181818177,0.6521739130434783,0.2542372881355932,0.36585365853658536,19.04478400001608,0.68,0.288135593220339,0.40476190476190477,17.05099200000859,0.5142857142857142,0.3050847457627119,0.38297872340425526,26.082544999979973,0.6551724137931034,0.3220338983050847,0.43181818181818177,27.02900000002728
0000153_01601_d_0000001.jpg,63,YOLOv13-L,YOLOv13-L,1,0.9259259259259259,0.3968253968253968,0.5555555555555555,54.13175799995429,0.9259259259259259,0.3968253968253968,0.5555555555555555,0.7142857142857143,0.31746031746031744,0.43956043956043955,18.104240999974763,0.75,0.2857142857142857,0.4137931034482759,15.819603000011284,0.9259259259259259,0.3968253968253968,0.5555555555555555,45.22548899998924,0.8888888888888888,0.38095238095238093,0.5333333333333333,26.688454999998612
0000153_01801_d_0000001.jpg,55,YOLOv13-L,YOLOv13-X,0,0.6551724137931034,0.34545454545454546,0.4523809523809524,56.051459000002524,0.6451612903225806,0.36363636363636365,0.4651162790697675,0.6153846153846154,0.2909090909090909,0.3950617283950617,31.695060000004105,0.6538461538461539,0.3090909090909091,0.41975308641975306,26.944549000006646,0.6551724137931034,0.34545454545454546,0.4523809523809524,46.170618999980206,0.6451612903225806,0.36363636363636365,0.4651162790697675,47.49974999998585
0000154_00001_d_0000001.jpg,51,YOLOv13-X,YOLOv13-X,1,0.6486486486486487,0.47058823529411764,0.5454545454545454,43.86128999999528,0.6486486486486487,0.47058823529411764,0.5454545454545454,0.6071428571428571,0.3333333333333333,0.430379746835443,18.440005999991627,0.5757575757575758,0.37254901960784315,0.45238095238095244,15.167047000005596,0.6,0.47058823529411764,0.5274725274725275,43.638877999995884,0.6486486486486487,0.47058823529411764,0.5454545454545454,44.41035099998203
0000154_00401_d_0000001.jpg,60,YOLOv13-X,YOLOv13-L,0,0.6470588235294118,0.36666666666666664,0.46808510638297873,64.73839999998177,0.696969696969697,0.38333333333333336,0.4946236559139786,0.5135135135135135,0.31666666666666665,0.39175257731958757,18.642720000002555,0.5675675675675675,0.35,0.43298969072164945,29.280822000004036,0.696969696969697,0.38333333333333336,0.4946236559139786,43.37593799999695,0.6470588235294118,0.36666666666666664,0.46808510638297873,29.02882800000839
0000154_00801_d_0000001.jpg,72,YOLOv13-X,YOLOv13-L,0,0.6666666666666666,0.3333333333333333,0.4444444444444444,49.72093800000721,0.625,0.3472222222222222,0.44642857142857145,0.6,0.25,0.35294117647058826,17.805597000005946,0.6388888888888888,0.3194444444444444,0.4259259259259259,29.972721999996566,0.625,0.3472222222222222,0.44642857142857145,45.800684999989016,0.6666666666666666,0.3333333333333333,0.4444444444444444,38.4668429999806
0000154_01201_d_0000001.jpg,81,YOLOv13-L,YOLOv13-L,1,0.7115384615384616,0.4567901234567901,0.5563909774436091,54.940074000001005,0.7115384615384616,0.4567901234567901,0.5563909774436091,0.6666666666666666,0.345679012345679,0.4552845528455284,17.861702999994122,0.775,0.38271604938271603,0.512396694214876,27.137514000003193,0.7115384615384616,0.4567901234567901,0.5563909774436091,44.45887999997922,0.6785714285714286,0.4691358024691358,0.5547445255474452,44.59107700000686
0000154_01601_d_0000001.jpg,101,YOLOv13-L,YOLOv13-X,0,0.7857142857142857,0.43564356435643564,0.5605095541401274,53.46411700003273,0.7894736842105263,0.44554455445544555,0.569620253164557,0.7083333333333334,0.33663366336633666,0.45637583892617456,18.211791000027233,0.7916666666666666,0.37623762376237624,0.5100671140939597,28.440566000000445,0.7857142857142857,0.43564356435643564,0.5605095541401274,43.719869000000244,0.7894736842105263,0.44554455445544555,0.569620253164557,43.16774400001577
0000154_02001_d_0000001.jpg,83,YOLOv13-X,YOLOv13-X,1,0.6619718309859155,0.5662650602409639,0.6103896103896105,50.81168599997454,0.6619718309859155,0.5662650602409639,0.6103896103896105,0.6226415094339622,0.39759036144578314,0.4852941176470588,17.50758199997904,0.6379310344827587,0.4457831325301205,0.524822695035461,33.266082000011465,0.618421052631579,0.5662650602409639,0.5911949685534591,44.91111900000533,0.6619718309859155,0.5662650602409639,0.6103896103896105,44.91007400000058
0000155_00001_d_0000001.jpg,97,YOLOv13-X,YOLOv13-X,1,0.676056338028169,0.4948453608247423,0.5714285714285714,64.86977700001262,0.676056338028169,0.4948453608247423,0.5714285714285714,0.6615384615384615,0.44329896907216493,0.5308641975308641,25.879476000000068,0.7413793103448276,0.44329896907216493,0.5548387096774193,25.112978999999314,0.6923076923076923,0.4639175257731959,0.5555555555555557,42.99471799998855,0.676056338028169,0.4948453608247423,0.5714285714285714,26.494337999992013
0000155_00401_d_0000001.jpg,122,YOLOv13-X,YOLOv13-L,0,0.7464788732394366,0.4344262295081967,0.5492227979274611,66.4888029999986,0.691358024691358,0.45901639344262296,0.5517241379310345,0.7058823529411765,0.39344262295081966,0.5052631578947367,18.106678000009424,0.671875,0.3524590163934426,0.46236559139784944,29.56746399999588,0.691358024691358,0.45901639344262296,0.5517241379310345,43.79773299999101,0.7464788732394366,0.4344262295081967,0.5492227979274611,41.335808000013685
0000155_00801_d_0000001.jpg,106,YOLOv13-X,YOLOv13-X,1,0.75,0.5660377358490566,0.6451612903225807,52.519671999988304,0.75,0.5660377358490566,0.6451612903225807,0.7076923076923077,0.4339622641509434,0.5380116959064327,18.24955500001124,0.7246376811594203,0.4716981132075472,0.5714285714285714,30.31838900000139,0.7195121951219512,0.5566037735849056,0.6276595744680851,45.36938800001167,0.75,0.5660377358490566,0.6451612903225807,44.97325399998431
0000155_01201_d_0000001.jpg,94,YOLOv13-X,YOLOv13-S,0,0.6349206349206349,0.425531914893617,0.5095541401273885,54.76723999998967,0.6949152542372882,0.43617021276595747,0.5359477124183007,0.68,0.3617021276595745,0.4722222222222222,22.463340000001608,0.6949152542372882,0.43617021276595747,0.5359477124183007,28.992006999999376,0.5285714285714286,0.39361702127659576,0.45121951219512196,38.98165600000425,0.6349206349206349,0.425531914893617,0.5095541401273885,44.8495830000013
0000155_01601_d_0000001.jpg,73,YOLOv13-X,YOLOv13-X,1,0.8387096774193549,0.7123287671232876,0.7703703703703705,46.0695479999913,0.8387096774193549,0.7123287671232876,0.7703703703703705,0.59375,0.5205479452054794,0.5547445255474454,18.199847999994745,0.8035714285714286,0.6164383561643836,0.6976744186046512,16.043026999994936,0.8275862068965517,0.6575342465753424,0.732824427480916,31.39098600001944,0.8387096774193549,0.7123287671232876,0.7703703703703705,43.300831000010476
0000155_01871_d_0000001.jpg,55,YOLOv13-L,YOLOv13-X,0,0.5217391304347826,0.43636363636363634,0.4752475247524752,53.83381200002191,0.6190476190476191,0.4727272727272727,0.5360824742268041,0.5128205128205128,0.36363636363636365,0.425531914893617,18.062455999995564,0.6153846153846154,0.43636363636363634,0.5106382978723405,28.975819000010006,0.5217391304347826,0.43636363636363634,0.4752475247524752,45.50892799997541,0.6190476190476191,0.4727272727272727,0.5360824742268041,44.85830599998053
0000162_00001_d_0000001.jpg,34,YOLOv13-L,YOLOv13-S,0,0.8214285714285714,0.6764705882352942,0.7419354838709677,69.09838400000012,0.9166666666666666,0.6470588235294118,0.7586206896551724,0.8695652173913043,0.5882352941176471,0.7017543859649124,29.239609999990535,0.9166666666666666,0.6470588235294118,0.7586206896551724,29.763404999982868,0.8214285714285714,0.6764705882352942,0.7419354838709677,30.087298000012197,0.8461538461538461,0.6470588235294118,0.7333333333333334,25.88842699998395
0000162_00401_d_0000001.jpg,45,YOLOv13-X,YOLOv13-X,1,0.6764705882352942,0.5111111111111111,0.5822784810126582,56.565724000023465,0.6764705882352942,0.5111111111111111,0.5822784810126582,0.7037037037037037,0.4222222222222222,0.5277777777777777,29.67947100000856,0.75,0.4666666666666667,0.5753424657534245,12.810973999989983,0.5789473684210527,0.4888888888888889,0.5301204819277109,40.25773500001151,0.6764705882352942,0.5111111111111111,0.5822784810126582,26.513515000004872
0000162_00801_d_0000001.jpg,30,YOLOv13-L,YOLOv13-L,1,0.6538461538461539,0.5666666666666667,0.6071428571428571,57.21572400000241,0.6538461538461539,0.5666666666666667,0.6071428571428571,0.45454545454545453,0.3333333333333333,0.3846153846153846,29.665598999997655,0.7142857142857143,0.5,0.588235294117647,31.37124799999924,0.6538461538461539,0.5666666666666667,0.6071428571428571,45.736244000011084,0.6296296296296297,0.5666666666666667,0.5964912280701755,32.95984999999746
0000162_01058_d_0000001.jpg,57,YOLOv13-L,YOLOv13-L,1,0.5769230769230769,0.2631578947368421,0.3614457831325302,55.89273300000741,0.5769230769230769,0.2631578947368421,0.3614457831325302,0.47058823529411764,0.14035087719298245,0.2162162162162162,29.94108800001527,0.5454545454545454,0.21052631578947367,0.3037974683544304,29.070458999996163,0.5769230769230769,0.2631578947368421,0.3614457831325302,43.9924709999957,0.5217391304347826,0.21052631578947367,0.3,43.06221799998866
0000163_00001_d_0000001.jpg,69,YOLOv13-X,YOLOv13-X,1,0.7948717948717948,0.4492753623188406,0.574074074074074,57.16045099998723,0.7948717948717948,0.4492753623188406,0.574074074074074,0.7631578947368421,0.42028985507246375,0.5420560747663552,17.91921699998511,0.75,0.43478260869565216,0.5504587155963303,17.45927000001757,0.7209302325581395,0.4492753623188406,0.5535714285714285,27.268816999992396,0.7948717948717948,0.4492753623188406,0.574074074074074,26.175414999983104
0000163_00359_d_0000001.jpg,54,YOLOv13-X,YOLOv13-X,1,0.8461538461538461,0.4074074074074074,0.5499999999999999,60.64170499999477,0.8461538461538461,0.4074074074074074,0.5499999999999999,0.8333333333333334,0.2777777777777778,0.4166666666666667,23.417698999992353,0.7727272727272727,0.3148148148148148,0.4473684210526316,24.000475000008237,0.9130434782608695,0.3888888888888889,0.5454545454545454,45.90783699998724,0.8461538461538461,0.4074074074074074,0.5499999999999999,36.379898999996385
0000165_04325_d_0000105.jpg,29,YOLOv13-X,YOLOv13-X,1,0.7083333333333334,0.5862068965517241,0.6415094339622641,54.672369000030585,0.7083333333333334,0.5862068965517241,0.6415094339622641,0.631578947368421,0.41379310344827586,0.5,21.018052000016496,0.7272727272727273,0.5517241379310345,0.6274509803921569,20.999434999993127,0.6818181818181818,0.5172413793103449,0.5882352941176471,47.41385200000536,0.7083333333333334,0.5862068965517241,0.6415094339622641,32.22546299997475
0000166_00558_d_0000118.jpg,71,YOLOv13-L,YOLOv13-L,1,0.56,0.39436619718309857,0.4628099173553719,73.5767579999731,0.56,0.39436619718309857,0.4628099173553719,0.5945945945945946,0.30985915492957744,0.40740740740740744,35.107694999993555,0.5277777777777778,0.2676056338028169,0.35514018691588783,31.026640999982646,0.56,0.39436619718309857,0.4628099173553719,35.93555799997716,0.5789473684210527,0.30985915492957744,0.40366972477064217,29.470572999997557
0000193_00000_d_0000103.jpg,63,YOLOv13-L,YOLOv13-L,1,0.7884615384615384,0.6507936507936508,0.7130434782608696,56.11101299999177,0.7884615384615384,0.6507936507936508,0.7130434782608696,0.8,0.4444444444444444,0.5714285714285714,31.034503999990193,0.8095238095238095,0.5396825396825397,0.6476190476190475,28.457275999983267,0.7884615384615384,0.6507936507936508,0.7130434782608696,26.04799800002411,0.7450980392156863,0.6031746031746031,0.6666666666666666,25.44619899998679
0000193_01497_d_0000111.jpg,87,YOLOv13-X,YOLOv13-X,1,0.5981308411214953,0.735632183908046,0.6597938144329896,62.51559700001508,0.5981308411214953,0.735632183908046,0.6597938144329896,0.5465116279069767,0.5402298850574713,0.5433526011560693,30.031508000007534,0.5529411764705883,0.5402298850574713,0.5465116279069768,30.91520200001696,0.6039603960396039,0.7011494252873564,0.648936170212766,44.81088800000066,0.5981308411214953,0.735632183908046,0.6597938144329896,44.662529999982326
0000193_01705_d_0000112.jpg,134,YOLOv13-X,YOLOv13-X,1,0.9066666666666666,0.5074626865671642,0.6507177033492824,62.29662800001279,0.9066666666666666,0.5074626865671642,0.6507177033492824,0.6986301369863014,0.3805970149253731,0.4927536231884058,18.311890999996194,0.7837837837837838,0.43283582089552236,0.5576923076923076,29.848505000018122,0.7888888888888889,0.5298507462686567,0.6339285714285714,41.28745000002709,0.9066666666666666,0.5074626865671642,0.6507177033492824,43.59551500002112
0000193_01876_d_0000113.jpg,107,YOLOv13-X,YOLOv13-X,1,0.765625,0.45794392523364486,0.5730994152046783,72.48044800002162,0.765625,0.45794392523364486,0.5730994152046783,0.75,0.3364485981308411,0.464516129032258,29.40701900001841,0.7017543859649122,0.37383177570093457,0.4878048780487805,29.59224199997834,0.7246376811594203,0.4672897196261682,0.5681818181818182,43.97155499998462,0.765625,0.45794392523364486,0.5730994152046783,44.843984999999975
0000193_02029_d_0000114.jpg,93,YOLOv13-X,YOLOv13-X,1,0.8028169014084507,0.6129032258064516,0.6951219512195121,45.14626900001417,0.8028169014084507,0.6129032258064516,0.6951219512195121,0.6785714285714286,0.40860215053763443,0.5100671140939598,17.55170300000941,0.8448275862068966,0.5268817204301075,0.6490066225165563,23.560005000007322,0.7936507936507936,0.5376344086021505,0.6410256410256411,26.672745000013265,0.8028169014084507,0.6129032258064516,0.6951219512195121,25.822994000009203
0000193_02212_d_0000115.jpg,78,YOLOv13-X,YOLOv13-L,0,0.42857142857142855,0.38461538461538464,0.4054054054054054,58.567030999995495,0.5185185185185185,0.358974358974359,0.42424242424242425,0.5142857142857142,0.23076923076923078,0.3185840707964602,23.266938999995546,0.46296296296296297,0.32051282051282054,0.37878787878787884,16.383690999987266,0.5185185185185185,0.358974358974359,0.42424242424242425,39.79132599999957,0.42857142857142855,0.38461538461538464,0.4054054054054054,44.609672000007095
0000193_02416_d_0000116.jpg,50,YOLOv13-L,YOLOv13-L,1,0.7878787878787878,0.52,0.6265060240963856,51.20821900001715,0.7878787878787878,0.52,0.6265060240963856,0.5714285714285714,0.24,0.33802816901408445,18.25536300000863,0.6071428571428571,0.34,0.43589743589743596,16.548685000003616,0.7878787878787878,0.52,0.6265060240963856,26.63117700001294,0.65625,0.42,0.5121951219512195,31.34803499997929
0000193_02606_d_0000117.jpg,49,YOLOv13-X,YOLOv13-L,0,0.7391304347826086,0.3469387755102041,0.4722222222222222,49.3531589999634,0.84,0.42857142857142855,0.5675675675675675,0.5333333333333333,0.16326530612244897,0.25,19.581806999980245,0.75,0.30612244897959184,0.43478260869565216,20.560608000010916,0.84,0.42857142857142855,0.5675675675675675,27.2301079999977,0.7391304347826086,0.3469387755102041,0.4722222222222222,44.57187600002044
0000193_02725_d_0000118.jpg,39,YOLOv13-L,YOLOv13-L,1,0.7241379310344828,0.5384615384615384,0.6176470588235294,42.409004999996114,0.7241379310344828,0.5384615384615384,0.6176470588235294,0.631578947368421,0.3076923076923077,0.41379310344827586,18.123811999998907,0.6956521739130435,0.41025641025641024,0.5161290322580646,17.2260289999997,0.7241379310344828,0.5384615384615384,0.6176470588235294,25.399555999996437,0.6206896551724138,0.46153846153846156,0.5294117647058824,35.73310999999535
0000194_00000_d_0000119.jpg,54,YOLOv13-X,YOLOv13-X,1,0.6944444444444444,0.46296296296296297,0.5555555555555555,44.79274000001965,0.6944444444444444,0.46296296296296297,0.5555555555555555,0.6666666666666666,0.2962962962962963,0.41025641025641024,17.805803000015885,0.7241379310344828,0.3888888888888889,0.5060240963855421,15.830472000004647,0.6285714285714286,0.4074074074074074,0.4943820224719101,26.882236999995257,0.6944444444444444,0.46296296296296297,0.5555555555555555,26.16685500001381
0000194_00200_d_0000120.jpg,76,YOLOv13-X,YOLOv13-X,1,0.640625,0.5394736842105263,0.5857142857142857,53.68084400001294,0.640625,0.5394736842105263,0.5857142857142857,0.6774193548387096,0.27631578947368424,0.39252336448598135,17.86674900000662,0.6071428571428571,0.4473684210526316,0.5151515151515151,30.529086999990795,0.6349206349206349,0.5263157894736842,0.5755395683453238,45.64466099998299,0.640625,0.5394736842105263,0.5857142857142857,45.15309399999978
0000194_00399_d_0000121.jpg,143,YOLOv13-L,YOLOv13-X,0,0.7244897959183674,0.4965034965034965,0.5892116182572615,45.4172450000101,0.8061224489795918,0.5524475524475524,0.6556016597510372,0.7088607594936709,0.3916083916083916,0.5045045045045046,19.038894999994227,0.7160493827160493,0.40559440559440557,0.5178571428571429,18.01993500001231,0.7244897959183674,0.4965034965034965,0.5892116182572615,28.17352299999243,0.8061224489795918,0.5524475524475524,0.6556016597510372,27.59235599998533
0000194_00625_d_0000122.jpg,83,YOLOv13-X,YOLOv13-L,0,0.7464788732394366,0.6385542168674698,0.6883116883116883,59.521894999988945,0.7857142857142857,0.6626506024096386,0.7189542483660131,0.7090909090909091,0.46987951807228917,0.5652173913043479,18.306942000009485,0.6865671641791045,0.5542168674698795,0.6133333333333333,30.2197089999936,0.7857142857142857,0.6626506024096386,0.7189542483660131,45.52798599999619,0.7464788732394366,0.6385542168674698,0.6883116883116883,44.834927000010794
0000194_00800_d_0000123.jpg,54,YOLOv13-L,YOLOv13-L,1,0.6097560975609756,0.46296296296296297,0.5263157894736843,56.52553500002,0.6097560975609756,0.46296296296296297,0.5263157894736843,0.5666666666666667,0.3148148148148148,0.4047619047619047,24.919448000019884,0.47368421052631576,0.3333333333333333,0.391304347826087,29.806360000009136,0.6097560975609756,0.46296296296296297,0.5263157894736843,26.19136699999558,0.5952380952380952,0.46296296296296297,0.5208333333333334,26.095268000005944
0000194_00998_d_0000124.jpg,42,YOLOv13-L,YOLOv13-L,1,0.8888888888888888,0.5714285714285714,0.6956521739130435,65.07722599997123,0.8888888888888888,0.5714285714285714,0.6956521739130435,0.8,0.38095238095238093,0.5161290322580645,30.188966999986633,0.9047619047619048,0.4523809523809524,0.6031746031746031,15.147194000007858,0.8888888888888888,0.5714285714285714,0.6956521739130435,26.201396000004706,0.8076923076923077,0.5,0.6176470588235294,28.139633000023423
0000194_01192_d_0000125.jpg,23,YOLOv13-L,YOLOv13-X,0,0.5,0.6521739130434783,0.5660377358490566,48.055578999992576,0.6538461538461539,0.7391304347826086,0.693877551020408,0.45454545454545453,0.43478260869565216,0.4444444444444445,18.225809999989906,0.5454545454545454,0.5217391304347826,0.5333333333333332,15.119891000011876,0.5,0.6521739130434783,0.5660377358490566,22.430662000004986,0.6538461538461539,0.7391304347826086,0.693877551020408,44.81545300001244
0000196_04512_d_0000144.jpg,69,YOLOv13-L,YOLOv13-X,0,0.7333333333333333,0.3188405797101449,0.4444444444444444,62.75941699999521,0.8,0.34782608695652173,0.48484848484848486,0.5789473684210527,0.15942028985507245,0.24999999999999997,22.000970999982883,0.4642857142857143,0.18840579710144928,0.26804123711340205,22.701674999979105,0.7333333333333333,0.3188405797101449,0.4444444444444444,43.897032000018044,0.8,0.34782608695652173,0.48484848484848486,48.928789000001416
0000199_01269_d_0000166.jpg,16,YOLOv13-L,YOLOv13-S,0,0.6923076923076923,0.5625,0.6206896551724138,51.73970499996017,0.8461538461538461,0.6875,0.7586206896551724,0.6428571428571429,0.5625,0.6000000000000001,18.11465399998724,0.8461538461538461,0.6875,0.7586206896551724,16.956754000005958,0.6923076923076923,0.5625,0.6206896551724138,26.59712999999897,0.6875,0.6875,0.6875,36.957253999986506
0000213_02500_d_0000240.jpg,94,YOLOv13-X,YOLOv13-X,1,0.7959183673469388,0.4148936170212766,0.5454545454545454,46.323749000009684,0.7959183673469388,0.4148936170212766,0.5454545454545454,0.5813953488372093,0.26595744680851063,0.36496350364963503,18.660115000017186,0.6938775510204082,0.3617021276595745,0.47552447552447547,18.69896499999868,0.7450980392156863,0.40425531914893614,0.5241379310344827,28.27207500001805,0.7959183673469388,0.4148936170212766,0.5454545454545454,37.11818799999378
0000213_02965_d_0000241.jpg,94,YOLOv13-X,YOLOv13-X,1,0.6707317073170732,0.5851063829787234,0.6250000000000001,51.889944999999216,0.6707317073170732,0.5851063829787234,0.6250000000000001,0.5942028985507246,0.43617021276595747,0.5030674846625767,20.258054000009906,0.6447368421052632,0.5212765957446809,0.5764705882352941,31.640003999996225,0.6463414634146342,0.5638297872340425,0.6022727272727272,28.948107999980266,0.6707317073170732,0.5851063829787234,0.6250000000000001,27.3833189999948
0000213_03478_d_0000242.jpg,115,YOLOv13-X,YOLOv13-X,1,0.7553191489361702,0.6173913043478261,0.6794258373205742,52.84546900000464,0.7553191489361702,0.6173913043478261,0.6794258373205742,0.6344086021505376,0.5130434782608696,0.5673076923076923,19.50140100001363,0.6875,0.5739130434782609,0.6255924170616114,31.034078999994108,0.6764705882352942,0.6,0.6359447004608295,46.755059999981086,0.7553191489361702,0.6173913043478261,0.6794258373205742,45.659375000013824
0000213_03920_d_0000243.jpg,164,YOLOv13-L,YOLOv13-X,0,0.6153846153846154,0.5365853658536586,0.5732899022801303,45.241620999973975,0.7014925373134329,0.573170731707317,0.6308724832214765,0.6804123711340206,0.4024390243902439,0.5057471264367815,20.3140719999908,0.680672268907563,0.49390243902439024,0.5724381625441697,19.068798999995806,0.6153846153846154,0.5365853658536586,0.5732899022801303,27.442425000003823,0.7014925373134329,0.573170731707317,0.6308724832214765,25.146351999978833
0000213_04405_d_0000244.jpg,106,YOLOv13-L,YOLOv13-X,0,0.6666666666666666,0.5094339622641509,0.5775401069518716,40.473813999994945,0.7,0.5283018867924528,0.6021505376344085,0.711864406779661,0.39622641509433965,0.5090909090909091,18.09509299999945,0.684931506849315,0.4716981132075472,0.5586592178770949,19.36216099997523,0.6666666666666666,0.5094339622641509,0.5775401069518716,47.20000900002219,0.7,0.5283018867924528,0.6021505376344085,48.07928600001787
0000213_04998_d_0000245.jpg,137,YOLOv13-L,YOLOv13-L,1,0.7623762376237624,0.5620437956204379,0.6470588235294118,44.76421500001493,0.7623762376237624,0.5620437956204379,0.6470588235294118,0.6463414634146342,0.38686131386861317,0.48401826484018273,19.142631000022448,0.7078651685393258,0.45985401459854014,0.5575221238938053,20.283143000000337,0.7623762376237624,0.5620437956204379,0.6470588235294118,29.89094099999079,0.6896551724137931,0.583941605839416,0.6324110671936759,27.575692999988632
0000213_05340_d_0000246.jpg,138,YOLOv13-L,YOLOv13-X,0,0.7155963302752294,0.5652173913043478,0.631578947368421,47.91183300000057,0.7391304347826086,0.6159420289855072,0.6719367588932806,0.7205882352941176,0.35507246376811596,0.4757281553398059,20.1900769999952,0.7011494252873564,0.4420289855072464,0.5422222222222223,19.956839000002446,0.7155963302752294,0.5652173913043478,0.631578947368421,26.521996000013814,0.7391304347826086,0.6159420289855072,0.6719367588932806,28.004505000012614
0000213_05745_d_0000247.jpg,101,YOLOv13-L,YOLOv13-X,0,0.7865168539325843,0.693069306930693,0.736842105263158,43.47352399997817,0.8,0.7524752475247525,0.7755102040816327,0.8095238095238095,0.504950495049505,0.6219512195121951,19.78465399997731,0.7901234567901234,0.6336633663366337,0.7032967032967031,29.74439000001894,0.7865168539325843,0.693069306930693,0.736842105263158,44.18471599998952,0.8,0.7524752475247525,0.7755102040816327,36.28165299997477
0000215_00000_d_0000256.jpg,157,YOLOv13-X,YOLOv13-X,1,0.5494505494505495,0.3184713375796178,0.40322580645161293,44.85866899997859,0.5494505494505495,0.3184713375796178,0.40322580645161293,0.5285714285714286,0.2356687898089172,0.32599118942731276,18.736700999994582,0.625,0.28662420382165604,0.39301310043668125,18.03130799999053,0.5647058823529412,0.3057324840764331,0.39669421487603307,42.11653300001217,0.5494505494505495,0.3184713375796178,0.40322580645161293,27.286027000002377
0000215_00447_d_0000257.jpg,53,YOLOv13-X,YOLOv13-L,0,0.6557377049180327,0.7547169811320755,0.7017543859649122,44.48063000000957,0.6896551724137931,0.7547169811320755,0.7207207207207208,0.5909090909090909,0.7358490566037735,0.6554621848739496,17.236988000007614,0.5797101449275363,0.7547169811320755,0.6557377049180327,18.228802999999516,0.6896551724137931,0.7547169811320755,0.7207207207207208,27.314870000026303,0.6557377049180327,0.7547169811320755,0.7017543859649122,27.51144499998759
0000215_00909_d_0000258.jpg,93,YOLOv13-X,YOLOv13-L,0,0.78125,0.5376344086021505,0.6369426751592356,58.343962999998666,0.803030303030303,0.5698924731182796,0.6666666666666666,0.6575342465753424,0.5161290322580645,0.5783132530120482,18.92289299999561,0.7575757575757576,0.5376344086021505,0.6289308176100629,25.6360010000094,0.803030303030303,0.5698924731182796,0.6666666666666666,28.226894999988872,0.78125,0.5376344086021505,0.6369426751592356,27.03376199997365
0000215_01395_d_0000259.jpg,56,YOLOv13-L,YOLOv13-X,0,0.75,0.8035714285714286,0.7758620689655172,46.98914800002285,0.7666666666666667,0.8214285714285714,0.793103448275862,0.7457627118644068,0.7857142857142857,0.7652173913043477,18.532016000023077,0.7586206896551724,0.7857142857142857,0.7719298245614034,17.778128000003335,0.75,0.8035714285714286,0.7758620689655172,46.49707400000125,0.7666666666666667,0.8214285714285714,0.793103448275862,48.839468000011266
0000215_01869_d_0000260.jpg,78,YOLOv13-X,YOLOv13-L,0,0.75,0.6153846153846154,0.676056338028169,46.71753899998521,0.7903225806451613,0.6282051282051282,0.7000000000000001,0.7115384615384616,0.47435897435897434,0.5692307692307692,18.955557999987604,0.6935483870967742,0.5512820512820513,0.6142857142857143,16.438478999987183,0.7903225806451613,0.6282051282051282,0.7000000000000001,29.20893499998556,0.75,0.6153846153846154,0.676056338028169,26.98301300000594
0000215_02319_d_0000261.jpg,107,YOLOv13-L,YOLOv13-X,0,0.7205882352941176,0.45794392523364486,0.5599999999999999,55.50896099998681,0.8032786885245902,0.45794392523364486,0.5833333333333334,0.7,0.3925233644859813,0.5029940119760479,18.750214999982973,0.7627118644067796,0.4205607476635514,0.5421686746987953,18.838846000022613,0.7205882352941176,0.45794392523364486,0.5599999999999999,27.63906500001667,0.8032786885245902,0.45794392523364486,0.5833333333333334,27.62426700002152
0000215_02667_d_0000262.jpg,83,YOLOv13-X,YOLOv13-X,1,0.6382978723404256,0.7228915662650602,0.6779661016949153,53.949549000009256,0.6382978723404256,0.7228915662650602,0.6779661016949153,0.5975609756097561,0.5903614457831325,0.593939393939394,18.762938000008944,0.6625,0.6385542168674698,0.6503067484662576,18.8213630000007,0.6292134831460674,0.6746987951807228,0.6511627906976744,27.88221000000135,0.6382978723404256,0.7228915662650602,0.6779661016949153,27.846237000005658
0000215_02932_d_0000263.jpg,48,YOLOv13-L,YOLOv13-L,1,0.8222222222222222,0.7708333333333334,0.7956989247311829,52.69673500001204,0.8222222222222222,0.7708333333333334,0.7956989247311829,0.7837837837837838,0.6041666666666666,0.6823529411764706,17.313040000004776,0.868421052631579,0.6875,0.7674418604651162,18.462561000006872,0.8222222222222222,0.7708333333333334,0.7956989247311829,26.216438999995262,0.75,0.6875,0.717391304347826,26.680233000007547
0000215_03226_d_0000264.jpg,23,YOLOv13-L,YOLOv13-S,0,0.7727272727272727,0.7391304347826086,0.7555555555555555,44.8726789999796,0.8421052631578947,0.6956521739130435,0.761904761904762,0.5789473684210527,0.4782608695652174,0.5238095238095238,18.622453999995514,0.8421052631578947,0.6956521739130435,0.761904761904762,27.246630999997024,0.7727272727272727,0.7391304347826086,0.7555555555555555,28.649360000002844,0.7727272727272727,0.7391304347826086,0.7555555555555555,27.44118100000037
0000216_00520_d_0000001.jpg,109,YOLOv13-L,YOLOv13-X,0,0.8333333333333334,0.5045871559633027,0.6285714285714286,54.21564400000989,0.8028169014084507,0.5229357798165137,0.6333333333333333,0.78125,0.45871559633027525,0.5780346820809249,20.109700000006114,0.8153846153846154,0.48623853211009177,0.6091954022988506,19.488258999984964,0.8333333333333334,0.5045871559633027,0.6285714285714286,47.13491100000056,0.8028169014084507,0.5229357798165137,0.6333333333333333,34.97630000001095
0000220_01242_d_0000004.jpg,37,YOLOv13-X,YOLOv13-X,1,0.7619047619047619,0.43243243243243246,0.5517241379310345,56.04779099999746,0.7619047619047619,0.43243243243243246,0.5517241379310345,0.8666666666666667,0.35135135135135137,0.5000000000000001,21.600798999998005,0.7058823529411765,0.32432432432432434,0.44444444444444453,33.40959999999882,0.75,0.40540540540540543,0.5263157894736842,48.51291800000013,0.7619047619047619,0.43243243243243246,0.5517241379310345,46.92749700001286
0000223_01802_d_0000005.jpg,64,YOLOv13-X,YOLOv13-L,0,0.8372093023255814,0.5625,0.6728971962616822,53.73351899999079,0.8604651162790697,0.578125,0.6915887850467289,0.6216216216216216,0.359375,0.4554455445544554,20.743508999998994,0.7619047619047619,0.5,0.6037735849056604,21.36282700001857,0.8604651162790697,0.578125,0.6915887850467289,30.711969000009276,0.8372093023255814,0.5625,0.6728971962616822,30.509937999994463
0000237_00001_d_0000001.jpg,15,YOLOv13-L,YOLOv13-X,0,0.625,0.3333333333333333,0.43478260869565216,43.82381200002783,0.8571428571428571,0.4,0.5454545454545455,0.8333333333333334,0.3333333333333333,0.47619047619047616,18.574513000004345,0.6666666666666666,0.26666666666666666,0.3809523809523809,15.15905400000861,0.625,0.3333333333333333,0.43478260869565216,41.89572100000305,0.8571428571428571,0.4,0.5454545454545455,44.33224000001701
0000242_00001_d_0000001.jpg,42,YOLOv13-L,YOLOv13-X,0,0.75,0.6428571428571429,0.6923076923076924,39.177163000005066,0.8125,0.6190476190476191,0.7027027027027026,0.6538461538461539,0.40476190476190477,0.5,17.748374999996486,0.7857142857142857,0.5238095238095238,0.6285714285714286,17.80244600001879,0.75,0.6428571428571429,0.6923076923076924,23.638799999986304,0.8125,0.6190476190476191,0.7027027027027026,25.79872600000499
0000242_00500_d_0000002.jpg,53,YOLOv13-L,YOLOv13-X,0,0.7647058823529411,0.49056603773584906,0.5977011494252874,45.11210199996185,0.7878787878787878,0.49056603773584906,0.6046511627906975,0.7272727272727273,0.3018867924528302,0.4266666666666667,17.888982999977543,0.6875,0.41509433962264153,0.5176470588235295,18.13380999999481,0.7647058823529411,0.49056603773584906,0.5977011494252874,25.836529000002884,0.7878787878787878,0.49056603773584906,0.6046511627906975,25.658876999983704
0000242_00627_d_0000003.jpg,45,YOLOv13-L,YOLOv13-X,0,0.7741935483870968,0.5333333333333333,0.631578947368421,47.259917999980416,0.8181818181818182,0.6,0.6923076923076923,0.8,0.4444444444444444,0.5714285714285714,18.69114499999114,0.696969696969697,0.5111111111111111,0.5897435897435898,17.27053600001227,0.7741935483870968,0.5333333333333333,0.631578947368421,26.16166500001782,0.8181818181818182,0.6,0.6923076923076923,25.817656000015177
0000242_00843_d_0000004.jpg,2,YOLOv13-N,YOLOv13-X,0,0.6666666666666666,1.0,0.8,17.60762200001409,1.0,1.0,1.0,0.6666666666666666,1.0,0.8,17.60762200001409,0.6666666666666666,1.0,0.8,24.26137500000891,0.6666666666666666,1.0,0.8,24.973603000006506,1.0,1.0,1.0,27.01775399998496
0000242_00963_d_0000005.jpg,13,YOLOv13-S,YOLOv13-L,0,0.45454545454545453,0.38461538461538464,0.41666666666666663,37.27816499997516,0.5833333333333334,0.5384615384615384,0.5599999999999999,0.6666666666666666,0.46153846153846156,0.5454545454545455,17.91560499998468,0.45454545454545453,0.38461538461538464,0.41666666666666663,15.349310999994259,0.5833333333333334,0.5384615384615384,0.5599999999999999,26.19057999999086,0.5384615384615384,0.5384615384615384,0.5384615384615384,26.72590199998126
0000242_01139_d_0000006.jpg,72,YOLOv13-X,YOLOv13-X,1,0.7291666666666666,0.4861111111111111,0.5833333333333334,51.930434999974295,0.7291666666666666,0.4861111111111111,0.5833333333333334,0.627906976744186,0.375,0.46956521739130436,27.814827999975478,0.7435897435897436,0.4027777777777778,0.5225225225225226,31.3249209999924,0.66,0.4583333333333333,0.540983606557377,27.59836900000323,0.7291666666666666,0.4861111111111111,0.5833333333333334,26.541828000006262
0000242_01475_d_0000007.jpg,65,YOLOv13-L,YOLOv13-L,1,0.8771929824561403,0.7692307692307693,0.819672131147541,53.47807399999738,0.8771929824561403,0.7692307692307693,0.819672131147541,0.803921568627451,0.6307692307692307,0.7068965517241379,18.183243000009952,0.8070175438596491,0.7076923076923077,0.7540983606557378,17.931081000000404,0.8771929824561403,0.7692307692307693,0.819672131147541,26.02988500001402,0.85,0.7846153846153846,0.816,26.147625000021435
0000242_01912_d_0000008.jpg,50,YOLOv13-X,YOLOv13-L,0,0.9130434782608695,0.42,0.5753424657534246,42.19142400000919,0.9565217391304348,0.44,0.6027397260273973,0.782608695652174,0.36,0.4931506849315068,17.743230999997195,0.8260869565217391,0.38,0.5205479452054794,18.055311000011898,0.9565217391304348,0.44,0.6027397260273973,26.90809799997851,0.9130434782608695,0.42,0.5753424657534246,26.877898999998706
0000242_02400_d_0000009.jpg,34,YOLOv13-L,YOLOv13-L,1,0.8333333333333334,0.7352941176470589,0.78125,47.60873500001139,0.8333333333333334,0.7352941176470589,0.78125,0.75,0.5294117647058824,0.6206896551724139,18.378629000011415,0.8,0.7058823529411765,0.7500000000000001,18.329781000005596,0.8333333333333334,0.7352941176470589,0.78125,26.705913999990116,0.7878787878787878,0.7647058823529411,0.7761194029850745,26.16721799998345
0000242_02762_d_0000010.jpg,33,YOLOv13-L,YOLOv13-S,0,0.875,0.8484848484848485,0.8615384615384615,42.61363800000595,0.9310344827586207,0.8181818181818182,0.8709677419354839,0.8571428571428571,0.7272727272727273,0.7868852459016394,17.71384700001022,0.9310344827586207,0.8181818181818182,0.8709677419354839,17.535293999998203,0.875,0.8484848484848485,0.8615384615384615,34.3361209999955,0.875,0.8484848484848485,0.8615384615384615,45.699456000022565
0000242_03199_d_0000011.jpg,9,YOLOv13-L,YOLOv13-L,1,1.0,0.8888888888888888,0.9411764705882353,48.525931000000355,1.0,0.8888888888888888,0.9411764705882353,0.7,0.7777777777777778,0.7368421052631577,18.471497000007275,1.0,0.7777777777777778,0.8750000000000001,16.837465999998358,1.0,0.8888888888888888,0.9411764705882353,26.380366000012145,1.0,0.8888888888888888,0.9411764705882353,26.176152000005004
0000242_03668_d_0000012.jpg,41,YOLOv13-L,YOLOv13-X,0,0.7777777777777778,0.5121951219512195,0.6176470588235294,62.989144999988866,0.7857142857142857,0.5365853658536586,0.6376811594202899,0.85,0.4146341463414634,0.5573770491803278,30.501652999987527,0.8333333333333334,0.4878048780487805,0.6153846153846153,14.487888999980214,0.7777777777777778,0.5121951219512195,0.6176470588235294,25.03832499999703,0.7857142857142857,0.5365853658536586,0.6376811594202899,23.187740999986772
0000242_04116_d_0000013.jpg,8,YOLOv13-L,YOLOv13-X,0,0.5714285714285714,0.5,0.5333333333333333,45.87814999999296,0.8333333333333334,0.625,0.7142857142857143,0.5714285714285714,0.5,0.5333333333333333,17.62887799998225,0.5,0.375,0.42857142857142855,15.434719000012365,0.5714285714285714,0.5,0.5333333333333333,25.764253999994935,0.8333333333333334,0.625,0.7142857142857143,26.366443000000572
0000242_04600_d_0000014.jpg,29,YOLOv13-X,YOLOv13-S,0,0.6486486486486487,0.8275862068965517,0.7272727272727273,44.068626000012046,0.71875,0.7931034482758621,0.7540983606557378,0.6896551724137931,0.6896551724137931,0.6896551724137931,18.38629700000638,0.71875,0.7931034482758621,0.7540983606557378,19.07102100000202,0.6857142857142857,0.8275862068965517,0.75,24.87778100001492,0.6486486486486487,0.8275862068965517,0.7272727272727273,24.734520000009752
0000242_05059_d_0000015.jpg,37,YOLOv13-L,YOLOv13-L,1,0.875,0.3783783783783784,0.5283018867924528,48.437043999996376,0.875,0.3783783783783784,0.5283018867924528,0.75,0.24324324324324326,0.3673469387755103,18.879664999985835,0.8333333333333334,0.2702702702702703,0.4081632653061225,16.934662000011258,0.875,0.3783783783783784,0.5283018867924528,26.898680000016384,0.875,0.3783783783783784,0.5283018867924528,27.915960000001405
0000242_05570_d_0000016.jpg,32,YOLOv13-X,YOLOv13-L,0,0.8571428571428571,0.5625,0.6792452830188678,43.826137999985804,0.9,0.5625,0.6923076923076923,0.8235294117647058,0.4375,0.5714285714285714,18.159190000005765,0.7368421052631579,0.4375,0.5490196078431372,18.26267499998835,0.9,0.5625,0.6923076923076923,37.431878999996115,0.8571428571428571,0.5625,0.6792452830188678,26.576131000012992
0000242_06010_d_0000017.jpg,41,YOLOv13-N,YOLOv13-X,0,0.8571428571428571,0.14634146341463414,0.25,16.260832999989816,0.9,0.21951219512195122,0.3529411764705882,0.8571428571428571,0.14634146341463414,0.25,16.260832999989816,1.0,0.14634146341463414,0.2553191489361702,14.58196300001191,0.8,0.1951219512195122,0.3137254901960785,22.681196999997155,0.9,0.21951219512195122,0.3529411764705882,22.76789800001211
0000242_06452_d_0000018.jpg,12,YOLOv13-L,YOLOv13-X,0,0.6,0.5,0.5454545454545454,43.76791100000332,0.8,0.6666666666666666,0.7272727272727272,0.625,0.4166666666666667,0.5,18.248959999993986,0.7,0.5833333333333334,0.6363636363636365,24.975008000012622,0.6,0.5,0.5454545454545454,29.576711999993677,0.8,0.6666666666666666,0.7272727272727272,26.19206599999302
0000244_00001_d_0000001.jpg,46,YOLOv13-X,YOLOv13-X,1,0.717948717948718,0.6086956521739131,0.6588235294117647,45.440412000004926,0.717948717948718,0.6086956521739131,0.6588235294117647,0.7407407407407407,0.43478260869565216,0.5479452054794521,18.190667999988364,0.75,0.5217391304347826,0.6153846153846153,17.202415999975074,0.75,0.5869565217391305,0.6585365853658538,28.078880999999,0.717948717948718,0.6086956521739131,0.6588235294117647,26.58924100001059
0000244_00500_d_0000002.jpg,32,YOLOv13-X,YOLOv13-L,0,0.4827586206896552,0.4375,0.4590163934426229,50.32312600002342,0.5384615384615384,0.4375,0.4827586206896552,0.5,0.34375,0.4074074074074074,16.844871000017747,0.5454545454545454,0.375,0.4444444444444444,18.43757099999266,0.5384615384615384,0.4375,0.4827586206896552,26.906061000005366,0.4827586206896552,0.4375,0.4590163934426229,27.64045199998577
0000244_01000_d_0000003.jpg,122,YOLOv13-X,YOLOv13-X,1,0.7111111111111111,0.26229508196721313,0.3832335329341318,49.80017700003714,0.7111111111111111,0.26229508196721313,0.3832335329341318,0.5945945945945946,0.18032786885245902,0.27672955974842767,18.05793400001221,0.6153846153846154,0.19672131147540983,0.2981366459627329,18.590972000026795,0.6363636363636364,0.22950819672131148,0.3373493975903614,27.17694699998674,0.7111111111111111,0.26229508196721313,0.3832335329341318,34.35077099999262
0000244_01500_d_0000004.jpg,96,YOLOv13-X,YOLOv13-X,1,0.7647058823529411,0.40625,0.5306122448979592,53.631423000013,0.7647058823529411,0.40625,0.5306122448979592,0.47058823529411764,0.25,0.32653061224489793,16.73598200000015,0.6111111111111112,0.34375,0.44000000000000006,16.579340000021148,0.6666666666666666,0.4166666666666667,0.5128205128205129,26.928405000006705,0.7647058823529411,0.40625,0.5306122448979592,26.28741099999843
0000244_02000_d_0000005.jpg,129,YOLOv13-X,YOLOv13-L,0,0.6666666666666666,0.37209302325581395,0.4776119402985074,46.5970879999702,0.676056338028169,0.37209302325581395,0.48,0.6507936507936508,0.3178294573643411,0.42708333333333337,18.056121999990182,0.6025641025641025,0.3643410852713178,0.4541062801932367,18.049184999995305,0.676056338028169,0.37209302325581395,0.48,26.018644999993512,0.6666666666666666,0.37209302325581395,0.4776119402985074,26.20947600001955
0000244_02500_d_0000006.jpg,113,YOLOv13-X,YOLOv13-X,1,0.7571428571428571,0.4690265486725664,0.5792349726775956,72.4131319999799,0.7571428571428571,0.4690265486725664,0.5792349726775956,0.5614035087719298,0.2831858407079646,0.3764705882352941,30.203282999991643,0.5921052631578947,0.39823008849557523,0.47619047619047616,16.2774739999918,0.734375,0.415929203539823,0.5310734463276836,43.67034599999897,0.7571428571428571,0.4690265486725664,0.5792349726775956,29.748148000010133
0000244_03000_d_0000007.jpg,44,YOLOv13-L,YOLOv13-X,0,0.7307692307692307,0.4318181818181818,0.5428571428571428,53.35351100001162,0.8076923076923077,0.4772727272727273,0.6000000000000001,0.75,0.4090909090909091,0.5294117647058824,17.81628099999466,0.7083333333333334,0.38636363636363635,0.5,17.967362999996794,0.7307692307692307,0.4318181818181818,0.5428571428571428,26.466499000008525,0.8076923076923077,0.4772727272727273,0.6000000000000001,26.4491620000058
0000244_03500_d_0000008.jpg,146,YOLOv13-X,YOLOv13-L,0,0.6571428571428571,0.3150684931506849,0.4259259259259259,51.22403000001441,0.7627118644067796,0.3082191780821918,0.4390243902439025,0.6060606060606061,0.136986301369863,0.22346368715083798,18.091319000006933,0.6792452830188679,0.2465753424657534,0.36180904522613067,29.023072000001093,0.7627118644067796,0.3082191780821918,0.4390243902439025,27.03312599999208,0.6571428571428571,0.3150684931506849,0.4259259259259259,26.425193999983776
0000244_04000_d_0000009.jpg,56,YOLOv13-X,YOLOv13-S,0,0.3409090909090909,0.5357142857142857,0.41666666666666663,58.09168900000827,0.3493975903614458,0.5178571428571429,0.4172661870503598,0.32,0.42857142857142855,0.366412213740458,18.48099500000444,0.3493975903614458,0.5178571428571429,0.4172661870503598,24.616918999981863,0.29545454545454547,0.4642857142857143,0.36111111111111116,46.175172000005205,0.3409090909090909,0.5357142857142857,0.41666666666666663,45.59125100001893
0000244_04400_d_0000010.jpg,101,YOLOv13-X,YOLOv13-X,1,0.7126436781609196,0.6138613861386139,0.6595744680851064,61.422491000001855,0.7126436781609196,0.6138613861386139,0.6595744680851064,0.6666666666666666,0.45544554455445546,0.5411764705882353,28.72674799999686,0.6626506024096386,0.5445544554455446,0.5978260869565218,28.021695999996155,0.7108433734939759,0.5841584158415841,0.6413043478260868,46.23834899999224,0.7126436781609196,0.6138613861386139,0.6595744680851064,43.696921000019984
0000244_04900_d_0000011.jpg,106,YOLOv13-L,YOLOv13-X,0,0.8673469387755102,0.8018867924528302,0.8333333333333334,64.07205200000021,0.8842105263157894,0.7924528301886793,0.8358208955223881,0.7303370786516854,0.6132075471698113,0.6666666666666666,28.406853000007004,0.7551020408163265,0.6981132075471698,0.7254901960784315,30.415370000014263,0.8673469387755102,0.8018867924528302,0.8333333333333334,44.78349200002185,0.8842105263157894,0.7924528301886793,0.8358208955223881,43.5610840000038
0000244_05400_d_0000012.jpg,90,YOLOv13-X,YOLOv13-S,0,0.6805555555555556,0.5444444444444444,0.6049382716049382,65.06981400002587,0.7758620689655172,0.5,0.608108108108108,0.7551020408163265,0.4111111111111111,0.5323741007194244,29.606598000015083,0.7758620689655172,0.5,0.608108108108108,17.60450899999455,0.7014925373134329,0.5222222222222223,0.5987261146496816,26.516745000009223,0.6805555555555556,0.5444444444444444,0.6049382716049382,25.760714000000462
0000244_05900_d_0000013.jpg,66,YOLOv13-L,YOLOv13-X,0,0.7297297297297297,0.4090909090909091,0.5242718446601942,54.462431000018796,0.7142857142857143,0.45454545454545453,0.5555555555555556,0.75,0.36363636363636365,0.48979591836734687,17.340065000013283,0.7714285714285715,0.4090909090909091,0.5346534653465347,29.714982000001555,0.7297297297297297,0.4090909090909091,0.5242718446601942,45.61234199999831,0.7142857142857143,0.45454545454545453,0.5555555555555556,44.29183999999964
0000244_06388_d_0000014.jpg,46,YOLOv13-X,YOLOv13-X,1,0.8285714285714286,0.6304347826086957,0.7160493827160495,63.270045999985314,0.8285714285714286,0.6304347826086957,0.7160493827160495,0.7692307692307693,0.43478260869565216,0.5555555555555555,30.588764999976092,0.6785714285714286,0.41304347826086957,0.5135135135135135,18.179892000006248,0.7058823529411765,0.5217391304347826,0.6,29.89278999999101,0.8285714285714286,0.6304347826086957,0.7160493827160495,30.427543999991258
0000249_00001_d_0000001.jpg,80,YOLOv13-X,YOLOv13-X,1,0.8444444444444444,0.475,0.608,53.3084489999851,0.8444444444444444,0.475,0.608,0.7441860465116279,0.4,0.5203252032520326,12.705486999976756,0.723404255319149,0.425,0.5354330708661418,17.681748000001107,0.7346938775510204,0.45,0.5581395348837209,44.91704099999083,0.8444444444444444,0.475,0.608,46.02699700001267
0000249_00235_d_0000002.jpg,85,YOLOv13-L,YOLOv13-X,0,0.64,0.3764705882352941,0.47407407407407404,59.928619000004346,0.66,0.38823529411764707,0.4888888888888889,0.5813953488372093,0.29411764705882354,0.39062500000000006,25.903118999991648,0.625,0.35294117647058826,0.4511278195488722,28.70135899999582,0.64,0.3764705882352941,0.47407407407407404,44.29751099999635,0.66,0.38823529411764707,0.4888888888888889,43.31685500000049
0000249_00603_d_0000003.jpg,48,YOLOv13-L,YOLOv13-X,0,0.6666666666666666,0.3333333333333333,0.4444444444444444,54.1115169999955,0.7391304347826086,0.3541666666666667,0.4788732394366197,0.6190476190476191,0.2708333333333333,0.37681159420289856,29.658565999994835,0.5833333333333334,0.2916666666666667,0.38888888888888895,29.70454200001882,0.6666666666666666,0.3333333333333333,0.4444444444444444,39.41338900000346,0.7391304347826086,0.3541666666666667,0.4788732394366197,43.670063999996955
0000249_01100_d_0000004.jpg,27,YOLOv13-X,YOLOv13-X,1,0.6875,0.8148148148148148,0.7457627118644067,50.59692800000448,0.6875,0.8148148148148148,0.7457627118644067,0.6956521739130435,0.5925925925925926,0.6399999999999999,18.733447000016668,0.6206896551724138,0.6666666666666666,0.6428571428571429,26.34541800000534,0.6129032258064516,0.7037037037037037,0.6551724137931035,26.697941000008996,0.6875,0.8148148148148148,0.7457627118644067,26.623726999986275
0000249_01514_d_0000005.jpg,51,YOLOv13-L,YOLOv13-S,0,0.8333333333333334,0.6862745098039216,0.7526881720430109,51.9633689999921,0.8536585365853658,0.6862745098039216,0.7608695652173912,0.84375,0.5294117647058824,0.6506024096385543,27.29757199998062,0.8536585365853658,0.6862745098039216,0.7608695652173912,20.564143000001422,0.8333333333333334,0.6862745098039216,0.7526881720430109,26.942199999979266,0.8292682926829268,0.6666666666666666,0.7391304347826086,28.06762500000559
0000249_01635_d_0000006.jpg,80,YOLOv13-X,YOLOv13-L,0,0.7727272727272727,0.425,0.5483870967741935,46.967905000002474,0.8372093023255814,0.45,0.5853658536585366,0.75,0.3375,0.46551724137931044,17.9988650000098,0.8048780487804879,0.4125,0.5454545454545455,30.604969999984633,0.8372093023255814,0.45,0.5853658536585366,45.61240399999633,0.7727272727272727,0.425,0.5483870967741935,44.57492299999899
0000249_02073_d_0000007.jpg,67,YOLOv13-L,YOLOv13-S,0,0.8695652173913043,0.29850746268656714,0.4444444444444444,60.275923999995484,0.8076923076923077,0.31343283582089554,0.4516129032258065,0.7,0.208955223880597,0.3218390804597701,31.837770999999293,0.8076923076923077,0.31343283582089554,0.4516129032258065,18.232839000006607,0.8695652173913043,0.29850746268656714,0.4444444444444444,36.692580000021735,0.8333333333333334,0.29850746268656714,0.4395604395604395,42.88578200001325
0000249_02468_d_0000008.jpg,18,YOLOv13-L,YOLOv13-X,0,0.4375,0.3888888888888889,0.411764705882353,49.63222699998937,0.47368421052631576,0.5,0.4864864864864865,0.38461538461538464,0.2777777777777778,0.3225806451612903,18.411028000002716,0.4,0.3333333333333333,0.3636363636363636,23.808545999997932,0.4375,0.3888888888888889,0.411764705882353,35.41165599997953,0.47368421052631576,0.5,0.4864864864864865,46.70178899999655
0000249_02900_d_0000009.jpg,101,YOLOv13-X,YOLOv13-X,1,0.7727272727272727,0.504950495049505,0.6107784431137724,59.750954999998385,0.7727272727272727,0.504950495049505,0.6107784431137724,0.7272727272727273,0.39603960396039606,0.5128205128205128,27.619533999995838,0.6984126984126984,0.43564356435643564,0.5365853658536586,26.393085999984578,0.7246376811594203,0.49504950495049505,0.5882352941176471,27.14998999999807,0.7727272727272727,0.504950495049505,0.6107784431137724,25.337850999989087
0000249_03400_d_0000010.jpg,92,YOLOv13-X,YOLOv13-X,1,0.7848101265822784,0.6739130434782609,0.7251461988304092,50.70832599997743,0.7848101265822784,0.6739130434782609,0.7251461988304092,0.6428571428571429,0.4891304347826087,0.5555555555555556,20.008250999978827,0.6891891891891891,0.5543478260869565,0.6144578313253013,26.66897999998241,0.7560975609756098,0.6739130434782609,0.7126436781609194,45.8761989999914,0.7848101265822784,0.6739130434782609,0.7251461988304092,42.38151199999152
0000249_03900_d_0000011.jpg,85,YOLOv13-X,YOLOv13-X,1,0.7450980392156863,0.4470588235294118,0.5588235294117647,67.21235000000547,0.7450980392156863,0.4470588235294118,0.5588235294117647,0.6190476190476191,0.3058823529411765,0.40944881889763785,29.214841999987584,0.7619047619047619,0.3764705882352941,0.5039370078740157,18.01891499999897,0.782608695652174,0.4235294117647059,0.549618320610687,45.4591980000032,0.7450980392156863,0.4470588235294118,0.5588235294117647,35.83281299998475
0000253_00001_d_0000001.jpg,106,YOLOv13-L,YOLOv13-L,1,0.8235294117647058,0.7924528301886793,0.8076923076923077,54.238398000023835,0.8235294117647058,0.7924528301886793,0.8076923076923077,0.7835051546391752,0.7169811320754716,0.7487684729064039,29.715209000016785,0.7864077669902912,0.7641509433962265,0.7751196172248804,19.491528999992624,0.8235294117647058,0.7924528301886793,0.8076923076923077,28.090093999992405,0.7685185185185185,0.7830188679245284,0.7757009345794392,27.012471000006144
0000256_00715_d_0000019.jpg,90,YOLOv13-X,YOLOv13-X,1,0.7333333333333333,0.4888888888888889,0.5866666666666667,56.32533000002127,0.7333333333333333,0.4888888888888889,0.5866666666666667,0.5409836065573771,0.36666666666666664,0.4370860927152318,20.08730700001138,0.6833333333333333,0.45555555555555555,0.5466666666666666,19.652742999994643,0.6935483870967742,0.4777777777777778,0.5657894736842105,27.66172200000483,0.7333333333333333,0.4888888888888889,0.5866666666666667,43.761273999990635
0000256_02173_d_0000030.jpg,47,YOLOv13-L,YOLOv13-X,0,0.6470588235294118,0.46808510638297873,0.54320987654321,44.38400399999409,0.6578947368421053,0.5319148936170213,0.5882352941176471,0.6470588235294118,0.23404255319148937,0.34375,18.620327999997244,0.6,0.3191489361702128,0.4166666666666667,18.331617999990613,0.6470588235294118,0.46808510638297873,0.54320987654321,26.115965999991886,0.6578947368421053,0.5319148936170213,0.5882352941176471,45.01158000002192
0000263_02401_d_0000179.jpg,17,YOLOv13-N,YOLOv13-X,0,0.8666666666666667,0.7647058823529411,0.8125,27.76249999999436,0.8823529411764706,0.8823529411764706,0.8823529411764706,0.8666666666666667,0.7647058823529411,0.8125,27.76249999999436,0.8,0.7058823529411765,0.7500000000000001,25.70476599998983,0.8571428571428571,0.7058823529411765,0.7741935483870968,27.938667000000805,0.8823529411764706,0.8823529411764706,0.8823529411764706,28.517490000012913
0000269_00001_d_0000348.jpg,128,YOLOv13-X,YOLOv13-L,0,0.8135593220338984,0.375,0.5133689839572193,69.15863899999408,0.8032786885245902,0.3828125,0.5185185185185185,0.8,0.34375,0.48087431693989074,30.196584000009352,0.8113207547169812,0.3359375,0.4751381215469614,32.63536699998326,0.8032786885245902,0.3828125,0.5185185185185185,28.003602000012506,0.8135593220338984,0.375,0.5133689839572193,29.36879499998213
0000269_00201_d_0000349.jpg,47,YOLOv13-X,YOLOv13-X,1,0.640625,0.8723404255319149,0.7387387387387387,64.29856100004372,0.640625,0.8723404255319149,0.7387387387387387,0.5606060606060606,0.7872340425531915,0.6548672566371682,24.36929200001714,0.6129032258064516,0.8085106382978723,0.6972477064220183,19.04831999999601,0.5571428571428572,0.8297872340425532,0.6666666666666667,27.805540000002793,0.640625,0.8723404255319149,0.7387387387387387,27.417641999988973
0000269_00601_d_0000351.jpg,93,YOLOv13-X,YOLOv13-X,1,0.8405797101449275,0.6236559139784946,0.7160493827160493,60.94205399998032,0.8405797101449275,0.6236559139784946,0.7160493827160493,0.746031746031746,0.5053763440860215,0.6025641025641026,27.786618999982693,0.796875,0.5483870967741935,0.6496815286624203,25.14246999999159,0.7638888888888888,0.5913978494623656,0.6666666666666667,27.373192999988305,0.8405797101449275,0.6236559139784946,0.7160493827160493,27.652235999994446
0000271_00001_d_0000374.jpg,58,YOLOv13-L,YOLOv13-X,0,0.6724137931034483,0.6724137931034483,0.6724137931034483,65.55729100003305,0.7450980392156863,0.6551724137931034,0.6972477064220184,0.5333333333333333,0.41379310344827586,0.4660194174757281,31.21053000000984,0.7291666666666666,0.603448275862069,0.6603773584905661,28.510460999996212,0.6724137931034483,0.6724137931034483,0.6724137931034483,48.42196300000978,0.7450980392156863,0.6551724137931034,0.6972477064220184,41.51603599999021
0000271_00201_d_0000375.jpg,75,YOLOv13-X,YOLOv13-L,0,0.65,0.6933333333333334,0.670967741935484,48.7583880000102,0.6973684210526315,0.7066666666666667,0.7019867549668874,0.6031746031746031,0.5066666666666667,0.5507246376811594,19.741452999994635,0.7076923076923077,0.6133333333333333,0.657142857142857,19.17873600001485,0.6973684210526315,0.7066666666666667,0.7019867549668874,28.492182000007915,0.65,0.6933333333333334,0.670967741935484,27.261691999996174
0000271_00401_d_0000376.jpg,25,YOLOv13-X,YOLOv13-X,1,0.55,0.44,0.48888888888888893,78.18623000000002,0.55,0.44,0.48888888888888893,0.4583333333333333,0.44,0.4489795918367347,32.04319499999997,0.5238095238095238,0.44,0.4782608695652174,18.574588000006997,0.47368421052631576,0.36,0.40909090909090906,28.660812999987684,0.55,0.44,0.48888888888888893,48.69067600000676
0000271_00601_d_0000377.jpg,79,YOLOv13-X,YOLOv13-X,1,0.6764705882352942,0.5822784810126582,0.6258503401360545,51.50214300002176,0.6764705882352942,0.5822784810126582,0.6258503401360545,0.6491228070175439,0.46835443037974683,0.5441176470588235,19.226768000009997,0.625,0.5063291139240507,0.5594405594405595,18.97410999998783,0.6197183098591549,0.5569620253164557,0.5866666666666667,27.88244699999609,0.6764705882352942,0.5822784810126582,0.6258503401360545,26.654014999991205
0000271_00801_d_0000378.jpg,63,YOLOv13-L,YOLOv13-X,0,0.4861111111111111,0.5555555555555556,0.5185185185185186,62.24039500003187,0.4931506849315068,0.5714285714285714,0.5294117647058824,0.6170212765957447,0.4603174603174603,0.5272727272727272,31.502196000019467,0.49230769230769234,0.5079365079365079,0.5,19.552062999991904,0.4861111111111111,0.5555555555555556,0.5185185185185186,27.572547999994867,0.4931506849315068,0.5714285714285714,0.5294117647058824,27.577999000016007
0000271_01201_d_0000379.jpg,59,YOLOv13-X,YOLOv13-X,1,0.6727272727272727,0.6271186440677966,0.6491228070175439,63.55054899998436,0.6727272727272727,0.6271186440677966,0.6491228070175439,0.6153846153846154,0.4067796610169492,0.4897959183673469,19.79166999998938,0.5777777777777777,0.4406779661016949,0.5,19.070449000025746,0.6530612244897959,0.5423728813559322,0.5925925925925926,34.986346000010826,0.6727272727272727,0.6271186440677966,0.6491228070175439,44.79635699999562
0000271_01401_d_0000380.jpg,55,YOLOv13-X,YOLOv13-X,1,0.72,0.6545454545454545,0.6857142857142857,47.81479499999364,0.72,0.6545454545454545,0.6857142857142857,0.6818181818181818,0.5454545454545454,0.6060606060606061,18.712421999993012,0.7045454545454546,0.5636363636363636,0.6262626262626263,22.046519000014086,0.6666666666666666,0.6545454545454545,0.6605504587155963,27.55107300001214,0.72,0.6545454545454545,0.6857142857142857,26.660591999984717
0000271_01601_d_0000381.jpg,48,YOLOv13-L,YOLOv13-X,0,0.8,0.5833333333333334,0.674698795180723,55.05174500001431,0.7380952380952381,0.6458333333333334,0.6888888888888889,0.6666666666666666,0.375,0.4800000000000001,19.07690200002321,0.6111111111111112,0.4583333333333333,0.5238095238095238,26.858814999997094,0.8,0.5833333333333334,0.674698795180723,28.52724600001011,0.7380952380952381,0.6458333333333334,0.6888888888888889,28.235911000024316
0000271_02401_d_0000385.jpg,84,YOLOv13-X,YOLOv13-L,0,0.6607142857142857,0.44047619047619047,0.5285714285714285,71.36920300001748,0.75,0.42857142857142855,0.5454545454545454,0.5714285714285714,0.2857142857142857,0.38095238095238093,31.753734000005807,0.5625,0.32142857142857145,0.40909090909090917,28.739340000015545,0.75,0.42857142857142855,0.5454545454545454,46.265237999989495,0.6607142857142857,0.44047619047619047,0.5285714285714285,44.07347299999742
0000271_02601_d_0000386.jpg,79,YOLOv13-X,YOLOv13-L,0,0.703125,0.569620253164557,0.6293706293706295,54.59083100004136,0.734375,0.5949367088607594,0.6573426573426573,0.7307692307692307,0.4810126582278481,0.5801526717557252,19.48717500002317,0.7307692307692307,0.4810126582278481,0.5801526717557252,30.94057500001668,0.734375,0.5949367088607594,0.6573426573426573,39.716310000017074,0.703125,0.569620253164557,0.6293706293706295,44.91961499999775
0000271_03001_d_0000387.jpg,56,YOLOv13-X,YOLOv13-X,1,0.6415094339622641,0.6071428571428571,0.6238532110091742,56.87431500001594,0.6415094339622641,0.6071428571428571,0.6238532110091742,0.6578947368421053,0.44642857142857145,0.5319148936170213,21.10629099999528,0.6304347826086957,0.5178571428571429,0.5686274509803922,30.851767000001473,0.6037735849056604,0.5714285714285714,0.5871559633027522,46.7839730000037,0.6415094339622641,0.6071428571428571,0.6238532110091742,44.829695999993646
0000271_03801_d_0000391.jpg,57,YOLOv13-X,YOLOv13-L,0,0.673469387755102,0.5789473684210527,0.6226415094339622,59.68332000000487,0.7291666666666666,0.6140350877192983,0.6666666666666667,0.6,0.42105263157894735,0.4948453608247421,30.860969999991994,0.6136363636363636,0.47368421052631576,0.5346534653465346,27.020112999991852,0.7291666666666666,0.6140350877192983,0.6666666666666667,27.326982000005273,0.673469387755102,0.5789473684210527,0.6226415094339622,44.773380999998835
0000271_04401_d_0000394.jpg,86,YOLOv13-X,YOLOv13-X,1,0.8852459016393442,0.627906976744186,0.7346938775510204,64.15719299997136,0.8852459016393442,0.627906976744186,0.7346938775510204,0.7924528301886793,0.4883720930232558,0.60431654676259,28.876847999981692,0.8035714285714286,0.5232558139534884,0.6338028169014085,32.66605199999617,0.7611940298507462,0.5930232558139535,0.6666666666666667,46.91222100001369,0.8852459016393442,0.627906976744186,0.7346938775510204,45.003100000002405
0000271_04801_d_0000396.jpg,50,YOLOv13-X,YOLOv13-L,0,0.7058823529411765,0.48,0.5714285714285713,50.87178200000153,0.8,0.56,0.6588235294117648,0.7741935483870968,0.48,0.5925925925925926,19.37655500000801,0.8181818181818182,0.54,0.6506024096385542,17.678578999976935,0.8,0.56,0.6588235294117648,44.65269700000363,0.7058823529411765,0.48,0.5714285714285713,45.17715500000463
0000271_05001_d_0000397.jpg,90,YOLOv13-X,YOLOv13-L,0,0.6444444444444445,0.32222222222222224,0.42962962962962964,59.476777000014636,0.6595744680851063,0.34444444444444444,0.4525547445255474,0.5,0.18888888888888888,0.27419354838709675,33.23980400000437,0.525,0.23333333333333334,0.3230769230769231,29.712342000010494,0.6595744680851063,0.34444444444444444,0.4525547445255474,46.76089000000161,0.6444444444444445,0.32222222222222224,0.42962962962962964,27.243880000014542
0000271_05201_d_0000398.jpg,70,YOLOv13-X,YOLOv13-X,1,0.7794117647058824,0.7571428571428571,0.7681159420289856,68.59650299998066,0.7794117647058824,0.7571428571428571,0.7681159420289856,0.6666666666666666,0.5428571428571428,0.5984251968503936,32.11405599998329,0.71875,0.6571428571428571,0.6865671641791045,18.813340999997763,0.7936507936507936,0.7142857142857143,0.7518796992481204,27.158525000004374,0.7794117647058824,0.7571428571428571,0.7681159420289856,28.243178999986185
0000271_05401_d_0000399.jpg,71,YOLOv13-X,YOLOv13-X,1,0.7741935483870968,0.676056338028169,0.7218045112781956,65.05756999999335,0.7741935483870968,0.676056338028169,0.7218045112781956,0.74,0.5211267605633803,0.6115702479338843,31.755280999988145,0.7678571428571429,0.6056338028169014,0.6771653543307087,31.715154000011125,0.7833333333333333,0.6619718309859155,0.717557251908397,34.830773999999565,0.7741935483870968,0.676056338028169,0.7218045112781956,35.86966700001426
0000271_05601_d_0000400.jpg,86,YOLOv13-X,YOLOv13-X,1,0.8783783783783784,0.7558139534883721,0.8125,68.23083599999791,0.8783783783783784,0.7558139534883721,0.8125,0.7627118644067796,0.5232558139534884,0.6206896551724138,31.407722000011518,0.7733333333333333,0.6744186046511628,0.7204968944099379,19.057546999988517,0.8289473684210527,0.7325581395348837,0.7777777777777778,48.75375599999643,0.8783783783783784,0.7558139534883721,0.8125,45.67442500001562
0000271_05801_d_0000401.jpg,104,YOLOv13-X,YOLOv13-L,0,0.7843137254901961,0.7692307692307693,0.7766990291262137,67.44120599998382,0.8080808080808081,0.7692307692307693,0.7881773399014778,0.7790697674418605,0.6442307692307693,0.7052631578947369,28.51867799998331,0.7934782608695652,0.7019230769230769,0.7448979591836734,31.500277999981563,0.8080808080808081,0.7692307692307693,0.7881773399014778,52.94555099999343,0.7843137254901961,0.7692307692307693,0.7766990291262137,45.56801999999038
0000271_06001_d_0000402.jpg,158,YOLOv13-L,YOLOv13-X,0,0.9107142857142857,0.6455696202531646,0.7555555555555556,59.984003000039365,0.8833333333333333,0.6708860759493671,0.762589928057554,0.7931034482758621,0.5822784810126582,0.6715328467153284,31.640838000015492,0.7967479674796748,0.620253164556962,0.697508896797153,19.235780999991903,0.9107142857142857,0.6455696202531646,0.7555555555555556,28.385058999987223,0.8833333333333333,0.6708860759493671,0.762589928057554,27.91566100000864
0000271_06201_d_0000403.jpg,142,YOLOv13-X,YOLOv13-L,0,0.8015267175572519,0.7394366197183099,0.7692307692307692,48.56483899999375,0.7969924812030075,0.7464788732394366,0.7709090909090909,0.7478260869565218,0.6056338028169014,0.669260700389105,20.369707000014614,0.7723577235772358,0.6690140845070423,0.7169811320754719,18.268627999987075,0.7969924812030075,0.7464788732394366,0.7709090909090909,27.95175400001426,0.8015267175572519,0.7394366197183099,0.7692307692307692,35.95031199998289
0000271_06401_d_0000404.jpg,128,YOLOv13-X,YOLOv13-L,0,0.8613861386138614,0.6796875,0.759825327510917,57.20962500001292,0.8679245283018868,0.71875,0.7863247863247864,0.672566371681416,0.59375,0.6307053941908713,19.175472000000582,0.7692307692307693,0.625,0.6896551724137931,29.534401999995907,0.8679245283018868,0.71875,0.7863247863247864,46.83308299999567,0.8613861386138614,0.6796875,0.759825327510917,37.70236400001181
0000271_06601_d_0000405.jpg,105,YOLOv13-X,YOLOv13-L,0,0.900990099009901,0.8666666666666667,0.8834951456310681,61.465874000020904,0.93,0.8857142857142857,0.9073170731707316,0.7551020408163265,0.7047619047619048,0.7290640394088671,32.219750000024305,0.9042553191489362,0.8095238095238095,0.8542713567839195,19.50872400001913,0.93,0.8857142857142857,0.9073170731707316,26.709390000007716,0.900990099009901,0.8666666666666667,0.8834951456310681,27.49586499999168
0000271_06801_d_0000406.jpg,95,YOLOv13-L,YOLOv13-X,0,0.8170731707317073,0.7052631578947368,0.7570621468926554,47.1852350000006,0.8181818181818182,0.7578947368421053,0.7868852459016393,0.8289473684210527,0.6631578947368421,0.736842105263158,19.533359999996946,0.8048780487804879,0.6947368421052632,0.7457627118644067,21.09693500000276,0.8170731707317073,0.7052631578947368,0.7570621468926554,27.145504000003484,0.8181818181818182,0.7578947368421053,0.7868852459016393,26.97451900002079
0000271_07001_d_0000407.jpg,58,YOLOv13-L,YOLOv13-L,1,0.7073170731707317,0.5,0.5858585858585859,59.970136000004004,0.7073170731707317,0.5,0.5858585858585859,0.6904761904761905,0.5,0.58,19.768878000007817,0.65,0.4482758620689655,0.5306122448979592,17.757382000013422,0.7073170731707317,0.5,0.5858585858585859,28.093799000004083,0.7,0.4827586206896552,0.5714285714285714,28.284307999996372
0000271_07201_d_0000408.jpg,25,YOLOv13-L,YOLOv13-S,0,0.6666666666666666,0.48,0.5581395348837209,56.632677999999714,0.9166666666666666,0.44,0.5945945945945945,0.75,0.48,0.5853658536585366,30.718409999991536,0.9166666666666666,0.44,0.5945945945945945,20.249406999994335,0.6666666666666666,0.48,0.5581395348837209,26.533728000003975,0.6875,0.44,0.5365853658536586,27.50743000001421
0000271_07401_d_0000409.jpg,42,YOLOv13-L,YOLOv13-S,0,0.7777777777777778,0.6666666666666666,0.717948717948718,54.56129200001669,0.9,0.6428571428571429,0.75,0.8064516129032258,0.5952380952380952,0.684931506849315,19.313571000026286,0.9,0.6428571428571429,0.75,31.240674000002855,0.7777777777777778,0.6666666666666666,0.717948717948718,46.285113999999794,0.8709677419354839,0.6428571428571429,0.7397260273972603,27.37067800001114
0000273_05601_d_0000466.jpg,32,YOLOv13-L,YOLOv13-X,0,0.6153846153846154,0.5,0.5517241379310345,59.01123199998892,0.7333333333333333,0.6875,0.7096774193548386,0.47619047619047616,0.3125,0.37735849056603776,30.801983000003474,0.6666666666666666,0.4375,0.5283018867924528,17.815791000003856,0.6153846153846154,0.5,0.5517241379310345,27.558222000010346,0.7333333333333333,0.6875,0.7096774193548386,27.16939999999113
0000276_00001_d_0000507.jpg,55,YOLOv13-X,YOLOv13-X,1,0.7027027027027027,0.4727272727272727,0.5652173913043479,52.208368000009386,0.7027027027027027,0.4727272727272727,0.5652173913043479,0.6285714285714286,0.4,0.488888888888889,18.388487000009945,0.6153846153846154,0.43636363636363634,0.5106382978723405,19.28583800000183,0.6341463414634146,0.4727272727272727,0.5416666666666666,26.245081000013215,0.7027027027027027,0.4727272727272727,0.5652173913043479,27.49114899998517
0000276_00401_d_0000509.jpg,62,YOLOv13-X,YOLOv13-X,1,0.8285714285714286,0.46774193548387094,0.5979381443298969,68.0115360000002,0.8285714285714286,0.46774193548387094,0.5979381443298969,0.7931034482758621,0.3709677419354839,0.5054945054945055,30.45890600000689,0.8,0.45161290322580644,0.577319587628866,18.952948999981345,0.75,0.3870967741935484,0.5106382978723403,27.735059000008278,0.8285714285714286,0.46774193548387094,0.5979381443298969,28.113445000002457
0000276_00601_d_0000510.jpg,37,YOLOv13-L,YOLOv13-L,1,0.8260869565217391,0.5135135135135135,0.6333333333333333,62.14990900002704,0.8260869565217391,0.5135135135135135,0.6333333333333333,0.8095238095238095,0.4594594594594595,0.5862068965517242,19.20119800001885,0.85,0.4594594594594595,0.5964912280701754,30.923849999993536,0.8260869565217391,0.5135135135135135,0.6333333333333333,46.211179000010816,0.75,0.4864864864864865,0.5901639344262296,43.56113100001835
0000276_01001_d_0000512.jpg,42,YOLOv13-L,YOLOv13-X,0,0.5909090909090909,0.30952380952380953,0.40625000000000006,55.87683899997842,0.7692307692307693,0.47619047619047616,0.588235294117647,0.7142857142857143,0.23809523809523808,0.35714285714285715,26.944512999989456,0.7647058823529411,0.30952380952380953,0.4406779661016949,20.18643699997824,0.5909090909090909,0.30952380952380953,0.40625000000000006,28.445419000007632,0.7692307692307693,0.47619047619047616,0.588235294117647,27.599600000002056
0000276_01201_d_0000513.jpg,29,YOLOv13-L,YOLOv13-X,0,0.6818181818181818,0.5172413793103449,0.5882352941176471,50.62099299999545,0.68,0.5862068965517241,0.6296296296296295,0.6666666666666666,0.3448275862068966,0.4545454545454545,19.243415999994795,0.7777777777777778,0.4827586206896552,0.5957446808510638,19.665251999981592,0.6818181818181818,0.5172413793103449,0.5882352941176471,28.60856999998873,0.68,0.5862068965517241,0.6296296296296295,45.62198899998293
0000276_01401_d_0000514.jpg,25,YOLOv13-L,YOLOv13-L,1,0.8333333333333334,0.4,0.5405405405405406,58.256880000016054,0.8333333333333334,0.4,0.5405405405405406,0.6666666666666666,0.24,0.3529411764705882,19.172057000020004,0.7272727272727273,0.32,0.4444444444444444,30.733918999999332,0.8333333333333334,0.4,0.5405405405405406,28.91704300000697,0.7142857142857143,0.4,0.5128205128205129,36.65651899999034
0000276_01801_d_0000516.jpg,21,YOLOv13-N,YOLOv13-N,1,0.7142857142857143,0.23809523809523808,0.35714285714285715,31.621531999974195,0.7142857142857143,0.23809523809523808,0.35714285714285715,0.7142857142857143,0.23809523809523808,0.35714285714285715,31.621531999974195,0.45454545454545453,0.23809523809523808,0.31249999999999994,18.65589100000875,0.45454545454545453,0.23809523809523808,0.31249999999999994,25.965192000001025,0.4444444444444444,0.19047619047619047,0.26666666666666666,44.59145699999567
0000276_02001_d_0000517.jpg,15,YOLOv13-L,YOLOv13-L,1,0.45454545454545453,0.3333333333333333,0.3846153846153846,52.8289850000192,0.45454545454545453,0.3333333333333333,0.3846153846153846,0.3333333333333333,0.2,0.25,19.126690999996754,0.3333333333333333,0.2,0.25,31.172591999990118,0.45454545454545453,0.3333333333333333,0.3846153846153846,46.980095000009214,0.45454545454545453,0.3333333333333333,0.3846153846153846,45.16692100000341
0000276_02201_d_0000518.jpg,41,YOLOv13-L,YOLOv13-X,0,1.0,0.43902439024390244,0.6101694915254238,63.51057700001661,0.9523809523809523,0.4878048780487805,0.6451612903225806,0.9333333333333333,0.34146341463414637,0.5,30.564859000008937,0.9444444444444444,0.4146341463414634,0.576271186440678,19.205892000002223,1.0,0.43902439024390244,0.6101694915254238,27.485077999983787,0.9523809523809523,0.4878048780487805,0.6451612903225806,28.97644800000876
0000276_02401_d_0000519.jpg,48,YOLOv13-L,YOLOv13-L,1,0.8421052631578947,0.3333333333333333,0.4776119402985075,48.474782999988975,0.8421052631578947,0.3333333333333333,0.4776119402985075,0.8461538461538461,0.22916666666666666,0.360655737704918,20.49346800001217,0.8333333333333334,0.20833333333333334,0.33333333333333337,21.893958999982033,0.8421052631578947,0.3333333333333333,0.4776119402985075,43.02148899998315,1.0,0.2916666666666667,0.45161290322580644,33.96099999997659
0000276_02601_d_0000520.jpg,32,YOLOv13-L,YOLOv13-S,0,0.7222222222222222,0.40625,0.52,59.930076000000554,0.7,0.4375,0.5384615384615384,0.631578947368421,0.375,0.47058823529411764,31.675366999991184,0.7,0.4375,0.5384615384615384,13.14191500000561,0.7222222222222222,0.40625,0.52,27.931307000017114,0.631578947368421,0.375,0.47058823529411764,45.53950200002532
0000276_02801_d_0000521.jpg,37,YOLOv13-L,YOLOv13-X,0,0.7142857142857143,0.40540540540540543,0.5172413793103449,58.0164299999808,0.8235294117647058,0.3783783783783784,0.5185185185185186,0.6666666666666666,0.21621621621621623,0.326530612244898,32.54302999999936,0.625,0.2702702702702703,0.3773584905660377,30.196905000025254,0.7142857142857143,0.40540540540540543,0.5172413793103449,45.99991099999556,0.8235294117647058,0.3783783783783784,0.5185185185185186,46.526032000002715
0000276_03001_d_0000522.jpg,38,YOLOv13-L,YOLOv13-L,1,0.8947368421052632,0.4473684210526316,0.5964912280701755,69.15492499999232,0.8947368421052632,0.4473684210526316,0.5964912280701755,0.7894736842105263,0.39473684210526316,0.5263157894736843,30.77342099999214,0.75,0.39473684210526316,0.5172413793103448,20.959798999996337,0.8947368421052632,0.4473684210526316,0.5964912280701755,27.065594000021065,0.7391304347826086,0.4473684210526316,0.5573770491803278,35.43539399998963
0000276_03201_d_0000523.jpg,60,YOLOv13-L,YOLOv13-X,0,0.5,0.21666666666666667,0.3023255813953488,60.34413700001551,0.5652173913043478,0.21666666666666667,0.3132530120481928,0.5555555555555556,0.16666666666666666,0.2564102564102564,32.02705500001457,0.4166666666666667,0.16666666666666666,0.23809523809523808,24.18288000001212,0.5,0.21666666666666667,0.3023255813953488,27.961895000004233,0.5652173913043478,0.21666666666666667,0.3132530120481928,27.216068000001314
0000276_03401_d_0000524.jpg,61,YOLOv13-L,YOLOv13-L,1,0.6666666666666666,0.36065573770491804,0.4680851063829787,68.67953200000443,0.6666666666666666,0.36065573770491804,0.4680851063829787,0.68,0.2786885245901639,0.3953488372093023,30.24680699999749,0.6785714285714286,0.3114754098360656,0.42696629213483145,19.113261000001103,0.6666666666666666,0.36065573770491804,0.4680851063829787,40.94626899998843,0.6666666666666666,0.32786885245901637,0.4395604395604395,28.37238300000422
0000276_03601_d_0000525.jpg,46,YOLOv13-X,YOLOv13-X,1,0.7368421052631579,0.6086956521739131,0.6666666666666666,56.724042999974245,0.7368421052631579,0.6086956521739131,0.6666666666666666,0.6363636363636364,0.45652173913043476,0.5316455696202532,29.9990689999845,0.78125,0.5434782608695652,0.641025641025641,16.832407999999077,0.6097560975609756,0.5434782608695652,0.5747126436781609,26.47192499998141,0.7368421052631579,0.6086956521739131,0.6666666666666666,26.771230999997897
0000276_03801_d_0000526.jpg,64,YOLOv13-X,YOLOv13-L,0,0.78,0.609375,0.6842105263157895,57.83212499997603,0.7735849056603774,0.640625,0.7008547008547009,0.7567567567567568,0.4375,0.5544554455445544,30.657457999978988,0.8125,0.40625,0.5416666666666666,18.145040000007384,0.7735849056603774,0.640625,0.7008547008547009,27.612836999992396,0.78,0.609375,0.6842105263157895,26.538084999998546
0000276_04001_d_0000527.jpg,54,YOLOv13-X,YOLOv13-X,1,0.6875,0.4074074074074074,0.5116279069767441,59.02123000001325,0.6875,0.4074074074074074,0.5116279069767441,0.46153846153846156,0.1111111111111111,0.17910447761194032,30.44977400000448,0.5925925925925926,0.2962962962962963,0.3950617283950617,23.991214999995236,0.68,0.3148148148148148,0.43037974683544306,27.192491999983304,0.6875,0.4074074074074074,0.5116279069767441,27.598801999999978
0000276_04201_d_0000528.jpg,59,YOLOv13-L,YOLOv13-X,0,0.8245614035087719,0.7966101694915254,0.8103448275862069,62.188272999975425,0.8867924528301887,0.7966101694915254,0.8392857142857143,0.6727272727272727,0.6271186440677966,0.6491228070175439,34.49911499998848,0.7833333333333333,0.7966101694915254,0.7899159663865546,32.75316700000985,0.8245614035087719,0.7966101694915254,0.8103448275862069,47.910236999996414,0.8867924528301887,0.7966101694915254,0.8392857142857143,45.991528000001836
0000276_04401_d_0000529.jpg,40,YOLOv13-L,YOLOv13-L,1,0.8571428571428571,0.9,0.8780487804878048,72.60234599999649,0.8571428571428571,0.9,0.8780487804878048,0.7111111111111111,0.8,0.7529411764705882,31.63573800000563,0.7727272727272727,0.85,0.8095238095238095,22.104644999984657,0.8571428571428571,0.9,0.8780487804878048,27.530777999999145,0.8536585365853658,0.875,0.8641975308641976,34.92879800000992
0000276_04601_d_0000530.jpg,10,YOLOv13-L,YOLOv13-L,1,0.6666666666666666,0.4,0.5,67.30384799999456,0.6666666666666666,0.4,0.5,0.6,0.3,0.4,31.492221000007703,0.5714285714285714,0.4,0.47058823529411764,19.713184000011097,0.6666666666666666,0.4,0.5,29.14255800001797,0.5714285714285714,0.4,0.47058823529411764,28.296000000011645
0000276_04801_d_0000531.jpg,10,YOLOv13-L,YOLOv13-S,0,0.7142857142857143,0.5,0.588235294117647,67.08197800000448,1.0,0.5,0.6666666666666666,0.8333333333333334,0.5,0.625,32.99491699999635,1.0,0.5,0.6666666666666666,24.66630700001815,0.7142857142857143,0.5,0.588235294117647,45.919653999987986,0.8333333333333334,0.5,0.625,44.93233400000918
0000276_05001_d_0000532.jpg,7,YOLOv13-L,YOLOv13-X,0,0.8571428571428571,0.8571428571428571,0.8571428571428571,59.259143000019776,1.0,1.0,1.0,1.0,0.7142857142857143,0.8333333333333333,30.902902000008226,1.0,0.7142857142857143,0.8333333333333333,17.481030999988434,0.8571428571428571,0.8571428571428571,0.8571428571428571,27.822129000014684,1.0,1.0,1.0,27.927592999986928
0000276_05201_d_0000533.jpg,6,YOLOv13-N,YOLOv13-X,0,0.8,0.6666666666666666,0.7272727272727272,32.164182000002484,0.8333333333333334,0.8333333333333334,0.8333333333333334,0.8,0.6666666666666666,0.7272727272727272,32.164182000002484,0.5,0.5,0.5,18.93316899997899,0.8,0.6666666666666666,0.7272727272727272,36.45344599999589,0.8333333333333334,0.8333333333333334,0.8333333333333334,47.09103900000855
0000276_05601_d_0000535.jpg,10,YOLOv13-L,YOLOv13-N,0,0.0,0.0,0.0,62.223713999998154,0.0,0.0,0.0,0.0,0.0,0.0,30.443423999997776,0.0,0.0,0.0,18.794753000008768,0.0,0.0,0.0,26.01016599999184,0.0,0.0,0.0,27.711012000025903
0000276_05801_d_0000536.jpg,7,YOLOv13-N,YOLOv13-L,0,1.0,0.14285714285714285,0.25,18.051350999996885,0.6666666666666666,0.5714285714285714,0.6153846153846153,1.0,0.14285714285714285,0.25,18.051350999996885,1.0,0.14285714285714285,0.25,25.172044000015603,0.6666666666666666,0.5714285714285714,0.6153846153846153,32.48831100000871,1.0,0.2857142857142857,0.4444444444444445,42.57958700000586
0000276_06001_d_0000537.jpg,14,YOLOv13-S,YOLOv13-L,0,0.625,0.35714285714285715,0.45454545454545453,38.01396800002976,0.8571428571428571,0.42857142857142855,0.5714285714285714,0.8,0.2857142857142857,0.4210526315789473,20.32218500002614,0.625,0.35714285714285715,0.45454545454545453,16.92356299997755,0.8571428571428571,0.42857142857142855,0.5714285714285714,47.280807999982244,0.8571428571428571,0.42857142857142855,0.5714285714285714,48.330992000018114
0000277_00001_d_0000539.jpg,85,YOLOv13-X,YOLOv13-X,1,0.6024096385542169,0.5882352941176471,0.5952380952380952,74.54065499999274,0.6024096385542169,0.5882352941176471,0.5952380952380952,0.4868421052631579,0.43529411764705883,0.45962732919254656,29.816898000007086,0.6081081081081081,0.5294117647058824,0.5660377358490566,30.050190999986626,0.5730337078651685,0.6,0.5862068965517241,45.24775900000577,0.6024096385542169,0.5882352941176471,0.5952380952380952,29.397449000015285
0000277_00201_d_0000540.jpg,83,YOLOv13-X,YOLOv13-L,0,0.6666666666666666,0.6024096385542169,0.6329113924050633,62.77769300001523,0.7101449275362319,0.5903614457831325,0.6447368421052632,0.7,0.5060240963855421,0.5874125874125874,19.74872700000674,0.6575342465753424,0.5783132530120482,0.6153846153846153,31.2692150000089,0.7101449275362319,0.5903614457831325,0.6447368421052632,46.11492799998018,0.6666666666666666,0.6024096385542169,0.6329113924050633,46.397590999987415
0000277_00401_d_0000541.jpg,117,YOLOv13-X,YOLOv13-X,1,0.7547169811320755,0.3418803418803419,0.47058823529411775,52.578597999996646,0.7547169811320755,0.3418803418803419,0.47058823529411775,0.6744186046511628,0.24786324786324787,0.3625,19.589695999997048,0.7446808510638298,0.29914529914529914,0.4268292682926829,18.200505000010025,0.6909090909090909,0.3247863247863248,0.44186046511627913,27.27274500000476,0.7547169811320755,0.3418803418803419,0.47058823529411775,28.131671000011238
0000277_01401_d_0000546.jpg,78,YOLOv13-X,YOLOv13-X,1,0.7301587301587301,0.5897435897435898,0.6524822695035462,61.62000199998374,0.7301587301587301,0.5897435897435898,0.6524822695035462,0.6607142857142857,0.47435897435897434,0.5522388059701493,30.17126599999642,0.578125,0.47435897435897434,0.5211267605633803,32.27128500000731,0.6615384615384615,0.5512820512820513,0.6013986013986014,28.222846999995,0.7301587301587301,0.5897435897435898,0.6524822695035462,27.09341199999926
0000277_01601_d_0000547.jpg,78,YOLOv13-X,YOLOv13-X,1,0.7796610169491526,0.5897435897435898,0.6715328467153285,76.66407599998593,0.7796610169491526,0.5897435897435898,0.6715328467153285,0.6833333333333333,0.5256410256410257,0.5942028985507246,31.780910000009044,0.647887323943662,0.5897435897435898,0.6174496644295302,29.404924999994364,0.6865671641791045,0.5897435897435898,0.6344827586206897,44.00377400000366,0.7796610169491526,0.5897435897435898,0.6715328467153285,43.131708999993634
0000277_01801_d_0000548.jpg,101,YOLOv13-L,YOLOv13-X,0,0.647887323943662,0.45544554455445546,0.5348837209302326,52.38316599999848,0.676056338028169,0.4752475247524752,0.5581395348837209,0.578125,0.36633663366336633,0.4484848484848485,19.529946999995218,0.5555555555555556,0.3465346534653465,0.4268292682926829,29.875256999986277,0.647887323943662,0.45544554455445546,0.5348837209302326,48.00787199999945,0.676056338028169,0.4752475247524752,0.5581395348837209,46.0178540000129
0000277_02001_d_0000549.jpg,83,YOLOv13-L,YOLOv13-L,1,0.890625,0.6867469879518072,0.7755102040816326,63.68743499999141,0.890625,0.6867469879518072,0.7755102040816326,0.7666666666666667,0.5542168674698795,0.6433566433566433,20.626746000004914,0.8305084745762712,0.5903614457831325,0.6901408450704225,32.427552999990894,0.890625,0.6867469879518072,0.7755102040816326,45.731582000001936,0.8125,0.6265060240963856,0.7074829931972789,33.413281999997935
0000277_02201_d_0000550.jpg,68,YOLOv13-L,YOLOv13-X,0,0.7258064516129032,0.6617647058823529,0.6923076923076922,55.69470399998977,0.7833333333333333,0.6911764705882353,0.7343749999999999,0.7924528301886793,0.6176470588235294,0.6942148760330579,19.80095499999379,0.71875,0.6764705882352942,0.696969696969697,18.821682999998757,0.7258064516129032,0.6617647058823529,0.6923076923076922,28.074295999999777,0.7833333333333333,0.6911764705882353,0.7343749999999999,27.195766000005506
0000277_02401_d_0000551.jpg,90,YOLOv13-X,YOLOv13-S,0,0.6714285714285714,0.5222222222222223,0.5875,77.46563099999548,0.7384615384615385,0.5333333333333333,0.6193548387096774,0.7368421052631579,0.4666666666666667,0.5714285714285714,32.19661899998982,0.7384615384615385,0.5333333333333333,0.6193548387096774,17.699847000017144,0.6619718309859155,0.5222222222222223,0.5838509316770187,27.305031999986795,0.6714285714285714,0.5222222222222223,0.5875,48.26141699999198
0000277_02601_d_0000552.jpg,121,YOLOv13-X,YOLOv13-X,1,0.75,0.4214876033057851,0.5396825396825398,55.34859400000869,0.75,0.4214876033057851,0.5396825396825398,0.671875,0.35537190082644626,0.46486486486486484,19.53803099999618,0.6666666666666666,0.34710743801652894,0.45652173913043476,30.82984799999622,0.6578947368421053,0.4132231404958678,0.5076142131979696,47.25602400000639,0.75,0.4214876033057851,0.5396825396825398,45.61370400000442
0000277_03201_d_0000554.jpg,85,YOLOv13-X,YOLOv13-X,1,0.8076923076923077,0.49411764705882355,0.6131386861313869,68.38464599999838,0.8076923076923077,0.49411764705882355,0.6131386861313869,0.6326530612244898,0.36470588235294116,0.4626865671641791,31.329284000008784,0.74,0.43529411764705883,0.5481481481481482,30.30720999998948,0.7547169811320755,0.47058823529411764,0.5797101449275363,46.583076000018764,0.8076923076923077,0.49411764705882355,0.6131386861313869,29.336693000004743
0000277_03401_d_0000555.jpg,103,YOLOv13-X,YOLOv13-X,1,0.8620689655172413,0.4854368932038835,0.6211180124223602,53.99690600000895,0.8620689655172413,0.4854368932038835,0.6211180124223602,0.7142857142857143,0.4368932038834951,0.5421686746987951,19.05509100001268,0.7333333333333333,0.42718446601941745,0.5398773006134969,28.513833000005206,0.7794117647058824,0.5145631067961165,0.6198830409356724,45.44308100000194,0.8620689655172413,0.4854368932038835,0.6211180124223602,44.58900200000926
0000277_03601_d_0000556.jpg,59,YOLOv13-X,YOLOv13-X,1,0.746031746031746,0.7966101694915254,0.7704918032786885,57.66786800001,0.746031746031746,0.7966101694915254,0.7704918032786885,0.625,0.6779661016949152,0.6504065040650406,19.169948000012482,0.6666666666666666,0.711864406779661,0.6885245901639344,17.95854700000632,0.7272727272727273,0.8135593220338984,0.768,27.196411000005583,0.746031746031746,0.7966101694915254,0.7704918032786885,26.929741999992984
0000277_04001_d_0000558.jpg,74,YOLOv13-X,YOLOv13-X,1,0.7761194029850746,0.7027027027027027,0.7375886524822697,56.71709300000316,0.7761194029850746,0.7027027027027027,0.7375886524822697,0.6716417910447762,0.6081081081081081,0.6382978723404256,18.582748999989462,0.6417910447761194,0.581081081081081,0.6099290780141844,19.027475999990884,0.7222222222222222,0.7027027027027027,0.7123287671232876,28.02260000001411,0.7761194029850746,0.7027027027027027,0.7375886524822697,27.185285000001613
0000277_04201_d_0000559.jpg,67,YOLOv13-L,YOLOv13-X,0,0.8,0.7164179104477612,0.7559055118110236,57.82110500001636,0.8620689655172413,0.746268656716418,0.7999999999999999,0.8085106382978723,0.5671641791044776,0.6666666666666666,31.90797700000303,0.7678571428571429,0.6417910447761194,0.6991869918699187,32.47650000000135,0.8,0.7164179104477612,0.7559055118110236,48.35119599999871,0.8620689655172413,0.746268656716418,0.7999999999999999,46.43893300001878
0000277_04401_d_0000560.jpg,70,YOLOv13-X,YOLOv13-X,1,0.8305084745762712,0.7,0.7596899224806201,57.861196999994036,0.8305084745762712,0.7,0.7596899224806201,0.7321428571428571,0.5857142857142857,0.6507936507936508,30.80340500000034,0.7454545454545455,0.5857142857142857,0.656,32.06999500000052,0.7540983606557377,0.6571428571428571,0.7022900763358779,46.13055500001906,0.8305084745762712,0.7,0.7596899224806201,50.53653300001315
0000277_04601_d_0000561.jpg,95,YOLOv13-X,YOLOv13-X,1,0.8,0.5894736842105263,0.6787878787878788,48.731371000002355,0.8,0.5894736842105263,0.6787878787878788,0.704225352112676,0.5263157894736842,0.6024096385542169,19.57313799999838,0.7424242424242424,0.5157894736842106,0.6086956521739131,18.50251599998387,0.7971014492753623,0.5789473684210527,0.6707317073170732,24.607707000001255,0.8,0.5894736842105263,0.6787878787878788,24.66776400001436
0000277_05001_d_0000562.jpg,97,YOLOv13-X,YOLOv13-X,1,0.7439024390243902,0.6288659793814433,0.6815642458100558,59.20869100000914,0.7439024390243902,0.6288659793814433,0.6815642458100558,0.7307692307692307,0.5876288659793815,0.6514285714285714,18.35178999999698,0.7671232876712328,0.5773195876288659,0.6588235294117646,18.914211999998543,0.725,0.5979381443298969,0.655367231638418,46.31928099999527,0.7439024390243902,0.6288659793814433,0.6815642458100558,46.77899000000707
0000280_00001_d_0000612.jpg,87,YOLOv13-X,YOLOv13-X,1,0.6986301369863014,0.5862068965517241,0.6375,53.55059100000403,0.6986301369863014,0.5862068965517241,0.6375,0.5833333333333334,0.40229885057471265,0.4761904761904762,19.631024000005937,0.676923076923077,0.5057471264367817,0.5789473684210527,32.12486699999317,0.6410256410256411,0.5747126436781609,0.6060606060606061,46.8062300000156,0.6986301369863014,0.5862068965517241,0.6375,36.7030639999939
0000280_00201_d_0000613.jpg,47,YOLOv13-X,YOLOv13-S,0,0.6274509803921569,0.6808510638297872,0.6530612244897959,42.18686200002253,0.6956521739130435,0.6808510638297872,0.6881720430107526,0.7297297297297297,0.574468085106383,0.6428571428571429,19.151182000001654,0.6956521739130435,0.6808510638297872,0.6881720430107526,18.66866199998185,0.625,0.6382978723404256,0.631578947368421,36.815544999996064,0.6274509803921569,0.6808510638297872,0.6530612244897959,26.633957000001374
0000280_00401_d_0000614.jpg,59,YOLOv13-L,YOLOv13-X,0,0.6274509803921569,0.5423728813559322,0.5818181818181818,60.37028899999086,0.6226415094339622,0.559322033898305,0.5892857142857142,0.5789473684210527,0.3728813559322034,0.45360824742268047,18.765167999987398,0.6756756756756757,0.423728813559322,0.5208333333333334,28.980137999980116,0.6274509803921569,0.5423728813559322,0.5818181818181818,47.85726600002249,0.6226415094339622,0.559322033898305,0.5892857142857142,46.01322199999913
0000280_00601_d_0000615.jpg,74,YOLOv13-X,YOLOv13-L,0,0.6739130434782609,0.4189189189189189,0.5166666666666667,56.862488999996685,0.7380952380952381,0.4189189189189189,0.5344827586206897,0.7931034482758621,0.3108108108108108,0.44660194174757284,19.531814000004033,0.8484848484848485,0.3783783783783784,0.5233644859813085,21.318597000004047,0.7380952380952381,0.4189189189189189,0.5344827586206897,26.956337999990865,0.6739130434782609,0.4189189189189189,0.5166666666666667,48.82159600001046
0000280_00801_d_0000616.jpg,70,YOLOv13-X,YOLOv13-S,0,0.6551724137931034,0.5428571428571428,0.5937499999999999,73.77053999999816,0.6851851851851852,0.5285714285714286,0.5967741935483871,0.7441860465116279,0.45714285714285713,0.5663716814159292,42.044104000012794,0.6851851851851852,0.5285714285714286,0.5967741935483871,28.956751999999142,0.6031746031746031,0.5428571428571428,0.5714285714285714,38.54471099998591,0.6551724137931034,0.5428571428571428,0.5937499999999999,28.242648000002646
0000280_01001_d_0000617.jpg,125,YOLOv13-L,YOLOv13-L,1,0.7619047619047619,0.384,0.5106382978723404,59.99693900000125,0.7619047619047619,0.384,0.5106382978723404,0.65,0.312,0.42162162162162165,24.162348000004386,0.7049180327868853,0.344,0.46236559139784944,19.36739600000692,0.7619047619047619,0.384,0.5106382978723404,28.12159999999153,0.6944444444444444,0.4,0.5076142131979695,27.42673299999865
0000280_01201_d_0000618.jpg,134,YOLOv13-L,YOLOv13-L,1,0.726027397260274,0.39552238805970147,0.5120772946859903,59.1231809999897,0.726027397260274,0.39552238805970147,0.5120772946859903,0.6981132075471698,0.27611940298507465,0.3957219251336898,19.469157999992603,0.7333333333333333,0.3283582089552239,0.45360824742268047,31.21304600000485,0.726027397260274,0.39552238805970147,0.5120772946859903,46.00709600001096,0.7285714285714285,0.3805970149253731,0.5,45.517198999988295
0000280_01401_d_0000619.jpg,110,YOLOv13-X,YOLOv13-X,1,0.8311688311688312,0.5818181818181818,0.6844919786096256,58.76234299998373,0.8311688311688312,0.5818181818181818,0.6844919786096256,0.7454545454545455,0.37272727272727274,0.496969696969697,19.69877899998096,0.803030303030303,0.4818181818181818,0.6022727272727273,19.452838000006523,0.8051948051948052,0.5636363636363636,0.6631016042780749,45.186327999999776,0.8311688311688312,0.5818181818181818,0.6844919786096256,45.167233000000806
0000280_01601_d_0000620.jpg,103,YOLOv13-X,YOLOv13-X,1,0.8194444444444444,0.5728155339805825,0.6742857142857143,43.303904000026705,0.8194444444444444,0.5728155339805825,0.6742857142857143,0.8135593220338984,0.46601941747572817,0.5925925925925927,19.232517000006055,0.8307692307692308,0.5242718446601942,0.6428571428571429,19.909934999986945,0.8260869565217391,0.5533980582524272,0.6627906976744187,45.47767099998623,0.8194444444444444,0.5728155339805825,0.6742857142857143,48.517179000015176
0000280_01801_d_0000621.jpg,90,YOLOv13-X,YOLOv13-L,0,0.7962962962962963,0.4777777777777778,0.5972222222222222,67.59148000000437,0.8275862068965517,0.5333333333333333,0.6486486486486487,0.75,0.43333333333333335,0.5492957746478874,30.871986999983392,0.8148148148148148,0.4888888888888889,0.611111111111111,30.892468999979883,0.8275862068965517,0.5333333333333333,0.6486486486486487,28.97290100000305,0.7962962962962963,0.4777777777777778,0.5972222222222222,45.16449600001238
0000280_02001_d_0000622.jpg,66,YOLOv13-X,YOLOv13-X,1,0.8979591836734694,0.6666666666666666,0.7652173913043478,73.09918100003188,0.8979591836734694,0.6666666666666666,0.7652173913043478,0.8181818181818182,0.5454545454545454,0.6545454545454545,31.161549000017885,0.7916666666666666,0.5757575757575758,0.6666666666666667,29.883349999977327,0.8301886792452831,0.6666666666666666,0.7394957983193277,45.18327599998884,0.8979591836734694,0.6666666666666666,0.7652173913043478,44.43720899999448
0000280_02201_d_0000623.jpg,80,YOLOv13-L,YOLOv13-X,0,0.8571428571428571,0.6,0.7058823529411764,57.29722500001344,0.875,0.6125,0.7205882352941178,0.8,0.45,0.5760000000000001,19.488515000006146,0.7843137254901961,0.5,0.6106870229007634,26.917983999993567,0.8571428571428571,0.6,0.7058823529411764,27.307360000008885,0.875,0.6125,0.7205882352941178,32.830896000007215
0000280_02401_d_0000624.jpg,92,YOLOv13-L,YOLOv13-L,1,0.5769230769230769,0.32608695652173914,0.41666666666666663,69.1402449999714,0.5769230769230769,0.32608695652173914,0.41666666666666663,0.55,0.2391304347826087,0.33333333333333337,33.045712999978605,0.5681818181818182,0.2717391304347826,0.3676470588235294,23.355096000017284,0.5769230769230769,0.32608695652173914,0.41666666666666663,27.769629000005125,0.627906976744186,0.29347826086956524,0.4,18.614768000020376
0000280_02601_d_0000625.jpg,73,YOLOv13-X,YOLOv13-X,1,0.9387755102040817,0.6301369863013698,0.7540983606557377,55.611886000008326,0.9387755102040817,0.6301369863013698,0.7540983606557377,0.8717948717948718,0.4657534246575342,0.6071428571428571,18.986226000009765,0.9069767441860465,0.5342465753424658,0.6724137931034483,18.858168999997815,0.9375,0.6164383561643836,0.743801652892562,27.910401999974965,0.9387755102040817,0.6301369863013698,0.7540983606557377,27.533610999995517
0000280_02801_d_0000626.jpg,55,YOLOv13-L,YOLOv13-N,0,0.7083333333333334,0.6181818181818182,0.6601941747572815,49.68138000000977,0.75,0.6,0.6666666666666665,0.75,0.6,0.6666666666666665,19.337938000006716,0.6956521739130435,0.5818181818181818,0.6336633663366337,18.475909999978057,0.7083333333333334,0.6181818181818182,0.6601941747572815,28.07678500002453,0.6938775510204082,0.6181818181818182,0.6538461538461539,28.177747999990288
0000280_03001_d_0000627.jpg,88,YOLOv13-X,YOLOv13-L,0,0.76,0.4318181818181818,0.5507246376811594,62.08793300001503,0.7592592592592593,0.4659090909090909,0.5774647887323944,0.6808510638297872,0.36363636363636365,0.4740740740740741,19.113551999993206,0.723404255319149,0.38636363636363635,0.5037037037037038,30.437468000002355,0.7592592592592593,0.4659090909090909,0.5774647887323944,48.725719000003664,0.76,0.4318181818181818,0.5507246376811594,44.878205999992815
0000280_03201_d_0000628.jpg,82,YOLOv13-X,YOLOv13-X,1,0.7833333333333333,0.573170731707317,0.6619718309859154,45.87263600001279,0.7833333333333333,0.573170731707317,0.6619718309859154,0.7192982456140351,0.5,0.5899280575539568,19.379858999997168,0.8571428571428571,0.5121951219512195,0.6412213740458015,31.571842999994715,0.734375,0.573170731707317,0.6438356164383561,47.39074499997287,0.7833333333333333,0.573170731707317,0.6619718309859154,46.18019800000184
0000280_03401_d_0000629.jpg,83,YOLOv13-X,YOLOv13-L,0,0.7777777777777778,0.5060240963855421,0.6131386861313868,49.64407199997822,0.75,0.5421686746987951,0.6293706293706293,0.72,0.43373493975903615,0.5413533834586466,19.17105399999741,0.8235294117647058,0.5060240963855421,0.6268656716417911,19.083464000004824,0.75,0.5421686746987951,0.6293706293706293,26.957678999991685,0.7777777777777778,0.5060240963855421,0.6131386861313868,28.052024000004394
0000283_00401_d_0000676.jpg,6,YOLOv13-L,YOLOv13-N,0,0.8,0.6666666666666666,0.7272727272727272,67.1577830000274,1.0,0.6666666666666666,0.8,1.0,0.6666666666666666,0.8,31.966768000017964,0.8,0.6666666666666666,0.7272727272727272,19.668445000036172,0.8,0.6666666666666666,0.7272727272727272,30.987744000015027,0.6,0.5,0.5454545454545454,31.03321999998343
0000283_00601_d_0000677.jpg,9,YOLOv13-L,YOLOv13-S,0,0.8,0.4444444444444444,0.5714285714285714,57.04875499998252,0.8,0.4444444444444444,0.5714285714285714,0.6,0.3333333333333333,0.42857142857142855,20.768684000017856,0.8,0.4444444444444444,0.5714285714285714,21.53264000003219,0.8,0.4444444444444444,0.5714285714285714,31.151425000018662,0.8,0.4444444444444444,0.5714285714285714,29.60062899995819
0000283_00801_d_0000678.jpg,8,YOLOv13-X,YOLOv13-N,0,0.6666666666666666,0.25,0.36363636363636365,50.112036999962584,1.0,0.25,0.4,1.0,0.25,0.4,21.274866999988262,1.0,0.25,0.4,22.36364399999502,1.0,0.25,0.4,29.288761000032082,0.6666666666666666,0.25,0.36363636363636365,43.02190499998915
0000283_01001_d_0000679.jpg,4,YOLOv13-N,YOLOv13-N,1,1.0,1.0,1.0,21.179107000023123,1.0,1.0,1.0,1.0,1.0,1.0,21.179107000023123,1.0,1.0,1.0,25.204231999964577,1.0,1.0,1.0,27.572603000010076,0.75,0.75,0.75,28.8575650000098
0000287_00001_d_0000759.jpg,52,YOLOv13-L,YOLOv13-X,0,0.7021276595744681,0.6346153846153846,0.6666666666666666,54.85644000003731,0.7083333333333334,0.6538461538461539,0.68,0.7352941176470589,0.4807692307692308,0.5813953488372092,30.898335000017596,0.6744186046511628,0.5576923076923077,0.6105263157894736,20.90658100001974,0.7021276595744681,0.6346153846153846,0.6666666666666666,27.304132000040227,0.7083333333333334,0.6538461538461539,0.68,28.229775999989215
0000287_00201_d_0000760.jpg,51,YOLOv13-L,YOLOv13-L,1,0.8,0.7058823529411765,0.7500000000000001,57.107093000013265,0.8,0.7058823529411765,0.7500000000000001,0.90625,0.5686274509803921,0.6987951807228915,29.35815199998615,0.8378378378378378,0.6078431372549019,0.7045454545454545,19.22300900002938,0.8,0.7058823529411765,0.7500000000000001,27.292964000025677,0.8,0.7058823529411765,0.7500000000000001,28.31004799998027
0000287_00401_d_0000761.jpg,44,YOLOv13-L,YOLOv13-L,1,0.72,0.8181818181818182,0.7659574468085107,45.41890799993098,0.72,0.8181818181818182,0.7659574468085107,0.7567567567567568,0.6363636363636364,0.691358024691358,18.785918999981277,0.775,0.7045454545454546,0.7380952380952381,18.702817000018968,0.72,0.8181818181818182,0.7659574468085107,28.6333569999897,0.7391304347826086,0.7727272727272727,0.7555555555555555,27.800478999949974
0000287_00601_d_0000762.jpg,93,YOLOv13-X,YOLOv13-L,0,0.6470588235294118,0.3548387096774194,0.4583333333333333,53.62846399998489,0.673469387755102,0.3548387096774194,0.4647887323943662,0.6521739130434783,0.3225806451612903,0.43165467625899284,18.650836000006166,0.6666666666666666,0.3225806451612903,0.4347826086956521,29.117376000044715,0.673469387755102,0.3548387096774194,0.4647887323943662,46.18013199996085,0.6470588235294118,0.3548387096774194,0.4583333333333333,45.79157000000578
0000287_00801_d_0000763.jpg,58,YOLOv13-X,YOLOv13-L,0,0.7192982456140351,0.7068965517241379,0.7130434782608696,62.21843800000215,0.7454545454545455,0.7068965517241379,0.7256637168141592,0.6153846153846154,0.5517241379310345,0.5818181818181819,30.691763999982413,0.7222222222222222,0.6724137931034483,0.6964285714285714,19.822453000017504,0.7454545454545455,0.7068965517241379,0.7256637168141592,35.26611799998136,0.7192982456140351,0.7068965517241379,0.7130434782608696,46.72659499999554
0000287_01001_d_0000764.jpg,71,YOLOv13-X,YOLOv13-X,1,0.5531914893617021,0.36619718309859156,0.4406779661016949,63.73631799999657,0.5531914893617021,0.36619718309859156,0.4406779661016949,0.46938775510204084,0.323943661971831,0.38333333333333336,29.785381000010602,0.4318181818181818,0.2676056338028169,0.3304347826086957,24.005111999997553,0.5333333333333333,0.3380281690140845,0.4137931034482758,27.181869999992614,0.5531914893617021,0.36619718309859156,0.4406779661016949,27.114480000022922
0000287_01201_d_0000765.jpg,68,YOLOv13-X,YOLOv13-X,1,0.7321428571428571,0.6029411764705882,0.6612903225806451,72.59963600000674,0.7321428571428571,0.6029411764705882,0.6612903225806451,0.5957446808510638,0.4117647058823529,0.4869565217391305,33.17622599996639,0.7083333333333334,0.5,0.5862068965517241,20.652855000037107,0.6333333333333333,0.5588235294117647,0.59375,46.25380300001325,0.7321428571428571,0.6029411764705882,0.6612903225806451,43.05852300001334
0000287_01401_d_0000766.jpg,68,YOLOv13-L,YOLOv13-X,0,0.6666666666666666,0.5,0.5714285714285715,57.50193199997966,0.76,0.5588235294117647,0.6440677966101696,0.7714285714285715,0.39705882352941174,0.5242718446601942,30.1104490000057,0.7555555555555555,0.5,0.6017699115044248,18.85760099997924,0.6666666666666666,0.5,0.5714285714285715,27.886658999989322,0.76,0.5588235294117647,0.6440677966101696,28.008687999999893
0000287_01601_d_0000767.jpg,74,YOLOv13-L,YOLOv13-L,1,0.7906976744186046,0.4594594594594595,0.5811965811965812,58.08081200001425,0.7906976744186046,0.4594594594594595,0.5811965811965812,0.7096774193548387,0.2972972972972973,0.41904761904761906,19.347283999991305,0.6744186046511628,0.3918918918918919,0.49572649572649563,31.837133999999878,0.7906976744186046,0.4594594594594595,0.5811965811965812,45.94278199999735,0.75,0.44594594594594594,0.559322033898305,46.33043899997347
0000287_01801_d_0000768.jpg,56,YOLOv13-X,YOLOv13-X,1,0.7551020408163265,0.6607142857142857,0.7047619047619047,65.75147300003437,0.7551020408163265,0.6607142857142857,0.7047619047619047,0.6857142857142857,0.42857142857142855,0.5274725274725274,30.751719000022604,0.6956521739130435,0.5714285714285714,0.6274509803921569,30.160671000032835,0.660377358490566,0.625,0.6422018348623852,45.20729600000095,0.7551020408163265,0.6607142857142857,0.7047619047619047,27.32682300000988
0000287_02001_d_0000769.jpg,44,YOLOv13-L,YOLOv13-L,1,0.8648648648648649,0.7272727272727273,0.7901234567901235,61.00789300000997,0.8648648648648649,0.7272727272727273,0.7901234567901235,0.7714285714285715,0.6136363636363636,0.6835443037974683,32.1025129999839,0.90625,0.6590909090909091,0.763157894736842,20.85384399998702,0.8648648648648649,0.7272727272727273,0.7901234567901235,27.88308499998493,0.8857142857142857,0.7045454545454546,0.7848101265822784,27.779847999966023
0000287_02201_d_0000770.jpg,27,YOLOv13-N,YOLOv13-L,0,0.9230769230769231,0.4444444444444444,0.6,19.038324999996803,0.875,0.5185185185185185,0.6511627906976744,0.9230769230769231,0.4444444444444444,0.6,19.038324999996803,0.8461538461538461,0.4074074074074074,0.5499999999999999,18.02262600000404,0.875,0.5185185185185185,0.6511627906976744,35.94649400002936,0.7058823529411765,0.4444444444444444,0.5454545454545455,39.200036000011096
0000287_02401_d_0000771.jpg,18,YOLOv13-S,YOLOv13-X,0,0.6842105263157895,0.7222222222222222,0.7027027027027027,48.96149299997887,0.7777777777777778,0.7777777777777778,0.7777777777777778,0.75,0.6666666666666666,0.7058823529411765,30.375853000009556,0.6842105263157895,0.7222222222222222,0.7027027027027027,17.284283000037703,0.7222222222222222,0.7222222222222222,0.7222222222222222,27.210613000022477,0.7777777777777778,0.7777777777777778,0.7777777777777778,27.324827000029472
0000287_02601_d_0000772.jpg,44,YOLOv13-L,YOLOv13-L,1,0.8518518518518519,0.5227272727272727,0.647887323943662,55.886713000006694,0.8518518518518519,0.5227272727272727,0.647887323943662,0.7058823529411765,0.2727272727272727,0.39344262295081966,19.467131999988396,0.6333333333333333,0.4318181818181818,0.5135135135135135,19.481759000029797,0.8518518518518519,0.5227272727272727,0.647887323943662,28.570995999984916,0.8695652173913043,0.45454545454545453,0.5970149253731344,26.79609300002994
0000287_02801_d_0000773.jpg,60,YOLOv13-X,YOLOv13-X,1,0.84,0.7,0.7636363636363636,54.89695299996811,0.84,0.7,0.7636363636363636,0.7631578947368421,0.48333333333333334,0.5918367346938777,19.042695999985426,0.75,0.6,0.6666666666666665,31.658205000042017,0.8222222222222222,0.6166666666666667,0.7047619047619048,47.3888789999819,0.84,0.7,0.7636363636363636,36.47554599996283
0000287_03001_d_0000774.jpg,18,YOLOv13-L,YOLOv13-X,0,0.7142857142857143,0.8333333333333334,0.7692307692307692,68.13425399997186,0.7894736842105263,0.8333333333333334,0.8108108108108109,0.75,0.8333333333333334,0.7894736842105262,32.02887499998042,0.75,0.8333333333333334,0.7894736842105262,30.427040999995825,0.7142857142857143,0.8333333333333334,0.7692307692307692,44.960447999983444,0.7894736842105263,0.8333333333333334,0.8108108108108109,35.53124599994817
0000287_03401_d_0000776.jpg,56,YOLOv13-L,YOLOv13-X,0,0.75,0.8035714285714286,0.7758620689655172,48.80829100000028,0.7903225806451613,0.875,0.8305084745762712,0.82,0.7321428571428571,0.7735849056603773,18.677610999986882,0.7924528301886793,0.75,0.7706422018348623,32.65185999998721,0.75,0.8035714285714286,0.7758620689655172,45.56092199999284,0.7903225806451613,0.875,0.8305084745762712,45.53262700000005
0000287_04601_d_0000780.jpg,88,YOLOv13-X,YOLOv13-X,1,0.8333333333333334,0.5681818181818182,0.6756756756756758,73.87040999998362,0.8333333333333334,0.5681818181818182,0.6756756756756758,0.8679245283018868,0.5227272727272727,0.6524822695035462,31.387322000000495,0.8103448275862069,0.5340909090909091,0.6438356164383561,31.703529000026265,0.8448275862068966,0.5568181818181818,0.6712328767123287,39.24344500001098,0.8333333333333334,0.5681818181818182,0.6756756756756758,27.896985999973367
0000287_04801_d_0000781.jpg,53,YOLOv13-L,YOLOv13-X,0,0.7111111111111111,0.6037735849056604,0.6530612244897959,69.069571,0.7333333333333333,0.6226415094339622,0.673469387755102,0.6944444444444444,0.4716981132075472,0.5617977528089889,31.419294999977865,0.75,0.5094339622641509,0.6067415730337078,21.537326999975903,0.7111111111111111,0.6037735849056604,0.6530612244897959,28.781010999978207,0.7333333333333333,0.6226415094339622,0.673469387755102,26.764517000003707
0000287_05001_d_0000782.jpg,62,YOLOv13-L,YOLOv13-X,0,0.7619047619047619,0.5161290322580645,0.6153846153846153,62.654780000002575,0.75,0.532258064516129,0.6226415094339622,0.7837837837837838,0.46774193548387094,0.5858585858585857,31.91590000000133,0.775,0.5,0.607843137254902,31.138511999984075,0.7619047619047619,0.5161290322580645,0.6153846153846153,47.755542000004425,0.75,0.532258064516129,0.6226415094339622,45.01956000001428
0000289_00001_d_0000811.jpg,41,YOLOv13-X,YOLOv13-L,0,0.7297297297297297,0.6585365853658537,0.6923076923076923,64.35624700003473,0.7073170731707317,0.7073170731707317,0.7073170731707317,0.75,0.5121951219512195,0.6086956521739131,31.824360000030083,0.6571428571428571,0.5609756097560976,0.605263157894737,19.401816999959465,0.7073170731707317,0.7073170731707317,0.7073170731707317,27.541307999968012,0.7297297297297297,0.6585365853658537,0.6923076923076923,27.198441999985334
0000289_00201_d_0000812.jpg,43,YOLOv13-X,YOLOv13-X,1,0.7692307692307693,0.6976744186046512,0.7317073170731708,72.15251700000636,0.7692307692307693,0.6976744186046512,0.7317073170731708,0.6060606060606061,0.46511627906976744,0.5263157894736842,31.97081899998011,0.5476190476190477,0.5348837209302325,0.5411764705882354,19.257465999999113,0.6956521739130435,0.7441860465116279,0.7191011235955057,27.84555900001351,0.7692307692307693,0.6976744186046512,0.7317073170731708,27.409715000032975
0000289_00401_d_0000813.jpg,53,YOLOv13-L,YOLOv13-X,0,0.7142857142857143,0.660377358490566,0.6862745098039216,71.81906799996796,0.75,0.6792452830188679,0.712871287128713,0.6326530612244898,0.5849056603773585,0.6078431372549019,32.121138999968935,0.6226415094339622,0.6226415094339622,0.6226415094339622,17.305370999963543,0.7142857142857143,0.660377358490566,0.6862745098039216,33.12582600000269,0.75,0.6792452830188679,0.712871287128713,47.956354000007195
0000289_00601_d_0000814.jpg,43,YOLOv13-L,YOLOv13-L,1,0.7575757575757576,0.5813953488372093,0.6578947368421053,56.590614000015194,0.7575757575757576,0.5813953488372093,0.6578947368421053,0.6666666666666666,0.46511627906976744,0.547945205479452,30.559901999993144,0.6666666666666666,0.5581395348837209,0.6075949367088608,17.889598000010665,0.7575757575757576,0.5813953488372093,0.6578947368421053,27.43540699998448,0.7931034482758621,0.5348837209302325,0.6388888888888888,30.0497730000302
0000289_00801_d_0000815.jpg,39,YOLOv13-L,YOLOv13-L,1,0.8214285714285714,0.5897435897435898,0.6865671641791046,59.84663999998929,0.8214285714285714,0.5897435897435898,0.6865671641791046,0.782608695652174,0.46153846153846156,0.5806451612903226,31.315286999983982,0.6333333333333333,0.48717948717948717,0.5507246376811593,19.99513499998784,0.8214285714285714,0.5897435897435898,0.6865671641791046,29.325634999963768,0.7142857142857143,0.5128205128205128,0.5970149253731343,27.652283999998417
0000289_01001_d_0000816.jpg,33,YOLOv13-L,YOLOv13-L,1,0.8333333333333334,0.7575757575757576,0.7936507936507938,52.21333599996569,0.8333333333333334,0.7575757575757576,0.7936507936507938,0.6333333333333333,0.5757575757575758,0.6031746031746033,18.700268999964464,0.7142857142857143,0.6060606060606061,0.6557377049180327,27.01758199998494,0.8333333333333334,0.7575757575757576,0.7936507936507938,38.35972400003129,0.6666666666666666,0.7272727272727273,0.6956521739130435,27.45341100001042
0000289_01201_d_0000817.jpg,43,YOLOv13-X,YOLOv13-X,1,0.696969696969697,0.5348837209302325,0.6052631578947368,58.033185999988746,0.696969696969697,0.5348837209302325,0.6052631578947368,0.525,0.4883720930232558,0.5060240963855422,30.432641000004423,0.5862068965517241,0.3953488372093023,0.4722222222222222,19.48647400001846,0.625,0.46511627906976744,0.5333333333333334,28.15201399999978,0.696969696969697,0.5348837209302325,0.6052631578947368,26.363042000014048
0000289_01401_d_0000818.jpg,39,YOLOv13-X,YOLOv13-L,0,0.6904761904761905,0.7435897435897436,0.7160493827160495,45.811721000006855,0.725,0.7435897435897436,0.7341772151898733,0.6666666666666666,0.5128205128205128,0.5797101449275363,18.664542999999867,0.5945945945945946,0.5641025641025641,0.5789473684210528,15.068433000010373,0.725,0.7435897435897436,0.7341772151898733,27.314389999958166,0.6904761904761905,0.7435897435897436,0.7160493827160495,27.608920999966813
0000289_01601_d_0000819.jpg,44,YOLOv13-L,YOLOv13-L,1,0.7647058823529411,0.5909090909090909,0.6666666666666667,47.37012300006427,0.7647058823529411,0.5909090909090909,0.6666666666666667,0.6111111111111112,0.5,0.55,18.635503000041354,0.6666666666666666,0.5454545454545454,0.6,17.207223000013983,0.7647058823529411,0.5909090909090909,0.6666666666666667,48.086543000010806,0.6341463414634146,0.5909090909090909,0.611764705882353,48.128230000031635
0000289_02001_d_0000821.jpg,43,YOLOv13-L,YOLOv13-X,0,0.8205128205128205,0.7441860465116279,0.7804878048780488,59.9032780000357,0.8048780487804879,0.7674418604651163,0.7857142857142858,0.7631578947368421,0.6744186046511628,0.7160493827160495,18.81659700001137,0.8055555555555556,0.6744186046511628,0.7341772151898734,29.709189000016067,0.8205128205128205,0.7441860465116279,0.7804878048780488,45.91775000000098,0.8048780487804879,0.7674418604651163,0.7857142857142858,44.297477999975854
0000289_02201_d_0000822.jpg,29,YOLOv13-L,YOLOv13-X,0,0.8260869565217391,0.6551724137931034,0.7307692307692308,47.26804000000584,0.8695652173913043,0.6896551724137931,0.7692307692307693,0.68,0.5862068965517241,0.6296296296296295,19.000284000014744,0.76,0.6551724137931034,0.7037037037037037,17.643661000022348,0.8260869565217391,0.6551724137931034,0.7307692307692308,28.575715999977547,0.8695652173913043,0.6896551724137931,0.7692307692307693,26.662943000019368
0000289_02401_d_0000823.jpg,49,YOLOv13-L,YOLOv13-L,1,0.7755102040816326,0.7755102040816326,0.7755102040816326,46.116891999986365,0.7755102040816326,0.7755102040816326,0.7755102040816326,0.631578947368421,0.4897959183673469,0.5517241379310346,18.638834999990195,0.6666666666666666,0.6122448979591837,0.6382978723404255,16.316412999969998,0.7755102040816326,0.7755102040816326,0.7755102040816326,27.70624599997973,0.7358490566037735,0.7959183673469388,0.7647058823529412,27.609410000025036
0000289_02601_d_0000824.jpg,58,YOLOv13-L,YOLOv13-X,0,0.803921568627451,0.7068965517241379,0.7522935779816514,45.302571000036096,0.8541666666666666,0.7068965517241379,0.7735849056603773,0.7647058823529411,0.4482758620689655,0.5652173913043479,19.87891800001762,0.8461538461538461,0.5689655172413793,0.6804123711340206,17.977776999998696,0.803921568627451,0.7068965517241379,0.7522935779816514,27.982994000012695,0.8541666666666666,0.7068965517241379,0.7735849056603773,27.20220200001222
0000289_03001_d_0000826.jpg,61,YOLOv13-X,YOLOv13-X,1,0.7551020408163265,0.6065573770491803,0.6727272727272727,47.601259000032314,0.7551020408163265,0.6065573770491803,0.6727272727272727,0.7297297297297297,0.4426229508196721,0.5510204081632653,17.728352999995423,0.6521739130434783,0.4918032786885246,0.5607476635514019,16.773612000008598,0.7307692307692307,0.6229508196721312,0.672566371681416,27.86890800001629,0.7551020408163265,0.6065573770491803,0.6727272727272727,27.123598999992282
0000289_03201_d_0000827.jpg,80,YOLOv13-L,YOLOv13-X,0,0.7142857142857143,0.5,0.588235294117647,48.850741000023845,0.7272727272727273,0.5,0.5925925925925926,0.6744186046511628,0.3625,0.4715447154471545,18.961439000008795,0.6792452830188679,0.45,0.5413533834586466,17.80859699999837,0.7142857142857143,0.5,0.588235294117647,28.49317999999812,0.7272727272727273,0.5,0.5925925925925926,27.08673600000111
0000289_03401_d_0000828.jpg,54,YOLOv13-L,YOLOv13-L,1,0.7115384615384616,0.6851851851851852,0.6981132075471698,54.25832299999911,0.7115384615384616,0.6851851851851852,0.6981132075471698,0.717948717948718,0.5185185185185185,0.6021505376344085,18.284789000006185,0.7073170731707317,0.5370370370370371,0.6105263157894738,18.841102999999748,0.7115384615384616,0.6851851851851852,0.6981132075471698,27.445475999968494,0.6101694915254238,0.6666666666666666,0.6371681415929203,37.55238299999064
0000289_03601_d_0000829.jpg,77,YOLOv13-X,YOLOv13-X,1,0.6739130434782609,0.4025974025974026,0.5040650406504066,58.90722399999504,0.6739130434782609,0.4025974025974026,0.5040650406504066,0.5,0.2597402597402597,0.34188034188034183,30.514010999979746,0.6578947368421053,0.3246753246753247,0.43478260869565216,16.5633700000285,0.6521739130434783,0.38961038961038963,0.4878048780487804,25.538041999993766,0.6739130434782609,0.4025974025974026,0.5040650406504066,27.563556000018252
0000289_03801_d_0000830.jpg,100,YOLOv13-L,YOLOv13-X,0,0.627906976744186,0.27,0.37762237762237766,62.86635399999341,0.6304347826086957,0.29,0.3972602739726027,0.6,0.21,0.3111111111111111,17.442206999987775,0.5945945945945946,0.22,0.32116788321167883,31.856661999995595,0.627906976744186,0.27,0.37762237762237766,47.60021799995684,0.6304347826086957,0.29,0.3972602739726027,45.388062000029095
0000289_04001_d_0000831.jpg,80,YOLOv13-L,YOLOv13-L,1,0.6571428571428571,0.575,0.6133333333333333,57.22231800007194,0.6571428571428571,0.575,0.6133333333333333,0.6,0.3,0.4,30.325228000037896,0.6274509803921569,0.4,0.4885496183206107,22.645088999979635,0.6571428571428571,0.575,0.6133333333333333,48.1240099999809,0.6774193548387096,0.525,0.5915492957746479,45.049037000012504
0000289_04201_d_0000832.jpg,88,YOLOv13-X,YOLOv13-X,1,0.6933333333333334,0.5909090909090909,0.638036809815951,51.972798000008424,0.6933333333333334,0.5909090909090909,0.638036809815951,0.6153846153846154,0.36363636363636365,0.4571428571428572,18.47372100002076,0.5542168674698795,0.5227272727272727,0.5380116959064327,19.624627000041528,0.6172839506172839,0.5681818181818182,0.591715976331361,28.131301000030362,0.6933333333333334,0.5909090909090909,0.638036809815951,30.340634999959093
0000289_04401_d_0000833.jpg,100,YOLOv13-X,YOLOv13-X,1,0.7553191489361702,0.71,0.731958762886598,63.3296830000063,0.7553191489361702,0.71,0.731958762886598,0.7049180327868853,0.43,0.5341614906832297,23.139377999996213,0.6666666666666666,0.6,0.631578947368421,19.230945000003885,0.6777777777777778,0.61,0.6421052631578946,27.94916700003114,0.7553191489361702,0.71,0.731958762886598,25.702250999984244
0000289_04601_d_0000834.jpg,93,YOLOv13-X,YOLOv13-X,1,0.7954545454545454,0.7526881720430108,0.7734806629834253,71.25169400001141,0.7954545454545454,0.7526881720430108,0.7734806629834253,0.7125,0.6129032258064516,0.6589595375722543,31.80492100000265,0.6777777777777778,0.6559139784946236,0.6666666666666666,18.66071599999941,0.6774193548387096,0.6774193548387096,0.6774193548387096,26.34991299999001,0.7954545454545454,0.7526881720430108,0.7734806629834253,27.032726000015828
0000289_04801_d_0000835.jpg,71,YOLOv13-X,YOLOv13-L,0,0.7678571428571429,0.6056338028169014,0.6771653543307087,75.32122700001764,0.82,0.5774647887323944,0.6776859504132231,0.7021276595744681,0.4647887323943662,0.559322033898305,32.346774000018286,0.7307692307692307,0.5352112676056338,0.6178861788617886,20.225052999990112,0.82,0.5774647887323944,0.6776859504132231,46.842101999970964,0.7678571428571429,0.6056338028169014,0.6771653543307087,43.79688099999157
0000289_05001_d_0000836.jpg,65,YOLOv13-L,YOLOv13-X,0,0.7419354838709677,0.7076923076923077,0.7244094488188977,58.684762000041246,0.7384615384615385,0.7384615384615385,0.7384615384615385,0.7446808510638298,0.5384615384615384,0.625,31.080774000031397,0.711864406779661,0.6461538461538462,0.6774193548387097,19.121388999963074,0.7419354838709677,0.7076923076923077,0.7244094488188977,27.48695200000384,0.7384615384615385,0.7384615384615385,0.7384615384615385,26.981392999971376
0000289_05201_d_0000837.jpg,79,YOLOv13-L,YOLOv13-X,0,0.7575757575757576,0.6329113924050633,0.6896551724137931,59.08145399996556,0.7727272727272727,0.6455696202531646,0.7034482758620689,0.8,0.45569620253164556,0.5806451612903226,31.180964999975913,0.6935483870967742,0.5443037974683544,0.6099290780141844,19.13435300002675,0.7575757575757576,0.6329113924050633,0.6896551724137931,28.299962000005507,0.7727272727272727,0.6455696202531646,0.7034482758620689,27.42526600002293
0000289_05401_d_0000838.jpg,81,YOLOv13-X,YOLOv13-X,1,0.6363636363636364,0.6049382716049383,0.6202531645569621,50.414654000007886,0.6363636363636364,0.6049382716049383,0.6202531645569621,0.5466666666666666,0.5061728395061729,0.5256410256410257,19.78136700000732,0.5180722891566265,0.5308641975308642,0.524390243902439,19.075848999989375,0.5903614457831325,0.6049382716049383,0.5975609756097562,31.46548399996618,0.6363636363636364,0.6049382716049383,0.6202531645569621,27.611917999990965
0000289_05601_d_0000839.jpg,107,YOLOv13-X,YOLOv13-L,0,0.7045454545454546,0.5794392523364486,0.635897435897436,72.96752000002016,0.810126582278481,0.5981308411214953,0.6881720430107526,0.6666666666666666,0.3925233644859813,0.49411764705882355,32.84947200000943,0.675,0.5046728971962616,0.5775401069518715,32.121056999983466,0.810126582278481,0.5981308411214953,0.6881720430107526,35.863185000039266,0.7045454545454546,0.5794392523364486,0.635897435897436,27.45897900001637
0000289_05801_d_0000840.jpg,78,YOLOv13-L,YOLOv13-X,0,0.6376811594202898,0.5641025641025641,0.5986394557823129,76.05351500001234,0.6716417910447762,0.5769230769230769,0.6206896551724138,0.6226415094339622,0.4230769230769231,0.5038167938931297,31.414410000024873,0.6,0.5,0.5454545454545454,30.70851400002539,0.6376811594202898,0.5641025641025641,0.5986394557823129,45.28907399998161,0.6716417910447762,0.5769230769230769,0.6206896551724138,31.566815000019233
0000289_06001_d_0000841.jpg,80,YOLOv13-X,YOLOv13-X,1,0.796875,0.6375,0.7083333333333333,58.79105499997195,0.796875,0.6375,0.7083333333333333,0.7843137254901961,0.5,0.6106870229007634,29.906555999957618,0.7213114754098361,0.55,0.624113475177305,31.04792799996403,0.7777777777777778,0.6125,0.6853146853146853,44.82800699997824,0.796875,0.6375,0.7083333333333333,30.21069799996212
0000289_06201_d_0000842.jpg,79,YOLOv13-X,YOLOv13-X,1,0.8688524590163934,0.6708860759493671,0.7571428571428572,70.31536499999902,0.8688524590163934,0.6708860759493671,0.7571428571428572,0.7818181818181819,0.5443037974683544,0.6417910447761194,31.78535000000693,0.7627118644067796,0.569620253164557,0.6521739130434783,18.02345900000546,0.8548387096774194,0.6708860759493671,0.7517730496453902,27.82727999999679,0.8688524590163934,0.6708860759493671,0.7571428571428572,27.005503999987468
0000289_06401_d_0000843.jpg,79,YOLOv13-L,YOLOv13-X,0,0.6323529411764706,0.5443037974683544,0.5850340136054422,61.14474599996811,0.7,0.5316455696202531,0.6043165467625898,0.6808510638297872,0.4050632911392405,0.5079365079365079,31.535360000020773,0.625,0.4430379746835443,0.5185185185185185,17.844453999998677,0.6323529411764706,0.5443037974683544,0.5850340136054422,27.318211000022075,0.7,0.5316455696202531,0.6043165467625898,28.21312300000045
0000289_06601_d_0000844.jpg,88,YOLOv13-L,YOLOv13-L,1,0.8305084745762712,0.5568181818181818,0.6666666666666666,49.76511899997149,0.8305084745762712,0.5568181818181818,0.6666666666666666,0.8125,0.4431818181818182,0.573529411764706,19.91447499995047,0.7894736842105263,0.5113636363636364,0.6206896551724137,18.827772000008736,0.8305084745762712,0.5568181818181818,0.6666666666666666,27.82769200001667,0.7868852459016393,0.5454545454545454,0.6442953020134228,27.76411399997869
0000289_06801_d_0000845.jpg,98,YOLOv13-L,YOLOv13-X,0,0.726027397260274,0.5408163265306123,0.6198830409356725,63.291721000041434,0.7571428571428571,0.5408163265306123,0.6309523809523809,0.782608695652174,0.3673469387755102,0.5,31.47021099999847,0.7966101694915254,0.47959183673469385,0.5987261146496815,30.757264999976996,0.726027397260274,0.5408163265306123,0.6198830409356725,47.904396000035376,0.7571428571428571,0.5408163265306123,0.6309523809523809,45.23055000004206
0000289_07001_d_0000846.jpg,74,YOLOv13-L,YOLOv13-X,0,0.7954545454545454,0.47297297297297297,0.5932203389830508,68.90692599995418,0.8478260869565217,0.527027027027027,0.6499999999999999,0.9032258064516129,0.3783783783783784,0.5333333333333333,31.112996999979714,0.8378378378378378,0.4189189189189189,0.5585585585585585,18.386378000002424,0.7954545454545454,0.47297297297297297,0.5932203389830508,28.183131999981015,0.8478260869565217,0.527027027027027,0.6499999999999999,27.409787999999935
0000289_07201_d_0000847.jpg,40,YOLOv13-L,YOLOv13-S,0,0.75,0.6,0.6666666666666665,71.01666899995962,0.8387096774193549,0.65,0.7323943661971831,0.7692307692307693,0.5,0.6060606060606061,32.569421999994574,0.8387096774193549,0.65,0.7323943661971831,16.316189000008308,0.75,0.6,0.6666666666666665,28.564453999990747,0.6904761904761905,0.725,0.7073170731707318,28.80513500002735
0000290_04001_d_0000867.jpg,79,YOLOv13-L,YOLOv13-X,0,0.8656716417910447,0.7341772151898734,0.7945205479452054,58.03713900002094,0.8939393939393939,0.7468354430379747,0.8137931034482758,0.8064516129032258,0.6329113924050633,0.7092198581560284,24.76712499998257,0.835820895522388,0.7088607594936709,0.7671232876712328,31.156235000025845,0.8656716417910447,0.7341772151898734,0.7945205479452054,47.16628500000297,0.8939393939393939,0.7468354430379747,0.8137931034482758,46.511977999955434
0000291_00001_d_0000868.jpg,178,YOLOv13-L,YOLOv13-X,0,0.3953488372093023,0.19101123595505617,0.25757575757575757,61.660152999934326,0.5238095238095238,0.24719101123595505,0.3358778625954198,0.5,0.1348314606741573,0.21238938053097345,24.56087499996329,0.4307692307692308,0.15730337078651685,0.23045267489711938,30.47855800002708,0.3953488372093023,0.19101123595505617,0.25757575757575757,39.95992800003023,0.5238095238095238,0.24719101123595505,0.3358778625954198,28.5558379999884
0000291_00201_d_0000869.jpg,113,YOLOv13-L,YOLOv13-X,0,0.618421052631579,0.415929203539823,0.4973544973544974,74.21407700002192,0.7083333333333334,0.45132743362831856,0.5513513513513514,0.5,0.22123893805309736,0.3067484662576687,31.71212000000878,0.6065573770491803,0.3274336283185841,0.42528735632183906,29.98381499998004,0.618421052631579,0.415929203539823,0.4973544973544974,27.043143000014425,0.7083333333333334,0.45132743362831856,0.5513513513513514,28.671686000052432
0000291_00401_d_0000870.jpg,166,YOLOv13-X,YOLOv13-X,1,0.6046511627906976,0.3132530120481928,0.41269841269841273,62.83168200002365,0.6046511627906976,0.3132530120481928,0.41269841269841273,0.46774193548387094,0.1746987951807229,0.2543859649122807,32.98317400003725,0.5308641975308642,0.25903614457831325,0.3481781376518219,18.593623000015214,0.5280898876404494,0.28313253012048195,0.3686274509803922,48.17190900001833,0.6046511627906976,0.3132530120481928,0.41269841269841273,45.63954599996123
0000291_00601_d_0000871.jpg,120,YOLOv13-X,YOLOv13-X,1,0.6989247311827957,0.5416666666666666,0.6103286384976525,58.486872999992556,0.6989247311827957,0.5416666666666666,0.6103286384976525,0.6031746031746031,0.31666666666666665,0.4153005464480874,31.591482999999698,0.6296296296296297,0.425,0.5074626865671642,24.748771000020042,0.6666666666666666,0.55,0.6027397260273972,46.19281499998351,0.6989247311827957,0.5416666666666666,0.6103286384976525,44.40111600001728
0000291_01001_d_0000873.jpg,159,YOLOv13-X,YOLOv13-X,1,0.6862745098039216,0.44025157232704404,0.5363984674329502,61.10439600001882,0.6862745098039216,0.44025157232704404,0.5363984674329502,0.5373134328358209,0.22641509433962265,0.3185840707964602,31.15258400003995,0.5955056179775281,0.3333333333333333,0.42741935483870963,19.46973200000457,0.6422018348623854,0.44025157232704404,0.5223880597014926,28.205936000006204,0.6862745098039216,0.44025157232704404,0.5363984674329502,27.436983000029613
0000291_01201_d_0000874.jpg,212,YOLOv13-X,YOLOv13-X,1,0.6438356164383562,0.44339622641509435,0.5251396648044692,60.08949100004202,0.6438356164383562,0.44339622641509435,0.5251396648044692,0.5288461538461539,0.25943396226415094,0.34810126582278483,20.151235000014367,0.5298507462686567,0.33490566037735847,0.4104046242774566,32.21764200003463,0.6275862068965518,0.42924528301886794,0.5098039215686275,30.90288999999302,0.6438356164383562,0.44339622641509435,0.5251396648044692,28.146291999973982
0000291_01401_d_0000875.jpg,154,YOLOv13-X,YOLOv13-L,0,0.6363636363636364,0.4090909090909091,0.49802371541501983,68.04991500001734,0.7010309278350515,0.44155844155844154,0.5418326693227091,0.5294117647058824,0.2922077922077922,0.3765690376569037,28.285615000015696,0.7078651685393258,0.4090909090909091,0.5185185185185185,29.270507000035195,0.7010309278350515,0.44155844155844154,0.5418326693227091,45.869692999986,0.6363636363636364,0.4090909090909091,0.49802371541501983,45.09516600001007
0000291_01601_d_0000876.jpg,87,YOLOv13-L,YOLOv13-L,1,0.6805555555555556,0.5632183908045977,0.6163522012578615,67.97692300000335,0.6805555555555556,0.5632183908045977,0.6163522012578615,0.5555555555555556,0.40229885057471265,0.4666666666666666,30.340856999998778,0.5974025974025974,0.5287356321839081,0.5609756097560975,31.253759000037462,0.6805555555555556,0.5632183908045977,0.6163522012578615,31.94223799999918,0.6527777777777778,0.5402298850574713,0.5911949685534591,44.18323199996621
0000291_01801_d_0000877.jpg,113,YOLOv13-L,YOLOv13-S,0,0.4797297297297297,0.6283185840707964,0.5440613026819923,67.71373899999844,0.5555555555555556,0.6194690265486725,0.5857740585774059,0.504424778761062,0.504424778761062,0.504424778761062,31.398106999972697,0.5555555555555556,0.6194690265486725,0.5857740585774059,30.687401999955455,0.4797297297297297,0.6283185840707964,0.5440613026819923,27.769913999975415,0.5144927536231884,0.6283185840707964,0.5657370517928287,27.574630999993133
0000291_02001_d_0000878.jpg,172,YOLOv13-L,YOLOv13-X,0,0.5918367346938775,0.5058139534883721,0.5454545454545454,71.86715699998558,0.6716417910447762,0.5232558139534884,0.5882352941176472,0.6320754716981132,0.38953488372093026,0.48201438848920863,33.42541799997889,0.6076923076923076,0.45930232558139533,0.5231788079470198,32.598414999995384,0.5918367346938775,0.5058139534883721,0.5454545454545454,48.07661500001359,0.6716417910447762,0.5232558139534884,0.5882352941176472,45.98678600001449
0000291_02201_d_0000879.jpg,149,YOLOv13-L,YOLOv13-X,0,0.5833333333333334,0.5167785234899329,0.5480427046263346,63.17132000003767,0.6124031007751938,0.5302013422818792,0.5683453237410072,0.525,0.4228187919463087,0.46840148698884754,30.544546000044193,0.5609756097560976,0.46308724832214765,0.5073529411764707,17.501984999967135,0.5833333333333334,0.5167785234899329,0.5480427046263346,46.40008000001217,0.6124031007751938,0.5302013422818792,0.5683453237410072,41.169683000020996
0000291_02601_d_0000881.jpg,178,YOLOv13-X,YOLOv13-X,1,0.6666666666666666,0.5617977528089888,0.6097560975609757,67.57304799998565,0.6666666666666666,0.5617977528089888,0.6097560975609757,0.5597014925373134,0.42134831460674155,0.48076923076923067,31.8791369999758,0.6598639455782312,0.5449438202247191,0.5969230769230769,30.696068999986892,0.6303030303030303,0.5842696629213483,0.6064139941690961,43.5620350000363,0.6666666666666666,0.5617977528089888,0.6097560975609757,46.09441899998501
0000291_03201_d_0000884.jpg,229,YOLOv13-X,YOLOv13-X,1,0.7012195121951219,0.5021834061135371,0.5852417302798981,58.959184999991976,0.7012195121951219,0.5021834061135371,0.5852417302798981,0.5658914728682171,0.31877729257641924,0.4078212290502793,31.40840000003209,0.6,0.43231441048034935,0.5025380710659899,31.619892000037453,0.6470588235294118,0.48034934497816595,0.5513784461152883,47.844702000020334,0.7012195121951219,0.5021834061135371,0.5852417302798981,46.57633499999747
0000291_03401_d_0000885.jpg,187,YOLOv13-L,YOLOv13-X,0,0.6666666666666666,0.5347593582887701,0.5934718100890207,61.94395800002894,0.6933333333333334,0.5561497326203209,0.6172106824925816,0.7294117647058823,0.3315508021390374,0.4558823529411764,32.073217000004206,0.6902654867256637,0.41711229946524064,0.5199999999999999,31.491954000046007,0.6666666666666666,0.5347593582887701,0.5934718100890207,47.061775999964084,0.6933333333333334,0.5561497326203209,0.6172106824925816,45.781438999995316
0000291_03601_d_0000886.jpg,112,YOLOv13-X,YOLOv13-X,1,0.42962962962962964,0.5178571428571429,0.46963562753036436,61.93517600007681,0.42962962962962964,0.5178571428571429,0.46963562753036436,0.4383561643835616,0.2857142857142857,0.34594594594594597,31.431758000053378,0.36082474226804123,0.3125,0.33492822966507174,19.060431000013978,0.38461538461538464,0.44642857142857145,0.41322314049586784,27.784730000007585,0.42962962962962964,0.5178571428571429,0.46963562753036436,45.5201369999827
0000291_03801_d_0000887.jpg,191,YOLOv13-X,YOLOv13-X,1,0.6518518518518519,0.4607329842931937,0.5398773006134969,57.97435099998438,0.6518518518518519,0.4607329842931937,0.5398773006134969,0.4461538461538462,0.1518324607329843,0.22656249999999997,23.44869699999208,0.4782608695652174,0.23036649214659685,0.31095406360424027,32.008683000015026,0.6134453781512605,0.38219895287958117,0.4709677419354839,27.64444300004243,0.6518518518518519,0.4607329842931937,0.5398773006134969,26.965406999977404
0000291_04001_d_0000888.jpg,108,YOLOv13-X,YOLOv13-X,1,0.5307692307692308,0.6388888888888888,0.5798319327731093,59.02000300000054,0.5307692307692308,0.6388888888888888,0.5798319327731093,0.4845360824742268,0.4351851851851852,0.4585365853658536,31.178737999994155,0.5233644859813084,0.5185185185185185,0.5209302325581395,30.74381099997936,0.5565217391304348,0.5925925925925926,0.5739910313901346,28.976680999960536,0.5307692307692308,0.6388888888888888,0.5798319327731093,27.814693000038915
0000291_04201_d_0000889.jpg,111,YOLOv13-X,YOLOv13-X,1,0.6698113207547169,0.6396396396396397,0.6543778801843319,74.53170999997383,0.6698113207547169,0.6396396396396397,0.6543778801843319,0.49122807017543857,0.5045045045045045,0.4977777777777777,32.03915599999618,0.6355140186915887,0.6126126126126126,0.6238532110091742,19.584323999993103,0.5905511811023622,0.6756756756756757,0.630252100840336,47.23788300003662,0.6698113207547169,0.6396396396396397,0.6543778801843319,44.73792099997809
0000291_04401_d_0000890.jpg,126,YOLOv13-X,YOLOv13-X,1,0.7017543859649122,0.6349206349206349,0.6666666666666666,56.59617200001321,0.7017543859649122,0.6349206349206349,0.6666666666666666,0.5084745762711864,0.47619047619047616,0.4918032786885246,29.944666999995206,0.6355140186915887,0.5396825396825397,0.5836909871244635,19.15090400001418,0.6324786324786325,0.5873015873015873,0.6090534979423867,46.39986800003726,0.7017543859649122,0.6349206349206349,0.6666666666666666,25.112150000040856
0000291_05001_d_0000892.jpg,135,YOLOv13-X,YOLOv13-X,1,0.6792452830188679,0.5333333333333333,0.5975103734439834,84.42696299999852,0.6792452830188679,0.5333333333333333,0.5975103734439834,0.5520833333333334,0.3925925925925926,0.4588744588744589,36.50172400000429,0.6509433962264151,0.5111111111111111,0.5726141078838174,30.938939000009213,0.6186440677966102,0.5407407407407407,0.5770750988142292,45.81181899999365,0.6792452830188679,0.5333333333333333,0.5975103734439834,45.855769000013424
0000291_05201_d_0000893.jpg,207,YOLOv13-X,YOLOv13-X,1,0.659217877094972,0.5700483091787439,0.6113989637305699,63.506637000045885,0.659217877094972,0.5700483091787439,0.6113989637305699,0.5766423357664233,0.38164251207729466,0.4593023255813953,21.386439000025348,0.6242038216560509,0.47342995169082125,0.5384615384615384,31.3815810000051,0.6111111111111112,0.5314009661835749,0.5684754521963824,46.169812000016464,0.659217877094972,0.5700483091787439,0.6113989637305699,45.84266300003037
0000293_03601_d_0000940.jpg,117,YOLOv13-X,YOLOv13-L,0,0.7532467532467533,0.49572649572649574,0.5979381443298969,71.11182400001326,0.7922077922077922,0.5213675213675214,0.6288659793814434,0.75,0.38461538461538464,0.5084745762711865,32.23986099999365,0.8253968253968254,0.4444444444444444,0.5777777777777777,19.62002099998017,0.7922077922077922,0.5213675213675214,0.6288659793814434,28.133427999989635,0.7532467532467533,0.49572649572649574,0.5979381443298969,27.597578999973393
0000295_00000_d_0000021.jpg,130,YOLOv13-X,YOLOv13-X,1,0.8253968253968254,0.4,0.5388601036269429,62.36964300001091,0.8253968253968254,0.4,0.5388601036269429,0.7241379310344828,0.3230769230769231,0.44680851063829785,25.228529000003164,0.7457627118644068,0.3384615384615385,0.46560846560846564,32.144454999979644,0.8,0.36923076923076925,0.5052631578947369,46.251693999977306,0.8253968253968254,0.4,0.5388601036269429,45.89238500000192
0000295_00200_d_0000022.jpg,78,YOLOv13-X,YOLOv13-L,0,0.6823529411764706,0.7435897435897436,0.7116564417177913,70.55820199997243,0.7307692307692307,0.7307692307692307,0.7307692307692306,0.5208333333333334,0.6410256410256411,0.5747126436781609,31.601824000006218,0.6179775280898876,0.7051282051282052,0.6586826347305389,19.324945000050775,0.7307692307692307,0.7307692307692307,0.7307692307692306,27.606728000023395,0.6823529411764706,0.7435897435897436,0.7116564417177913,27.06131400003642
0000295_00600_d_0000024.jpg,186,YOLOv13-X,YOLOv13-X,1,0.8117647058823529,0.3709677419354839,0.5092250922509226,46.523298000067825,0.8117647058823529,0.3709677419354839,0.5092250922509226,0.8235294117647058,0.3010752688172043,0.44094488188976383,19.558800000027077,0.7567567567567568,0.3010752688172043,0.4307692307692308,19.425479000005907,0.7931034482758621,0.3709677419354839,0.5054945054945055,28.462068000010277,0.8117647058823529,0.3709677419354839,0.5092250922509226,29.30571100000634
0000295_00800_d_0000025.jpg,147,YOLOv13-X,YOLOv13-X,1,0.69,0.46938775510204084,0.5587044534412955,46.974112999976114,0.69,0.46938775510204084,0.5587044534412955,0.7777777777777778,0.38095238095238093,0.5114155251141552,19.927257999995618,0.6703296703296703,0.41496598639455784,0.5126050420168067,29.82309500004021,0.6095238095238096,0.43537414965986393,0.5079365079365079,36.702699999977995,0.69,0.46938775510204084,0.5587044534412955,29.444498000032127
0000295_01000_d_0000026.jpg,251,YOLOv13-X,YOLOv13-X,1,0.8260869565217391,0.30278884462151395,0.44314868804664725,47.67382800002906,0.8260869565217391,0.30278884462151395,0.44314868804664725,0.8378378378378378,0.24701195219123506,0.3815384615384615,21.72347600003377,0.8024691358024691,0.2589641434262948,0.39156626506024095,32.71619499997769,0.7894736842105263,0.29880478087649404,0.43352601156069365,46.11341300000049,0.8260869565217391,0.30278884462151395,0.44314868804664725,45.87330499998643
0000295_01200_d_0000027.jpg,200,YOLOv13-X,YOLOv13-X,1,0.6198347107438017,0.375,0.4672897196261683,49.226777999990645,0.6198347107438017,0.375,0.4672897196261683,0.6551724137931034,0.285,0.397212543554007,20.02220800000032,0.6388888888888888,0.345,0.448051948051948,31.91625300001988,0.5983606557377049,0.365,0.453416149068323,46.06162999999697,0.6198347107438017,0.375,0.4672897196261683,28.340310999965368
0000295_01400_d_0000028.jpg,189,YOLOv13-X,YOLOv13-L,0,0.7593984962406015,0.5343915343915344,0.6273291925465838,67.8592069999695,0.7803030303030303,0.544973544973545,0.6417445482866043,0.5772357723577236,0.37566137566137564,0.45512820512820507,31.97571399999788,0.7063492063492064,0.4708994708994709,0.5650793650793651,19.834559000003082,0.7803030303030303,0.544973544973545,0.6417445482866043,28.733262000002924,0.7593984962406015,0.5343915343915344,0.6273291925465838,27.932629999952496
0000295_01600_d_0000029.jpg,138,YOLOv13-X,YOLOv13-X,1,0.6962962962962963,0.6811594202898551,0.6886446886446886,72.1476740000071,0.6962962962962963,0.6811594202898551,0.6886446886446886,0.628099173553719,0.5507246376811594,0.5868725868725869,34.263445000021875,0.6842105263157895,0.6594202898550725,0.6715867158671587,28.64449999998442,0.6764705882352942,0.6666666666666666,0.6715328467153284,28.488761000005525,0.6962962962962963,0.6811594202898551,0.6886446886446886,32.65617100004192
0000295_01800_d_0000030.jpg,306,YOLOv13-X,YOLOv13-X,1,0.7716049382716049,0.4084967320261438,0.5341880341880342,63.34146400001828,0.7716049382716049,0.4084967320261438,0.5341880341880342,0.6758620689655173,0.3202614379084967,0.43458980044345896,31.96067200002517,0.6866666666666666,0.3366013071895425,0.4517543859649123,19.64671799998996,0.7741935483870968,0.39215686274509803,0.5206073752711496,29.206829000031576,0.7716049382716049,0.4084967320261438,0.5341880341880342,29.649599999970633
0000295_02000_d_0000031.jpg,311,YOLOv13-X,YOLOv13-X,1,0.8518518518518519,0.4437299035369775,0.5835095137420718,61.14216700001407,0.8518518518518519,0.4437299035369775,0.5835095137420718,0.6928104575163399,0.3408360128617363,0.45689655172413796,29.765891000010924,0.7159763313609467,0.3890675241157556,0.5041666666666667,31.36688900002582,0.8170731707317073,0.43086816720257237,0.5642105263157895,39.9165059999973,0.8518518518518519,0.4437299035369775,0.5835095137420718,27.875520000009146
0000295_02200_d_0000032.jpg,193,YOLOv13-X,YOLOv13-X,1,0.5873015873015873,0.5751295336787565,0.5811518324607331,47.47302800001307,0.5873015873015873,0.5751295336787565,0.5811518324607331,0.6506849315068494,0.49222797927461137,0.5604719764011798,19.62153100004116,0.6158536585365854,0.5233160621761658,0.5658263305322129,32.87294599999768,0.6,0.5595854922279793,0.579088471849866,46.01294999997663,0.5873015873015873,0.5751295336787565,0.5811518324607331,45.16679000005297
0000295_02400_d_0000033.jpg,317,YOLOv13-X,YOLOv13-X,1,0.6699507389162561,0.42902208201892744,0.523076923076923,56.12129000002142,0.6699507389162561,0.42902208201892744,0.523076923076923,0.6575342465753424,0.3028391167192429,0.4146868250539957,19.426832000021932,0.6298342541436464,0.35962145110410093,0.4578313253012048,31.330684000010933,0.6261682242990654,0.4227129337539432,0.5047080979284368,47.240069999986645,0.6699507389162561,0.42902208201892744,0.523076923076923,29.027753999969264
0000295_02900_d_0000034.jpg,212,YOLOv13-X,YOLOv13-L,0,0.8345864661654135,0.5235849056603774,0.6434782608695652,66.4668150000125,0.8527131782945736,0.5188679245283019,0.6451612903225806,0.7913043478260869,0.42924528301886794,0.5565749235474007,29.076850000024024,0.8,0.4716981132075472,0.5934718100890208,31.03281600004948,0.8527131782945736,0.5188679245283019,0.6451612903225806,45.87908700000298,0.8345864661654135,0.5235849056603774,0.6434782608695652,27.538353000011284
0000296_00601_d_0000038.jpg,91,YOLOv13-X,YOLOv13-L,0,0.7142857142857143,0.5494505494505495,0.6211180124223603,61.3050950000229,0.6842105263157895,0.5714285714285714,0.622754491017964,0.7872340425531915,0.4065934065934066,0.536231884057971,32.1620770000095,0.7457627118644068,0.4835164835164835,0.5866666666666667,22.902498000007654,0.6842105263157895,0.5714285714285714,0.622754491017964,28.024253000012322,0.7142857142857143,0.5494505494505495,0.6211180124223603,27.947337000000516
0000296_01001_d_0000040.jpg,181,YOLOv13-L,YOLOv13-X,0,0.7163120567375887,0.5580110497237569,0.6273291925465839,65.4642700000636,0.7894736842105263,0.580110497237569,0.6687898089171974,0.6814159292035398,0.425414364640884,0.5238095238095238,31.604579000031663,0.7007874015748031,0.49171270718232046,0.577922077922078,33.34234499999411,0.7163120567375887,0.5580110497237569,0.6273291925465839,45.709258999977465,0.7894736842105263,0.580110497237569,0.6687898089171974,46.44147599998405
0000300_03201_d_0000154.jpg,66,YOLOv13-X,YOLOv13-L,0,0.7818181818181819,0.6515151515151515,0.7107438016528926,59.82610400002386,0.8214285714285714,0.696969696969697,0.7540983606557378,0.6226415094339622,0.5,0.5546218487394957,19.65360200000532,0.7446808510638298,0.5303030303030303,0.6194690265486724,24.26905300001181,0.8214285714285714,0.696969696969697,0.7540983606557378,44.6486849999701,0.7818181818181819,0.6515151515151515,0.7107438016528926,46.527871999956005
0000301_00001_d_0000156.jpg,96,YOLOv13-L,YOLOv13-L,1,0.8,0.5416666666666666,0.6459627329192547,63.98125200001914,0.8,0.5416666666666666,0.6459627329192547,0.6923076923076923,0.375,0.48648648648648646,31.395519999989574,0.7049180327868853,0.4479166666666667,0.5477707006369427,24.870571999997537,0.8,0.5416666666666666,0.6459627329192547,28.439315999946757,0.78125,0.5208333333333334,0.625,27.71908199997597
0000301_00201_d_0000157.jpg,90,YOLOv13-L,YOLOv13-S,0,0.8,0.4888888888888889,0.6068965517241379,51.7118699999628,0.8333333333333334,0.5,0.625,0.7254901960784313,0.4111111111111111,0.524822695035461,19.794329999967886,0.8333333333333334,0.5,0.625,18.793689999995422,0.8,0.4888888888888889,0.6068965517241379,27.69952899996042,0.7586206896551724,0.4888888888888889,0.5945945945945945,41.981453999994756
0000301_01001_d_0000161.jpg,64,YOLOv13-L,YOLOv13-L,1,0.7317073170731707,0.46875,0.5714285714285714,66.89967199997682,0.7317073170731707,0.46875,0.5714285714285714,0.6551724137931034,0.296875,0.4086021505376344,31.20337899997594,0.6944444444444444,0.390625,0.5,32.09081599999308,0.7317073170731707,0.46875,0.5714285714285714,43.75223800002459,0.65,0.40625,0.5000000000000001,35.76735700005429
0000301_01201_d_0000162.jpg,61,YOLOv13-L,YOLOv13-L,1,0.6888888888888889,0.5081967213114754,0.5849056603773585,60.91546500005052,0.6888888888888889,0.5081967213114754,0.5849056603773585,0.46808510638297873,0.36065573770491804,0.40740740740740744,19.1385690000061,0.625,0.4098360655737705,0.4950495049504951,18.766278999976294,0.6888888888888889,0.5081967213114754,0.5849056603773585,25.941860999978417,0.6595744680851063,0.5081967213114754,0.5740740740740742,31.413868000015555
0000303_03401_d_0000200.jpg,82,YOLOv13-X,YOLOv13-X,1,0.8125,0.47560975609756095,0.6,58.44057000001612,0.8125,0.47560975609756095,0.6,0.7777777777777778,0.34146341463414637,0.4745762711864407,31.603017000009004,0.8823529411764706,0.36585365853658536,0.5172413793103449,23.43377900001542,0.8,0.3902439024390244,0.5245901639344263,28.68928399999504,0.8125,0.47560975609756095,0.6,27.557020000017474
0000308_04401_d_0000327.jpg,98,YOLOv13-L,YOLOv13-L,1,0.735632183908046,0.6530612244897959,0.6918918918918919,72.02570999999125,0.735632183908046,0.6530612244897959,0.6918918918918919,0.8253968253968254,0.5306122448979592,0.6459627329192548,27.2614140000087,0.7692307692307693,0.6122448979591837,0.6818181818181818,31.5338980000206,0.735632183908046,0.6530612244897959,0.6918918918918919,31.181519000028857,0.759493670886076,0.6122448979591837,0.6779661016949152,27.156164000018634
0000312_00001_d_0000414.jpg,112,YOLOv13-L,YOLOv13-X,0,0.8191489361702128,0.6875,0.7475728155339806,59.47383200003742,0.8333333333333334,0.7142857142857143,0.7692307692307692,0.717391304347826,0.5892857142857143,0.6470588235294118,32.51949700000978,0.7368421052631579,0.625,0.6763285024154588,32.23308700000871,0.8191489361702128,0.6875,0.7475728155339806,31.81305599997586,0.8333333333333334,0.7142857142857143,0.7692307692307692,44.402578000017456
0000312_00201_d_0000415.jpg,108,YOLOv13-L,YOLOv13-X,0,0.851063829787234,0.7407407407407407,0.7920792079207921,57.504858000072545,0.8155339805825242,0.7777777777777778,0.7962085308056872,0.7613636363636364,0.6203703703703703,0.6836734693877551,19.482312000036472,0.8314606741573034,0.6851851851851852,0.751269035532995,31.2184000000002,0.851063829787234,0.7407407407407407,0.7920792079207921,38.63542999999936,0.8155339805825242,0.7777777777777778,0.7962085308056872,47.14215699999613
0000312_00601_d_0000417.jpg,59,YOLOv13-L,YOLOv13-X,0,0.8444444444444444,0.6440677966101694,0.7307692307692307,76.48059199993895,0.9148936170212766,0.7288135593220338,0.8113207547169811,0.8611111111111112,0.5254237288135594,0.6526315789473686,31.128586999955132,0.7872340425531915,0.6271186440677966,0.6981132075471698,30.184482999970896,0.8444444444444444,0.6440677966101694,0.7307692307692307,27.551026000026013,0.9148936170212766,0.7288135593220338,0.8113207547169811,27.38083399998459
0000312_01001_d_0000419.jpg,80,YOLOv13-L,YOLOv13-X,0,0.7183098591549296,0.6375,0.6754966887417218,69.89192899999352,0.7611940298507462,0.6375,0.6938775510204082,0.8103448275862069,0.5875,0.6811594202898551,32.93783099996972,0.7538461538461538,0.6125,0.6758620689655173,23.264077999954225,0.7183098591549296,0.6375,0.6754966887417218,45.16243500000883,0.7611940298507462,0.6375,0.6938775510204082,42.97443600000861
0000312_01201_d_0000420.jpg,82,YOLOv13-L,YOLOv13-X,0,0.7662337662337663,0.7195121951219512,0.7421383647798743,51.28703600001927,0.7763157894736842,0.7195121951219512,0.7468354430379746,0.7205882352941176,0.5975609756097561,0.6533333333333333,19.247392000011132,0.782608695652174,0.6585365853658537,0.7152317880794703,29.73413699999128,0.7662337662337663,0.7195121951219512,0.7421383647798743,44.86951600000566,0.7763157894736842,0.7195121951219512,0.7468354430379746,37.99786600001198
0000312_02201_d_0000425.jpg,78,YOLOv13-X,YOLOv13-X,1,0.7638888888888888,0.7051282051282052,0.7333333333333334,72.41286500004662,0.7638888888888888,0.7051282051282052,0.7333333333333334,0.6911764705882353,0.6025641025641025,0.6438356164383562,30.406570000025113,0.7323943661971831,0.6666666666666666,0.697986577181208,25.39862000003268,0.7605633802816901,0.6923076923076923,0.7248322147651006,46.85089899999184,0.7638888888888888,0.7051282051282052,0.7333333333333334,44.66295200001014
0000312_02401_d_0000426.jpg,80,YOLOv13-L,YOLOv13-S,0,0.819672131147541,0.625,0.7092198581560285,59.81698400000823,0.8727272727272727,0.6,0.711111111111111,0.7540983606557377,0.575,0.652482269503546,24.345388000028834,0.8727272727272727,0.6,0.711111111111111,27.449939999996786,0.819672131147541,0.625,0.7092198581560285,46.92651200002729,0.7761194029850746,0.65,0.7074829931972789,45.820178999974814
0000312_04201_d_0000435.jpg,80,YOLOv13-L,YOLOv13-L,1,0.8208955223880597,0.6875,0.7482993197278912,72.53844500007745,0.8208955223880597,0.6875,0.7482993197278912,0.8103448275862069,0.5875,0.6811594202898551,30.75225500003853,0.8307692307692308,0.675,0.7448275862068966,18.93191599998545,0.8208955223880597,0.6875,0.7482993197278912,44.91507199998068,0.7605633802816901,0.675,0.7152317880794701,45.288555000013275
0000313_06401_d_0000468.jpg,91,YOLOv13-X,YOLOv13-X,1,0.7446808510638298,0.38461538461538464,0.5072463768115941,65.87074899999834,0.7446808510638298,0.38461538461538464,0.5072463768115941,0.8125,0.2857142857142857,0.42276422764227645,26.211257999989357,0.7435897435897436,0.31868131868131866,0.4461538461538461,19.41677700000355,0.717391304347826,0.3626373626373626,0.4817518248175182,27.66130200001271,0.7446808510638298,0.38461538461538464,0.5072463768115941,37.29838200001723
0000313_06601_d_0000469.jpg,165,YOLOv13-X,YOLOv13-L,0,0.7536231884057971,0.3151515151515151,0.4444444444444444,60.20537599999898,0.7746478873239436,0.3333333333333333,0.46610169491525416,0.6981132075471698,0.22424242424242424,0.3394495412844037,31.914384000003793,0.7076923076923077,0.2787878787878788,0.4,19.298044999970898,0.7746478873239436,0.3333333333333333,0.46610169491525416,31.624535999981163,0.7536231884057971,0.3151515151515151,0.4444444444444444,47.45584500000177
0000313_07001_d_0000471.jpg,5,YOLOv13-N,YOLOv13-X,0,1.0,0.2,0.33333333333333337,32.08342499999617,1.0,1.0,1.0,1.0,0.2,0.33333333333333337,32.08342499999617,1.0,0.2,0.33333333333333337,16.88968999997087,0.75,0.6,0.6666666666666665,26.22176599999193,1.0,1.0,1.0,27.878115999953934
0000315_01601_d_0000509.jpg,98,YOLOv13-X,YOLOv13-L,0,0.6666666666666666,0.46938775510204084,0.5508982035928144,48.35640699997157,0.7377049180327869,0.45918367346938777,0.5660377358490566,0.62,0.3163265306122449,0.41891891891891897,19.29417100001274,0.6379310344827587,0.37755102040816324,0.4743589743589743,22.37970599998107,0.7377049180327869,0.45918367346938777,0.5660377358490566,27.96926500002428,0.6666666666666666,0.46938775510204084,0.5508982035928144,26.176088999989133
0000316_00001_d_0000519.jpg,69,YOLOv13-X,YOLOv13-X,1,0.875,0.30434782608695654,0.4516129032258065,61.37721300001431,0.875,0.30434782608695654,0.4516129032258065,0.5263157894736842,0.14492753623188406,0.2272727272727273,31.94150299998455,0.7058823529411765,0.17391304347826086,0.27906976744186046,18.92769699998098,0.696969696969697,0.3333333333333333,0.45098039215686275,27.851636999969287,0.875,0.30434782608695654,0.4516129032258065,26.505768999982138
0000316_00201_d_0000520.jpg,54,YOLOv13-X,YOLOv13-L,0,0.7586206896551724,0.4074074074074074,0.5301204819277108,47.684248000052776,0.8275862068965517,0.4444444444444444,0.5783132530120482,0.5357142857142857,0.2777777777777778,0.36585365853658536,20.25973000002068,0.6571428571428571,0.42592592592592593,0.5168539325842697,15.53376900000103,0.8275862068965517,0.4444444444444444,0.5783132530120482,27.59651600001689,0.7586206896551724,0.4074074074074074,0.5301204819277108,28.53333199999497
0000316_00401_d_0000521.jpg,23,YOLOv13-L,YOLOv13-L,1,0.75,0.391304347826087,0.5142857142857143,63.12267100003055,0.75,0.391304347826087,0.5142857142857143,0.5882352941176471,0.43478260869565216,0.5,33.34969799999499,0.5625,0.391304347826087,0.46153846153846156,18.286660999990545,0.75,0.391304347826087,0.5142857142857143,27.512700000045243,0.6,0.391304347826087,0.47368421052631576,27.288087999977506
0000316_00601_d_0000522.jpg,35,YOLOv13-X,YOLOv13-X,1,0.7647058823529411,0.37142857142857144,0.5,61.62231100000781,0.7647058823529411,0.37142857142857144,0.5,0.6111111111111112,0.3142857142857143,0.41509433962264153,29.34469599995282,0.75,0.34285714285714286,0.47058823529411753,18.084259000033853,0.7222222222222222,0.37142857142857144,0.490566037735849,27.371934999962377,0.7647058823529411,0.37142857142857144,0.5,27.51503600001115
0000316_00801_d_0000523.jpg,27,YOLOv13-L,YOLOv13-S,0,0.35714285714285715,0.37037037037037035,0.36363636363636365,57.06648199998199,0.42857142857142855,0.3333333333333333,0.375,0.4375,0.25925925925925924,0.3255813953488372,19.206640999982483,0.42857142857142855,0.3333333333333333,0.375,18.84877800000595,0.35714285714285715,0.37037037037037035,0.36363636363636365,27.245161999985612,0.32142857142857145,0.3333333333333333,0.32727272727272727,27.79212800004416
0000316_01001_d_0000524.jpg,18,YOLOv13-L,YOLOv13-L,1,0.7857142857142857,0.6111111111111112,0.6875000000000001,46.69314599999552,0.7857142857142857,0.6111111111111112,0.6875000000000001,0.5714285714285714,0.2222222222222222,0.32,19.165854999982912,0.5833333333333334,0.3888888888888889,0.4666666666666666,18.294251999975586,0.7857142857142857,0.6111111111111112,0.6875000000000001,27.232667000021138,0.5714285714285714,0.4444444444444444,0.5,27.393808999988778
0000316_01201_d_0000525.jpg,43,YOLOv13-X,YOLOv13-X,1,0.7647058823529411,0.6046511627906976,0.6753246753246753,48.08572999996841,0.7647058823529411,0.6046511627906976,0.6753246753246753,0.7307692307692307,0.4418604651162791,0.5507246376811594,19.092553999996653,0.696969696969697,0.5348837209302325,0.6052631578947368,18.940076000035333,0.7297297297297297,0.627906976744186,0.675,27.795074999971803,0.7647058823529411,0.6046511627906976,0.6753246753246753,26.96051099997021
0000316_01401_d_0000526.jpg,34,YOLOv13-X,YOLOv13-L,0,0.7647058823529411,0.7647058823529411,0.7647058823529412,67.06146499999477,0.7647058823529411,0.7647058823529411,0.7647058823529412,0.6666666666666666,0.5882352941176471,0.625,19.364940999992086,0.7272727272727273,0.7058823529411765,0.7164179104477613,19.208950999995977,0.7647058823529411,0.7647058823529411,0.7647058823529412,27.846784000018943,0.7647058823529411,0.7647058823529411,0.7647058823529412,26.93823199996359
0000316_01601_d_0000527.jpg,29,YOLOv13-L,YOLOv13-L,1,0.7916666666666666,0.6551724137931034,0.7169811320754716,49.58717199997409,0.7916666666666666,0.6551724137931034,0.7169811320754716,0.5789473684210527,0.3793103448275862,0.45833333333333337,19.08459599997059,0.782608695652174,0.6206896551724138,0.6923076923076923,30.032269999992423,0.7916666666666666,0.6551724137931034,0.7169811320754716,46.260629000016706,0.6538461538461539,0.5862068965517241,0.6181818181818182,45.824679000020296
0000316_01801_d_0000528.jpg,11,YOLOv13-L,YOLOv13-S,0,0.8888888888888888,0.7272727272727273,0.7999999999999999,59.04768900001045,0.8181818181818182,0.8181818181818182,0.8181818181818182,0.8,0.7272727272727273,0.761904761904762,30.535911000015403,0.8181818181818182,0.8181818181818182,0.8181818181818182,28.6618320000116,0.8888888888888888,0.7272727272727273,0.7999999999999999,46.04108900002757,0.8888888888888888,0.7272727272727273,0.7999999999999999,30.248761999985163
0000316_02001_d_0000529.jpg,9,YOLOv13-S,YOLOv13-S,1,0.8,0.4444444444444444,0.5714285714285714,51.78602999995974,0.8,0.4444444444444444,0.5714285714285714,0.6,0.3333333333333333,0.42857142857142855,19.289331999971182,0.8,0.4444444444444444,0.5714285714285714,17.575087000011536,0.8,0.4444444444444444,0.5714285714285714,27.395241000021997,0.5,0.5555555555555556,0.5263157894736842,27.55009399999153
0000316_02201_d_0000530.jpg,7,YOLOv13-L,YOLOv13-S,0,0.875,1.0,0.9333333333333333,48.779501000012715,0.875,1.0,0.9333333333333333,0.8571428571428571,0.8571428571428571,0.8571428571428571,20.166145000018787,0.875,1.0,0.9333333333333333,19.00404999997818,0.875,1.0,0.9333333333333333,25.45604300001969,0.8571428571428571,0.8571428571428571,0.8571428571428571,26.923375000023952
0000323_02601_d_0000645.jpg,91,YOLOv13-X,YOLOv13-X,1,0.8472222222222222,0.6703296703296703,0.7484662576687117,59.74714100000256,0.8472222222222222,0.6703296703296703,0.7484662576687117,0.7166666666666667,0.4725274725274725,0.5695364238410596,19.294053999999505,0.7567567567567568,0.6153846153846154,0.6787878787878788,30.04603100004033,0.8333333333333334,0.6593406593406593,0.736196319018405,29.273995000039577,0.8472222222222222,0.6703296703296703,0.7484662576687117,27.777513000046383
0000327_00001_d_0000711.jpg,70,YOLOv13-X,YOLOv13-L,0,0.8148148148148148,0.6285714285714286,0.7096774193548386,49.27783900001259,0.8301886792452831,0.6285714285714286,0.7154471544715448,0.7692307692307693,0.5714285714285714,0.6557377049180327,19.732793000002857,0.7222222222222222,0.5571428571428572,0.6290322580645162,18.91507300001649,0.8301886792452831,0.6285714285714286,0.7154471544715448,27.684139000029973,0.8148148148148148,0.6285714285714286,0.7096774193548386,27.47930200001747
0000327_00201_d_0000712.jpg,60,YOLOv13-L,YOLOv13-L,1,0.875,0.7,0.7777777777777777,55.801753000025656,0.875,0.7,0.7777777777777777,0.7254901960784313,0.6166666666666667,0.6666666666666666,30.961752999985492,0.78,0.65,0.709090909090909,20.28605499998548,0.875,0.7,0.7777777777777777,28.594212000029984,0.6909090909090909,0.6333333333333333,0.6608695652173913,27.11360899996862
0000327_00401_d_0000713.jpg,64,YOLOv13-X,YOLOv13-X,1,0.8297872340425532,0.609375,0.7027027027027027,46.76054400005114,0.8297872340425532,0.609375,0.7027027027027027,0.7209302325581395,0.484375,0.5794392523364486,18.25821500000302,0.7272727272727273,0.5,0.5925925925925926,18.594477999954506,0.782608695652174,0.5625,0.6545454545454547,27.86980799999128,0.8297872340425532,0.609375,0.7027027027027027,25.715299000012237
0000327_00601_d_0000714.jpg,84,YOLOv13-L,YOLOv13-L,1,0.7027027027027027,0.6190476190476191,0.6582278481012659,58.15861100006714,0.7027027027027027,0.6190476190476191,0.6582278481012659,0.7,0.5,0.5833333333333334,30.187940000018898,0.734375,0.5595238095238095,0.6351351351351351,30.09369000000106,0.7027027027027027,0.6190476190476191,0.6582278481012659,38.351502000011806,0.6891891891891891,0.6071428571428571,0.6455696202531644,26.778706000015973
0000327_00801_d_0000715.jpg,84,YOLOv13-X,YOLOv13-X,1,0.8354430379746836,0.7857142857142857,0.8098159509202455,47.45649800003093,0.8354430379746836,0.7857142857142857,0.8098159509202455,0.717948717948718,0.6666666666666666,0.691358024691358,18.95618500003593,0.8108108108108109,0.7142857142857143,0.759493670886076,19.991636999975526,0.8076923076923077,0.75,0.7777777777777779,28.63889399998243,0.8354430379746836,0.7857142857142857,0.8098159509202455,27.602888999979314
0000327_01001_d_0000716.jpg,83,YOLOv13-L,YOLOv13-X,0,0.8059701492537313,0.6506024096385542,0.7200000000000001,46.3884619999817,0.8235294117647058,0.6746987951807228,0.7417218543046358,0.7164179104477612,0.5783132530120482,0.64,20.66714199997932,0.8307692307692308,0.6506024096385542,0.7297297297297298,17.224964999968506,0.8059701492537313,0.6506024096385542,0.7200000000000001,26.941509000039332,0.8235294117647058,0.6746987951807228,0.7417218543046358,27.672853000012765
0000327_01201_d_0000717.jpg,69,YOLOv13-L,YOLOv13-X,0,0.7419354838709677,0.6666666666666666,0.7022900763358778,47.94761800002334,0.765625,0.7101449275362319,0.736842105263158,0.75,0.6521739130434783,0.6976744186046512,18.97804000003589,0.6825396825396826,0.6231884057971014,0.6515151515151516,18.410781000000043,0.7419354838709677,0.6666666666666666,0.7022900763358778,27.034773000025325,0.765625,0.7101449275362319,0.736842105263158,45.15305799998259
0000327_01401_d_0000718.jpg,93,YOLOv13-X,YOLOv13-X,1,0.8245614035087719,0.5053763440860215,0.6266666666666667,51.752769000017906,0.8245614035087719,0.5053763440860215,0.6266666666666667,0.7924528301886793,0.45161290322580644,0.5753424657534246,19.52099499999349,0.7818181818181819,0.46236559139784944,0.5810810810810811,19.09369700001662,0.7931034482758621,0.4946236559139785,0.609271523178808,27.550050000002102,0.8245614035087719,0.5053763440860215,0.6266666666666667,27.42960599999833
0000327_01801_d_0000720.jpg,62,YOLOv13-X,YOLOv13-L,0,0.7872340425531915,0.5967741935483871,0.6788990825688074,45.78126500001645,0.78,0.6290322580645161,0.6964285714285714,0.6304347826086957,0.46774193548387094,0.5370370370370371,19.161859999996977,0.717391304347826,0.532258064516129,0.6111111111111109,18.159511000021666,0.78,0.6290322580645161,0.6964285714285714,29.26274500003956,0.7872340425531915,0.5967741935483871,0.6788990825688074,27.552295000020877
0000327_02601_d_0000724.jpg,57,YOLOv13-X,YOLOv13-X,1,0.7450980392156863,0.6666666666666666,0.7037037037037038,50.14527600002339,0.7450980392156863,0.6666666666666666,0.7037037037037038,0.5238095238095238,0.38596491228070173,0.4444444444444444,22.769304999997075,0.6415094339622641,0.5964912280701754,0.6181818181818182,20.249867000018185,0.72,0.631578947368421,0.6728971962616822,32.31469800005016,0.7450980392156863,0.6666666666666666,0.7037037037037038,39.85231000001477
0000327_02801_d_0000725.jpg,73,YOLOv13-X,YOLOv13-L,0,0.9183673469387755,0.6164383561643836,0.7377049180327868,61.784339000041655,0.9090909090909091,0.684931506849315,0.78125,0.7959183673469388,0.5342465753424658,0.6393442622950819,20.637190000002192,0.8333333333333334,0.547945205479452,0.6611570247933883,27.511317999994844,0.9090909090909091,0.684931506849315,0.78125,26.859403000003113,0.9183673469387755,0.6164383561643836,0.7377049180327868,26.737945999968815
0000327_03001_d_0000726.jpg,75,YOLOv13-X,YOLOv13-X,1,0.8837209302325582,0.5066666666666667,0.6440677966101697,60.18154100007678,0.8837209302325582,0.5066666666666667,0.6440677966101697,0.8048780487804879,0.44,0.5689655172413793,30.235276000041722,0.8421052631578947,0.4266666666666667,0.5663716814159292,17.77647600005139,0.8636363636363636,0.5066666666666667,0.638655462184874,28.524871000001895,0.8837209302325582,0.5066666666666667,0.6440677966101697,28.266424000037205
0000327_03201_d_0000727.jpg,110,YOLOv13-X,YOLOv13-L,0,0.6571428571428571,0.20909090909090908,0.3172413793103448,42.335799000056795,0.6486486486486487,0.21818181818181817,0.326530612244898,0.4838709677419355,0.13636363636363635,0.2127659574468085,17.285703000027297,0.6,0.19090909090909092,0.2896551724137931,26.05700800000932,0.6486486486486487,0.21818181818181817,0.326530612244898,30.151918000001388,0.6571428571428571,0.20909090909090908,0.3172413793103448,27.410903000031794
0000327_03401_d_0000728.jpg,75,YOLOv13-X,YOLOv13-X,1,0.7142857142857143,0.4666666666666667,0.5645161290322581,59.90615700000035,0.7142857142857143,0.4666666666666667,0.5645161290322581,0.6666666666666666,0.26666666666666666,0.3809523809523809,33.183652999980495,0.6666666666666666,0.32,0.43243243243243246,16.902334999997493,0.725,0.38666666666666666,0.5043478260869565,26.323773000001438,0.7142857142857143,0.4666666666666667,0.5645161290322581,27.443070999993324
0000327_03601_d_0000729.jpg,60,YOLOv13-X,YOLOv13-X,1,0.75,0.65,0.6964285714285715,46.05256600007124,0.75,0.65,0.6964285714285715,0.7777777777777778,0.4666666666666667,0.5833333333333334,19.324355000037485,0.7391304347826086,0.5666666666666667,0.6415094339622641,18.941449999999804,0.7090909090909091,0.65,0.6782608695652174,27.354720999994697,0.75,0.65,0.6964285714285715,26.52680099998861
0000327_03801_d_0000730.jpg,103,YOLOv13-X,YOLOv13-X,1,0.84,0.6116504854368932,0.7078651685393258,44.38587499998903,0.84,0.6116504854368932,0.7078651685393258,0.7049180327868853,0.4174757281553398,0.524390243902439,18.15363299999717,0.7464788732394366,0.5145631067961165,0.6091954022988505,19.434677999981886,0.759493670886076,0.5825242718446602,0.6593406593406593,28.757581999968806,0.84,0.6116504854368932,0.7078651685393258,27.117621000002146
0000327_04001_d_0000731.jpg,136,YOLOv13-X,YOLOv13-X,1,0.7808219178082192,0.41911764705882354,0.5454545454545455,59.14178100005074,0.7808219178082192,0.41911764705882354,0.5454545454545455,0.6774193548387096,0.3088235294117647,0.42424242424242425,32.47870300003797,0.7903225806451613,0.3602941176470588,0.4949494949494949,30.99438200001714,0.72,0.39705882352941174,0.5118483412322274,39.94241600003079,0.7808219178082192,0.41911764705882354,0.5454545454545455,28.085599999997157
0000327_04201_d_0000732.jpg,110,YOLOv13-X,YOLOv13-X,1,0.7710843373493976,0.5818181818181818,0.6632124352331606,45.754628000054254,0.7710843373493976,0.5818181818181818,0.6632124352331606,0.6428571428571429,0.4090909090909091,0.5000000000000001,18.666191000022536,0.6666666666666666,0.4727272727272727,0.553191489361702,17.30279299999893,0.6818181818181818,0.5454545454545454,0.6060606060606061,44.14595499997631,0.7710843373493976,0.5818181818181818,0.6632124352331606,45.70187100000567
0000330_00001_d_0000800.jpg,80,YOLOv13-X,YOLOv13-X,1,0.8709677419354839,0.675,0.7605633802816901,46.41830500003152,0.8709677419354839,0.675,0.7605633802816901,0.8125,0.4875,0.6093749999999999,21.124324000027173,0.7627118644067796,0.5625,0.6474820143884892,17.805120999980772,0.7936507936507936,0.625,0.6993006993006993,27.744096999981593,0.8709677419354839,0.675,0.7605633802816901,28.032928000016
0000330_00201_d_0000801.jpg,130,YOLOv13-X,YOLOv13-X,1,0.6779661016949152,0.3076923076923077,0.4232804232804233,49.22313000002987,0.6779661016949152,0.3076923076923077,0.4232804232804233,0.5740740740740741,0.23846153846153847,0.33695652173913043,21.535508999988906,0.631578947368421,0.27692307692307694,0.3850267379679144,18.268415999955323,0.6307692307692307,0.3153846153846154,0.4205128205128205,28.196591999972043,0.6779661016949152,0.3076923076923077,0.4232804232804233,28.140709000012976
0000330_00401_d_0000802.jpg,112,YOLOv13-L,YOLOv13-X,0,0.7538461538461538,0.4375,0.5536723163841808,45.17472500003805,0.7910447761194029,0.4732142857142857,0.5921787709497206,0.8444444444444444,0.3392857142857143,0.48407643312101917,19.270495000000665,0.7719298245614035,0.39285714285714285,0.5207100591715976,21.176287999992383,0.7538461538461538,0.4375,0.5536723163841808,45.62616800001251,0.7910447761194029,0.4732142857142857,0.5921787709497206,45.35656899997775
0000330_00601_d_0000803.jpg,94,YOLOv13-X,YOLOv13-X,1,0.7833333333333333,0.5,0.6103896103896105,48.95159099999091,0.7833333333333333,0.5,0.6103896103896105,0.7115384615384616,0.39361702127659576,0.5068493150684932,19.423545999984526,0.7924528301886793,0.44680851063829785,0.5714285714285714,19.39846199996964,0.7894736842105263,0.4787234042553192,0.5960264900662251,27.973797000015566,0.7833333333333333,0.5,0.6103896103896105,25.555391000011696
0000330_00801_d_0000804.jpg,93,YOLOv13-X,YOLOv13-L,0,0.7611940298507462,0.5483870967741935,0.6375,55.973076999976,0.7571428571428571,0.5698924731182796,0.6503067484662578,0.7101449275362319,0.5268817204301075,0.6049382716049383,20.526020999966477,0.7285714285714285,0.5483870967741935,0.6257668711656441,19.818214999986594,0.7571428571428571,0.5698924731182796,0.6503067484662578,41.651314000034745,0.7611940298507462,0.5483870967741935,0.6375,27.01640300000463
0000330_01001_d_0000805.jpg,93,YOLOv13-X,YOLOv13-L,0,0.7833333333333333,0.5053763440860215,0.6143790849673203,49.52029800000446,0.7777777777777778,0.5268817204301075,0.6282051282051282,0.6842105263157895,0.41935483870967744,0.5200000000000001,18.168901000024107,0.6833333333333333,0.44086021505376344,0.5359477124183006,19.288431000006767,0.7777777777777778,0.5268817204301075,0.6282051282051282,28.13747200002581,0.7833333333333333,0.5053763440860215,0.6143790849673203,27.943595000010646
0000330_01201_d_0000806.jpg,110,YOLOv13-X,YOLOv13-X,1,0.8307692307692308,0.4909090909090909,0.6171428571428572,46.62711200001013,0.8307692307692308,0.4909090909090909,0.6171428571428572,0.7407407407407407,0.36363636363636365,0.48780487804878053,19.436412000004566,0.8823529411764706,0.4090909090909091,0.5590062111801242,21.48943299999928,0.8153846153846154,0.4818181818181818,0.6057142857142858,27.768144999981814,0.8307692307692308,0.4909090909090909,0.6171428571428572,27.766225999982908
0000330_01401_d_0000807.jpg,161,YOLOv13-X,YOLOv13-L,0,0.822429906542056,0.546583850931677,0.6567164179104478,62.29703100001416,0.8256880733944955,0.5590062111801242,0.6666666666666667,0.8,0.4472049689440994,0.5737051792828686,32.21518399999468,0.78,0.484472049689441,0.5977011494252874,19.465121999985513,0.8256880733944955,0.5590062111801242,0.6666666666666667,27.80034599999226,0.822429906542056,0.546583850931677,0.6567164179104478,25.653947999956017
0000330_01601_d_0000808.jpg,99,YOLOv13-X,YOLOv13-X,1,0.873015873015873,0.5555555555555556,0.6790123456790124,40.167875000008735,0.873015873015873,0.5555555555555556,0.6790123456790124,0.75,0.45454545454545453,0.5660377358490566,17.111531000011837,0.7741935483870968,0.48484848484848486,0.5962732919254659,18.9312530000052,0.8115942028985508,0.5656565656565656,0.6666666666666666,47.091387999955714,0.873015873015873,0.5555555555555556,0.6790123456790124,46.74176600002511
0000330_01801_d_0000809.jpg,64,YOLOv13-X,YOLOv13-X,1,0.8275862068965517,0.75,0.7868852459016394,68.49603799997794,0.8275862068965517,0.75,0.7868852459016394,0.782608695652174,0.5625,0.6545454545454547,30.752059999997527,0.8125,0.609375,0.6964285714285714,30.578250000019125,0.7288135593220338,0.671875,0.6991869918699187,45.4233800000452,0.8275862068965517,0.75,0.7868852459016394,32.414383000002545
0000330_02001_d_0000810.jpg,57,YOLOv13-L,YOLOv13-X,0,0.8333333333333334,0.6140350877192983,0.7070707070707071,59.04149499997402,0.8333333333333334,0.7017543859649122,0.7619047619047619,0.8409090909090909,0.6491228070175439,0.7326732673267327,23.942976000000726,0.7777777777777778,0.6140350877192983,0.6862745098039216,20.29164100002845,0.8333333333333334,0.6140350877192983,0.7070707070707071,27.589642999998887,0.8333333333333334,0.7017543859649122,0.7619047619047619,27.031469000007746
0000330_02201_d_0000811.jpg,44,YOLOv13-X,YOLOv13-L,0,0.7073170731707317,0.6590909090909091,0.6823529411764706,44.06989699998576,0.7368421052631579,0.6363636363636364,0.6829268292682926,0.7105263157894737,0.6136363636363636,0.6585365853658537,18.840741999952115,0.7272727272727273,0.5454545454545454,0.6233766233766234,18.146868999963317,0.7368421052631579,0.6363636363636364,0.6829268292682926,27.36774299995659,0.7073170731707317,0.6590909090909091,0.6823529411764706,26.642335000019557
0000330_02801_d_0000814.jpg,45,YOLOv13-X,YOLOv13-X,1,0.7551020408163265,0.8222222222222222,0.7872340425531914,59.204841000052966,0.7551020408163265,0.8222222222222222,0.7872340425531914,0.6585365853658537,0.6,0.627906976744186,32.29144700003417,0.7857142857142857,0.7333333333333333,0.7586206896551724,16.889898999977504,0.673469387755102,0.7333333333333333,0.702127659574468,25.48861399998259,0.7551020408163265,0.8222222222222222,0.7872340425531914,27.649326000016572
0000330_03001_d_0000815.jpg,45,YOLOv13-X,YOLOv13-X,1,0.8333333333333334,0.7777777777777778,0.8045977011494253,56.19235899996511,0.8333333333333334,0.7777777777777778,0.8045977011494253,0.7435897435897436,0.6444444444444445,0.6904761904761906,31.435192000003553,0.8611111111111112,0.6888888888888889,0.7654320987654321,24.92077699997708,0.7727272727272727,0.7555555555555555,0.7640449438202247,26.425528000004306,0.8333333333333334,0.7777777777777778,0.8045977011494253,26.174988000036592
0000330_03201_d_0000816.jpg,69,YOLOv13-L,YOLOv13-S,0,0.6756756756756757,0.7246376811594203,0.6993006993006994,68.8282830000162,0.7868852459016393,0.6956521739130435,0.7384615384615385,0.8,0.5797101449275363,0.6722689075630253,32.99068699999452,0.7868852459016393,0.6956521739130435,0.7384615384615385,19.854909999992287,0.6756756756756757,0.7246376811594203,0.6993006993006994,27.078315999972347,0.7,0.7101449275362319,0.7050359712230215,27.022756999997455
0000330_04001_d_0000820.jpg,38,YOLOv13-L,YOLOv13-L,1,0.7948717948717948,0.8157894736842105,0.8051948051948051,52.830945999971846,0.7948717948717948,0.8157894736842105,0.8051948051948051,0.7073170731707317,0.7631578947368421,0.7341772151898733,17.919618999997056,0.7435897435897436,0.7631578947368421,0.7532467532467534,18.512838999981795,0.7948717948717948,0.8157894736842105,0.8051948051948051,22.845434000032583,0.7894736842105263,0.7894736842105263,0.7894736842105263,30.430066000008082
0000330_04201_d_0000821.jpg,162,YOLOv13-X,YOLOv13-X,1,0.7798165137614679,0.5246913580246914,0.6273062730627306,42.44764199995643,0.7798165137614679,0.5246913580246914,0.6273062730627306,0.6413043478260869,0.36419753086419754,0.4645669291338582,14.270783999961623,0.7727272727272727,0.41975308641975306,0.544,19.130060999998477,0.7226890756302521,0.5308641975308642,0.6120996441281139,25.61615900003744,0.7798165137614679,0.5246913580246914,0.6273062730627306,27.042023999968023
0000330_04401_d_0000822.jpg,38,YOLOv13-L,YOLOv13-L,1,0.7419354838709677,0.6052631578947368,0.6666666666666666,45.055275999970945,0.7419354838709677,0.6052631578947368,0.6666666666666666,0.5862068965517241,0.4473684210526316,0.5074626865671642,18.79749299996547,0.6774193548387096,0.5526315789473685,0.6086956521739131,18.547987000033572,0.7419354838709677,0.6052631578947368,0.6666666666666666,26.962400000002162,0.696969696969697,0.6052631578947368,0.6478873239436619,27.24987599998485
0000330_04601_d_0000823.jpg,62,YOLOv13-X,YOLOv13-L,0,0.7111111111111111,0.5161290322580645,0.5981308411214953,63.99181900002304,0.75,0.5806451612903226,0.6545454545454547,0.7777777777777778,0.45161290322580644,0.5714285714285714,30.794256000035602,0.7441860465116279,0.5161290322580645,0.6095238095238095,26.156340999989425,0.75,0.5806451612903226,0.6545454545454547,44.95090899996512,0.7111111111111111,0.5161290322580645,0.5981308411214953,27.035382000008212
0000333_00001_d_0000001.jpg,68,YOLOv13-L,YOLOv13-X,0,0.5757575757575758,0.5588235294117647,0.5671641791044776,63.047208999989834,0.640625,0.6029411764705882,0.6212121212121211,0.6078431372549019,0.45588235294117646,0.5210084033613445,22.860697999988133,0.6206896551724138,0.5294117647058824,0.5714285714285715,20.133756000006997,0.5757575757575758,0.5588235294117647,0.5671641791044776,28.251843000020926,0.640625,0.6029411764705882,0.6212121212121211,27.44680400002153
0000333_01765_d_0000010.jpg,120,YOLOv13-L,YOLOv13-X,0,0.8333333333333334,0.4583333333333333,0.5913978494623655,59.648546000005354,0.9166666666666666,0.4583333333333333,0.611111111111111,0.8518518518518519,0.38333333333333336,0.5287356321839081,29.763863000027868,0.8688524590163934,0.44166666666666665,0.585635359116022,19.027244999961113,0.8333333333333334,0.4583333333333333,0.5913978494623655,26.888173999964238,0.9166666666666666,0.4583333333333333,0.611111111111111,26.06909700000415
0000333_01961_d_0000011.jpg,65,YOLOv13-L,YOLOv13-X,0,0.8867924528301887,0.7230769230769231,0.7966101694915254,53.17757000000256,0.9245283018867925,0.7538461538461538,0.8305084745762712,0.8958333333333334,0.6615384615384615,0.7610619469026548,18.766992999985632,0.8363636363636363,0.7076923076923077,0.7666666666666666,19.056238000018766,0.8867924528301887,0.7230769230769231,0.7966101694915254,27.258130000006986,0.9245283018867925,0.7538461538461538,0.8305084745762712,27.556015000016032
0000333_02157_d_0000012.jpg,67,YOLOv13-L,YOLOv13-X,0,0.8888888888888888,0.7164179104477612,0.793388429752066,48.623061999990114,0.8928571428571429,0.746268656716418,0.8130081300813009,0.851063829787234,0.5970149253731343,0.7017543859649124,19.592471000009937,0.8627450980392157,0.6567164179104478,0.7457627118644067,17.817913000044427,0.8888888888888888,0.7164179104477612,0.793388429752066,28.877846000000318,0.8928571428571429,0.746268656716418,0.8130081300813009,27.427161999980854
0000333_02353_d_0000013.jpg,70,YOLOv13-L,YOLOv13-L,1,0.9534883720930233,0.5857142857142857,0.7256637168141594,47.2420660000239,0.9534883720930233,0.5857142857142857,0.7256637168141594,0.9024390243902439,0.5285714285714286,0.6666666666666666,19.136191000029612,0.9047619047619048,0.5428571428571428,0.6785714285714285,28.0447550000531,0.9534883720930233,0.5857142857142857,0.7256637168141594,49.629102999972474,0.975609756097561,0.5714285714285714,0.7207207207207207,46.92481299997553
0000333_02549_d_0000014.jpg,91,YOLOv13-L,YOLOv13-L,1,0.82,0.45054945054945056,0.5815602836879432,46.48825399999623,0.82,0.45054945054945056,0.5815602836879432,0.7291666666666666,0.38461538461538464,0.5035971223021583,20.298428999979024,0.7708333333333334,0.4065934065934066,0.5323741007194245,17.397995999999694,0.82,0.45054945054945056,0.5815602836879432,28.48464999999578,0.7169811320754716,0.4175824175824176,0.5277777777777778,27.85496100000273
0000333_02745_d_0000015.jpg,52,YOLOv13-L,YOLOv13-X,0,0.8823529411764706,0.5769230769230769,0.6976744186046512,75.14664499996115,0.8421052631578947,0.6153846153846154,0.7111111111111111,0.8235294117647058,0.5384615384615384,0.6511627906976744,31.46731199996111,0.8529411764705882,0.5576923076923077,0.6744186046511628,29.851799000027768,0.8823529411764706,0.5769230769230769,0.6976744186046512,45.36262699997451,0.8421052631578947,0.6153846153846154,0.7111111111111111,44.97569500000509
0000333_02941_d_0000016.jpg,44,YOLOv13-L,YOLOv13-S,0,0.8666666666666667,0.5909090909090909,0.7027027027027029,55.18209699999943,0.8666666666666667,0.5909090909090909,0.7027027027027029,0.8571428571428571,0.5454545454545454,0.6666666666666665,22.484487999975045,0.8666666666666667,0.5909090909090909,0.7027027027027029,17.336693999993713,0.8666666666666667,0.5909090909090909,0.7027027027027029,35.068005000027824,0.7878787878787878,0.5909090909090909,0.6753246753246752,46.67499199996428
0000333_03137_d_0000017.jpg,39,YOLOv13-L,YOLOv13-S,0,0.7777777777777778,0.5384615384615384,0.6363636363636364,65.10379900004182,0.84,0.5384615384615384,0.6562499999999999,0.7692307692307693,0.5128205128205128,0.6153846153846154,30.976764000001822,0.84,0.5384615384615384,0.6562499999999999,16.317576999995254,0.7777777777777778,0.5384615384615384,0.6363636363636364,30.62549700001682,0.84,0.5384615384615384,0.6562499999999999,26.1701990000347
0000333_03333_d_0000018.jpg,62,YOLOv13-L,YOLOv13-L,1,0.9038461538461539,0.7580645161290323,0.8245614035087719,49.738513000079365,0.9038461538461539,0.7580645161290323,0.8245614035087719,0.7818181818181819,0.6935483870967742,0.7350427350427351,19.133874000033302,0.8461538461538461,0.7096774193548387,0.7719298245614036,23.564548000024388,0.9038461538461539,0.7580645161290323,0.8245614035087719,29.038612000022113,0.8846153846153846,0.7419354838709677,0.8070175438596492,26.882761999956983
0000333_03529_d_0000019.jpg,95,YOLOv13-L,YOLOv13-X,0,0.7391304347826086,0.5368421052631579,0.6219512195121951,65.13615800002981,0.7910447761194029,0.5578947368421052,0.654320987654321,0.7758620689655172,0.47368421052631576,0.588235294117647,24.595167000029505,0.7419354838709677,0.4842105263157895,0.5859872611464969,18.709293999961574,0.7391304347826086,0.5368421052631579,0.6219512195121951,27.360492000013892,0.7910447761194029,0.5578947368421052,0.654320987654321,27.37626500004353
0000333_03725_d_0000020.jpg,83,YOLOv13-L,YOLOv13-L,1,0.75,0.5783132530120482,0.6530612244897958,62.09879400000773,0.75,0.5783132530120482,0.6530612244897958,0.6984126984126984,0.5301204819277109,0.6027397260273972,25.794167000015022,0.7413793103448276,0.5180722891566265,0.6099290780141845,19.652655000015784,0.75,0.5783132530120482,0.6530612244897958,27.041779999990467,0.7301587301587301,0.5542168674698795,0.6301369863013699,41.916923999963274
0000335_00001_d_0000043.jpg,41,YOLOv13-L,YOLOv13-X,0,0.8,0.6829268292682927,0.736842105263158,74.60321500002465,0.9375,0.7317073170731707,0.821917808219178,0.8333333333333334,0.6097560975609756,0.7042253521126761,31.931890000009844,0.8787878787878788,0.7073170731707317,0.7837837837837839,17.876482000019678,0.8,0.6829268292682927,0.736842105263158,26.96606699998938,0.9375,0.7317073170731707,0.821917808219178,41.726858000004086
0000335_00197_d_0000044.jpg,37,YOLOv13-X,YOLOv13-X,1,0.7142857142857143,0.5405405405405406,0.6153846153846154,65.7327979999991,0.7142857142857143,0.5405405405405406,0.6153846153846154,0.76,0.5135135135135135,0.6129032258064517,30.639645999997356,0.7037037037037037,0.5135135135135135,0.59375,30.772931000001336,0.5588235294117647,0.5135135135135135,0.5352112676056339,43.811333000007835,0.7142857142857143,0.5405405405405406,0.6153846153846154,35.68718299999318
0000335_00393_d_0000045.jpg,34,YOLOv13-L,YOLOv13-X,0,0.71875,0.6764705882352942,0.696969696969697,63.00149600002669,0.8,0.7058823529411765,0.7500000000000001,0.6923076923076923,0.5294117647058824,0.5999999999999999,30.8099069999912,0.7692307692307693,0.5882352941176471,0.6666666666666667,27.211913999963144,0.71875,0.6764705882352942,0.696969696969697,44.65238599999566,0.8,0.7058823529411765,0.7500000000000001,44.036943999969935
0000335_00589_d_0000046.jpg,21,YOLOv13-L,YOLOv13-X,0,0.9,0.8571428571428571,0.8780487804878048,63.75669500005188,0.9047619047619048,0.9047619047619048,0.9047619047619048,0.8421052631578947,0.7619047619047619,0.8,20.237524000037865,0.75,0.7142857142857143,0.7317073170731706,18.633641999997508,0.9,0.8571428571428571,0.8780487804878048,27.167523000002802,0.9047619047619048,0.9047619047619048,0.9047619047619048,27.05074800002194
0000335_00785_d_0000047.jpg,34,YOLOv13-L,YOLOv13-X,0,0.8148148148148148,0.6470588235294118,0.7213114754098361,62.38673000001427,0.875,0.6176470588235294,0.7241379310344829,0.7307692307692307,0.5588235294117647,0.6333333333333334,30.429066000010607,0.7777777777777778,0.6176470588235294,0.6885245901639345,29.749149999986457,0.8148148148148148,0.6470588235294118,0.7213114754098361,44.485715999996955,0.875,0.6176470588235294,0.7241379310344829,44.061797999972896
0000335_00981_d_0000048.jpg,78,YOLOv13-X,YOLOv13-X,1,0.8125,0.3333333333333333,0.4727272727272727,72.47985700001891,0.8125,0.3333333333333333,0.4727272727272727,0.8636363636363636,0.24358974358974358,0.38000000000000006,29.04387400002406,0.8148148148148148,0.28205128205128205,0.41904761904761906,18.735167000045294,0.8571428571428571,0.3076923076923077,0.45283018867924535,27.706923000039296,0.8125,0.3333333333333333,0.4727272727272727,26.95801200002279
0000335_01765_d_0000052.jpg,61,YOLOv13-X,YOLOv13-X,1,0.8936170212765957,0.6885245901639344,0.7777777777777777,73.27281700003141,0.8936170212765957,0.6885245901639344,0.7777777777777777,0.8048780487804879,0.5409836065573771,0.6470588235294118,32.6666920000207,0.8604651162790697,0.6065573770491803,0.7115384615384615,30.422934999990048,0.8163265306122449,0.6557377049180327,0.7272727272727273,45.95315799997479,0.8936170212765957,0.6885245901639344,0.7777777777777777,46.85021099999176
0000335_01961_d_0000053.jpg,69,YOLOv13-X,YOLOv13-L,0,0.875,0.6086956521739131,0.717948717948718,52.729035000027125,0.8823529411764706,0.6521739130434783,0.75,0.8378378378378378,0.4492753623188406,0.5849056603773585,19.818410000027598,0.8541666666666666,0.5942028985507246,0.7008547008547009,22.709166000026926,0.8823529411764706,0.6521739130434783,0.75,27.718203999995694,0.875,0.6086956521739131,0.717948717948718,26.70850499998778
0000335_02353_d_0000055.jpg,82,YOLOv13-X,YOLOv13-X,1,0.8823529411764706,0.5487804878048781,0.6766917293233083,75.2097040000308,0.8823529411764706,0.5487804878048781,0.6766917293233083,0.8,0.3902439024390244,0.5245901639344263,30.46081200000117,0.8461538461538461,0.4024390243902439,0.5454545454545454,31.059822999964126,0.803921568627451,0.5,0.6165413533834586,44.60741599996254,0.8823529411764706,0.5487804878048781,0.6766917293233083,27.895450000016808
0000335_02549_d_0000056.jpg,87,YOLOv13-X,YOLOv13-X,1,0.8695652173913043,0.45977011494252873,0.6015037593984962,47.8808799999797,0.8695652173913043,0.45977011494252873,0.6015037593984962,0.7954545454545454,0.40229885057471265,0.5343511450381679,19.888319000017418,0.851063829787234,0.45977011494252873,0.5970149253731344,19.312624000008327,0.82,0.47126436781609193,0.5985401459854015,27.65992100000858,0.8695652173913043,0.45977011494252873,0.6015037593984962,31.42765400002645
0000335_02745_d_0000057.jpg,99,YOLOv13-X,YOLOv13-X,1,0.8771929824561403,0.5050505050505051,0.641025641025641,58.198499000013726,0.8771929824561403,0.5050505050505051,0.641025641025641,0.7924528301886793,0.42424242424242425,0.5526315789473685,17.888550000009218,0.8363636363636363,0.46464646464646464,0.5974025974025974,30.78173199997991,0.875,0.494949494949495,0.6322580645161291,48.060489000022244,0.8771929824561403,0.5050505050505051,0.641025641025641,47.50565399996276
0000335_03137_d_0000059.jpg,103,YOLOv13-X,YOLOv13-L,0,0.8823529411764706,0.4368932038834951,0.5844155844155844,59.97454700002436,0.8679245283018868,0.44660194174757284,0.5897435897435898,0.7037037037037037,0.36893203883495146,0.48407643312101906,21.504069000002346,0.8,0.42718446601941745,0.5569620253164557,18.388855000011972,0.8679245283018868,0.44660194174757284,0.5897435897435898,27.789379000012104,0.8823529411764706,0.4368932038834951,0.5844155844155844,27.824817000009716
0000335_03333_d_0000060.jpg,40,YOLOv13-L,YOLOv13-X,0,0.8292682926829268,0.85,0.8395061728395061,51.447831000018596,0.868421052631579,0.825,0.8461538461538461,0.7567567567567568,0.7,0.7272727272727273,19.025616000021728,0.7560975609756098,0.775,0.7654320987654322,17.7125829999909,0.8292682926829268,0.85,0.8395061728395061,46.35197100003552,0.868421052631579,0.825,0.8461538461538461,48.09181399997442
0000335_03725_d_0000062.jpg,27,YOLOv13-L,YOLOv13-L,1,0.88,0.8148148148148148,0.8461538461538461,64.04262600000266,0.88,0.8148148148148148,0.8461538461538461,0.875,0.7777777777777778,0.823529411764706,18.700799999976425,0.8461538461538461,0.8148148148148148,0.830188679245283,30.603256999995665,0.88,0.8148148148148148,0.8461538461538461,44.003857000006974,0.8461538461538461,0.8148148148148148,0.830188679245283,44.44724400002542
0000335_03921_d_0000063.jpg,44,YOLOv13-L,YOLOv13-L,1,0.9047619047619048,0.8636363636363636,0.8837209302325582,72.97436600003948,0.9047619047619048,0.8636363636363636,0.8837209302325582,0.8717948717948718,0.7727272727272727,0.8192771084337349,31.10493700000916,0.8571428571428571,0.8181818181818182,0.8372093023255814,18.84552500001746,0.9047619047619048,0.8636363636363636,0.8837209302325582,32.93675599996959,0.9,0.8181818181818182,0.8571428571428572,28.78374800002348
0000335_04117_d_0000064.jpg,28,YOLOv13-L,YOLOv13-X,0,0.8666666666666667,0.9285714285714286,0.896551724137931,48.01775800001451,0.896551724137931,0.9285714285714286,0.912280701754386,0.8846153846153846,0.8214285714285714,0.8518518518518519,19.083667000018067,0.8571428571428571,0.8571428571428571,0.8571428571428571,25.112614000022404,0.8666666666666667,0.9285714285714286,0.896551724137931,34.81617099998857,0.896551724137931,0.9285714285714286,0.912280701754386,46.084651999990456
0000335_04313_d_0000065.jpg,38,YOLOv13-L,YOLOv13-X,0,0.8888888888888888,0.8421052631578947,0.8648648648648649,58.183369000005314,0.9142857142857143,0.8421052631578947,0.8767123287671234,0.8787878787878788,0.7631578947368421,0.8169014084507042,20.063029000027655,0.8823529411764706,0.7894736842105263,0.8333333333333333,24.49631799998997,0.8888888888888888,0.8421052631578947,0.8648648648648649,27.167680999980348,0.9142857142857143,0.8421052631578947,0.8767123287671234,27.482563000035043
0000335_05097_d_0000069.jpg,20,YOLOv13-L,YOLOv13-S,0,0.7647058823529411,0.65,0.7027027027027027,69.70161200001712,0.8823529411764706,0.75,0.8108108108108107,0.8125,0.65,0.7222222222222223,33.47400100000186,0.8823529411764706,0.75,0.8108108108108107,30.460484000002452,0.7647058823529411,0.65,0.7027027027027027,47.461369000018294,0.7647058823529411,0.65,0.7027027027027027,45.872476999988976
0000335_05685_d_0000072.jpg,15,YOLOv13-S,YOLOv13-L,0,0.9285714285714286,0.8666666666666667,0.896551724137931,36.93351600003325,0.875,0.9333333333333333,0.9032258064516129,0.8666666666666667,0.8666666666666667,0.8666666666666667,19.009562000007918,0.9285714285714286,0.8666666666666667,0.896551724137931,16.667046999998547,0.875,0.9333333333333333,0.9032258064516129,25.3747639999915,0.8,0.8,0.8000000000000002,33.488180000006196
0000335_06469_d_0000076.jpg,8,YOLOv13-N,YOLOv13-X,0,0.8333333333333334,0.625,0.7142857142857143,30.358849000037935,0.8571428571428571,0.75,0.7999999999999999,0.8333333333333334,0.625,0.7142857142857143,30.358849000037935,0.6666666666666666,0.75,0.7058823529411765,24.593833999972503,0.75,0.75,0.75,44.80471499999794,0.8571428571428571,0.75,0.7999999999999999,30.8577960000207
0000335_06665_d_0000077.jpg,21,YOLOv13-L,YOLOv13-X,0,0.8181818181818182,0.8571428571428571,0.8372093023255814,72.76905700001635,1.0,0.9523809523809523,0.975609756097561,0.8421052631578947,0.7619047619047619,0.8,26.643889000013132,0.9047619047619048,0.9047619047619048,0.9047619047619048,29.789087999972708,0.8181818181818182,0.8571428571428571,0.8372093023255814,33.48731900001667,1.0,0.9523809523809523,0.975609756097561,31.824565999954757
0000335_06861_d_0000078.jpg,24,YOLOv13-L,YOLOv13-X,0,0.7692307692307693,0.8333333333333334,0.8,69.74392899991244,0.875,0.875,0.875,0.9090909090909091,0.8333333333333334,0.8695652173913043,33.127668999952675,0.9090909090909091,0.8333333333333334,0.8695652173913043,22.663572999988446,0.7692307692307693,0.8333333333333334,0.8,38.45125000003691,0.875,0.875,0.875,44.05829099999892
0000342_00393_d_0000244.jpg,133,YOLOv13-X,YOLOv13-X,1,0.8461538461538461,0.49624060150375937,0.6255924170616114,56.84394799993697,0.8461538461538461,0.49624060150375937,0.6255924170616114,0.6268656716417911,0.3157894736842105,0.42,30.766963999951713,0.7361111111111112,0.39849624060150374,0.5170731707317073,32.398365000005924,0.775,0.46616541353383456,0.5821596244131455,42.90771399996629,0.8461538461538461,0.49624060150375937,0.6255924170616114,34.32645899999898
0000345_07057_d_0000345.jpg,108,YOLOv13-L,YOLOv13-X,0,0.8,0.48148148148148145,0.6011560693641619,65.63996699998143,0.7971014492753623,0.5092592592592593,0.6214689265536724,0.6964285714285714,0.3611111111111111,0.47560975609756095,33.10443499998428,0.7627118644067796,0.4166666666666667,0.5389221556886227,20.124882000004618,0.8,0.48148148148148145,0.6011560693641619,29.219357000044965,0.7971014492753623,0.5092592592592593,0.6214689265536724,27.49872200001846
0000346_00001_d_0000346.jpg,82,YOLOv13-L,YOLOv13-L,1,0.7692307692307693,0.7317073170731707,0.7499999999999999,68.97109500005172,0.7692307692307693,0.7317073170731707,0.7499999999999999,0.7101449275362319,0.5975609756097561,0.6490066225165563,32.5985590000073,0.7571428571428571,0.6463414634146342,0.6973684210526315,19.611093000037272,0.7692307692307693,0.7317073170731707,0.7499999999999999,27.587046999997256,0.75,0.6951219512195121,0.721518987341772,27.16407299999446
0000346_01961_d_0000356.jpg,71,YOLOv13-L,YOLOv13-X,0,0.6440677966101694,0.5352112676056338,0.5846153846153846,53.305482999974174,0.6727272727272727,0.5211267605633803,0.5873015873015874,0.5714285714285714,0.4507042253521127,0.5039370078740156,18.798543999992035,0.6607142857142857,0.5211267605633803,0.5826771653543307,20.361775000026228,0.6440677966101694,0.5352112676056338,0.5846153846153846,28.029982999953518,0.6727272727272727,0.5211267605633803,0.5873015873015874,39.862351000010676
0000346_02549_d_0000359.jpg,59,YOLOv13-X,YOLOv13-X,1,0.7142857142857143,0.7627118644067796,0.7377049180327869,58.850165999956516,0.7142857142857143,0.7627118644067796,0.7377049180327869,0.6842105263157895,0.6610169491525424,0.6724137931034484,31.79874599999266,0.6363636363636364,0.711864406779661,0.672,20.742740999992293,0.6515151515151515,0.7288135593220338,0.688,46.78836200002934,0.7142857142857143,0.7627118644067796,0.7377049180327869,47.84248200002139
0000346_03921_d_0000366.jpg,50,YOLOv13-L,YOLOv13-X,0,0.6346153846153846,0.66,0.6470588235294118,61.025797000013426,0.6730769230769231,0.7,0.6862745098039216,0.6666666666666666,0.6,0.631578947368421,20.34989700001688,0.6976744186046512,0.6,0.6451612903225806,26.961264999954437,0.6346153846153846,0.66,0.6470588235294118,30.634263000024475,0.6730769230769231,0.7,0.6862745098039216,27.470364000009795
0000346_07057_d_0000382.jpg,87,YOLOv13-X,YOLOv13-X,1,0.8840579710144928,0.7011494252873564,0.782051282051282,70.7411900000352,0.8840579710144928,0.7011494252873564,0.782051282051282,0.6625,0.6091954022988506,0.6347305389221558,31.862637000017457,0.8309859154929577,0.6781609195402298,0.7468354430379747,18.509102999985316,0.8571428571428571,0.6896551724137931,0.7643312101910829,26.837919000001875,0.8840579710144928,0.7011494252873564,0.782051282051282,26.282560999959514
0000348_00589_d_0000409.jpg,34,YOLOv13-L,YOLOv13-L,1,0.6774193548387096,0.6176470588235294,0.6461538461538462,57.46569799998724,0.6774193548387096,0.6176470588235294,0.6461538461538462,0.64,0.47058823529411764,0.5423728813559322,31.265550999989955,0.6333333333333333,0.5588235294117647,0.59375,20.7628289999775,0.6774193548387096,0.6176470588235294,0.6461538461538462,47.70324399999026,0.6896551724137931,0.5882352941176471,0.6349206349206349,44.85244500000363
0000348_03333_d_0000423.jpg,15,YOLOv13-S,YOLOv13-X,0,0.7692307692307693,0.6666666666666666,0.7142857142857142,48.62378199999284,0.8125,0.8666666666666667,0.8387096774193549,0.9090909090909091,0.6666666666666666,0.7692307692307692,31.280245000004925,0.7692307692307693,0.6666666666666666,0.7142857142857142,16.00565300003609,0.7647058823529411,0.8666666666666667,0.8125,27.297607999969387,0.8125,0.8666666666666667,0.8387096774193549,33.31892599999264
0000356_00589_d_0000632.jpg,121,YOLOv13-X,YOLOv13-X,1,0.7920792079207921,0.6611570247933884,0.7207207207207208,45.18648399999847,0.7920792079207921,0.6611570247933884,0.7207207207207208,0.7432432432432432,0.45454545454545453,0.5641025641025641,19.167681999988417,0.7368421052631579,0.5785123966942148,0.6481481481481481,17.68938499998285,0.7821782178217822,0.6528925619834711,0.7117117117117117,44.25873599996066,0.7920792079207921,0.6611570247933884,0.7207207207207208,27.817442000014125
0000356_01177_d_0000635.jpg,88,YOLOv13-L,YOLOv13-X,0,0.7073170731707317,0.6590909090909091,0.6823529411764706,51.733337999962714,0.7564102564102564,0.6704545454545454,0.7108433734939757,0.7115384615384616,0.42045454545454547,0.5285714285714285,19.070938999959708,0.6811594202898551,0.5340909090909091,0.5987261146496815,16.69730700001537,0.7073170731707317,0.6590909090909091,0.6823529411764706,28.14370100003316,0.7564102564102564,0.6704545454545454,0.7108433734939757,31.895560000009482
0000356_01569_d_0000637.jpg,100,YOLOv13-X,YOLOv13-X,1,0.7424242424242424,0.49,0.5903614457831325,52.81567899999118,0.7424242424242424,0.49,0.5903614457831325,0.49206349206349204,0.31,0.38036809815950917,19.371277999994163,0.6142857142857143,0.43,0.5058823529411766,19.595025000000987,0.6153846153846154,0.4,0.4848484848484849,27.245458000038525,0.7424242424242424,0.49,0.5903614457831325,27.210013000001254
0000356_01765_d_0000638.jpg,84,YOLOv13-L,YOLOv13-X,0,0.7777777777777778,0.5833333333333334,0.6666666666666666,41.3683320000473,0.8032786885245902,0.5833333333333334,0.6758620689655173,0.8095238095238095,0.40476190476190477,0.5396825396825397,17.314723000026788,0.6666666666666666,0.5,0.5714285714285715,17.20530300002565,0.7777777777777778,0.5833333333333334,0.6666666666666666,27.68513999996003,0.8032786885245902,0.5833333333333334,0.6758620689655173,27.249557999994067
0000356_01961_d_0000639.jpg,111,YOLOv13-X,YOLOv13-L,0,0.6956521739130435,0.43243243243243246,0.5333333333333333,53.55735599999889,0.7230769230769231,0.42342342342342343,0.5340909090909091,0.6,0.32432432432432434,0.4210526315789474,19.958993999978247,0.5857142857142857,0.36936936936936937,0.4530386740331492,16.78853599997865,0.7230769230769231,0.42342342342342343,0.5340909090909091,26.760146000015084,0.6956521739130435,0.43243243243243246,0.5333333333333333,27.167189000010694
0000356_02157_d_0000640.jpg,54,YOLOv13-X,YOLOv13-X,1,0.6129032258064516,0.7037037037037037,0.6551724137931035,47.281310999949255,0.6129032258064516,0.7037037037037037,0.6551724137931035,0.4838709677419355,0.5555555555555556,0.5172413793103449,18.267850999961865,0.5423728813559322,0.5925925925925926,0.5663716814159292,24.549384000010832,0.5441176470588235,0.6851851851851852,0.6065573770491803,45.667772000001605,0.6129032258064516,0.7037037037037037,0.6551724137931035,47.27109000003793
0000356_02353_d_0000641.jpg,106,YOLOv13-X,YOLOv13-X,1,0.7571428571428571,0.5,0.6022727272727273,48.21726599993781,0.7571428571428571,0.5,0.6022727272727273,0.6101694915254238,0.33962264150943394,0.43636363636363634,16.946068999970976,0.6615384615384615,0.4056603773584906,0.5029239766081871,16.32746899997528,0.7142857142857143,0.4716981132075472,0.5681818181818181,45.13311599998815,0.7571428571428571,0.5,0.6022727272727273,33.207448000041495
0000356_02745_d_0000643.jpg,97,YOLOv13-X,YOLOv13-X,1,0.8088235294117647,0.5670103092783505,0.6666666666666666,42.69180200003575,0.8088235294117647,0.5670103092783505,0.6666666666666666,0.6756756756756757,0.25773195876288657,0.3731343283582089,18.8534860000118,0.54,0.27835051546391754,0.36734693877551017,18.61694600000874,0.7384615384615385,0.4948453608247423,0.5925925925925927,32.49468699999625,0.8088235294117647,0.5670103092783505,0.6666666666666666,33.321946000000935
0000356_02941_d_0000644.jpg,108,YOLOv13-X,YOLOv13-X,1,0.5,0.3333333333333333,0.4,47.61575000003404,0.5,0.3333333333333333,0.4,0.40540540540540543,0.1388888888888889,0.20689655172413796,22.01394700000492,0.4423076923076923,0.21296296296296297,0.2875,28.038718000004792,0.5079365079365079,0.2962962962962963,0.3742690058479532,27.688908000016,0.5,0.3333333333333333,0.4,26.615818999971452
0000356_03333_d_0000646.jpg,80,YOLOv13-X,YOLOv13-X,1,0.7611940298507462,0.6375,0.6938775510204082,43.517699999938486,0.7611940298507462,0.6375,0.6938775510204082,0.7037037037037037,0.475,0.5671641791044776,18.654059999960282,0.6896551724137931,0.5,0.5797101449275363,16.94486799999595,0.639344262295082,0.4875,0.5531914893617021,27.347783999971398,0.7611940298507462,0.6375,0.6938775510204082,27.57554300001175
0000356_03529_d_0000647.jpg,81,YOLOv13-X,YOLOv13-X,1,0.7125,0.7037037037037037,0.7080745341614907,56.180695000023206,0.7125,0.7037037037037037,0.7080745341614907,0.5714285714285714,0.49382716049382713,0.5298013245033113,19.440561999999773,0.7066666666666667,0.654320987654321,0.6794871794871794,18.85556299998825,0.6744186046511628,0.7160493827160493,0.6946107784431137,34.91138200001842,0.7125,0.7037037037037037,0.7080745341614907,44.54921900003228
0000356_03725_d_0000648.jpg,94,YOLOv13-X,YOLOv13-L,0,0.7543859649122807,0.4574468085106383,0.5695364238410595,62.392037999984495,0.7719298245614035,0.46808510638297873,0.5827814569536424,0.6222222222222222,0.2978723404255319,0.4028776978417266,19.917063999969287,0.578125,0.39361702127659576,0.4683544303797469,32.0572210000023,0.7719298245614035,0.46808510638297873,0.5827814569536424,48.04181700001209,0.7543859649122807,0.4574468085106383,0.5695364238410595,41.846313999997165
0000356_03921_d_0000649.jpg,72,YOLOv13-X,YOLOv13-X,1,0.6615384615384615,0.5972222222222222,0.6277372262773723,70.90234199995393,0.6615384615384615,0.5972222222222222,0.6277372262773723,0.6612903225806451,0.5694444444444444,0.6119402985074627,31.898194999996576,0.6428571428571429,0.5,0.5625000000000001,31.36120699997491,0.6964285714285714,0.5416666666666666,0.6093749999999999,45.436318999975356,0.6615384615384615,0.5972222222222222,0.6277372262773723,42.52263600000106
0000356_04117_d_0000650.jpg,93,YOLOv13-X,YOLOv13-L,0,0.7719298245614035,0.4731182795698925,0.5866666666666667,71.18859899998142,0.9038461538461539,0.5053763440860215,0.6482758620689656,0.7254901960784313,0.3978494623655914,0.5138888888888888,31.396470999993653,0.7924528301886793,0.45161290322580644,0.5753424657534246,29.709286000013435,0.9038461538461539,0.5053763440860215,0.6482758620689656,45.784821000040665,0.7719298245614035,0.4731182795698925,0.5866666666666667,27.08881600000268
0000356_04313_d_0000651.jpg,99,YOLOv13-X,YOLOv13-L,0,0.7285714285714285,0.5151515151515151,0.603550295857988,47.04711399995176,0.7941176470588235,0.5454545454545454,0.6467065868263473,0.7037037037037037,0.3838383838383838,0.4967320261437908,18.572469999980967,0.7424242424242424,0.494949494949495,0.5939393939393939,19.566815000018778,0.7941176470588235,0.5454545454545454,0.6467065868263473,46.63852699997051,0.7285714285714285,0.5151515151515151,0.603550295857988,31.382054000005155
0000356_04705_d_0000653.jpg,70,YOLOv13-X,YOLOv13-X,1,0.7352941176470589,0.7142857142857143,0.7246376811594202,64.55823400000327,0.7352941176470589,0.7142857142857143,0.7246376811594202,0.6,0.4714285714285714,0.528,31.28317400000924,0.6515151515151515,0.6142857142857143,0.6323529411764707,20.0310330000093,0.6533333333333333,0.7,0.6758620689655173,27.767025000002832,0.7352941176470589,0.7142857142857143,0.7246376811594202,31.650026999955116
0000356_04901_d_0000654.jpg,102,YOLOv13-X,YOLOv13-X,1,0.746268656716418,0.49019607843137253,0.591715976331361,53.702708000002986,0.746268656716418,0.49019607843137253,0.591715976331361,0.6481481481481481,0.3431372549019608,0.4487179487179487,19.948596999995516,0.6206896551724138,0.35294117647058826,0.45000000000000007,18.903252999962206,0.6716417910447762,0.4411764705882353,0.5325443786982248,27.303455999970083,0.746268656716418,0.49019607843137253,0.591715976331361,27.739698000004864
0000356_05097_d_0000655.jpg,114,YOLOv13-X,YOLOv13-X,1,0.7702702702702703,0.5,0.6063829787234043,61.28501799997821,0.7702702702702703,0.5,0.6063829787234043,0.6851851851851852,0.32456140350877194,0.4404761904761905,30.948670999976002,0.7647058823529411,0.45614035087719296,0.5714285714285713,18.55535400000008,0.7283950617283951,0.5175438596491229,0.6051282051282051,27.62137900003836,0.7702702702702703,0.5,0.6063829787234043,26.843390999999883
0000358_03333_d_0000697.jpg,93,YOLOv13-X,YOLOv13-X,1,0.8727272727272727,0.5161290322580645,0.6486486486486487,47.396472999992056,0.8727272727272727,0.5161290322580645,0.6486486486486487,0.7708333333333334,0.3978494623655914,0.524822695035461,20.044776999952774,0.78,0.41935483870967744,0.5454545454545455,31.263264000017443,0.8035714285714286,0.4838709677419355,0.6040268456375839,46.57854100003078,0.8727272727272727,0.5161290322580645,0.6486486486486487,33.67026699999087
0000359_00393_d_0000701.jpg,39,YOLOv13-L,YOLOv13-L,1,0.7777777777777778,0.717948717948718,0.7466666666666666,47.24322400005576,0.7777777777777778,0.717948717948718,0.7466666666666666,0.7692307692307693,0.5128205128205128,0.6153846153846154,18.74216100003423,0.7692307692307693,0.5128205128205128,0.6153846153846154,22.37587099995153,0.7777777777777778,0.717948717948718,0.7466666666666666,44.1017300000226,0.8333333333333334,0.6410256410256411,0.7246376811594204,47.41134400001101
0000359_00589_d_0000702.jpg,39,YOLOv13-L,YOLOv13-X,0,0.6976744186046512,0.7692307692307693,0.7317073170731708,52.64652300002126,0.7692307692307693,0.7692307692307693,0.7692307692307693,0.7567567567567568,0.717948717948718,0.736842105263158,30.604498999991847,0.6590909090909091,0.7435897435897436,0.6987951807228915,18.0671739999525,0.6976744186046512,0.7692307692307693,0.7317073170731708,27.148302999989937,0.7692307692307693,0.7692307692307693,0.7692307692307693,27.248382999971454
0000359_00785_d_0000703.jpg,30,YOLOv13-L,YOLOv13-S,0,0.6153846153846154,0.8,0.6956521739130435,51.90439599999763,0.7575757575757576,0.8333333333333334,0.7936507936507938,0.6052631578947368,0.7666666666666667,0.676470588235294,19.260122999980922,0.7575757575757576,0.8333333333333334,0.7936507936507938,17.86212100000739,0.6153846153846154,0.8,0.6956521739130435,27.840695000008964,0.696969696969697,0.7666666666666667,0.7301587301587302,43.27259900003355
0000359_00981_d_0000704.jpg,33,YOLOv13-L,YOLOv13-L,1,0.5833333333333334,0.8484848484848485,0.691358024691358,46.49241399999937,0.5833333333333334,0.8484848484848485,0.691358024691358,0.4482758620689655,0.7878787878787878,0.5714285714285714,18.79891599998018,0.5,0.8181818181818182,0.6206896551724137,21.316180000042095,0.5833333333333334,0.8484848484848485,0.691358024691358,26.681526000004396,0.574468085106383,0.8181818181818182,0.675,28.441041000007772
0000359_01177_d_0000705.jpg,59,YOLOv13-X,YOLOv13-X,1,0.6811594202898551,0.7966101694915254,0.7343750000000001,43.29695499995978,0.6811594202898551,0.7966101694915254,0.7343750000000001,0.5454545454545454,0.711864406779661,0.6176470588235294,18.91059799999084,0.5641025641025641,0.7457627118644068,0.6423357664233577,21.575881999979174,0.6571428571428571,0.7796610169491526,0.7131782945736433,27.95617399999628,0.6811594202898551,0.7966101694915254,0.7343750000000001,28.872222000018155
0000359_01373_d_0000706.jpg,12,YOLOv13-S,YOLOv13-S,1,0.9166666666666666,0.9166666666666666,0.9166666666666666,36.53266400004895,0.9166666666666666,0.9166666666666666,0.9166666666666666,0.7692307692307693,0.8333333333333334,0.8,18.29741100004867,0.9166666666666666,0.9166666666666666,0.9166666666666666,20.345448999989912,0.8461538461538461,0.9166666666666666,0.8799999999999999,24.412788999995882,0.7857142857142857,0.9166666666666666,0.8461538461538461,27.018424999994295
0000359_01961_d_0000707.jpg,18,YOLOv13-L,YOLOv13-L,1,0.8235294117647058,0.7777777777777778,0.7999999999999999,58.32865299993273,0.8235294117647058,0.7777777777777778,0.7999999999999999,0.65,0.7222222222222222,0.6842105263157895,31.573120999951243,0.6521739130434783,0.8333333333333334,0.7317073170731708,17.445849000012004,0.8235294117647058,0.7777777777777778,0.7999999999999999,45.05279599999312,0.7777777777777778,0.7777777777777778,0.7777777777777778,36.81984700000385
0000359_02353_d_0000708.jpg,31,YOLOv13-L,YOLOv13-L,1,0.7391304347826086,0.5483870967741935,0.6296296296296297,48.219203999963156,0.7391304347826086,0.5483870967741935,0.6296296296296297,0.6842105263157895,0.41935483870967744,0.5200000000000001,19.51702399998112,0.6818181818181818,0.4838709677419355,0.5660377358490567,24.42850800002816,0.7391304347826086,0.5483870967741935,0.6296296296296297,47.61184499994897,0.8,0.5161290322580645,0.6274509803921569,47.08757000003061
0000359_02549_d_0000709.jpg,21,YOLOv13-L,YOLOv13-X,0,0.9444444444444444,0.8095238095238095,0.8717948717948718,56.67990500000997,1.0,0.9047619047619048,0.9500000000000001,0.9444444444444444,0.8095238095238095,0.8717948717948718,30.206612000029054,0.9473684210526315,0.8571428571428571,0.9,16.809261999981118,0.9444444444444444,0.8095238095238095,0.8717948717948718,25.97622199999705,1.0,0.9047619047619048,0.9500000000000001,27.892704999999296
0000359_03333_d_0000711.jpg,13,YOLOv13-L,YOLOv13-L,1,0.7692307692307693,0.7692307692307693,0.7692307692307693,45.78622100001439,0.7692307692307693,0.7692307692307693,0.7692307692307693,0.7142857142857143,0.7692307692307693,0.7407407407407408,18.152998999994452,0.75,0.6923076923076923,0.7199999999999999,18.862373000047228,0.7692307692307693,0.7692307692307693,0.7692307692307693,35.58388900000864,0.7692307692307693,0.7692307692307693,0.7692307692307693,45.70257000000311
0000359_03529_d_0000712.jpg,16,YOLOv13-L,YOLOv13-X,0,0.7058823529411765,0.75,0.7272727272727272,48.35817200000747,0.8,0.75,0.7741935483870969,0.5294117647058824,0.5625,0.5454545454545455,18.944733000012093,0.631578947368421,0.75,0.6857142857142857,14.933601999985058,0.7058823529411765,0.75,0.7272727272727272,27.526459000000614,0.8,0.75,0.7741935483870969,27.35549699997364
0000360_00001_d_0000713.jpg,80,YOLOv13-X,YOLOv13-L,0,0.7666666666666667,0.575,0.6571428571428571,54.9067650000552,0.746268656716418,0.625,0.6802721088435375,0.6842105263157895,0.4875,0.5693430656934307,22.135702000014135,0.7924528301886793,0.525,0.631578947368421,21.455646999982037,0.746268656716418,0.625,0.6802721088435375,33.17096099999617,0.7666666666666667,0.575,0.6571428571428571,33.32603600000539
0000360_00197_d_0000714.jpg,79,YOLOv13-X,YOLOv13-L,0,0.7164179104477612,0.6075949367088608,0.6575342465753424,48.450807999984136,0.7384615384615385,0.6075949367088608,0.6666666666666666,0.6727272727272727,0.46835443037974683,0.5522388059701493,20.188987999972596,0.7454545454545455,0.5189873417721519,0.6119402985074627,30.76325300003191,0.7384615384615385,0.6075949367088608,0.6666666666666666,63.246149000008245,0.7164179104477612,0.6075949367088608,0.6575342465753424,49.399271000027056
0000360_00393_d_0000715.jpg,79,YOLOv13-X,YOLOv13-X,1,0.7704918032786885,0.5949367088607594,0.6714285714285714,57.99974899997551,0.7704918032786885,0.5949367088607594,0.6714285714285714,0.8,0.45569620253164556,0.5806451612903226,32.516661999977714,0.8,0.5063291139240507,0.6201550387596899,23.474945999964802,0.7457627118644068,0.5569620253164557,0.6376811594202898,50.25017999997772,0.7704918032786885,0.5949367088607594,0.6714285714285714,49.58467000000155
0000360_00589_d_0000716.jpg,60,YOLOv13-X,YOLOv13-L,0,0.7450980392156863,0.6333333333333333,0.6846846846846847,59.07108799999605,0.7755102040816326,0.6333333333333333,0.6972477064220183,0.6521739130434783,0.5,0.5660377358490566,31.780094999987796,0.7333333333333333,0.55,0.6285714285714286,18.053746000020965,0.7755102040816326,0.6333333333333333,0.6972477064220183,27.342312000030233,0.7450980392156863,0.6333333333333333,0.6846846846846847,30.535258999975667
0000360_00785_d_0000717.jpg,59,YOLOv13-L,YOLOv13-L,1,0.6842105263157895,0.6610169491525424,0.6724137931034484,46.39849999995249,0.6842105263157895,0.6610169491525424,0.6724137931034484,0.5116279069767442,0.3728813559322034,0.43137254901960786,19.113078999964728,0.6041666666666666,0.4915254237288136,0.5420560747663552,18.861231000016687,0.6842105263157895,0.6610169491525424,0.6724137931034484,27.333678999980293,0.6481481481481481,0.5932203389830508,0.6194690265486725,28.038669000011396
0000360_00981_d_0000718.jpg,65,YOLOv13-X,YOLOv13-L,0,0.7,0.6461538461538462,0.6719999999999999,52.84847000001491,0.7678571428571429,0.6615384615384615,0.7107438016528925,0.717391304347826,0.5076923076923077,0.5945945945945945,17.64329100001305,0.7307692307692307,0.5846153846153846,0.6495726495726495,18.911696999964533,0.7678571428571429,0.6615384615384615,0.7107438016528925,42.74931100002277,0.7,0.6461538461538462,0.6719999999999999,50.28321500003585
0000360_02353_d_0000725.jpg,72,YOLOv13-L,YOLOv13-X,0,0.78125,0.6944444444444444,0.7352941176470588,58.41204699999025,0.8064516129032258,0.6944444444444444,0.746268656716418,0.7959183673469388,0.5416666666666666,0.6446280991735536,32.41982800000187,0.7857142857142857,0.6111111111111112,0.6875000000000001,19.240281000008963,0.78125,0.6944444444444444,0.7352941176470588,27.938177999999425,0.8064516129032258,0.6944444444444444,0.746268656716418,27.682970999990175
0000360_02745_d_0000727.jpg,81,YOLOv13-L,YOLOv13-X,0,0.8076923076923077,0.5185185185185185,0.6315789473684211,51.513483999997334,0.7931034482758621,0.5679012345679012,0.6618705035971224,0.6666666666666666,0.3950617283950617,0.49612403100775193,20.23954999998523,0.8113207547169812,0.5308641975308642,0.6417910447761194,19.128413999965233,0.8076923076923077,0.5185185185185185,0.6315789473684211,27.95012800004315,0.7931034482758621,0.5679012345679012,0.6618705035971224,27.125570999999127
0000360_02941_d_0000728.jpg,45,YOLOv13-L,YOLOv13-L,1,0.7111111111111111,0.7111111111111111,0.7111111111111111,44.75763099998176,0.7111111111111111,0.7111111111111111,0.7111111111111111,0.5869565217391305,0.6,0.5934065934065934,18.672680000008768,0.725,0.6444444444444445,0.6823529411764706,20.811996999952953,0.7111111111111111,0.7111111111111111,0.7111111111111111,26.0894950000079,0.7209302325581395,0.6888888888888889,0.7045454545454545,27.868911000041408
0000360_03137_d_0000729.jpg,56,YOLOv13-L,YOLOv13-X,0,0.7884615384615384,0.7321428571428571,0.7592592592592592,46.45919000000731,0.84,0.75,0.7924528301886793,0.8181818181818182,0.6428571428571429,0.7200000000000001,18.961670000010145,0.8666666666666667,0.6964285714285714,0.7722772277227722,20.09720999996034,0.7884615384615384,0.7321428571428571,0.7592592592592592,28.535325000007106,0.84,0.75,0.7924528301886793,27.522075999968365
0000360_03333_d_0000730.jpg,56,YOLOv13-L,YOLOv13-X,0,0.7083333333333334,0.6071428571428571,0.6538461538461539,46.06624300004114,0.7446808510638298,0.625,0.6796116504854368,0.6078431372549019,0.5535714285714286,0.5794392523364487,18.668442000034702,0.6976744186046512,0.5357142857142857,0.6060606060606061,28.289561000008234,0.7083333333333334,0.6071428571428571,0.6538461538461539,44.60106599998426,0.7446808510638298,0.625,0.6796116504854368,46.560684999974455
0000360_03529_d_0000731.jpg,31,YOLOv13-L,YOLOv13-L,1,0.92,0.7419354838709677,0.8214285714285714,44.28265800004283,0.92,0.7419354838709677,0.8214285714285714,0.7692307692307693,0.6451612903225806,0.7017543859649122,20.029259000011734,0.7407407407407407,0.6451612903225806,0.689655172413793,17.40875299998379,0.92,0.7419354838709677,0.8214285714285714,26.741963999995733,0.8518518518518519,0.7419354838709677,0.7931034482758621,27.360493000003316
0000360_03921_d_0000733.jpg,52,YOLOv13-X,YOLOv13-S,0,0.625,0.4807692307692308,0.5434782608695652,63.74263299994709,0.7142857142857143,0.4807692307692308,0.5747126436781609,0.6129032258064516,0.36538461538461536,0.45783132530120485,18.40427499996622,0.7142857142857143,0.4807692307692308,0.5747126436781609,32.134822000045915,0.7058823529411765,0.46153846153846156,0.558139534883721,27.549210000017865,0.625,0.4807692307692308,0.5434782608695652,27.449146999970253
0000360_04117_d_0000734.jpg,18,YOLOv13-S,YOLOv13-L,0,0.8333333333333334,0.8333333333333334,0.8333333333333334,36.21804299996256,0.9411764705882353,0.8888888888888888,0.9142857142857143,0.7333333333333333,0.6111111111111112,0.6666666666666666,18.96275999996533,0.8333333333333334,0.8333333333333334,0.8333333333333334,16.18524099995966,0.9411764705882353,0.8888888888888888,0.9142857142857143,27.1692150000149,0.8421052631578947,0.8888888888888888,0.8648648648648649,25.806012999964878
0000360_04705_d_0000737.jpg,9,YOLOv13-L,YOLOv13-N,0,0.8,0.8888888888888888,0.8421052631578948,58.85402499995962,0.75,1.0,0.8571428571428571,0.75,1.0,0.8571428571428571,18.328623000002153,0.8,0.8888888888888888,0.8421052631578948,16.77920899999208,0.8,0.8888888888888888,0.8421052631578948,27.465331000030346,0.7272727272727273,0.8888888888888888,0.7999999999999999,27.27933699998175
0000360_05293_d_0000740.jpg,70,YOLOv13-L,YOLOv13-X,0,0.82,0.5857142857142857,0.6833333333333333,47.17367699998931,0.8627450980392157,0.6285714285714286,0.7272727272727274,0.6923076923076923,0.5142857142857142,0.5901639344262295,19.201316000021507,0.7692307692307693,0.5714285714285714,0.6557377049180327,18.2012299999883,0.82,0.5857142857142857,0.6833333333333333,26.46118799998476,0.8627450980392157,0.6285714285714286,0.7272727272727274,26.911429999984193
0000360_05685_d_0000742.jpg,60,YOLOv13-X,YOLOv13-X,1,0.8571428571428571,0.7,0.7706422018348624,48.921255999971436,0.8571428571428571,0.7,0.7706422018348624,0.6511627906976745,0.4666666666666667,0.5436893203883496,18.86405499999455,0.7441860465116279,0.5333333333333333,0.6213592233009709,18.49027999998043,0.8723404255319149,0.6833333333333333,0.766355140186916,27.6846339999679,0.8571428571428571,0.7,0.7706422018348624,27.383138999994117
0000360_06273_d_0000745.jpg,17,YOLOv13-X,YOLOv13-X,1,0.56,0.8235294117647058,0.6666666666666666,64.43987900001957,0.56,0.8235294117647058,0.6666666666666666,0.38235294117647056,0.7647058823529411,0.5098039215686274,31.5906659999996,0.43333333333333335,0.7647058823529411,0.5531914893617021,16.577891999986605,0.4482758620689655,0.7647058823529411,0.5652173913043479,35.93581699999504,0.56,0.8235294117647058,0.6666666666666666,26.583109000000604
0000360_06665_d_0000747.jpg,48,YOLOv13-L,YOLOv13-X,0,0.8372093023255814,0.75,0.7912087912087912,46.27969199998461,0.8974358974358975,0.7291666666666666,0.8045977011494253,0.7297297297297297,0.5625,0.6352941176470588,18.38769199997614,0.7441860465116279,0.6666666666666666,0.7032967032967034,18.51880499998515,0.8372093023255814,0.75,0.7912087912087912,27.544303000013315,0.8974358974358975,0.7291666666666666,0.8045977011494253,28.321965000031923
0000360_06861_d_0000748.jpg,25,YOLOv13-L,YOLOv13-S,0,0.8846153846153846,0.92,0.9019607843137256,51.962437999975464,0.9230769230769231,0.96,0.9411764705882353,0.8888888888888888,0.96,0.923076923076923,19.092241000009835,0.9230769230769231,0.96,0.9411764705882353,18.834443999992345,0.8846153846153846,0.92,0.9019607843137256,26.854425999999876,0.8888888888888888,0.96,0.923076923076923,27.36250700002074
0000360_07057_d_0000749.jpg,15,YOLOv13-X,YOLOv13-L,0,0.5789473684210527,0.7333333333333333,0.6470588235294117,46.74037999996017,0.7222222222222222,0.8666666666666667,0.7878787878787877,0.3793103448275862,0.7333333333333333,0.5,19.22138099996573,0.5,0.6666666666666666,0.5714285714285715,23.919689999956972,0.7222222222222222,0.8666666666666667,0.7878787878787877,38.635927000029824,0.5789473684210527,0.7333333333333333,0.6470588235294117,26.797232000035365
0000360_07253_d_0000750.jpg,28,YOLOv13-L,YOLOv13-L,1,0.8,0.8571428571428571,0.8275862068965518,45.85736199993562,0.8,0.8571428571428571,0.8275862068965518,0.7586206896551724,0.7857142857142857,0.7719298245614034,19.247595999956957,0.6875,0.7857142857142857,0.7333333333333334,30.77994000000217,0.8,0.8571428571428571,0.8275862068965518,34.71698999999262,0.8214285714285714,0.8214285714285714,0.8214285714285714,27.75923699999794
0000360_07645_d_0000752.jpg,16,YOLOv13-L,YOLOv13-L,1,0.8421052631578947,1.0,0.9142857142857143,58.320121000008385,0.8421052631578947,1.0,0.9142857142857143,0.6190476190476191,0.8125,0.7027027027027026,18.563083000003644,0.8235294117647058,0.875,0.8484848484848485,16.786378999995577,0.8421052631578947,1.0,0.9142857142857143,27.203533999966112,0.8421052631578947,1.0,0.9142857142857143,26.807267000037882
0000364_00589_d_0000798.jpg,62,YOLOv13-L,YOLOv13-X,0,0.5357142857142857,0.4838709677419355,0.5084745762711865,43.08910000003152,0.6037735849056604,0.5161290322580645,0.5565217391304349,0.5588235294117647,0.3064516129032258,0.39583333333333337,17.929309999999532,0.5588235294117647,0.3064516129032258,0.39583333333333337,17.240280999999413,0.5357142857142857,0.4838709677419355,0.5084745762711865,25.600048000001152,0.6037735849056604,0.5161290322580645,0.5565217391304349,25.678497999990668
0000364_01177_d_0000799.jpg,80,YOLOv13-L,YOLOv13-L,1,0.6909090909090909,0.475,0.5629629629629629,46.156074999998964,0.6909090909090909,0.475,0.5629629629629629,0.6585365853658537,0.3375,0.4462809917355372,17.365441000038118,0.7567567567567568,0.35,0.4786324786324787,16.552675000014005,0.6909090909090909,0.475,0.5629629629629629,26.979524000012134,0.6610169491525424,0.4875,0.5611510791366906,26.24000299999807
0000364_01373_d_0000780.jpg,64,YOLOv13-L,YOLOv13-X,0,0.46296296296296297,0.390625,0.423728813559322,58.16918500005386,0.576271186440678,0.53125,0.5528455284552846,0.5,0.3125,0.38461538461538464,25.670561000026737,0.5681818181818182,0.390625,0.46296296296296297,31.09288699999979,0.46296296296296297,0.390625,0.423728813559322,45.71379099996875,0.576271186440678,0.53125,0.5528455284552846,44.884470999988935
0000364_01569_d_0000781.jpg,97,YOLOv13-X,YOLOv13-L,0,0.711864406779661,0.4329896907216495,0.5384615384615384,45.280011000045306,0.7704918032786885,0.4845360824742268,0.5949367088607594,0.7567567567567568,0.28865979381443296,0.41791044776119396,18.021502000010514,0.78,0.4020618556701031,0.5306122448979592,26.14364599997998,0.7704918032786885,0.4845360824742268,0.5949367088607594,45.60453200002712,0.711864406779661,0.4329896907216495,0.5384615384615384,44.03162700003804
0000364_01765_d_0000782.jpg,81,YOLOv13-X,YOLOv13-L,0,0.5441176470588235,0.4567901234567901,0.49664429530201337,44.77447300001813,0.5970149253731343,0.49382716049382713,0.5405405405405405,0.5217391304347826,0.2962962962962963,0.3779527559055118,18.191776000037407,0.6,0.4444444444444444,0.5106382978723405,18.660546999967664,0.5970149253731343,0.49382716049382713,0.5405405405405405,46.77762799997254,0.5441176470588235,0.4567901234567901,0.49664429530201337,33.49328699999887
