image,gt_instances,router_model,oracle_model,adaptive_f1,oracle_f1,f1_regret,predicted_relative_N,predicted_relative_S,predicted_relative_L,predicted_relative_X,oracle_match
9999960_00000_d_0000096.jpg,44,YOLOv13-X,YOLOv13-X,0.9333333333333332,0.9333333333333332,0.0,0.0,0.05417330702718251,0.11246989680752051,0.11927005112778566,True
9999991_00000_d_0000003.jpg,104,YOLOv13-X,YOLOv13-L,0.5921787709497207,0.6222222222222222,0.03004345127250152,0.0,0.06642636213654127,0.1388854648405877,0.14673053565804964,False
9999953_00000_d_0000106.jpg,11,YOLOv13-X,YOLOv13-L,0.8695652173913043,0.9565217391304348,0.08695652173913049,0.0,0.04398950510699469,0.06300445182295503,0.06424269971459581,False
9999951_00000_d_0000078.jpg,57,YOLOv13-L,YOLOv13-L,0.8547008547008548,0.8547008547008548,0.0,0.0,0.045328199699254564,0.08476626233482268,0.08125756242460828,True
9999955_00000_d_0000340.jpg,83,YOLOv13-X,YOLOv13-L,0.7092198581560283,0.75177304964539,0.042553191489361764,0.0,0.0590878777510136,0.12273212816559137,0.1276540710488418,False
9999998_00216_d_0000172.jpg,24,YOLOv13-L,YOLOv13-X,0.7547169811320755,0.8085106382978724,0.05379365716579687,0.0,0.07957327838668748,0.16033019805922677,0.15780496469774014,False
9999984_00000_d_0000060.jpg,28,YOLOv13-L,YOLOv13-X,0.8461538461538461,0.8627450980392156,0.016591251885369473,0.0,0.04032734352894855,0.09676546434695332,0.08901964877711602,False
9999955_00000_d_0000204.jpg,65,YOLOv13-X,YOLOv13-L,0.7205882352941175,0.7343749999999999,0.01378676470588236,0.0,0.05951311901392208,0.1288894907660289,0.14230580759606754,False
9999999_00725_d_0000330.jpg,9,YOLOv13-S,YOLOv13-N,1.0,1.0,0.0,0.0,0.027632242336129063,0.015831297823590558,0.011535602584213137,False
9999982_00000_d_0000063.jpg,69,YOLOv13-X,YOLOv13-X,0.6451612903225806,0.6451612903225806,0.0,0.0,0.05903897119554261,0.14058541915498118,0.15460373277721756,True
0000076_02667_d_0000010.jpg,2,YOLOv13-L,YOLOv13-N,1.0,1.0,0.0,0.0,0.10065000989225,0.20010499506488302,0.15664134245754444,False
9999940_00000_d_0000069.jpg,51,YOLOv13-L,YOLOv13-X,0.6,0.6097560975609755,0.009756097560975507,0.0,0.05218311643941019,0.11999089232091002,0.1132034819588975,False
9999997_00000_d_0000022.jpg,3,YOLOv13-L,YOLOv13-S,0.5714285714285715,1.0,0.4285714285714285,0.0,0.01770415507945446,0.01826396067801085,0.005316349555105601,False
9999937_00000_d_0000008.jpg,158,YOLOv13-X,YOLOv13-X,0.2758620689655172,0.2758620689655172,0.0,0.0,0.0659878937838013,0.18629421935648394,0.1917408563268431,True
9999969_00000_d_0000001.jpg,16,YOLOv13-X,YOLOv13-L,0.9142857142857144,0.9411764705882352,0.026890756302520802,0.0,0.03901958334428199,0.03611864496598478,0.041931988677569414,False
9999982_00000_d_0000206.jpg,36,YOLOv13-X,YOLOv13-L,0.823529411764706,0.8484848484848485,0.024955436720142554,0.0,0.017353458030833536,0.04873587488072646,0.05022529543812832,False
0000195_00634_d_0000129.jpg,90,YOLOv13-X,YOLOv13-X,0.5571428571428572,0.5571428571428572,0.0,0.0,0.06643134591599971,0.14302644117569177,0.15483045391431302,True
9999951_00000_d_0000090.jpg,26,YOLOv13-X,YOLOv13-S,0.7916666666666666,0.8163265306122449,0.024659863945578286,0.0,0.03827587932443967,0.07452858261474803,0.07589762837442518,False
9999999_00636_d_0000289.jpg,30,YOLOv13-L,YOLOv13-N,0.7945205479452055,0.8749999999999999,0.08047945205479434,0.0,0.04276804839770941,0.08341077489771807,0.08128808918810228,False
0000219_03118_d_0000007.jpg,9,YOLOv13-L,YOLOv13-S,0.7142857142857143,0.75,0.0357142857142857,0.0,0.0531144022682329,0.13331689224609664,0.12388369799927328,False
0000313_02401_d_0000448.jpg,27,YOLOv13-L,YOLOv13-L,0.9629629629629628,0.9629629629629628,0.0,0.0,0.04637873546186555,0.10727478775390482,0.09662079605193927,True
9999962_00000_d_0000155.jpg,21,YOLOv13-X,YOLOv13-L,0.9,0.9767441860465116,0.07674418604651156,0.0,0.042694718320749225,0.08904110745740257,0.09133085819002112,False
9999951_00000_d_0000014.jpg,30,YOLOv13-X,YOLOv13-X,0.5964912280701755,0.5964912280701755,0.0,0.0,0.09815213217736414,0.155314050419321,0.1906235238323096,True
9999951_00000_d_0000325.jpg,24,YOLOv13-L,YOLOv13-L,0.8372093023255814,0.8372093023255814,0.0,0.0,0.09024759651826386,0.1877967713530491,0.1722362718756055,True
9999960_00000_d_0000067.jpg,17,YOLOv13-X,YOLOv13-L,0.9090909090909092,0.9142857142857144,0.0051948051948051965,0.0,0.05710516411211367,0.12914921320363584,0.1341554003701855,False
0000210_01037_d_0000226.jpg,9,YOLOv13-L,YOLOv13-X,0.3636363636363636,0.6153846153846153,0.2517482517482517,0.0,0.05542369902180884,0.1886136690100842,0.1708689842443677,False
0000290_00401_d_0000850.jpg,99,YOLOv13-X,YOLOv13-X,0.718232044198895,0.718232044198895,0.0,0.0,0.05077265489100046,0.10778948616670726,0.10904681640581362,True
9999960_00000_d_0000178.jpg,25,YOLOv13-X,YOLOv13-L,0.9803921568627452,0.9803921568627452,0.0,0.0,0.007755459657939477,0.006488276033647173,0.02218029120353088,False
9999984_00000_d_0000168.jpg,37,YOLOv13-X,YOLOv13-L,0.6451612903225806,0.6666666666666666,0.021505376344086002,0.0,0.06440358378134531,0.12957429853324506,0.1446000053019945,False
9999981_00000_d_0000029.jpg,47,YOLOv13-X,YOLOv13-L,0.8314606741573034,0.8351648351648351,0.003704161007531681,0.0,0.027409581516408727,0.0728507428878697,0.07660634326027298,False
9999981_00000_d_0000121.jpg,53,YOLOv13-L,YOLOv13-X,0.7543859649122806,0.7719298245614035,0.01754385964912286,0.0,0.07521887365593138,0.1428716763025428,0.13395137517015532,False
9999970_00000_d_0000016.jpg,96,YOLOv13-X,YOLOv13-X,0.8295454545454546,0.8295454545454546,0.0,0.0,0.06455490422227263,0.1303148753961163,0.1403104893954806,True
9999942_00000_d_0000112.jpg,28,YOLOv13-L,YOLOv13-L,0.9473684210526316,0.9473684210526316,0.0,0.0,0.034829853120152875,0.06289903695987935,0.05667956531712517,True
9999965_00000_d_0000052.jpg,121,YOLOv13-X,YOLOv13-X,0.7393364928909952,0.7393364928909952,0.0,0.0,0.0619623049128867,0.1439972999399367,0.15513198967772435,True
0000338_02353_d_0000150.jpg,66,YOLOv13-X,YOLOv13-L,0.823529411764706,0.8721804511278195,0.048651039363113546,0.0,0.052783863633129396,0.15113604012642315,0.15536631375044802,False
9999991_00000_d_0000033.jpg,140,YOLOv13-X,YOLOv13-L,0.4666666666666667,0.5320197044334976,0.06535303776683088,0.0,0.06866698824443489,0.1435355026073001,0.14695779038877751,False
9999955_00000_d_0000371.jpg,39,YOLOv13-L,YOLOv13-L,0.761904761904762,0.761904761904762,0.0,0.0,0.03286646612875866,0.08500132121767473,0.08124542876492069,True
9999998_00283_d_0000236.jpg,45,YOLOv13-X,YOLOv13-L,0.5813953488372093,0.6075949367088608,0.026199587871651442,0.0,0.06138197466582818,0.13532409751203767,0.13692578435565192,False
9999965_00000_d_0000066.jpg,21,YOLOv13-L,YOLOv13-S,0.8780487804878048,0.9268292682926828,0.04878048780487798,0.0,0.020154202631256873,0.04830705594493107,0.03980518682572752,False
9999967_00000_d_0000051.jpg,94,YOLOv13-L,YOLOv13-L,0.7169811320754718,0.7169811320754718,0.0,0.0,0.04612001151940873,0.1193984136282832,0.11795865987063164,True
9999981_00000_d_0000043.jpg,22,YOLOv13-X,YOLOv13-L,0.7843137254901961,0.7924528301886793,0.008139104698483224,0.0,0.08491625524423979,0.15886581904966718,0.16312811320259896,False
9999945_00000_d_0000101.jpg,52,YOLOv13-L,YOLOv13-X,0.4571428571428572,0.4722222222222222,0.015079365079365026,0.0,0.04713574548293345,0.07729872075897702,0.07105049095910905,False
9999937_00000_d_0000061.jpg,20,YOLOv13-X,YOLOv13-L,0.7027027027027027,0.717948717948718,0.01524601524601521,0.0,0.06713578060683592,0.11980779654712347,0.13428604865718935,False
9999960_00000_d_0000104.jpg,15,YOLOv13-L,YOLOv13-N,0.9375,0.9375,0.0,0.0,0.009204020284556337,0.028968285222915183,0.020178652022515148,False
9999981_00000_d_0000009.jpg,6,YOLOv13-X,YOLOv13-S,0.6153846153846153,0.8,0.18461538461538474,0.0,0.05742917588381201,0.17985167917188138,0.20946084124175343,False
9999972_00000_d_0000062.jpg,19,YOLOv13-L,YOLOv13-S,0.7647058823529413,0.8484848484848484,0.08377896613190705,0.0,0.05073222907130322,0.12767101835712685,0.11580780532717738,False
0000239_02899_d_0000009.jpg,43,YOLOv13-L,YOLOv13-L,0.8470588235294119,0.8470588235294119,0.0,0.0,0.04665390849861782,0.09112969441050328,0.08989548859723177,True
9999999_00811_d_0000371.jpg,93,YOLOv13-X,YOLOv13-L,0.8066298342541436,0.8114285714285714,0.004798737174427803,0.0,0.04432369468534505,0.10069008412070524,0.10404680284854619,False
9999962_00000_d_0000067.jpg,79,YOLOv13-X,YOLOv13-L,0.7662337662337663,0.7672955974842767,0.0010618312505104033,0.0,0.06849272810831049,0.12247143876479355,0.13152942142939117,False
0000056_00727_d_0000111.jpg,79,YOLOv13-X,YOLOv13-X,0.7770700636942675,0.7770700636942675,0.0,0.0,0.07116164936127997,0.1488247713924164,0.15862392223037355,True
9999945_00000_d_0000172.jpg,39,YOLOv13-L,YOLOv13-X,0.6944444444444444,0.7352941176470588,0.040849673202614345,0.0,0.04216193570821217,0.09770984320842382,0.09053998997539536,False
9999953_00000_d_0000161.jpg,15,YOLOv13-X,YOLOv13-X,0.888888888888889,0.888888888888889,0.0,0.0,0.03181728511803035,0.059634863741074275,0.06717989726213022,True
0000361_00001_d_0000753.jpg,95,YOLOv13-X,YOLOv13-X,0.8315789473684211,0.8315789473684211,0.0,0.0,0.05561918566825376,0.12267011298776821,0.12574731482368626,True
9999955_00000_d_0000126.jpg,15,YOLOv13-L,YOLOv13-L,0.9655172413793104,0.9655172413793104,0.0,0.0,0.06868906205711894,0.12756791707176357,0.12038682186863676,True
9999951_00000_d_0000245.jpg,10,YOLOv13-L,YOLOv13-S,0.9,0.9473684210526316,0.047368421052631615,0.0,0.07226981435714275,0.18568053073349447,0.18308893549870003,False
9999981_00000_d_0000109.jpg,32,YOLOv13-X,YOLOv13-S,0.6666666666666667,0.6666666666666667,0.0,0.0,0.06204374282118035,0.1306492959080895,0.14155066108468534,False
9999982_00000_d_0000220.jpg,74,YOLOv13-X,YOLOv13-L,0.56,0.5801526717557252,0.020152671755725104,0.0,0.058331051231102264,0.12066489297251067,0.12524552290719668,False
9999951_00000_d_0000125.jpg,49,YOLOv13-L,YOLOv13-L,0.9696969696969696,0.9696969696969696,0.0,0.0,0.02538216245861808,0.06650642106086627,0.04990422305390005,True
9999960_00000_d_0000090.jpg,13,YOLOv13-X,YOLOv13-X,0.9230769230769232,0.9230769230769232,0.0,0.0,0.09007966782332551,0.15189714956046163,0.1665955074594999,True
9999982_00000_d_0000196.jpg,42,YOLOv13-L,YOLOv13-X,0.5172413793103449,0.59375,0.07650862068965514,0.0,0.060190365755633024,0.15836350528330337,0.14805258678446098,False
9999940_00000_d_0000074.jpg,48,YOLOv13-X,YOLOv13-L,0.7674418604651162,0.7764705882352941,0.009028727770177936,0.0,0.05220660778305135,0.11530113150339052,0.11598719370754429,False
9999999_00769_d_0000352.jpg,93,YOLOv13-X,YOLOv13-X,0.65625,0.65625,0.0,0.0,0.06080715755483041,0.13466934135739161,0.1384121206058487,True
9999943_00000_d_0000001.jpg,22,YOLOv13-L,YOLOv13-X,0.8936170212765958,0.9090909090909092,0.015473887814313358,0.0,0.06426851291882302,0.131611769717848,0.1266570048330445,False
9999998_00017_d_0000013.jpg,78,YOLOv13-L,YOLOv13-X,0.4724409448818898,0.4923076923076924,0.019866747425802578,0.0,0.058870208656762416,0.1500546270452308,0.13998347085232707,False
9999998_00259_d_0000213.jpg,12,YOLOv13-X,YOLOv13-L,0.9166666666666666,0.923076923076923,0.0064102564102563875,0.0,0.06703327379676544,0.13151048193003656,0.13316013874353352,False
9999960_00000_d_0000097.jpg,6,YOLOv13-L,YOLOv13-L,0.923076923076923,0.923076923076923,0.0,0.0,0.14560997687040556,0.22672220045191793,0.22389568584645358,True
9999953_00000_d_0000021.jpg,13,YOLOv13-L,YOLOv13-L,0.8799999999999999,0.8799999999999999,0.0,0.0,0.07314005094300835,0.17055186862292385,0.17036062114904088,True
9999972_00000_d_0000067.jpg,38,YOLOv13-L,YOLOv13-X,0.7435897435897436,0.7948717948717949,0.05128205128205132,0.0,0.06114568456891124,0.12098357584752628,0.10937322318592835,False
9999951_00000_d_0000060.jpg,53,YOLOv13-X,YOLOv13-L,0.7191011235955056,0.7209302325581395,0.0018291089626338852,0.0,0.05576724534681932,0.12132956052218477,0.12285307603685,False
0000288_01201_d_0000791.jpg,96,YOLOv13-X,YOLOv13-L,0.611764705882353,0.6390532544378699,0.02728854855551688,0.0,0.0670000580588653,0.15129076293615568,0.15516975506271766,False
9999953_00000_d_0000035.jpg,39,YOLOv13-X,YOLOv13-L,0.8157894736842105,0.868421052631579,0.052631578947368474,0.0,0.08395058239893866,0.15085863260815288,0.15872132799801023,False
9999994_00000_d_0000023.jpg,72,YOLOv13-X,YOLOv13-X,0.7000000000000001,0.7000000000000001,0.0,0.0,0.05205358191157635,0.11194294243879428,0.11577311608849118,True
9999937_00000_d_0000115.jpg,16,YOLOv13-L,YOLOv13-L,1.0,1.0,0.0,0.0,0.02440515825270476,0.031108106867284345,0.023100160907126518,True
0000325_01601_d_0000670.jpg,29,YOLOv13-L,YOLOv13-L,0.9473684210526316,0.9473684210526316,0.0,0.0,0.019357543984503855,0.043059323146300926,0.034459762353793784,True
9999960_00000_d_0000065.jpg,19,YOLOv13-L,YOLOv13-X,0.7894736842105263,0.8108108108108109,0.02133712660028453,0.0,0.06713795308008612,0.15143200214712674,0.1477355952885978,False
0000195_01418_d_0000133.jpg,144,YOLOv13-X,YOLOv13-L,0.4041450777202072,0.4307692307692308,0.026624153049023602,0.0,0.05457533173464274,0.14705157143642844,0.1509722035321806,False
9999974_00000_d_0000041.jpg,27,YOLOv13-L,YOLOv13-L,0.9056603773584906,0.9056603773584906,0.0,0.0,0.06221395937931807,0.14245613138985086,0.14020390550873646,True
9999994_00000_d_0000098.jpg,244,YOLOv13-X,YOLOv13-X,0.6761904761904761,0.6761904761904761,0.0,0.0,0.05650405480373097,0.12230836164522234,0.13381304012577877,True
0000305_00601_d_0000216.jpg,45,YOLOv13-L,YOLOv13-X,0.746987951807229,0.7710843373493975,0.02409638554216853,0.0,0.016804743780155142,0.06663242144497525,0.05207308845459063,False
9999955_00000_d_0000132.jpg,7,YOLOv13-X,YOLOv13-L,1.0,1.0,0.0,0.0,0.038925371130224755,0.11358707933104237,0.11887807829826288,False
9999972_00000_d_0000023.jpg,30,YOLOv13-X,YOLOv13-S,0.7777777777777777,0.8076923076923077,0.02991452991453003,0.0,0.04519150157214172,0.11546296576293757,0.12465831129463813,False
9999951_00000_d_0000047.jpg,44,YOLOv13-X,YOLOv13-L,0.6736842105263158,0.6875,0.013815789473684226,0.0,0.06826140289955739,0.1389965219617298,0.13950080941558776,False
9999953_00000_d_0000003.jpg,4,YOLOv13-L,YOLOv13-L,0.8,0.8,0.0,0.0,0.09250353788209473,0.16897138713692822,0.16774557326798717,True
9999953_00000_d_0000140.jpg,11,YOLOv13-X,YOLOv13-N,0.9090909090909092,0.9523809523809524,0.04329004329004327,0.0,0.011974159021387834,0.024707988254608338,0.035058050371588496,False
9999964_00000_d_0000065.jpg,71,YOLOv13-X,YOLOv13-L,0.7659574468085106,0.7737226277372262,0.007765180928715587,0.0,0.04840660405842268,0.10422381556844901,0.10770103990301359,False
9999948_00000_d_0000003.jpg,28,YOLOv13-X,YOLOv13-L,0.6666666666666666,0.7058823529411765,0.03921568627450989,0.0,0.03489785375198424,0.09123634925339913,0.10038894318311911,False
9999962_00000_d_0000146.jpg,15,YOLOv13-L,YOLOv13-L,0.8749999999999999,0.8749999999999999,0.0,0.0,0.0942857893327091,0.17880544512954344,0.1635008685821629,True
0000070_05776_d_0000004.jpg,116,YOLOv13-X,YOLOv13-L,0.7306273062730627,0.7343749999999999,0.0037476937269371735,0.0,0.08141884438600769,0.15188393706069944,0.15676154273828438,False
9999994_00000_d_0000080.jpg,42,YOLOv13-X,YOLOv13-X,0.6875000000000001,0.6875000000000001,0.0,0.0,0.041236782887503536,0.08091252310407575,0.09476774529463937,True
9999962_00000_d_0000079.jpg,41,YOLOv13-X,YOLOv13-X,0.9176470588235294,0.9176470588235294,0.0,0.0,0.02403628027582475,0.05860118961673683,0.061495760715852374,True
0000181_01627_d_0000032.jpg,93,YOLOv13-X,YOLOv13-X,0.6380368098159509,0.6380368098159509,0.0,0.0,0.06296449802882963,0.1462310653698184,0.1544179485803513,True
9999942_00000_d_0000220.jpg,35,YOLOv13-L,YOLOv13-X,0.8405797101449276,0.8656716417910447,0.025091931646117116,0.0,0.06386726089981865,0.13560960799065086,0.11307633300764487,False
9999951_00000_d_0000191.jpg,58,YOLOv13-L,YOLOv13-L,0.9827586206896552,0.9827586206896552,0.0,0.0,0.01587112634163084,0.03470440476305568,0.031360837036451615,True
9999951_00000_d_0000159.jpg,11,YOLOv13-X,YOLOv13-N,0.9565217391304348,0.9565217391304348,0.0,0.0,0.019271575005972277,0.06962149307057618,0.08088187386840545,False
9999967_00000_d_0000049.jpg,52,YOLOv13-L,YOLOv13-X,0.6804123711340205,0.7010309278350516,0.020618556701031077,0.0,0.0693495199844244,0.1645408779671202,0.1561504051841594,False
9999942_00000_d_0000251.jpg,47,YOLOv13-L,YOLOv13-X,0.617283950617284,0.6842105263157894,0.06692657569850535,0.0,0.07109840673132278,0.15547536767282633,0.15420291139520537,False
9999981_00000_d_0000045.jpg,68,YOLOv13-L,YOLOv13-X,0.8636363636363636,0.8787878787878787,0.015151515151515027,0.0,0.05821079819719259,0.12615428041655635,0.11645628208027066,False
0000352_00393_d_0000541.jpg,105,YOLOv13-X,YOLOv13-X,0.6666666666666667,0.6666666666666667,0.0,0.0,0.061922580030008334,0.129518818413957,0.13711335385784787,True
9999951_00000_d_0000017.jpg,52,YOLOv13-X,YOLOv13-L,0.5952380952380952,0.6,0.004761904761904745,0.0,0.06419646960208349,0.12483780606673546,0.13127599507764057,False
9999985_00000_d_0000070.jpg,52,YOLOv13-X,YOLOv13-L,0.4137931034482758,0.4716981132075472,0.057905009759271375,0.0,0.06010881899607423,0.14508266043942916,0.15340991380228286,False
9999937_00000_d_0000068.jpg,11,YOLOv13-X,YOLOv13-X,0.6666666666666665,0.6666666666666665,0.0,0.0,0.02359570614896724,0.058878487980649145,0.06405127808002697,True
9999984_00000_d_0000078.jpg,63,YOLOv13-L,YOLOv13-X,0.7394957983193275,0.743362831858407,0.0038670335390794675,0.0,0.047765044684705465,0.11705907298910305,0.10881887674259313,False
0000099_04272_d_0000010.jpg,9,YOLOv13-L,YOLOv13-L,0.8888888888888888,0.8888888888888888,0.0,0.0,0.04656993007015906,0.108226652575919,0.09779335102779237,True
9999994_00000_d_0000104.jpg,87,YOLOv13-X,YOLOv13-L,0.6187050359712231,0.6187050359712231,0.0,0.0,0.06358725807452087,0.12240311089339098,0.13317706470884133,False
9999982_00000_d_0000216.jpg,50,YOLOv13-L,YOLOv13-X,0.7032967032967035,0.7294117647058823,0.026115061409178852,0.0,0.03939552587384879,0.09894029205276726,0.0867850206122344,False
9999970_00000_d_0000027.jpg,89,YOLOv13-X,YOLOv13-X,0.7976190476190476,0.7976190476190476,0.0,0.0,0.05965739304043276,0.12458566533795087,0.1316841727247893,True
0000257_00871_d_0000046.jpg,44,YOLOv13-L,YOLOv13-L,0.735632183908046,0.735632183908046,0.0,0.0,0.07043743369182763,0.1392751681546639,0.13650586400384682,True
9999994_00000_d_0000109.jpg,35,YOLOv13-L,YOLOv13-S,0.6153846153846154,0.6274509803921569,0.012066365007541435,0.0,0.05226145000912787,0.09038442064835168,0.09014968273282951,False
9999960_00000_d_0000177.jpg,46,YOLOv13-L,YOLOv13-X,0.945054945054945,0.9565217391304348,0.011466794075489783,0.0,0.03197687265016497,0.08354979155444565,0.07176787098682105,False
0000352_01569_d_0000547.jpg,71,YOLOv13-L,YOLOv13-X,0.7832167832167832,0.7857142857142857,0.0024975024975024684,0.0,0.06758797193928298,0.1521295235408345,0.13875590252197867,False
0000300_00601_d_0000141.jpg,94,YOLOv13-X,YOLOv13-X,0.6322580645161291,0.6322580645161291,0.0,0.0,0.06691036721347651,0.13401401943514196,0.13888691422211547,True
9999962_00000_d_0000105.jpg,28,YOLOv13-X,YOLOv13-X,0.912280701754386,0.912280701754386,0.0,0.0,0.02844244924106355,0.06287707531734366,0.06582997201539048,True
0000263_05001_d_0000192.jpg,22,YOLOv13-L,YOLOv13-X,0.4516129032258064,0.4666666666666667,0.01505376344086029,0.0,0.10722690921266737,0.18813043528173373,0.17219008314619105,False
9999955_00000_d_0000284.jpg,138,YOLOv13-X,YOLOv13-L,0.2359550561797753,0.2613636363636363,0.025408580183860996,0.0,0.11385868337636536,0.19673165229917833,0.20675651856920751,False
9999999_00137_d_0000053.jpg,36,YOLOv13-X,YOLOv13-X,0.732394366197183,0.732394366197183,0.0,0.0,0.08108412284888004,0.16979308747940977,0.1780885878951127,True
9999966_00000_d_0000085.jpg,16,YOLOv13-L,YOLOv13-X,0.5185185185185185,0.5925925925925926,0.07407407407407407,0.0,0.12362409527678528,0.2346329593070242,0.2332929457533037,False
9999984_00000_d_0000068.jpg,37,YOLOv13-X,YOLOv13-L,0.5172413793103449,0.5714285714285715,0.054187192118226646,0.0,0.07039324859088138,0.15751436690166265,0.16090052913551564,False
9999937_00000_d_0000162.jpg,30,YOLOv13-L,YOLOv13-X,0.5116279069767441,0.5238095238095238,0.01218161683277974,0.0,0.06786794861269216,0.1398228326603362,0.12969306839330325,False
9999940_00000_d_0000071.jpg,36,YOLOv13-X,YOLOv13-L,0.5818181818181818,0.5925925925925926,0.01077441077441077,0.0,0.06584166195975759,0.09823408154462533,0.10135051851967256,False
9999937_00000_d_0000024.jpg,50,YOLOv13-X,YOLOv13-X,0.8952380952380952,0.8952380952380952,0.0,0.0,0.052598582575696017,0.12123008895441213,0.13801492886360697,True
0000210_00000_d_0000223.jpg,14,YOLOv13-X,YOLOv13-X,0.9285714285714286,0.9285714285714286,0.0,0.0,0.07915677916236288,0.14180754098742765,0.15195437083031854,True
9999998_00377_d_0000329.jpg,44,YOLOv13-X,YOLOv13-X,0.9263157894736842,0.9263157894736842,0.0,0.0,0.042848429180451765,0.11441340457183632,0.1158052521148176,True
9999972_00000_d_0000033.jpg,43,YOLOv13-L,YOLOv13-X,0.676056338028169,0.7532467532467532,0.07719041521858416,0.0,0.06298238132148136,0.13051701567120302,0.1238632100827751,False
9999964_00000_d_0000040.jpg,103,YOLOv13-X,YOLOv13-X,0.8857142857142858,0.8857142857142858,0.0,0.0,0.05350401872155472,0.12329127486471732,0.12703635027368912,True
9999991_00000_d_0000024.jpg,33,YOLOv13-L,YOLOv13-X,0.8405797101449276,0.8656716417910447,0.025091931646117116,0.0,0.0737082282263196,0.1633625944467491,0.1541848304894942,False
9999985_00000_d_0000067.jpg,43,YOLOv13-L,YOLOv13-X,0.5074626865671642,0.5396825396825397,0.03221985311537545,0.0,0.09195248564090933,0.1682935661709569,0.1663998153262612,False
9999960_00000_d_0000121.jpg,42,YOLOv13-L,YOLOv13-L,0.898876404494382,0.898876404494382,0.0,0.0,0.062087432221051744,0.11916101342268458,0.11080973103184732,True
0000173_01368_d_0000001.jpg,87,YOLOv13-L,YOLOv13-X,0.6242038216560509,0.6666666666666666,0.0424628450106157,0.0,0.08006248561769345,0.18117246740883494,0.17607455247379394,False
9999984_00000_d_0000080.jpg,12,YOLOv13-X,YOLOv13-L,0.6,0.7000000000000001,0.10000000000000009,0.0,0.08076853883587486,0.17170577333901818,0.18101412257188215,False
9999997_00000_d_0000016.jpg,23,YOLOv13-X,YOLOv13-X,0.7368421052631579,0.7368421052631579,0.0,0.0,0.05782411201844468,0.12052597292376445,0.12179619626054947,True
9999937_00000_d_0000007.jpg,43,YOLOv13-X,YOLOv13-X,0.72,0.72,0.0,0.0,0.09859727742639107,0.1832539920764723,0.18855919060373655,True
9999967_00000_d_0000041.jpg,37,YOLOv13-L,YOLOv13-L,0.7887323943661971,0.7887323943661971,0.0,0.0,0.0710434795118601,0.14927774585815126,0.1361308842820787,True
0000133_00078_d_0000141.jpg,118,YOLOv13-X,YOLOv13-X,0.5828571428571429,0.5828571428571429,0.0,0.0,0.033274709644975926,0.07749703908762838,0.08103304071697084,True
9999943_00000_d_0000024.jpg,50,YOLOv13-L,YOLOv13-L,0.8723404255319149,0.8723404255319149,0.0,0.0,0.05640322464283064,0.0910704052466273,0.08456811506022473,True
9999982_00000_d_0000208.jpg,32,YOLOv13-X,YOLOv13-L,0.6779661016949152,0.7017543859649122,0.023788284269997018,0.0,0.07025596739281541,0.15272996562829275,0.15842110218206817,False
0000279_05801_d_0000610.jpg,111,YOLOv13-L,YOLOv13-L,0.5780346820809248,0.5780346820809248,0.0,0.0,0.07525226244767504,0.14937959455867092,0.14637355922286652,True
0000329_04401_d_0000787.jpg,70,YOLOv13-X,YOLOv13-X,0.7839999999999999,0.7839999999999999,0.0,0.0,0.04507973600293345,0.1001727394993442,0.11223344212140374,True
9999994_00000_d_0000016.jpg,64,YOLOv13-X,YOLOv13-L,0.3132530120481928,0.3209876543209877,0.0077346422727949116,0.0,0.0642361326771253,0.15743775838786342,0.15797918685256054,False
9999994_00000_d_0000074.jpg,110,YOLOv13-X,YOLOv13-L,0.4936708860759494,0.5146198830409356,0.020948996964986255,0.0,0.03749751159543379,0.11953468646734956,0.1225553422012977,False
9999964_00000_d_0000021.jpg,91,YOLOv13-X,YOLOv13-X,0.8323699421965318,0.8323699421965318,0.0,0.0,0.048017894231755884,0.10095680823545482,0.10419871445364712,True
0000261_04901_d_0000137.jpg,22,YOLOv13-X,YOLOv13-L,0.7499999999999999,0.7692307692307693,0.019230769230769384,0.0,0.043977005210569076,0.12156722286883398,0.13017339116742072,False
9999984_00000_d_0000120.jpg,13,YOLOv13-L,YOLOv13-S,0.8,0.8695652173913044,0.06956521739130439,0.0,0.030943210117010785,0.07941809852290936,0.06825655568632619,False
9999937_00000_d_0000198.jpg,72,YOLOv13-X,YOLOv13-X,0.4950495049504951,0.4950495049504951,0.0,0.0,0.07850291195686009,0.20222630724320984,0.22669521453892716,True
9999977_00000_d_0000045.jpg,50,YOLOv13-L,YOLOv13-X,0.6329113924050632,0.6493506493506493,0.016439256945586123,0.0,0.06070231270534864,0.14794835517222843,0.14519547682376355,False
9999998_00081_d_0000066.jpg,61,YOLOv13-L,YOLOv13-L,0.7924528301886792,0.7924528301886792,0.0,0.0,0.05023952125509067,0.10653297036188308,0.09370483815999388,True
9999990_00000_d_0000078.jpg,28,YOLOv13-L,YOLOv13-L,0.896551724137931,0.896551724137931,0.0,0.0,0.05563996437266603,0.11947411005831544,0.10822604621494258,True
9999972_00000_d_0000096.jpg,42,YOLOv13-X,YOLOv13-L,0.6835443037974683,0.7105263157894737,0.02698201199200534,0.0,0.048216629703003784,0.10830117672982036,0.10967791390269258,False
9999984_00000_d_0000154.jpg,29,YOLOv13-X,YOLOv13-L,0.4761904761904761,0.5238095238095238,0.04761904761904773,0.0,0.040622663993221154,0.13920528868919443,0.1531319846444879,False
9999937_00000_d_0000006.jpg,10,YOLOv13-X,YOLOv13-S,0.25,0.3076923076923076,0.0576923076923076,0.0,0.0687775252701797,0.13068167218440602,0.13286740194864902,False
9999989_00000_d_0000010.jpg,46,YOLOv13-L,YOLOv13-L,0.5714285714285714,0.5714285714285714,0.0,0.0,0.03698834034820346,0.10069740214280887,0.09641634641706995,True
9999998_00226_d_0000182.jpg,37,YOLOv13-L,YOLOv13-X,0.7894736842105263,0.8157894736842105,0.02631578947368418,0.0,0.051858787842607126,0.11648981231820198,0.11228282050763236,False
9999998_00370_d_0000322.jpg,22,YOLOv13-L,YOLOv13-X,0.8085106382978724,0.8444444444444444,0.035933806146572045,0.0,0.040445146544737645,0.10493124513629946,0.10218868006911476,False
9999975_00000_d_0000022.jpg,126,YOLOv13-L,YOLOv13-L,0.8122270742358079,0.8122270742358079,0.0,0.0,0.03378473906604813,0.08807133115125691,0.08721587273370522,True
9999950_00000_d_0000016.jpg,12,YOLOv13-L,YOLOv13-L,1.0,1.0,0.0,0.0,0.06025232295315931,0.17420168252351903,0.15082892174661652,True
9999981_00000_d_0000144.jpg,38,YOLOv13-L,YOLOv13-X,0.8311688311688312,0.8461538461538461,0.014985014985014922,0.0,0.04626891680309602,0.10381445218448213,0.09097729942996989,False
9999985_00000_d_0000076.jpg,44,YOLOv13-X,YOLOv13-X,0.5974025974025974,0.5974025974025974,0.0,0.0,0.06835350960757434,0.13364704355893794,0.1513667069602777,True
9999937_00000_d_0000213.jpg,86,YOLOv13-X,YOLOv13-X,0.5538461538461539,0.5538461538461539,0.0,0.0,0.05760883530648465,0.13106005149391656,0.14121276791471485,True
9999998_00198_d_0000158.jpg,16,YOLOv13-X,YOLOv13-L,0.7857142857142857,0.7857142857142857,0.0,0.0,0.025595019199551185,0.07291390356405242,0.07957775768944807,False
9999999_00113_d_0000041.jpg,110,YOLOv13-X,YOLOv13-X,0.7425742574257426,0.7425742574257426,0.0,0.0,0.05842528020965498,0.1251467337939004,0.13272662997659956,True
0000338_01961_d_0000148.jpg,59,YOLOv13-L,YOLOv13-X,0.864406779661017,0.9043478260869564,0.03994104642593943,0.0,0.056040374728389186,0.13214703156675872,0.12948335914857131,False
9999972_00000_d_0000009.jpg,6,YOLOv13-X,YOLOv13-L,0.7692307692307692,0.8333333333333334,0.06410256410256421,0.0,0.0967771857929033,0.1792838694866135,0.1794919169401235,False
9999977_00000_d_0000009.jpg,46,YOLOv13-L,YOLOv13-X,0.6329113924050633,0.6987951807228915,0.06588378831782815,0.0,0.05346201033258094,0.1791492717514866,0.17451166635652482,False
9999942_00000_d_0000243.jpg,45,YOLOv13-L,YOLOv13-X,0.7160493827160493,0.7228915662650601,0.006842183549010783,0.0,0.07220981854183021,0.16274491460833285,0.15565378974756408,False
9999999_00546_d_0000245.jpg,88,YOLOv13-X,YOLOv13-X,0.6142857142857143,0.6142857142857143,0.0,0.0,0.056165875247363835,0.11583695778469495,0.13407525938373366,True
9999998_00207_d_0000164.jpg,33,YOLOv13-L,YOLOv13-X,0.6984126984126984,0.7000000000000001,0.0015873015873016927,0.0,0.06463225720545532,0.16176654164861332,0.1614463857121724,False
9999982_00000_d_0000153.jpg,12,YOLOv13-X,YOLOv13-S,0.6923076923076924,0.7407407407407408,0.04843304843304841,0.0,0.06800087111752325,0.12620003605147154,0.13515379564807056,False
9999991_00000_d_0000010.jpg,52,YOLOv13-L,YOLOv13-L,0.888888888888889,0.888888888888889,0.0,0.0,0.04680486137809239,0.09375691088313107,0.08656390148727273,True
0000239_11827_d_0000030.jpg,20,YOLOv13-L,YOLOv13-X,0.8947368421052632,0.9189189189189187,0.024182076813655584,0.0,0.05238114440980067,0.1320914648206951,0.12000307880298135,False
9999999_00823_d_0000375.jpg,121,YOLOv13-L,YOLOv13-L,0.5384615384615385,0.5384615384615385,0.0,0.0,0.04887120765741324,0.10111109718995534,0.09724230268677947,True
9999999_00085_d_0000029.jpg,68,YOLOv13-X,YOLOv13-X,0.7804878048780488,0.7804878048780488,0.0,0.0,0.06194132349669718,0.11448720255091732,0.11877201583842095,True
9999937_00000_d_0000186.jpg,42,YOLOv13-X,YOLOv13-L,0.8705882352941177,0.8705882352941177,0.0,0.0,0.0636210031154555,0.13925666824283556,0.15238160414172683,False
9999998_00221_d_0000177.jpg,80,YOLOv13-X,YOLOv13-L,0.3392857142857143,0.3571428571428571,0.017857142857142794,0.0,0.0612481850473299,0.1380543077018083,0.1477286143354169,False
9999969_00000_d_0000059.jpg,40,YOLOv13-X,YOLOv13-L,0.8048780487804876,0.810126582278481,0.0052485334979933684,0.0,0.08282853723658473,0.16876918843911515,0.1772214432607323,False
9999945_00000_d_0000118.jpg,154,YOLOv13-X,YOLOv13-L,0.5676855895196506,0.6094420600858369,0.041756470566186255,0.0,0.048052595171305244,0.11872743515905645,0.1221623602908401,False
9999951_00000_d_0000324.jpg,28,YOLOv13-X,YOLOv13-X,0.7999999999999999,0.7999999999999999,0.0,0.0,0.07732609466179327,0.12972571203754746,0.14673710033407764,True
9999999_00470_d_0000210.jpg,45,YOLOv13-X,YOLOv13-X,0.7865168539325843,0.7865168539325843,0.0,0.0,0.042251595260105114,0.08892758828576312,0.08908176139351222,True
9999960_00000_d_0000044.jpg,31,YOLOv13-L,YOLOv13-L,0.935483870967742,0.935483870967742,0.0,0.0,0.03959734303080849,0.08111762822111176,0.07112253751568501,True
9999951_00000_d_0000183.jpg,122,YOLOv13-X,YOLOv13-X,0.91699604743083,0.91699604743083,0.0,0.0,0.05406528107145815,0.1207183111178942,0.12946052122236223,True
9999955_00000_d_0000217.jpg,58,YOLOv13-X,YOLOv13-X,0.719298245614035,0.719298245614035,0.0,0.0,0.051995345189032094,0.12876460032421316,0.1362987947529497,True
0000252_00001_d_0000001.jpg,131,YOLOv13-X,YOLOv13-X,0.6896551724137931,0.6896551724137931,0.0,0.0,0.05453004300353708,0.13019181246192366,0.1351651827458713,True
9999960_00000_d_0000106.jpg,30,YOLOv13-L,YOLOv13-X,0.923076923076923,0.9375,0.014423076923076983,0.0,0.03152248825477545,0.0687677984972652,0.06389982290948622,False
9999955_00000_d_0000408.jpg,87,YOLOv13-L,YOLOv13-L,0.7792207792207794,0.7792207792207794,0.0,0.0,0.05891567367924425,0.11444550399738339,0.10956179925036916,True
9999966_00000_d_0000120.jpg,22,YOLOv13-X,YOLOv13-X,0.6666666666666665,0.6666666666666665,0.0,0.0,0.026320113658410603,0.07823888337145776,0.08600684310320579,True
9999999_00193_d_0000080.jpg,36,YOLOv13-L,YOLOv13-X,0.6567164179104478,0.676923076923077,0.02020665901262919,0.0,0.07209421002493399,0.13930115095651072,0.13850396643719232,False
0000239_08430_d_0000022.jpg,57,YOLOv13-X,YOLOv13-X,0.4651162790697674,0.4651162790697674,0.0,0.0,0.05181706319082757,0.14184663794808694,0.14302333334174952,True
0000040_03288_d_0000069.jpg,42,YOLOv13-L,YOLOv13-X,0.8372093023255814,0.8809523809523809,0.04374307862679949,0.0,0.06637637064508681,0.13655101812513748,0.1252552705926282,False
9999937_00000_d_0000011.jpg,76,YOLOv13-X,YOLOv13-X,0.7564102564102564,0.7564102564102564,0.0,0.0,0.07292843913991191,0.15805555631869403,0.1623274568521124,True
9999999_00412_d_0000181.jpg,180,YOLOv13-X,YOLOv13-X,0.7113702623906707,0.7113702623906707,0.0,0.0,0.07986768391645961,0.16322534332723732,0.17685436004075888,True
9999960_00000_d_0000048.jpg,48,YOLOv13-X,YOLOv13-L,0.8659793814432989,0.9166666666666666,0.05068728522336774,0.0,0.03453314155715754,0.0884349254480673,0.08915303007300919,False
9999962_00000_d_0000130.jpg,30,YOLOv13-X,YOLOv13-L,0.888888888888889,0.8923076923076922,0.0034188034188032956,0.0,0.07044759834461856,0.16798160890973748,0.16989541068151331,False
9999955_00000_d_0000027.jpg,55,YOLOv13-L,YOLOv13-L,0.8785046728971962,0.8785046728971962,0.0,0.0,0.08389627852939838,0.13977497274215359,0.125055130709634,True
9999987_00000_d_0000003.jpg,49,YOLOv13-L,YOLOv13-X,0.5822784810126582,0.6153846153846154,0.0331061343719572,0.0,0.06727970329142434,0.12232026669473794,0.12083587057421648,False
9999987_00000_d_0000050.jpg,115,YOLOv13-X,YOLOv13-L,0.7042253521126761,0.7042253521126761,0.0,0.0,0.08119329318745354,0.14691506943623026,0.15950906863738307,False
9999945_00000_d_0000018.jpg,12,YOLOv13-L,YOLOv13-N,0.8181818181818182,0.8181818181818182,0.0,0.0,0.02249214127141014,0.06758688894502973,0.05701462198409613,False
9999981_00000_d_0000099.jpg,64,YOLOv13-X,YOLOv13-L,0.7248322147651006,0.742857142857143,0.01802492809204237,0.0,0.07459343938940353,0.15740707787803912,0.16210032387966739,False
9999942_00000_d_0000119.jpg,33,YOLOv13-L,YOLOv13-L,0.923076923076923,0.923076923076923,0.0,0.0,0.05592980383983626,0.1223594602011026,0.12201865012792623,True
9999953_00000_d_0000015.jpg,23,YOLOv13-L,YOLOv13-S,0.8333333333333333,0.909090909090909,0.07575757575757569,0.0,0.05482011088777085,0.10378380647545533,0.09809233558808705,False
9999990_00000_d_0000060.jpg,93,YOLOv13-X,YOLOv13-L,0.5963302752293578,0.6206896551724138,0.024359379943056036,0.0,0.06703654450602849,0.1390131335921917,0.14949791881767927,False
9999951_00000_d_0000071.jpg,56,YOLOv13-L,YOLOv13-L,0.8695652173913044,0.8695652173913044,0.0,0.0,0.05413356774270581,0.11692631510459442,0.11200014457628445,True
9999951_00000_d_0000230.jpg,10,YOLOv13-L,YOLOv13-N,0.9090909090909092,0.9090909090909092,0.0,0.0,-0.002373999541842249,0.043494165998329073,0.020946433368029756,False
0000165_04525_d_0000106.jpg,35,YOLOv13-L,YOLOv13-X,0.7419354838709677,0.7812500000000001,0.03931451612903236,0.0,0.05825367068837048,0.13366686408597703,0.1259992178003085,False
9999937_00000_d_0000040.jpg,64,YOLOv13-X,YOLOv13-L,0.4705882352941176,0.505050505050505,0.03446226975638739,0.0,0.08228017825845381,0.16486593932997115,0.18066237585681738,False
9999965_00000_d_0000031.jpg,68,YOLOv13-L,YOLOv13-X,0.8307692307692308,0.8548387096774193,0.024069478908188446,0.0,0.057530823723184264,0.09098483547669547,0.08752401729840935,False
0000352_05881_d_0000569.jpg,105,YOLOv13-L,YOLOv13-L,0.6878306878306879,0.6878306878306879,0.0,0.0,0.048224030210144715,0.11544924087578459,0.11173507290556949,True
9999950_00000_d_0000011.jpg,17,YOLOv13-X,YOLOv13-N,0.5925925925925927,0.5925925925925927,0.0,0.0,0.050720276531017766,0.14268095806244413,0.143297441986278,False
9999999_00634_d_0000288.jpg,27,YOLOv13-L,YOLOv13-X,0.8461538461538461,0.8571428571428572,0.010989010989011061,0.0,0.01643387587221724,0.0575279954773036,0.03772960057348836,False
9999990_00000_d_0000059.jpg,86,YOLOv13-X,YOLOv13-X,0.6258503401360543,0.6258503401360543,0.0,0.0,0.05451070354407373,0.11901548782569357,0.12269864737738691,True
9999977_00000_d_0000017.jpg,43,YOLOv13-X,YOLOv13-X,0.5454545454545454,0.5454545454545454,0.0,0.0,0.03930291180242626,0.09749762562962053,0.10287494582695106,True
9999965_00000_d_0000058.jpg,96,YOLOv13-X,YOLOv13-L,0.8044692737430167,0.824858757062147,0.020389483319130264,0.0,0.05306429250044238,0.10449517372331224,0.10905060463307548,False
9999950_00000_d_0000078.jpg,8,YOLOv13-S,YOLOv13-L,0.6666666666666666,0.8571428571428571,0.19047619047619047,0.0,0.044836897379069734,0.04015628020852247,0.04314588079822077,False
9999981_00000_d_0000139.jpg,47,YOLOv13-L,YOLOv13-L,0.8409090909090909,0.8409090909090909,0.0,0.0,0.06832771134218386,0.1316354505022094,0.11792641263959946,True
9999999_00071_d_0000022.jpg,70,YOLOv13-L,YOLOv13-L,0.8346456692913385,0.8346456692913385,0.0,0.0,0.05599506303978823,0.10272137009533198,0.10099064597890309,True
9999955_00000_d_0000030.jpg,46,YOLOv13-X,YOLOv13-X,0.7999999999999999,0.7999999999999999,0.0,0.0,0.07658373382537677,0.1393952031218789,0.14694530245590004,True
9999950_00000_d_0000073.jpg,21,YOLOv13-X,YOLOv13-X,0.9,0.9,0.0,0.0,0.05702120692983497,0.08996320078211262,0.09397477059035458,True
9999981_00000_d_0000098.jpg,11,YOLOv13-X,YOLOv13-S,0.625,0.631578947368421,0.006578947368421018,0.0,0.11836119318823334,0.23474995271799826,0.2595557994428481,False
0000279_00001_d_0000584.jpg,130,YOLOv13-L,YOLOv13-X,0.4927536231884057,0.5288461538461539,0.036092530657748145,0.0,0.050969303377527274,0.15598753508649543,0.1542241687721352,False
9999977_00000_d_0000007.jpg,36,YOLOv13-L,YOLOv13-X,0.5161290322580646,0.5762711864406781,0.06014215418261348,0.0,0.07881995688721047,0.1685827564412809,0.16415277263250402,False
9999951_00000_d_0000004.jpg,30,YOLOv13-X,YOLOv13-L,0.6122448979591837,0.7450980392156863,0.1328531412565026,0.0,0.11574929443823773,0.19985514382566189,0.22075816176586952,False
9999989_00000_d_0000004.jpg,52,YOLOv13-X,YOLOv13-X,0.8256880733944955,0.8256880733944955,0.0,0.0,0.06414426047842837,0.13435169078867984,0.14061258359135673,True
0000239_12115_d_0000031.jpg,67,YOLOv13-X,YOLOv13-X,0.4693877551020407,0.4693877551020407,0.0,0.0,0.0652938432886702,0.13338476249730455,0.13655432492059316,True
9999972_00000_d_0000056.jpg,30,YOLOv13-L,YOLOv13-L,0.9152542372881356,0.9152542372881356,0.0,0.0,0.05473232842246662,0.0967530485231079,0.0925316565805954,True
9999998_00331_d_0000283.jpg,36,YOLOv13-X,YOLOv13-X,0.8732394366197184,0.8732394366197184,0.0,0.0,0.042008557905198265,0.07873934151058957,0.08831271575538993,True
9999998_00188_d_0000151.jpg,68,YOLOv13-X,YOLOv13-L,0.6260869565217391,0.6896551724137931,0.06356821589205408,0.0,0.051232353393608834,0.11461783930263204,0.12782145647085053,False
9999940_00000_d_0000100.jpg,8,YOLOv13-L,YOLOv13-X,0.2857142857142857,0.3076923076923077,0.02197802197802201,0.0,0.20043451084211322,0.3905127345601113,0.33567023637075916,False
0000339_01569_d_0000169.jpg,54,YOLOv13-L,YOLOv13-L,0.6870229007633588,0.6870229007633588,0.0,0.0,0.050717326427640534,0.1344482936227616,0.13281501894751893,True
9999948_00000_d_0000036.jpg,14,YOLOv13-X,YOLOv13-X,0.9032258064516128,0.9032258064516128,0.0,0.0,0.004457796402055096,0.07246811340976833,0.07888976492654731,True
9999942_00000_d_0000269.jpg,16,YOLOv13-L,YOLOv13-S,0.5454545454545455,0.6206896551724138,0.07523510971786829,0.0,0.07316776993867805,0.18543264586660002,0.16561372241904398,False
9999937_00000_d_0000071.jpg,7,YOLOv13-L,YOLOv13-N,0.8750000000000001,0.9333333333333332,0.058333333333333126,0.0,-0.005027094409626881,0.04469791316200847,0.019394923843798612,False
9999962_00000_d_0000094.jpg,85,YOLOv13-X,YOLOv13-L,0.7428571428571428,0.7784431137724551,0.03558597091531235,0.0,0.05219265839438638,0.11842259340165666,0.12023228920257485,False
9999989_00000_d_0000008.jpg,29,YOLOv13-X,YOLOv13-X,0.7599999999999999,0.7599999999999999,0.0,0.0,0.06324650040867263,0.12619964052123167,0.14456406548821013,True
9999999_00141_d_0000055.jpg,49,YOLOv13-X,YOLOv13-X,0.7073170731707316,0.7073170731707316,0.0,0.0,0.07846086463462205,0.168871944575292,0.1737875598757412,True
9999984_00000_d_0000036.jpg,56,YOLOv13-L,YOLOv13-L,0.5842696629213484,0.5842696629213484,0.0,0.0,0.05825770447364996,0.13817138807128054,0.12760930216199964,True
9999943_00000_d_0000007.jpg,21,YOLOv13-X,YOLOv13-X,0.8292682926829269,0.8292682926829269,0.0,0.0,0.06983102419537353,0.14214663470642575,0.14456362384541724,True
9999981_00000_d_0000069.jpg,39,YOLOv13-X,YOLOv13-L,0.7857142857142856,0.8148148148148148,0.029100529100529182,0.0,0.040443854433345715,0.10185437192308702,0.11005587158495693,False
9999955_00000_d_0000380.jpg,40,YOLOv13-X,YOLOv13-S,0.7160493827160495,0.7222222222222223,0.006172839506172867,0.0,0.04371709510508541,0.08115655924756023,0.08626132984552096,False
9999977_00000_d_0000072.jpg,7,YOLOv13-X,YOLOv13-N,0.4,0.6,0.19999999999999996,0.0,0.04677561401777218,0.08463610763703426,0.1014552096394607,False
9999974_00000_d_0000042.jpg,34,YOLOv13-L,YOLOv13-X,0.8985507246376812,0.9117647058823528,0.013213981244671658,0.0,0.06731619925578591,0.16228484362422718,0.15780152287192561,False
0000197_03351_d_0000154.jpg,171,YOLOv13-L,YOLOv13-L,0.3565217391304347,0.3565217391304347,0.0,0.0,0.06158777656178917,0.14617623971038168,0.1402037825696843,True
9999951_00000_d_0000283.jpg,72,YOLOv13-L,YOLOv13-L,0.6491228070175439,0.6491228070175439,0.0,0.0,0.059487652152496046,0.12131463742701136,0.11183483974390841,True
9999953_00000_d_0000089.jpg,8,YOLOv13-X,YOLOv13-X,1.0,1.0,0.0,0.0,0.024179701041251653,0.10246030517229679,0.10914577672566549,True
9999966_00000_d_0000131.jpg,143,YOLOv13-X,YOLOv13-X,0.7927272727272726,0.7927272727272726,0.0,0.0,0.05772371258356599,0.13616637472157356,0.1454918339915175,True
9999955_00000_d_0000152.jpg,72,YOLOv13-X,YOLOv13-X,0.6774193548387097,0.6774193548387097,0.0,0.0,0.05431645412002502,0.11590617834867113,0.11929299710869772,True
0000329_03601_d_0000783.jpg,41,YOLOv13-L,YOLOv13-X,0.9647058823529412,0.9879518072289156,0.023245924875974433,0.0,0.049267614504125305,0.10757388440413135,0.10448014390863479,False
9999942_00000_d_0000183.jpg,81,YOLOv13-X,YOLOv13-X,0.8552631578947367,0.8552631578947367,0.0,0.0,0.04994241955560674,0.1020591907986718,0.10476215486689873,True
9999999_00687_d_0000311.jpg,116,YOLOv13-X,YOLOv13-X,0.484472049689441,0.484472049689441,0.0,0.0,0.034045034400521444,0.08216961102295714,0.08697625662934805,True
9999937_00000_d_0000161.jpg,28,YOLOv13-X,YOLOv13-L,0.4615384615384615,0.5365853658536585,0.07504690431519695,0.0,0.05833633375258632,0.12494545593187464,0.1386343455740146,False
9999985_00000_d_0000060.jpg,105,YOLOv13-X,YOLOv13-L,0.389261744966443,0.4430379746835443,0.053776229717101276,0.0,0.052349645804803106,0.15377274488018583,0.15629467541796221,False
9999972_00000_d_0000036.jpg,10,YOLOv13-L,YOLOv13-S,0.8571428571428572,1.0,0.1428571428571428,0.0,0.0297064425834031,0.06366758827417504,0.04553589836856531,False
9999994_00000_d_0000002.jpg,31,YOLOv13-L,YOLOv13-L,0.5531914893617021,0.5531914893617021,0.0,0.0,0.05534266563859113,0.11415588434157596,0.11213619859296628,True
9999951_00000_d_0000058.jpg,40,YOLOv13-X,YOLOv13-L,0.7901234567901235,0.8292682926829269,0.039144835892803376,0.0,0.045960920287087786,0.09502411823557735,0.10304876047751045,False
9999994_00000_d_0000101.jpg,142,YOLOv13-X,YOLOv13-X,0.6379310344827586,0.6379310344827586,0.0,0.0,0.058244637892354886,0.11409776434068111,0.1253174876496173,True
9999940_00000_d_0000081.jpg,29,YOLOv13-L,YOLOv13-L,0.6222222222222222,0.6222222222222222,0.0,0.0,0.06687497911968782,0.1374751914314481,0.13278201069212364,True
9999969_00000_d_0000048.jpg,48,YOLOv13-L,YOLOv13-X,0.5411764705882353,0.5609756097560975,0.019799139167862245,0.0,0.054947686597083524,0.14702392362544586,0.14298157215893606,False
9999972_00000_d_0000041.jpg,24,YOLOv13-L,YOLOv13-L,0.761904761904762,0.761904761904762,0.0,0.0,0.02719647390784475,0.074923170970296,0.05962853393366282,True
9999960_00000_d_0000185.jpg,25,YOLOv13-X,YOLOv13-X,0.9803921568627452,0.9803921568627452,0.0,0.0,0.010636454633405849,0.035508369707998366,0.03574743973603494,True
9999950_00000_d_0000023.jpg,19,YOLOv13-X,YOLOv13-L,0.7368421052631579,0.918918918918919,0.18207681365576112,0.0,0.05131125473273187,0.11487849604491497,0.1245782921239657,False
9999998_00409_d_0000361.jpg,26,YOLOv13-L,YOLOv13-L,0.9090909090909092,0.9090909090909092,0.0,0.0,0.041087934381691074,0.06726223628747362,0.061487328955023464,True
9999951_00000_d_0000256.jpg,50,YOLOv13-L,YOLOv13-L,0.717391304347826,0.717391304347826,0.0,0.0,0.050176647568246316,0.12162012281642895,0.12098949645685075,True
9999987_00000_d_0000042.jpg,33,YOLOv13-X,YOLOv13-X,0.8695652173913043,0.8695652173913043,0.0,0.0,0.06863270527337814,0.1300029001467206,0.13942743999379814,True
9999951_00000_d_0000202.jpg,73,YOLOv13-X,YOLOv13-X,0.7285714285714286,0.7285714285714286,0.0,0.0,0.05255847996215268,0.11414386853057161,0.12015626555155384,True
9999953_00000_d_0000046.jpg,8,YOLOv13-L,YOLOv13-L,0.875,0.875,0.0,0.0,0.039612560396179906,0.11805735861538018,0.1099850233010394,True
0000008_01999_d_0000040.jpg,18,YOLOv13-L,YOLOv13-L,0.8947368421052632,0.8947368421052632,0.0,0.0,0.05402129791584894,0.12174600303028618,0.11305384549187929,True
9999998_00414_d_0000366.jpg,41,YOLOv13-X,YOLOv13-L,0.8395061728395061,0.8860759493670887,0.04656977652758254,0.0,0.05366979539222134,0.10414415629681513,0.10802229981878599,False
9999964_00000_d_0000054.jpg,72,YOLOv13-X,YOLOv13-X,0.8275862068965517,0.8275862068965517,0.0,0.0,0.0498320693962476,0.12000579928812699,0.12594847436374174,True
0000366_09997_d_0000819.jpg,41,YOLOv13-L,YOLOv13-L,0.7906976744186047,0.7906976744186047,0.0,0.0,0.07762529662670506,0.1548196204271789,0.15465077105425526,True
9999999_00709_d_0000322.jpg,36,YOLOv13-X,YOLOv13-X,0.9565217391304348,0.9565217391304348,0.0,0.0,0.02022208667621698,0.05496349734430515,0.0636289873473378,True
9999998_00282_d_0000235.jpg,41,YOLOv13-L,YOLOv13-X,0.6470588235294118,0.6666666666666667,0.019607843137254943,0.0,0.06264940187386109,0.16341238433931338,0.156491685713177,False
0000113_00814_d_0000076.jpg,18,YOLOv13-L,YOLOv13-S,0.4324324324324324,0.5517241379310345,0.11929170549860207,0.0,0.06624413277271415,0.19862086443663338,0.19495188033447086,False
0000281_03601_d_0000644.jpg,74,YOLOv13-L,YOLOv13-L,0.7313432835820896,0.7313432835820896,0.0,0.0,0.06791681742408288,0.1523832558496587,0.14365615277832006,True
9999953_00000_d_0000193.jpg,6,YOLOv13-L,YOLOv13-L,0.7692307692307692,0.7692307692307692,0.0,0.0,0.04575297486164009,0.115868428600127,0.10985592590362689,True
9999972_00000_d_0000025.jpg,18,YOLOv13-L,YOLOv13-L,0.972972972972973,0.972972972972973,0.0,0.0,0.023792360136121654,0.07087721665702995,0.06952997272890438,True
9999982_00000_d_0000071.jpg,27,YOLOv13-L,YOLOv13-L,0.8571428571428572,0.8571428571428572,0.0,0.0,0.024345031575561466,0.10123911563376871,0.09083922821378858,True
9999943_00000_d_0000032.jpg,54,YOLOv13-L,YOLOv13-X,0.7543859649122806,0.8113207547169811,0.05693478980470046,0.0,0.05816987916191461,0.11823432819574684,0.11820091583128844,False
0000281_02601_d_0000639.jpg,35,YOLOv13-L,YOLOv13-X,0.75,0.8000000000000002,0.050000000000000155,0.0,0.04429947434631486,0.10333065742434332,0.08680100539403467,False
9999999_00743_d_0000339.jpg,70,YOLOv13-X,YOLOv13-L,0.7058823529411765,0.7310344827586207,0.02515212981744419,0.0,0.059802724519482355,0.1286959799310319,0.14646032250110205,False
9999937_00000_d_0000123.jpg,75,YOLOv13-L,YOLOv13-L,0.4220183486238532,0.4220183486238532,0.0,0.0,0.06531799452963326,0.16635213467759677,0.14300761720591287,True
9999960_00000_d_0000018.jpg,45,YOLOv13-L,YOLOv13-L,0.8842105263157894,0.8842105263157894,0.0,0.0,0.06596116679622548,0.13846399433659876,0.13452582859772377,True
9999999_00508_d_0000227.jpg,53,YOLOv13-L,YOLOv13-L,0.7391304347826088,0.7391304347826088,0.0,0.0,0.060069885356018864,0.14281621912306275,0.1401979336581777,True
9999951_00000_d_0000028.jpg,37,YOLOv13-X,YOLOv13-L,0.676470588235294,0.6857142857142857,0.009243697478991675,0.0,0.06969608196733157,0.1258314782120373,0.13212085517977218,False
9999977_00000_d_0000016.jpg,42,YOLOv13-L,YOLOv13-L,0.6363636363636364,0.6363636363636364,0.0,0.0,0.04441810675893297,0.09541849875451784,0.09505934599393406,True
9999945_00000_d_0000151.jpg,21,YOLOv13-L,YOLOv13-X,0.6470588235294118,0.7222222222222222,0.07516339869281041,0.0,0.012342826027045433,0.08014051427791746,0.05878698746097131,False
9999998_00065_d_0000050.jpg,173,YOLOv13-X,YOLOv13-X,0.6594202898550724,0.6594202898550724,0.0,0.0,0.062666089761905,0.1188250788395601,0.13538310593983682,True
0000180_00400_d_0000021.jpg,16,YOLOv13-L,YOLOv13-L,0.8387096774193549,0.8387096774193549,0.0,0.0,0.04665981249882961,0.13857565294132182,0.1375715624771538,True
0000323_03001_d_0000647.jpg,52,YOLOv13-X,YOLOv13-S,0.8245614035087719,0.830188679245283,0.005627275736511006,0.0,0.06258708016850353,0.12777882486177491,0.13295428439667592,False
9999953_00000_d_0000048.jpg,19,YOLOv13-X,YOLOv13-X,0.8108108108108109,0.8108108108108109,0.0,0.0,0.06598773380882632,0.14356034994673125,0.171868805562259,True
9999948_00000_d_0000006.jpg,25,YOLOv13-X,YOLOv13-L,0.7499999999999999,0.7916666666666667,0.04166666666666685,0.0,0.04764002765506696,0.09096097970657482,0.09277461334762133,False
0000257_01295_d_0000047.jpg,34,YOLOv13-L,YOLOv13-X,0.9714285714285714,0.9855072463768116,0.014078674948240222,0.0,0.029024751450887377,0.07601987126833126,0.06938300717557506,False
9999966_00000_d_0000091.jpg,129,YOLOv13-L,YOLOv13-X,0.5145631067961166,0.5154639175257733,0.0009008107296566426,0.0,0.08048844000686917,0.17449375836813308,0.1719685970808496,False
9999960_00000_d_0000011.jpg,38,YOLOv13-L,YOLOv13-L,0.9135802469135804,0.9135802469135804,0.0,0.0,0.035910177616947606,0.07776817715471387,0.07510325991013783,True
9999969_00000_d_0000002.jpg,66,YOLOv13-L,YOLOv13-X,0.6901408450704226,0.7222222222222221,0.032081377151799484,0.0,0.06945299894209266,0.1522503819001726,0.15072371382471314,False
9999977_00000_d_0000076.jpg,30,YOLOv13-L,YOLOv13-X,0.6538461538461539,0.7407407407407408,0.08689458689458696,0.0,0.07111340556899506,0.14072987481955196,0.1341981111728568,False
0000222_05666_d_0000018.jpg,49,YOLOv13-X,YOLOv13-L,0.4857142857142857,0.5142857142857143,0.028571428571428636,0.0,0.05772931591100317,0.11564078169696464,0.12563635230095668,False
9999982_00000_d_0000025.jpg,25,YOLOv13-X,YOLOv13-L,0.6111111111111112,0.6111111111111112,0.0,0.0,0.06090588268610507,0.13098127775634444,0.13735986946568388,False
9999955_00000_d_0000322.jpg,162,YOLOv13-X,YOLOv13-X,0.5263157894736842,0.5263157894736842,0.0,0.0,0.060801707340350605,0.14001849845278105,0.1548305906221151,True
9999999_00107_d_0000038.jpg,94,YOLOv13-X,YOLOv13-L,0.782122905027933,0.7934782608695652,0.011355355841632164,0.0,0.05680655725933436,0.10978213976204733,0.11922265377154903,False
9999972_00000_d_0000037.jpg,25,YOLOv13-X,YOLOv13-X,0.7555555555555556,0.7555555555555556,0.0,0.0,0.025627054721021846,0.07750050985725902,0.0820452031546923,True
9999999_00665_d_0000302.jpg,17,YOLOv13-X,YOLOv13-X,0.8571428571428571,0.8571428571428571,0.0,0.0,0.052321437004998014,0.12534096893694105,0.1303631823097911,True
9999943_00000_d_0000091.jpg,28,YOLOv13-L,YOLOv13-L,0.8666666666666666,0.8666666666666666,0.0,0.0,0.050229554236658765,0.10826618871053331,0.10544010937622693,True
9999955_00000_d_0000029.jpg,48,YOLOv13-X,YOLOv13-L,0.8627450980392156,0.8712871287128713,0.008542030673655665,0.0,0.04586267716153368,0.10793713453096589,0.12481103180370526,False
9999962_00000_d_0000142.jpg,37,YOLOv13-L,YOLOv13-L,0.88,0.88,0.0,0.0,0.08918486774048968,0.16401107512507845,0.14704480747256216,True
0000331_00201_d_0000825.jpg,71,YOLOv13-X,YOLOv13-X,0.5871559633027522,0.5871559633027522,0.0,0.0,0.05385582750451446,0.12708934929799443,0.1291066773294387,True
9999984_00000_d_0000135.jpg,71,YOLOv13-X,YOLOv13-X,0.7401574803149606,0.7401574803149606,0.0,0.0,0.0651664179738526,0.12514745349814033,0.13852114585535225,True
9999999_00103_d_0000036.jpg,98,YOLOv13-X,YOLOv13-L,0.6875000000000001,0.6914893617021276,0.003989361702127492,0.0,0.05949264373114296,0.12786839579444512,0.13922200262498174,False
9999977_00000_d_0000011.jpg,41,YOLOv13-X,YOLOv13-X,0.7179487179487181,0.7179487179487181,0.0,0.0,0.07010089718994718,0.14805774000532143,0.15260795930868024,True
9999972_00000_d_0000135.jpg,48,YOLOv13-L,YOLOv13-X,0.7111111111111111,0.75,0.03888888888888886,0.0,0.06037377557264289,0.15680653370329856,0.1506371343366138,False
9999972_00000_d_0000068.jpg,43,YOLOv13-L,YOLOv13-S,0.8292682926829267,0.85,0.0207317073170733,0.0,0.05865359741268792,0.09781882829120286,0.09753990664314466,False
9999962_00000_d_0000023.jpg,53,YOLOv13-L,YOLOv13-L,0.8909090909090909,0.8909090909090909,0.0,0.0,0.04553817803581289,0.11431236909443707,0.10982015902108612,True
0000126_02076_d_0000125.jpg,280,YOLOv13-X,YOLOv13-L,0.5969498910675382,0.6150537634408602,0.018103872373322005,0.0,0.059197102521374674,0.12943217336474636,0.14202813572232484,False
9999966_00000_d_0000063.jpg,135,YOLOv13-X,YOLOv13-X,0.5739910313901345,0.5739910313901345,0.0,0.0,0.06865145969486164,0.15331263160800418,0.16640673713706608,True
9999942_00000_d_0000096.jpg,30,YOLOv13-X,YOLOv13-L,0.9032258064516128,0.935483870967742,0.032258064516129226,0.0,0.028970359472857435,0.04877082982846119,0.055922059064703544,False
0000331_02201_d_0000852.jpg,83,YOLOv13-X,YOLOv13-L,0.6482758620689655,0.6802721088435375,0.031996246774572024,0.0,0.07072718617924972,0.13499019860931755,0.14496974190515163,False
9999962_00000_d_0000042.jpg,15,YOLOv13-L,YOLOv13-X,0.8387096774193549,0.896551724137931,0.05784204671857618,0.0,0.014589566721677728,0.054255314169099796,0.04829655801921568,False
9999967_00000_d_0000067.jpg,46,YOLOv13-X,YOLOv13-L,0.6823529411764706,0.7058823529411764,0.0235294117647058,0.0,0.08371841461155799,0.17257477092728188,0.18772849084358298,False
9999999_00382_d_0000166.jpg,48,YOLOv13-L,YOLOv13-L,0.8913043478260869,0.8913043478260869,0.0,0.0,0.08175728513174182,0.16221181080055014,0.15899359564365798,True
9999953_00000_d_0000169.jpg,5,YOLOv13-L,YOLOv13-S,0.888888888888889,0.888888888888889,0.0,0.0,0.028211556894000817,0.045979209937195335,0.04129435057619431,False
9999997_00000_d_0000015.jpg,7,YOLOv13-L,YOLOv13-X,0.7692307692307692,0.923076923076923,0.15384615384615385,0.0,0.049276756918462304,0.07763272174744112,0.04856791574708065,False
9999972_00000_d_0000027.jpg,26,YOLOv13-L,YOLOv13-L,0.7234042553191489,0.7234042553191489,0.0,0.0,0.08216507657967259,0.17669016531141374,0.173746729712835,True
9999937_00000_d_0000075.jpg,11,YOLOv13-L,YOLOv13-L,1.0,1.0,0.0,0.0,0.028253297405187346,0.036138684320575785,0.031777415280225395,True
9999998_00316_d_0000269.jpg,31,YOLOv13-X,YOLOv13-L,0.6037735849056604,0.679245283018868,0.07547169811320764,0.0,0.05155120427833952,0.12453373797687618,0.13375511385845165,False
9999953_00000_d_0000138.jpg,11,YOLOv13-L,YOLOv13-X,0.9565217391304348,1.0,0.04347826086956519,0.0,0.0072465490210992635,0.023127728963067657,0.01481386953073915,False
9999987_00000_d_0000070.jpg,62,YOLOv13-X,YOLOv13-L,0.7428571428571429,0.7735849056603773,0.030727762803234415,0.0,0.06747842632362287,0.14362290696377414,0.14431781646094907,False
9999984_00000_d_0000091.jpg,31,YOLOv13-L,YOLOv13-S,0.4489795918367347,0.4888888888888889,0.03990929705215418,0.0,0.07856103144953154,0.20077984035603397,0.15315518884149257,False
0000068_02805_d_0000008.jpg,72,YOLOv13-X,YOLOv13-X,0.7040000000000001,0.7040000000000001,0.0,0.0,0.06974016488421882,0.13306236279505865,0.14092689671981568,True
9999999_00863_d_0000395.jpg,107,YOLOv13-L,YOLOv13-L,0.7379679144385026,0.7379679144385026,0.0,0.0,0.052184055450267226,0.12033999354223805,0.11325911328735917,True
9999984_00000_d_0000019.jpg,40,YOLOv13-X,YOLOv13-X,0.5084745762711864,0.5084745762711864,0.0,0.0,0.07439093523261675,0.15153325576106955,0.16737250114129482,True
9999998_00087_d_0000071.jpg,37,YOLOv13-X,YOLOv13-L,0.5806451612903226,0.6153846153846154,0.0347394540942928,0.0,0.04528425935806835,0.1371161486899128,0.14259682217496145,False
9999999_00155_d_0000062.jpg,23,YOLOv13-L,YOLOv13-L,0.782608695652174,0.782608695652174,0.0,0.0,0.07110423720515054,0.16429399682763687,0.15902912757986576,True
9999951_00000_d_0000145.jpg,56,YOLOv13-X,YOLOv13-L,0.672,0.6991869918699187,0.027186991869918686,0.0,0.06992893712106625,0.1416080125412236,0.14791504591338328,False
9999987_00000_d_0000036.jpg,76,YOLOv13-X,YOLOv13-X,0.912751677852349,0.912751677852349,0.0,0.0,0.07813568508357417,0.14308909531615405,0.1534570885131065,True
0000309_03601_d_0000351.jpg,87,YOLOv13-L,YOLOv13-X,0.7307692307692308,0.7450980392156864,0.014328808446455565,0.0,0.06445890287376908,0.14200517942132695,0.1411148037759265,False
9999937_00000_d_0000122.jpg,52,YOLOv13-X,YOLOv13-X,0.4935064935064934,0.4935064935064934,0.0,0.0,0.068071972558839,0.1456980876753295,0.1584823569499327,True
9999994_00000_d_0000106.jpg,70,YOLOv13-X,YOLOv13-X,0.5871559633027523,0.5871559633027523,0.0,0.0,0.059719851709453674,0.13008541755226957,0.1322427563802063,True
0000363_01961_d_0000792.jpg,34,YOLOv13-X,YOLOv13-L,0.5714285714285715,0.625,0.05357142857142849,0.0,0.0718263141579793,0.16366278838995318,0.16746365003774788,False
9999942_00000_d_0000121.jpg,47,YOLOv13-X,YOLOv13-L,0.8958333333333333,0.9375,0.04166666666666674,0.0,0.045878689751329506,0.10795671511947844,0.10920623550399014,False
9999948_00000_d_0000020.jpg,81,YOLOv13-X,YOLOv13-L,0.6845637583892616,0.7123287671232877,0.027765008734026098,0.0,0.04599696742388238,0.11089113066548509,0.11737606353186802,False
9999955_00000_d_0000369.jpg,49,YOLOv13-L,YOLOv13-L,0.7333333333333334,0.7333333333333334,0.0,0.0,0.06245786778230909,0.12626212947886445,0.12486393636323286,True
0000313_01001_d_0000441.jpg,37,YOLOv13-L,YOLOv13-X,0.8421052631578947,0.8648648648648649,0.022759601706970223,0.0,0.048350495729290545,0.10782205633105385,0.10380421516040271,False
9999951_00000_d_0000027.jpg,32,YOLOv13-L,YOLOv13-L,0.7142857142857143,0.7142857142857143,0.0,0.0,0.06056537325738387,0.11925696877148909,0.11664420950026749,True
9999991_00000_d_0000023.jpg,53,YOLOv13-L,YOLOv13-S,0.9454545454545454,0.9532710280373832,0.007816482582837736,0.0,0.03782753143443111,0.0758125825989784,0.07204276460317804,False
0000338_00785_d_0000142.jpg,53,YOLOv13-X,YOLOv13-X,0.8200000000000001,0.8200000000000001,0.0,0.0,0.039843583025922946,0.11214657984129288,0.11242739762210785,True
9999966_00000_d_0000027.jpg,76,YOLOv13-L,YOLOv13-X,0.5785123966942148,0.603448275862069,0.024935879167854114,0.0,0.073201850616181,0.149527719916286,0.1466329805803136,False
9999982_00000_d_0000133.jpg,40,YOLOv13-X,YOLOv13-L,0.3928571428571429,0.4363636363636363,0.04350649350649338,0.0,0.03672623290800917,0.07165711531271339,0.0738459860209428,False
9999942_00000_d_0000123.jpg,29,YOLOv13-L,YOLOv13-X,0.8333333333333334,0.8813559322033899,0.048022598870056554,0.0,0.05043197745823543,0.09701831665053526,0.08836156545398494,False
9999945_00000_d_0000083.jpg,72,YOLOv13-X,YOLOv13-L,0.6551724137931034,0.6557377049180328,0.0005652911249294235,0.0,0.06193646491988627,0.15743540721002952,0.16141916125798403,False
9999987_00000_d_0000021.jpg,41,YOLOv13-X,YOLOv13-L,0.5666666666666667,0.6,0.033333333333333326,0.0,0.0814948582923767,0.13248514190948382,0.1379687077225194,False
9999965_00000_d_0000005.jpg,37,YOLOv13-L,YOLOv13-L,0.9736842105263158,0.9736842105263158,0.0,0.0,0.015237395175017671,0.045837676187481725,0.04406325204129586,True
0000366_09605_d_0000817.jpg,222,YOLOv13-X,YOLOv13-X,0.6091644204851753,0.6091644204851753,0.0,0.0,0.08103017012629456,0.16374516366619965,0.16636926727219176,True
9999997_00000_d_0000001.jpg,47,YOLOv13-X,YOLOv13-X,0.8705882352941177,0.8705882352941177,0.0,0.0,0.03624148907490817,0.0724189025768826,0.07662359005616162,True
9999953_00000_d_0000181.jpg,14,YOLOv13-L,YOLOv13-S,0.9285714285714286,0.9285714285714286,0.0,0.0,0.017726235096911853,0.06936515639477515,0.0641397492292742,False
9999964_00000_d_0000024.jpg,103,YOLOv13-X,YOLOv13-L,0.7700534759358288,0.7700534759358288,0.0,0.0,0.05532613150805081,0.12149623304030867,0.13247728424731645,False
9999956_00000_d_0000077.jpg,42,YOLOv13-L,YOLOv13-L,0.8860759493670887,0.8860759493670887,0.0,0.0,0.08318645806369569,0.1433789923879472,0.142348494902912,True
9999994_00000_d_0000116.jpg,20,YOLOv13-X,YOLOv13-X,0.6666666666666666,0.6666666666666666,0.0,0.0,0.03281301319877282,0.050873631829569776,0.05771545631656833,True
9999985_00000_d_0000044.jpg,33,YOLOv13-X,YOLOv13-L,0.7812499999999999,0.84375,0.06250000000000011,0.0,0.06580061528847815,0.13975158681535735,0.1481077624184157,False
0000279_05401_d_0000608.jpg,103,YOLOv13-L,YOLOv13-L,0.7471264367816093,0.7471264367816093,0.0,0.0,0.04784801037615079,0.1005386855384856,0.08868327439672684,True
0000165_06125_d_0000114.jpg,30,YOLOv13-L,YOLOv13-L,0.6296296296296297,0.6296296296296297,0.0,0.0,0.07121408262487046,0.16236717130751685,0.16068873274081658,True
9999969_00000_d_0000003.jpg,67,YOLOv13-L,YOLOv13-X,0.748091603053435,0.7777777777777778,0.029686174724342762,0.0,0.06504464388684511,0.12300903024000959,0.12023950248605186,False
9999942_00000_d_0000203.jpg,57,YOLOv13-L,YOLOv13-L,0.7522935779816514,0.7522935779816514,0.0,0.0,0.0558319569341418,0.13412230077082912,0.12835849924738427,True
0000334_00981_d_0000026.jpg,71,YOLOv13-L,YOLOv13-X,0.6666666666666666,0.7008547008547008,0.03418803418803418,0.0,0.034143001102999955,0.08205335955975909,0.07098721756741219,False
9999951_00000_d_0000153.jpg,6,YOLOv13-X,YOLOv13-S,1.0,1.0,0.0,0.0,0.028628784541845954,0.0724506081301186,0.07807380543467714,False
9999990_00000_d_0000002.jpg,26,YOLOv13-L,YOLOv13-X,0.7391304347826088,0.7906976744186047,0.051567239635995965,0.0,0.03146401610989101,0.09192643751951546,0.09071928083166438,False
0000109_03179_d_0000064.jpg,15,YOLOv13-L,YOLOv13-X,0.7499999999999999,0.7567567567567568,0.00675675675675691,0.0,0.08070310827582622,0.17467479906500036,0.16981708246379068,False
9999970_00000_d_0000033.jpg,44,YOLOv13-X,YOLOv13-L,0.8444444444444444,0.9090909090909092,0.06464646464646473,0.0,0.0513699540939505,0.12396490001519193,0.12756555545699458,False
9999943_00000_d_0000068.jpg,62,YOLOv13-L,YOLOv13-L,0.8307692307692308,0.8307692307692308,0.0,0.0,0.05978053982294733,0.12885656712973426,0.1282304380998638,True
9999962_00000_d_0000100.jpg,36,YOLOv13-L,YOLOv13-L,0.9333333333333332,0.9333333333333332,0.0,0.0,0.0262525672911658,0.067849575874895,0.06219620261451203,True
9999960_00000_d_0000148.jpg,48,YOLOv13-L,YOLOv13-L,0.8349514563106797,0.8349514563106797,0.0,0.0,0.07162574825289754,0.14833029080134694,0.14323090273589012,True
9999945_00000_d_0000147.jpg,44,YOLOv13-X,YOLOv13-L,0.6842105263157896,0.7532467532467532,0.06903622693096356,0.0,0.05837900079391996,0.13800509453645654,0.14332220148304867,False
9999960_00000_d_0000060.jpg,32,YOLOv13-X,YOLOv13-L,0.8333333333333334,0.8571428571428572,0.023809523809523836,0.0,0.045752089480425175,0.10910614197098178,0.11080088741699502,False
9999972_00000_d_0000127.jpg,42,YOLOv13-X,YOLOv13-X,0.6666666666666666,0.6666666666666666,0.0,0.0,0.0615725301892839,0.15117646744354096,0.1582514583500265,True
9999991_00000_d_0000034.jpg,52,YOLOv13-L,YOLOv13-L,0.8679245283018868,0.8679245283018868,0.0,0.0,0.046801439974753084,0.08892045009014218,0.0850469206187103,True
9999956_00000_d_0000096.jpg,37,YOLOv13-L,YOLOv13-X,0.9589041095890412,0.9722222222222222,0.013318112633181056,0.0,0.052234675667408415,0.12090910506709755,0.11738349882530347,False
9999951_00000_d_0000292.jpg,46,YOLOv13-L,YOLOv13-X,0.6233766233766235,0.75,0.12662337662337653,0.0,0.037125798605872236,0.07407013253390841,0.07069446952475286,False
9999940_00000_d_0000027.jpg,19,YOLOv13-X,YOLOv13-X,0.8571428571428572,0.8571428571428572,0.0,0.0,0.038088519445122246,0.04774328522880171,0.0591359290607805,True
9999951_00000_d_0000054.jpg,46,YOLOv13-L,YOLOv13-S,0.5945945945945946,0.6388888888888888,0.04429429429429421,0.0,0.049839065303434175,0.11365587190758838,0.10666345784881083,False
9999981_00000_d_0000066.jpg,20,YOLOv13-L,YOLOv13-L,0.85,0.85,0.0,0.0,0.06307173044958077,0.1508058937661904,0.1252817612978612,True
9999999_00552_d_0000248.jpg,48,YOLOv13-X,YOLOv13-X,0.8125,0.8125,0.0,0.0,0.0587326382081156,0.11219505293176922,0.1230505351195198,True
9999999_00322_d_0000141.jpg,86,YOLOv13-X,YOLOv13-L,0.6666666666666666,0.7295597484276729,0.06289308176100628,0.0,0.0692495968039493,0.15951151331015712,0.16726029549544758,False
9999955_00000_d_0000234.jpg,54,YOLOv13-X,YOLOv13-L,0.7999999999999999,0.8155339805825242,0.01553398058252431,0.0,0.08220431008088543,0.15925637197276188,0.16525194801015383,False
9999951_00000_d_0000248.jpg,46,YOLOv13-X,YOLOv13-L,0.75,0.8395061728395062,0.08950617283950624,0.0,0.028513825985490654,0.04910135340220462,0.052221442172982815,False
9999998_00254_d_0000208.jpg,62,YOLOv13-X,YOLOv13-L,0.8034188034188033,0.8205128205128205,0.017094017094017144,0.0,0.05985097543284569,0.118565968719196,0.13228599533869495,False
0000348_03921_d_0000426.jpg,65,YOLOv13-L,YOLOv13-L,0.6909090909090909,0.6909090909090909,0.0,0.0,0.06103240301574377,0.14792257984071833,0.1469621666503404,True
9999999_00745_d_0000340.jpg,33,YOLOv13-X,YOLOv13-S,0.6593406593406593,0.7209302325581395,0.061589573217480154,0.0,0.06076295598662295,0.12517040980814145,0.13775213852730664,False
9999981_00000_d_0000120.jpg,36,YOLOv13-L,YOLOv13-L,0.7058823529411765,0.7058823529411765,0.0,0.0,0.08747412346147318,0.1772195552422689,0.17365190727782887,True
9999984_00000_d_0000052.jpg,37,YOLOv13-X,YOLOv13-X,0.7540983606557377,0.7540983606557377,0.0,0.0,0.05750856024002388,0.13780503187199317,0.13863749673697193,True
9999955_00000_d_0000014.jpg,20,YOLOv13-L,YOLOv13-S,0.8292682926829269,0.8571428571428572,0.027874564459930307,0.0,0.044921123659157756,0.10462223200100867,0.10165827932062803,False
9999965_00000_d_0000028.jpg,222,YOLOv13-X,YOLOv13-X,0.6685393258426967,0.6685393258426967,0.0,0.0,0.053373549395285644,0.11023852289787044,0.1239178875166115,True
9999999_00819_d_0000374.jpg,233,YOLOv13-X,YOLOv13-X,0.6015424164524421,0.6015424164524421,0.0,0.0,0.06711652833890619,0.12126014986957089,0.13193416691773602,True
9999981_00000_d_0000138.jpg,62,YOLOv13-X,YOLOv13-L,0.7999999999999999,0.8173913043478261,0.01739130434782621,0.0,0.03331488905624449,0.08145348022181437,0.08294662932878379,False
9999951_00000_d_0000044.jpg,17,YOLOv13-L,YOLOv13-L,0.8749999999999999,0.8749999999999999,0.0,0.0,0.0566888048631838,0.12222351659334257,0.11302017044701132,True
9999972_00000_d_0000048.jpg,20,YOLOv13-L,YOLOv13-X,0.7142857142857143,0.7317073170731706,0.017421602787456303,0.0,0.052115552489291346,0.12898764564721102,0.1287648635713819,False
9999977_00000_d_0000005.jpg,29,YOLOv13-L,YOLOv13-X,0.6551724137931034,0.7037037037037037,0.048531289910600295,0.0,0.06181103502934869,0.15234341250091535,0.1403641686488638,False
9999990_00000_d_0000080.jpg,73,YOLOv13-L,YOLOv13-X,0.7183098591549297,0.7555555555555556,0.037245696400625916,0.0,0.062426906259483814,0.12681016023152827,0.12522700991064692,False
9999991_00000_d_0000012.jpg,55,YOLOv13-X,YOLOv13-X,0.8076923076923076,0.8076923076923076,0.0,0.0,0.047656222255668915,0.10239350994900874,0.10725648717898315,True
9999955_00000_d_0000281.jpg,48,YOLOv13-X,YOLOv13-X,0.8737864077669902,0.8737864077669902,0.0,0.0,0.07709482574855728,0.15969077436264578,0.16863562061916212,True
9999945_00000_d_0000079.jpg,43,YOLOv13-X,YOLOv13-L,0.4615384615384615,0.4857142857142857,0.0241758241758242,0.0,0.057701615447339816,0.127037951442521,0.14681875855889975,False
9999999_00498_d_0000222.jpg,77,YOLOv13-X,YOLOv13-L,0.6065573770491802,0.6239999999999999,0.017442622950819664,0.0,0.04138841149277573,0.0887101655398959,0.09445061236919862,False
9999982_00000_d_0000043.jpg,40,YOLOv13-L,YOLOv13-X,0.7058823529411764,0.7428571428571429,0.03697478991596648,0.0,0.043400581671111736,0.10500548632878116,0.09668993443108637,False
0000201_01484_d_0000178.jpg,13,YOLOv13-L,YOLOv13-L,0.8333333333333333,0.8333333333333333,0.0,0.0,0.05060680295137845,0.11937833257507074,0.11341736015959189,True
0000334_01177_d_0000027.jpg,54,YOLOv13-X,YOLOv13-S,0.594059405940594,0.6250000000000001,0.03094059405940608,0.0,0.04200288635971736,0.07440881758547599,0.07466620518522436,False
0000313_04601_d_0000459.jpg,14,YOLOv13-X,YOLOv13-X,0.9032258064516128,0.9032258064516128,0.0,0.0,0.059905709984049815,0.12185684247249344,0.12481867278184915,True
9999948_00000_d_0000038.jpg,57,YOLOv13-X,YOLOv13-L,0.6078431372549019,0.6346153846153846,0.02677224736048267,0.0,0.05777217616321183,0.13282551611407734,0.13567843851587977,False
0000366_04117_d_0000798.jpg,119,YOLOv13-L,YOLOv13-L,0.7610619469026548,0.7610619469026548,0.0,0.0,0.06039374880933925,0.13575580533739068,0.1340103337171418,True
9999953_00000_d_0000198.jpg,8,YOLOv13-X,YOLOv13-N,0.9411764705882352,1.0,0.05882352941176483,0.0,0.018844011392324878,0.08455961256615027,0.08469800792182135,False
9999994_00000_d_0000049.jpg,55,YOLOv13-X,YOLOv13-X,0.6185567010309277,0.6185567010309277,0.0,0.0,0.07055344751900433,0.14451085505331598,0.14804013820944112,True
9999981_00000_d_0000103.jpg,11,YOLOv13-X,YOLOv13-L,0.9,0.9090909090909092,0.00909090909090915,0.0,0.0744844650795261,0.1268547987023907,0.13111277600021282,False
9999942_00000_d_0000029.jpg,27,YOLOv13-L,YOLOv13-L,0.8852459016393442,0.8852459016393442,0.0,0.0,0.0225389265639809,0.07132083603393552,0.05746859735802014,True
9999998_00264_d_0000218.jpg,23,YOLOv13-L,YOLOv13-S,0.8301886792452831,0.92,0.08981132075471698,0.0,0.044533649045009935,0.09399746204450814,0.0876518983525583,False
9999937_00000_d_0000050.jpg,87,YOLOv13-X,YOLOv13-L,0.3571428571428571,0.4210526315789473,0.0639097744360902,0.0,0.06103059882698147,0.1451188550942505,0.15562412161096098,False
0000239_04052_d_0000012.jpg,30,YOLOv13-L,YOLOv13-X,0.8070175438596491,0.8571428571428571,0.05012531328320802,0.0,0.04196373126913817,0.08331453156380433,0.07869074053243001,False
9999953_00000_d_0000197.jpg,23,YOLOv13-L,YOLOv13-L,0.7222222222222222,0.7222222222222222,0.0,0.0,0.05065883786824297,0.10543151974052158,0.08745108213381403,True
0000195_00000_d_0000126.jpg,146,YOLOv13-X,YOLOv13-L,0.393939393939394,0.422110552763819,0.028171158824425002,0.0,0.06196153094535405,0.13729905927004085,0.14729109909633767,False
9999965_00000_d_0000048.jpg,109,YOLOv13-X,YOLOv13-X,0.8058252427184465,0.8058252427184465,0.0,0.0,0.05399351213812728,0.10843237308039815,0.1153571036961115,True
9999953_00000_d_0000155.jpg,31,YOLOv13-L,YOLOv13-L,0.96875,0.96875,0.0,0.0,0.06290944204402146,0.12809276325641805,0.11325206377103356,True
0000366_07057_d_0000812.jpg,7,YOLOv13-L,YOLOv13-X,0.0,0.25,0.25,0.0,0.20043451084211322,0.3905127345601113,0.33567023637075916,False
9999981_00000_d_0000031.jpg,43,YOLOv13-X,YOLOv13-X,0.6172839506172839,0.6172839506172839,0.0,0.0,0.0908257556754786,0.19160280363329424,0.19205458185692634,True
9999950_00000_d_0000012.jpg,71,YOLOv13-X,YOLOv13-S,0.547008547008547,0.5641025641025642,0.017094017094017255,0.0,0.05689946989128516,0.14301109468983372,0.14767668775181444,False
9999962_00000_d_0000092.jpg,78,YOLOv13-L,YOLOv13-X,0.717948717948718,0.75,0.03205128205128205,0.0,0.05791119551309896,0.12112445106777282,0.12106242640244763,False
9999998_00287_d_0000240.jpg,38,YOLOv13-X,YOLOv13-L,0.7341772151898733,0.7532467532467534,0.019069538056880053,0.0,0.0648785653452381,0.12448839510992982,0.12948809281041154,False
9999942_00000_d_0000208.jpg,31,YOLOv13-L,YOLOv13-L,0.9666666666666666,0.9666666666666666,0.0,0.0,0.04013937258799081,0.08246400306418639,0.0727090730440083,True
9999948_00000_d_0000019.jpg,98,YOLOv13-X,YOLOv13-L,0.7071823204419889,0.718232044198895,0.011049723756906049,0.0,0.0458354250455292,0.10771849472594468,0.11462013533600192,False
0000313_04401_d_0000458.jpg,30,YOLOv13-X,YOLOv13-X,0.8852459016393444,0.8852459016393444,0.0,0.0,0.05766822456160411,0.1368317511152671,0.1461114143853996,True
0000068_03388_d_0000010.jpg,139,YOLOv13-X,YOLOv13-L,0.5814977973568283,0.6160337552742615,0.034535957917433247,0.0,0.06646683592914931,0.14458258229005674,0.1611541220529416,False
9999985_00000_d_0000057.jpg,49,YOLOv13-X,YOLOv13-X,0.574712643678161,0.574712643678161,0.0,0.0,0.05643232333356403,0.1674048612976477,0.16746468149705282,True
9999942_00000_d_0000108.jpg,26,YOLOv13-X,YOLOv13-S,0.8846153846153846,0.9230769230769232,0.03846153846153866,0.0,0.019862558158637623,0.046007238575994924,0.05550901295712067,False
9999981_00000_d_0000107.jpg,12,YOLOv13-L,YOLOv13-N,1.0,1.0,0.0,0.0,-0.0025252479005498777,0.0198607660902477,-0.0007822147965035089,False
9999999_00466_d_0000208.jpg,53,YOLOv13-L,YOLOv13-L,0.875,0.875,0.0,0.0,0.04229756911793954,0.10215201303114392,0.1003676430362601,True
0000206_01108_d_0000206.jpg,5,YOLOv13-X,YOLOv13-L,0.8333333333333333,0.9090909090909092,0.07575757575757591,0.0,0.0768823153802904,0.18268316203779614,0.19572445323237822,False
9999998_00405_d_0000357.jpg,13,YOLOv13-L,YOLOv13-L,0.9285714285714286,0.9285714285714286,0.0,0.0,0.02468882177352643,0.0554123568308478,0.0504767130291885,True
9999956_00000_d_0000066.jpg,5,YOLOv13-L,YOLOv13-S,1.0,1.0,0.0,0.0,0.0032496479118037133,0.03843288575009161,0.030850644401055623,False
0000225_02427_d_0000009.jpg,37,YOLOv13-L,YOLOv13-L,0.9589041095890412,0.9589041095890412,0.0,0.0,0.07025507405171112,0.12682164696036677,0.11283085821457497,True
9999984_00000_d_0000161.jpg,19,YOLOv13-L,YOLOv13-X,0.7647058823529413,0.8125000000000001,0.047794117647058765,0.0,0.04508370069322647,0.10582665135862891,0.09192986456859521,False
9999981_00000_d_0000007.jpg,13,YOLOv13-X,YOLOv13-L,0.7692307692307693,0.96,0.1907692307692307,0.0,0.0682727354547559,0.15351642388305967,0.1784263788035195,False
9999951_00000_d_0000029.jpg,39,YOLOv13-X,YOLOv13-L,0.5151515151515151,0.5454545454545455,0.030303030303030387,0.0,0.044303238877242405,0.10373217551340892,0.11015445879911873,False
0000270_02601_d_0000366.jpg,90,YOLOv13-X,YOLOv13-L,0.5797101449275363,0.6013986013986015,0.02168845647106521,0.0,0.057648649526132086,0.11722064943781388,0.12066124172587454,False
0000144_02801_d_0000001.jpg,20,YOLOv13-L,YOLOv13-X,0.6857142857142857,0.7272727272727274,0.04155844155844168,0.0,0.061076177552085456,0.13985765893590435,0.13614135136687006,False
9999955_00000_d_0000075.jpg,49,YOLOv13-X,YOLOv13-L,0.5,0.5866666666666667,0.08666666666666667,0.0,0.08017359802769128,0.1490953198468358,0.16350460729851535,False
9999990_00000_d_0000050.jpg,43,YOLOv13-X,YOLOv13-X,0.8705882352941177,0.8705882352941177,0.0,0.0,0.06217115767747376,0.13099599674806503,0.13491286482722561,True
9999960_00000_d_0000062.jpg,13,YOLOv13-L,YOLOv13-X,0.8461538461538461,0.9230769230769232,0.0769230769230771,0.0,0.08329499239442012,0.16944848951228644,0.15878596757053584,False
9999998_00402_d_0000354.jpg,55,YOLOv13-L,YOLOv13-L,0.6551724137931035,0.6551724137931035,0.0,0.0,0.05891219480353115,0.14764943968795963,0.14036208426789806,True
0000297_00201_d_0000058.jpg,191,YOLOv13-L,YOLOv13-X,0.6797752808988763,0.6931818181818182,0.013406537282941944,0.0,0.05885381953204196,0.13683200562832093,0.13237455897893693,False
9999998_00274_d_0000227.jpg,41,YOLOv13-X,YOLOv13-X,0.6575342465753423,0.6575342465753423,0.0,0.0,0.05059181600735931,0.13921984405391225,0.14339840305120205,True
9999969_00000_d_0000040.jpg,44,YOLOv13-X,YOLOv13-L,0.7654320987654323,0.7710843373493976,0.005652238583965352,0.0,0.058944880136718246,0.14155148703890785,0.14614766463796627,False
9999962_00000_d_0000036.jpg,40,YOLOv13-X,YOLOv13-X,0.9195402298850576,0.9195402298850576,0.0,0.0,0.04322848332839879,0.09599346076557509,0.10097719248130156,True
9999982_00000_d_0000099.jpg,34,YOLOv13-L,YOLOv13-X,0.71875,0.7301587301587301,0.011408730158730118,0.0,0.07767222221919975,0.1479241745463638,0.13640209590588984,False
9999953_00000_d_0000019.jpg,4,YOLOv13-L,YOLOv13-X,0.75,0.888888888888889,0.13888888888888895,0.0,0.08438095264150974,0.16556399869353505,0.14462880445702855,False
9999981_00000_d_0000068.jpg,23,YOLOv13-X,YOLOv13-X,0.7906976744186046,0.7906976744186046,0.0,0.0,0.0677684689730822,0.172959549624876,0.1884669827432934,True
9999942_00000_d_0000192.jpg,47,YOLOv13-L,YOLOv13-L,0.8210526315789474,0.8210526315789474,0.0,0.0,0.048499181208546675,0.11754136855844331,0.11736922781532341,True
9999962_00000_d_0000039.jpg,68,YOLOv13-X,YOLOv13-L,0.7839999999999999,0.8281250000000001,0.04412500000000019,0.0,0.04805496434318924,0.09778481653596026,0.10443070009141744,False
0000197_00851_d_0000148.jpg,152,YOLOv13-X,YOLOv13-X,0.4054054054054054,0.4054054054054054,0.0,0.0,0.0651409351577442,0.14409244668342103,0.1461609982809215,True
9999955_00000_d_0000118.jpg,20,YOLOv13-L,YOLOv13-L,0.95,0.95,0.0,0.0,0.038229561030634754,0.09902302162580555,0.09313687990365258,True
9999955_00000_d_0000166.jpg,7,YOLOv13-X,YOLOv13-S,1.0,1.0,0.0,0.0,0.032738138654942496,0.04793999857760102,0.05009727109433565,False
9999945_00000_d_0000096.jpg,61,YOLOv13-X,YOLOv13-X,0.8113207547169811,0.8113207547169811,0.0,0.0,0.043931877242960445,0.12056409097442697,0.12418831891290928,True
9999972_00000_d_0000092.jpg,21,YOLOv13-L,YOLOv13-L,0.8108108108108109,0.8108108108108109,0.0,0.0,0.011144113327717932,0.03811951811350847,0.02434598831221684,True
9999972_00000_d_0000064.jpg,15,YOLOv13-X,YOLOv13-L,0.7567567567567568,0.9032258064516128,0.14646904969485597,0.0,0.03315410203925168,0.06925851530817613,0.075800121475905,False
0000309_03801_d_0000352.jpg,67,YOLOv13-L,YOLOv13-X,0.7540983606557378,0.773109243697479,0.019010883041741256,0.0,0.05408225243960908,0.11988748999120807,0.11813943050019206,False
9999999_00061_d_0000017.jpg,79,YOLOv13-X,YOLOv13-X,0.7412587412587414,0.7412587412587414,0.0,0.0,0.0616154382910636,0.1279498248146558,0.13681322820180547,True
9999999_00657_d_0000299.jpg,23,YOLOv13-L,YOLOv13-X,0.7317073170731708,0.7894736842105263,0.0577663671373555,0.0,0.019527991157768466,0.09383549539347871,0.09328461272528557,False
9999998_00246_d_0000200.jpg,33,YOLOv13-X,YOLOv13-X,0.8285714285714285,0.8285714285714285,0.0,0.0,0.06534610879956045,0.1468958955188841,0.15564610444256485,True
0000142_04658_d_0000046.jpg,254,YOLOv13-X,YOLOv13-L,0.626865671641791,0.6526315789473685,0.025765907305577485,0.0,0.06253874274963009,0.13018510014602577,0.13895062793880675,False
9999981_00000_d_0000142.jpg,8,YOLOv13-X,YOLOv13-X,0.9333333333333332,0.9333333333333332,0.0,0.0,0.11604715820504072,0.20704590042818521,0.21121103306741892,True
9999972_00000_d_0000147.jpg,13,YOLOv13-L,YOLOv13-X,0.8461538461538461,0.8666666666666666,0.02051282051282044,0.0,0.06850924468533866,0.15600835403672964,0.14607200513102633,False
9999982_00000_d_0000204.jpg,60,YOLOv13-L,YOLOv13-L,0.5238095238095238,0.5238095238095238,0.0,0.0,0.05934202650651923,0.1322551593881266,0.12543981993055153,True
9999965_00000_d_0000001.jpg,55,YOLOv13-L,YOLOv13-L,0.9056603773584904,0.9056603773584904,0.0,0.0,0.045112034680650955,0.0902380890454122,0.08528784653699759,True
9999985_00000_d_0000007.jpg,11,YOLOv13-L,YOLOv13-L,0.7999999999999999,0.7999999999999999,0.0,0.0,0.06421096679708138,0.1977044681802538,0.19059838610696622,True
0000141_00251_d_0000009.jpg,177,YOLOv13-X,YOLOv13-L,0.535593220338983,0.5783972125435539,0.04280399220457087,0.0,0.05848162881620156,0.11551586581725526,0.12631871985142132,False
9999942_00000_d_0000245.jpg,31,YOLOv13-X,YOLOv13-X,0.8771929824561403,0.8771929824561403,0.0,0.0,0.043540786896919474,0.10711132606140676,0.11173904370397762,True
9999969_00000_d_0000068.jpg,62,YOLOv13-L,YOLOv13-X,0.6538461538461537,0.6666666666666667,0.012820512820512997,0.0,0.05642571488562267,0.1309065337899422,0.13050104276817476,False
9999953_00000_d_0000199.jpg,11,YOLOv13-L,YOLOv13-S,0.7272727272727273,0.761904761904762,0.03463203463203468,0.0,0.052577065297873996,0.09855230219459714,0.0728121938513671,False
9999982_00000_d_0000032.jpg,23,YOLOv13-X,YOLOv13-L,0.6341463414634146,0.6341463414634146,0.0,0.0,0.06139000142385633,0.15176772901823965,0.15397988243176658,False
0000329_03201_d_0000781.jpg,48,YOLOv13-X,YOLOv13-X,0.9130434782608696,0.9130434782608696,0.0,0.0,0.04796586008039335,0.12565063587012315,0.12720284379113253,True
9999951_00000_d_0000197.jpg,13,YOLOv13-X,YOLOv13-L,0.8571428571428571,0.9230769230769232,0.06593406593406614,0.0,0.01869497062504316,0.07597899489115685,0.07813056680358484,False
9999943_00000_d_0000046.jpg,205,YOLOv13-X,YOLOv13-X,0.6994535519125683,0.6994535519125683,0.0,0.0,0.05309077394729736,0.11547793604560222,0.12553787972287583,True
9999981_00000_d_0000001.jpg,13,YOLOv13-L,YOLOv13-L,0.9285714285714286,0.9285714285714286,0.0,0.0,0.05250022624471182,0.09721098991945763,0.0939913449631,True
9999937_00000_d_0000119.jpg,81,YOLOv13-X,YOLOv13-L,0.3243243243243243,0.3603603603603603,0.036036036036036,0.0,0.06756351442449589,0.17751819417409986,0.1833429957399296,False
9999998_00064_d_0000049.jpg,173,YOLOv13-X,YOLOv13-X,0.6877192982456141,0.6877192982456141,0.0,0.0,0.0599387251573691,0.11773654950272558,0.13417594943443142,True
9999975_00000_d_0000029.jpg,128,YOLOv13-L,YOLOv13-X,0.771186440677966,0.7826086956521738,0.01142225497420779,0.0,0.05964881911450332,0.1275644756525714,0.1273853511979269,False
9999981_00000_d_0000063.jpg,24,YOLOv13-X,YOLOv13-L,0.5333333333333333,0.6976744186046512,0.16434108527131785,0.0,0.11049926990475036,0.19480428623439455,0.2015392706396434,False
9999965_00000_d_0000020.jpg,29,YOLOv13-X,YOLOv13-L,0.9152542372881356,0.9824561403508772,0.06720190306274165,0.0,0.021175097422083074,0.05407103588466529,0.061998342673768185,False
9999953_00000_d_0000191.jpg,17,YOLOv13-X,YOLOv13-L,0.7857142857142858,0.7857142857142858,0.0,0.0,0.05707702851024127,0.10866291368031888,0.11157962456616335,False
9999966_00000_d_0000029.jpg,181,YOLOv13-X,YOLOv13-X,0.5985401459854014,0.5985401459854014,0.0,0.0,0.06269420277020082,0.13431264904363618,0.13845407912348529,True
9999999_00225_d_0000095.jpg,59,YOLOv13-L,YOLOv13-L,0.7999999999999999,0.7999999999999999,0.0,0.0,0.05595202857324128,0.13250793031451918,0.12767724493456248,True
0000325_04201_d_0000683.jpg,119,YOLOv13-X,YOLOv13-L,0.7904761904761903,0.7904761904761903,0.0,0.0,0.05441040765248989,0.11627063888798259,0.12344112848651945,False
0000331_01401_d_0000848.jpg,47,YOLOv13-X,YOLOv13-L,0.6666666666666666,0.7380952380952381,0.07142857142857151,0.0,0.052271435046530056,0.112931913104613,0.11953910523685139,False
9999950_00000_d_0000017.jpg,26,YOLOv13-X,YOLOv13-X,0.6666666666666667,0.6666666666666667,0.0,0.0,0.08348877685885395,0.17010507860170937,0.1848988737548993,True
9999998_00154_d_0000130.jpg,64,YOLOv13-L,YOLOv13-X,0.8,0.8173913043478261,0.017391304347826098,0.0,0.0469682885400046,0.09898208040711871,0.09585451372263772,False
9999955_00000_d_0000225.jpg,69,YOLOv13-X,YOLOv13-L,0.6000000000000001,0.603174603174603,0.0031746031746029413,0.0,0.07155731945926003,0.13480479285396105,0.1480357802277287,False
9999962_00000_d_0000106.jpg,51,YOLOv13-L,YOLOv13-X,0.8785046728971961,0.923076923076923,0.04457225017972688,0.0,0.028077141870110057,0.054155156537481104,0.053843121831130394,False
9999956_00000_d_0000104.jpg,18,YOLOv13-L,YOLOv13-L,0.7894736842105262,0.7894736842105262,0.0,0.0,0.04996017567399346,0.11565571473629971,0.11387025878504774,True
9999948_00000_d_0000025.jpg,10,YOLOv13-L,YOLOv13-S,1.0,1.0,0.0,0.0,0.006986378519492148,0.04925009372433166,0.035600033275425005,False
9999945_00000_d_0000089.jpg,11,YOLOv13-L,YOLOv13-L,0.9,0.9,0.0,0.0,0.028863102132925558,0.0826201983382596,0.06678853937269508,True
0000198_00709_d_0000157.jpg,27,YOLOv13-L,YOLOv13-N,0.7241379310344828,0.7346938775510203,0.010555946516537573,0.0,0.03751740075594573,0.08558993176905193,0.07563558794137065,False
9999998_00339_d_0000291.jpg,35,YOLOv13-L,YOLOv13-L,0.8985507246376812,0.8985507246376812,0.0,0.0,0.054165620851516015,0.09859958566174169,0.08861185449758358,True
9999955_00000_d_0000125.jpg,12,YOLOv13-L,YOLOv13-L,0.9166666666666666,0.9166666666666666,0.0,0.0,0.012891761801908576,0.06674758399761227,0.05769852208135175,True
9999998_00318_d_0000271.jpg,52,YOLOv13-X,YOLOv13-L,0.6222222222222222,0.6341463414634146,0.01192411924119241,0.0,0.04897686806151884,0.1274287645165668,0.15092019563376743,False
9999998_00189_d_0000152.jpg,58,YOLOv13-X,YOLOv13-X,0.5454545454545454,0.5454545454545454,0.0,0.0,0.05630443296577015,0.11870797830667659,0.1259634027419098,True
9999962_00000_d_0000166.jpg,25,YOLOv13-X,YOLOv13-X,0.7111111111111111,0.7111111111111111,0.0,0.0,0.08932696243122241,0.24726086046643422,0.2603777324074471,True
9999950_00000_d_1007082.jpg,38,YOLOv13-X,YOLOv13-L,0.6562500000000001,0.6885245901639344,0.0322745901639343,0.0,0.05407688005243276,0.13167925976163636,0.1409892073410659,False
9999956_00000_d_0000045.jpg,24,YOLOv13-L,YOLOv13-X,0.9333333333333332,0.9565217391304348,0.023188405797101574,0.0,0.02959157959432562,0.07750915513777219,0.06807436965964618,False
9999951_00000_d_0000252.jpg,29,YOLOv13-X,YOLOv13-X,0.9824561403508772,0.9824561403508772,0.0,0.0,0.05811020806588714,0.11799087759729847,0.1321434823013972,True
0000145_00401_d_0000001.jpg,13,YOLOv13-X,YOLOv13-X,0.8181818181818181,0.8181818181818181,0.0,0.0,0.04549247009587522,0.08163039329064731,0.08717447291602529,True
0000218_00001_d_0000001.jpg,3,YOLOv13-L,YOLOv13-S,0.8571428571428571,1.0,0.1428571428571429,0.0,-0.0007340738883890908,0.01591894140441876,0.006193929465678167,False
9999962_00000_d_0000082.jpg,51,YOLOv13-X,YOLOv13-X,0.9142857142857144,0.9142857142857144,0.0,0.0,0.049635461312760275,0.11662139017824151,0.11845669897801199,True
9999951_00000_d_0000101.jpg,73,YOLOv13-L,YOLOv13-L,0.906474820143885,0.906474820143885,0.0,0.0,0.04108544894572539,0.0759382106291744,0.05792634551084539,True
9999998_00312_d_0000265.jpg,52,YOLOv13-L,YOLOv13-X,0.6021505376344086,0.6206896551724139,0.0185391175380053,0.0,0.04231687678008959,0.09893308926623134,0.08702649027611688,False
0000180_01213_d_0000025.jpg,9,YOLOv13-L,YOLOv13-L,0.8,0.8,0.0,0.0,0.06496100145402052,0.0961518540911097,0.09329790944702376,True
9999937_00000_d_0000035.jpg,45,YOLOv13-X,YOLOv13-L,0.5,0.5070422535211268,0.007042253521126751,0.0,0.10516189478829494,0.18124023972176445,0.1911533681874321,False
9999943_00000_d_0000012.jpg,54,YOLOv13-L,YOLOv13-X,0.823529411764706,0.8349514563106796,0.01142204454597362,0.0,0.04788717650213781,0.11334652649376699,0.10103889683692484,False
9999951_00000_d_0000034.jpg,41,YOLOv13-X,YOLOv13-X,0.64,0.64,0.0,0.0,0.0531497700173281,0.10164299433501879,0.10775908763597006,True
9999981_00000_d_0000034.jpg,14,YOLOv13-X,YOLOv13-L,0.7142857142857143,0.7407407407407408,0.02645502645502651,0.0,0.08100014628002412,0.16548279374868982,0.1716875282824163,False
9999951_00000_d_0000307.jpg,11,YOLOv13-L,YOLOv13-S,1.0,1.0,0.0,0.0,-0.002202748325410812,0.04707404362004087,0.029092430390645452,False
9999985_00000_d_0000052.jpg,133,YOLOv13-X,YOLOv13-X,0.3195266272189349,0.3195266272189349,0.0,0.0,0.07366617705439,0.17830976300438267,0.1850714678241009,True
9999999_00332_d_0000145.jpg,209,YOLOv13-X,YOLOv13-X,0.6430517711171662,0.6430517711171662,0.0,0.0,0.06112746854866143,0.12847717356413463,0.13302058870192832,True
0000257_03482_d_0000059.jpg,25,YOLOv13-X,YOLOv13-X,0.8333333333333333,0.8333333333333333,0.0,0.0,0.033651317789639694,0.07977986721079842,0.08634156204696973,True
9999937_00000_d_0000135.jpg,43,YOLOv13-X,YOLOv13-S,0.4923076923076923,0.5396825396825397,0.04737484737484737,0.0,0.08685255526963721,0.21530504192252317,0.22474245920990935,False
9999984_00000_d_0000077.jpg,51,YOLOv13-L,YOLOv13-L,0.712871287128713,0.712871287128713,0.0,0.0,0.04955285479508791,0.1130635217665162,0.10746389896946071,True
9999955_00000_d_0000416.jpg,19,YOLOv13-L,YOLOv13-X,0.9444444444444444,0.9473684210526316,0.0029239766081872176,0.0,0.054244603805685784,0.11045337028706351,0.09918603948165211,False
0000135_01638_d_0000152.jpg,108,YOLOv13-X,YOLOv13-X,0.7150837988826815,0.7150837988826815,0.0,0.0,0.07155667430731234,0.14104562463608067,0.14519405660923843,True
0000309_01601_d_0000341.jpg,112,YOLOv13-X,YOLOv13-X,0.6824644549763033,0.6824644549763033,0.0,0.0,0.052950942795723537,0.13294798694574556,0.13404307753932115,True
9999937_00000_d_0000139.jpg,24,YOLOv13-L,YOLOv13-X,0.7272727272727272,0.7317073170731708,0.004434589800443645,0.0,0.08956455072697761,0.19648869825218462,0.18874277403451584,False
9999966_00000_d_0000041.jpg,97,YOLOv13-X,YOLOv13-L,0.7078651685393258,0.7243243243243243,0.016459155784998458,0.0,0.05533822363535297,0.11592429032823727,0.12462152399622224,False
9999942_00000_d_0000025.jpg,22,YOLOv13-X,YOLOv13-L,0.888888888888889,0.888888888888889,0.0,0.0,0.033949264671487886,0.08006907170562104,0.0906310321575355,False
0000363_01373_d_0000790.jpg,75,YOLOv13-L,YOLOv13-X,0.6141732283464567,0.64,0.0258267716535433,0.0,0.062134168772651925,0.14920549690727394,0.14829679503072848,False
0000345_00785_d_0000313.jpg,18,YOLOv13-X,YOLOv13-L,0.85,0.8717948717948718,0.02179487179487183,0.0,0.070324991998203,0.16040620314317697,0.16279022773563293,False
9999982_00000_d_0000023.jpg,13,YOLOv13-L,YOLOv13-L,0.5555555555555556,0.5555555555555556,0.0,0.0,0.0352255748973018,0.1749288176307541,0.17365771888749024,True
9999945_00000_d_0000037.jpg,66,YOLOv13-X,YOLOv13-L,0.6666666666666666,0.6885245901639345,0.021857923497267895,0.0,0.06695575057930023,0.13417245384440335,0.14108622217443245,False
9999937_00000_d_0000180.jpg,62,YOLOv13-L,YOLOv13-X,0.3376623376623376,0.3544303797468354,0.01676804208449778,0.0,0.05054714923691796,0.12190586134228527,0.10561583229896293,False
9999953_00000_d_0000100.jpg,4,YOLOv13-L,YOLOv13-S,0.8571428571428571,0.8571428571428571,0.0,0.0,0.08029392123049858,0.14624303819651654,0.12918465658428233,False
0000047_02500_d_0000093.jpg,68,YOLOv13-X,YOLOv13-X,0.7284768211920529,0.7284768211920529,0.0,0.0,0.07660750522507177,0.15144555276790606,0.16064639873258185,True
9999999_00484_d_0000215.jpg,42,YOLOv13-L,YOLOv13-X,0.810126582278481,0.825,0.014873417721518956,0.0,0.054223928458409225,0.13731484319348664,0.13438371953181638,False
9999998_00003_d_0000002.jpg,112,YOLOv13-X,YOLOv13-X,0.6129032258064515,0.6129032258064515,0.0,0.0,0.06457064184345512,0.13497694307824804,0.1448072442917997,True
9999998_00106_d_0000084.jpg,39,YOLOv13-L,YOLOv13-L,0.9268292682926832,0.9268292682926832,0.0,0.0,0.04328948158781841,0.09967659209229933,0.0955808800719277,True
0000261_01801_d_0000125.jpg,14,YOLOv13-L,YOLOv13-X,0.8571428571428571,0.9285714285714286,0.07142857142857151,0.0,0.061920134833908395,0.1219383697262746,0.12035403094263146,False
9999984_00000_d_0000139.jpg,48,YOLOv13-X,YOLOv13-L,0.7727272727272727,0.7906976744186046,0.017970401691331905,0.0,0.05992169099468481,0.13734307667466622,0.14649625982322215,False
9999990_00000_d_0000074.jpg,31,YOLOv13-L,YOLOv13-X,0.909090909090909,0.9206349206349206,0.011544011544011634,0.0,0.03788126618029632,0.09027576535037878,0.08620118807942617,False
9999998_00382_d_0000334.jpg,20,YOLOv13-X,YOLOv13-S,0.9302325581395348,0.9523809523809524,0.02214839424141768,0.0,0.06548642946859676,0.10409021670308048,0.10480916505644584,False
0000329_05401_d_0000792.jpg,22,YOLOv13-X,YOLOv13-L,0.8571428571428572,0.9130434782608696,0.05590062111801242,0.0,0.048309132359317525,0.09482067232240533,0.10555231317195492,False
9999951_00000_d_0000065.jpg,31,YOLOv13-X,YOLOv13-L,0.6037735849056604,0.6666666666666665,0.06289308176100616,0.0,0.06155824737451276,0.1120174604559396,0.11310445340814149,False
9999955_00000_d_0000346.jpg,104,YOLOv13-X,YOLOv13-X,0.5290322580645161,0.5290322580645161,0.0,0.0,0.08135861397462944,0.16180963076885435,0.17539053356896728,True
9999955_00000_d_0000001.jpg,39,YOLOv13-X,YOLOv13-X,0.5757575757575758,0.5757575757575758,0.0,0.0,0.06533230721080568,0.12071728647130721,0.13306498696565425,True
9999937_00000_d_0000070.jpg,8,YOLOv13-S,YOLOv13-N,1.0,1.0,0.0,0.0,0.03120979097807912,0.01636416665553263,0.02422316745236612,False
9999937_00000_d_0000153.jpg,19,YOLOv13-L,YOLOv13-X,0.8333333333333333,0.8648648648648649,0.031531531531531654,0.0,0.08092736292184723,0.1827063346217846,0.17923494743886628,False
9999999_00608_d_0000276.jpg,51,YOLOv13-X,YOLOv13-L,0.6966292134831461,0.7272727272727273,0.03064351378958119,0.0,0.04093212271428496,0.09253429915515773,0.09664684692617209,False
0000150_00430_d_0000069.jpg,159,YOLOv13-X,YOLOv13-L,0.63003663003663,0.652014652014652,0.02197802197802201,0.0,0.07571314114928573,0.15954386980202215,0.1637965806521068,False
9999955_00000_d_0000110.jpg,24,YOLOv13-X,YOLOv13-X,0.9387755102040816,0.9387755102040816,0.0,0.0,0.04202725902687033,0.09904763937946348,0.10607544830497574,True
9999945_00000_d_0000039.jpg,48,YOLOv13-X,YOLOv13-L,0.761904761904762,0.7804878048780487,0.018583042973286723,0.0,0.02553653924192457,0.07914513510312621,0.0836505570968961,False
9999951_00000_d_0000203.jpg,61,YOLOv13-X,YOLOv13-L,0.6851851851851852,0.7321428571428572,0.046957671957671976,0.0,0.04020217128598456,0.10479087214343394,0.11093157906406773,False
0000338_01373_d_0000145.jpg,50,YOLOv13-L,YOLOv13-X,0.7008547008547008,0.7857142857142856,0.08485958485958478,0.0,0.06659025428278371,0.14512791499792763,0.14108908414786278,False
9999962_00000_d_0000149.jpg,14,YOLOv13-L,YOLOv13-X,0.9285714285714286,0.9333333333333332,0.004761904761904634,0.0,0.091385985705679,0.16946667139923596,0.1689373712563517,False
0000100_03906_d_0000014.jpg,7,YOLOv13-L,YOLOv13-S,1.0,1.0,0.0,0.0,0.05969338079889795,0.12790642446933428,0.1134605647722054,False
9999985_00000_d_0000039.jpg,37,YOLOv13-L,YOLOv13-X,0.676470588235294,0.7826086956521738,0.10613810741687979,0.0,0.02454904195391576,0.06068473804202882,0.04691355288364218,False
9999982_00000_d_0000021.jpg,11,YOLOv13-L,YOLOv13-X,0.5555555555555556,0.6666666666666665,0.11111111111111094,0.0,0.04479885227906478,0.08540500574990754,0.06302123178943128,False
9999966_00000_d_0000123.jpg,35,YOLOv13-L,YOLOv13-X,0.8571428571428571,0.909090909090909,0.051948051948051854,0.0,0.06725981829727527,0.13526518980784213,0.1346347077177033,False
0000329_06401_d_0000797.jpg,36,YOLOv13-X,YOLOv13-X,0.75,0.75,0.0,0.0,0.06314029878940056,0.14499424041839665,0.15382034485646387,True
9999945_00000_d_0000134.jpg,31,YOLOv13-L,YOLOv13-L,0.9508196721311476,0.9508196721311476,0.0,0.0,0.05562157890500319,0.11657857194900993,0.11182232512072754,True
9999953_00000_d_0000067.jpg,9,YOLOv13-L,YOLOv13-X,0.5882352941176471,0.7777777777777778,0.1895424836601307,0.0,0.0902714993575956,0.198363684629907,0.1911922148952955,False
9999943_00000_d_0000018.jpg,81,YOLOv13-L,YOLOv13-S,0.825,0.8311688311688312,0.006168831168831268,0.0,0.04007189153536159,0.09556021480156024,0.09057334018216848,False
9999951_00000_d_0000194.jpg,44,YOLOv13-L,YOLOv13-L,0.9555555555555556,0.9555555555555556,0.0,0.0,0.015063128982033946,0.05155068952928327,0.04894461047615393,True
0000171_00001_d_0000001.jpg,53,YOLOv13-X,YOLOv13-X,0.5897435897435898,0.5897435897435898,0.0,0.0,0.06025338977591195,0.11888160982695711,0.12415918815257466,True
9999982_00000_d_0000080.jpg,45,YOLOv13-L,YOLOv13-X,0.6216216216216216,0.6478873239436619,0.026265702322040285,0.0,0.041143232029572714,0.09481848991939835,0.0923318562257262,False
9999940_00000_d_0000090.jpg,82,YOLOv13-X,YOLOv13-L,0.7183098591549296,0.7183098591549296,0.0,0.0,0.048675429764105646,0.11059776749922326,0.11296551056360543,False
9999987_00000_d_0000051.jpg,66,YOLOv13-X,YOLOv13-L,0.5765765765765766,0.5765765765765766,0.0,0.0,0.1196110593787771,0.21119924107485383,0.21818750675729143,False
9999984_00000_d_0000067.jpg,25,YOLOv13-L,YOLOv13-X,0.3428571428571428,0.375,0.032142857142857195,0.0,0.06616433698072771,0.20043496870689104,0.18801777991828686,False
0000165_05325_d_0000110.jpg,38,YOLOv13-L,YOLOv13-X,0.5833333333333334,0.6376811594202899,0.05434782608695654,0.0,0.05048623545262492,0.12301141016013456,0.11596317139716414,False
9999982_00000_d_0000136.jpg,49,YOLOv13-L,YOLOv13-X,0.6516853932584269,0.6666666666666666,0.014981273408239737,0.0,0.06644103736510962,0.1604533831356107,0.15560075631088893,False
0000165_00525_d_0000086.jpg,52,YOLOv13-X,YOLOv13-L,0.6506024096385542,0.6744186046511628,0.023816195012608565,0.0,0.05946491295142728,0.1240988228934119,0.13230842305524182,False
9999950_00000_d_0000082.jpg,17,YOLOv13-L,YOLOv13-L,0.8275862068965517,0.8275862068965517,0.0,0.0,0.040070116419206575,0.07078309616120157,0.0605684811187912,True
0000226_03627_d_0000013.jpg,166,YOLOv13-X,YOLOv13-X,0.6136363636363638,0.6136363636363638,0.0,0.0,0.05890100837523299,0.12579074460470777,0.1329678875179633,True
9999984_00000_d_0000066.jpg,38,YOLOv13-X,YOLOv13-L,0.4285714285714285,0.5263157894736843,0.0977443609022558,0.0,0.05798441822540413,0.16714493190194912,0.17191510405722885,False
9999991_00000_d_0000032.jpg,46,YOLOv13-L,YOLOv13-X,0.725,0.7435897435897436,0.018589743589743635,0.0,0.042621914903851685,0.1078923186011976,0.10113372609983944,False
9999964_00000_d_0000006.jpg,69,YOLOv13-L,YOLOv13-L,0.5641025641025642,0.5641025641025642,0.0,0.0,0.07256835551883609,0.15500211262744912,0.147910612819758,True
9999960_00000_d_0000162.jpg,34,YOLOv13-L,YOLOv13-S,0.84375,0.8571428571428571,0.013392857142857095,0.0,0.04050293383517258,0.07955709995716265,0.07014025802531315,False
9999960_00000_d_0000077.jpg,29,YOLOv13-X,YOLOv13-L,0.8615384615384615,0.9032258064516128,0.04168734491315129,0.0,0.07029719734975023,0.13849591488561105,0.14163060196813254,False
9999999_00075_d_0000024.jpg,57,YOLOv13-X,YOLOv13-X,0.7346938775510203,0.7346938775510203,0.0,0.0,0.06393547473990387,0.1405530215315743,0.1455638897771679,True
9999960_00000_d_0000142.jpg,8,YOLOv13-L,YOLOv13-N,0.888888888888889,0.888888888888889,0.0,0.0,0.018395564090537598,0.03582769912616039,0.035107476786692744,False
0000142_04058_d_0000043.jpg,306,YOLOv13-L,YOLOv13-X,0.3939393939393939,0.401985111662531,0.008045717723137058,0.0,0.03335938405412379,0.0958942716682567,0.09221407106825633,False
9999960_00000_d_0000176.jpg,22,YOLOv13-X,YOLOv13-L,0.9565217391304348,0.9777777777777776,0.021256038647342823,0.0,-0.0034397476386555125,0.006038769339152662,0.017075147172759486,False
9999987_00000_d_0000064.jpg,68,YOLOv13-L,YOLOv13-L,0.8636363636363636,0.8636363636363636,0.0,0.0,0.08606535478297574,0.139418025967783,0.13136785160807457,True
9999955_00000_d_0000127.jpg,17,YOLOv13-L,YOLOv13-L,0.9714285714285714,0.9714285714285714,0.0,0.0,0.026391321952116936,0.06165067336295907,0.05959132559732446,True
9999945_00000_d_0000043.jpg,51,YOLOv13-L,YOLOv13-L,0.6419753086419753,0.6419753086419753,0.0,0.0,0.03713737423787787,0.08408841804717224,0.08396711940436676,True
9999962_00000_d_0000108.jpg,77,YOLOv13-L,YOLOv13-L,0.7843137254901961,0.7843137254901961,0.0,0.0,0.0425482452640258,0.11793779227983767,0.11145428724223537,True
9999956_00000_d_0000092.jpg,54,YOLOv13-X,YOLOv13-L,0.7422680412371134,0.7474747474747475,0.0052067062376340845,0.0,0.06899456234737206,0.14014912110495603,0.14970730642291835,False
9999955_00000_d_0000305.jpg,41,YOLOv13-X,YOLOv13-L,0.4918032786885247,0.5901639344262295,0.0983606557377048,0.0,0.08135265464521194,0.1188247222740805,0.13261939941799297,False
9999956_00000_d_0000067.jpg,6,YOLOv13-X,YOLOv13-L,0.923076923076923,1.0,0.07692307692307698,0.0,0.0637572840456114,0.08307987442847753,0.1028828364927839,False
9999942_00000_d_0000131.jpg,31,YOLOv13-L,YOLOv13-X,0.6779661016949152,0.7419354838709677,0.06396938217605252,0.0,0.06685120221604861,0.1233340662987145,0.12131769706343211,False
9999942_00000_d_0000222.jpg,45,YOLOv13-X,YOLOv13-X,0.7317073170731707,0.7317073170731707,0.0,0.0,0.0701859871613287,0.14608738487127573,0.14861425390662306,True
0000126_00054_d_0000124.jpg,260,YOLOv13-X,YOLOv13-X,0.6063348416289592,0.6063348416289592,0.0,0.0,0.05641082203840182,0.11423378389211787,0.12509618558261654,True
9999951_00000_d_0000077.jpg,44,YOLOv13-L,YOLOv13-L,0.9777777777777776,0.9777777777777776,0.0,0.0,0.03955732477832275,0.07258381151365771,0.061560448318411565,True
9999969_00000_d_0000016.jpg,79,YOLOv13-X,YOLOv13-L,0.7733333333333333,0.7922077922077922,0.018874458874458933,0.0,0.04218505176420075,0.09490339162366995,0.09900885372636876,False
9999985_00000_d_0000037.jpg,105,YOLOv13-L,YOLOv13-L,0.8787878787878788,0.8787878787878788,0.0,0.0,0.040556935946209315,0.08713699784249138,0.07896589371423623,True
9999985_00000_d_0000023.jpg,26,YOLOv13-X,YOLOv13-L,0.1666666666666666,0.2352941176470588,0.06862745098039219,0.0,0.08172894061629635,0.17009726473257195,0.17143541075723412,False
0000351_03725_d_0000538.jpg,22,YOLOv13-X,YOLOv13-X,0.9047619047619048,0.9047619047619048,0.0,0.0,0.049913640308344547,0.13932772997699416,0.14788454638602433,True
9999998_00046_d_0000036.jpg,125,YOLOv13-X,YOLOv13-X,0.8294573643410852,0.8294573643410852,0.0,0.0,0.06313294068252623,0.11979846471208376,0.1401170350428118,True
9999956_00000_d_0000079.jpg,40,YOLOv13-L,YOLOv13-L,0.7605633802816901,0.7605633802816901,0.0,0.0,0.05091715092563062,0.10685918060308876,0.09606068971740223,True
9999937_00000_d_0000152.jpg,16,YOLOv13-L,YOLOv13-L,0.7586206896551724,0.7586206896551724,0.0,0.0,0.12050364092837922,0.2119159352257107,0.21125737098376854,True
9999994_00000_d_0000118.jpg,33,YOLOv13-L,YOLOv13-L,0.5833333333333333,0.5833333333333333,0.0,0.0,0.05219952364648958,0.11092518535560789,0.10889266218610619,True
9999998_00141_d_0000118.jpg,34,YOLOv13-X,YOLOv13-S,0.6349206349206349,0.6666666666666667,0.031746031746031855,0.0,0.04974970415945513,0.09367312633713128,0.09848016901747642,False
9999999_00813_d_0000372.jpg,127,YOLOv13-L,YOLOv13-X,0.7183673469387756,0.7312775330396475,0.012910186100871912,0.0,0.044715020674532424,0.0980886326986089,0.0907065679664346,False
9999937_00000_d_0000171.jpg,29,YOLOv13-X,YOLOv13-L,0.6666666666666666,0.679245283018868,0.012578616352201366,0.0,0.09836226891178097,0.22598401132367638,0.23379474474909664,False
9999984_00000_d_0000162.jpg,15,YOLOv13-L,YOLOv13-L,0.7407407407407408,0.7407407407407408,0.0,0.0,0.039537250022027196,0.09596997163378887,0.08943337022457522,True
9999998_00131_d_0000109.jpg,69,YOLOv13-X,YOLOv13-X,0.6050420168067228,0.6050420168067228,0.0,0.0,0.055513893078309444,0.12667350785255033,0.1277875497730489,True
9999982_00000_d_0000039.jpg,10,YOLOv13-L,YOLOv13-L,0.8421052631578948,0.8421052631578948,0.0,0.0,0.07825191333206942,0.23539758391676532,0.21639879859862868,True
9999982_00000_d_0000085.jpg,18,YOLOv13-L,YOLOv13-L,0.6428571428571429,0.6428571428571429,0.0,0.0,0.06187583554899578,0.1176760434088489,0.09201770438769195,True
9999982_00000_d_0000144.jpg,34,YOLOv13-X,YOLOv13-X,0.8571428571428571,0.8571428571428571,0.0,0.0,0.07414645660113833,0.13478968456349838,0.13626331501539082,True
9999950_00000_d_0000049.jpg,40,YOLOv13-X,YOLOv13-X,0.8607594936708861,0.8607594936708861,0.0,0.0,0.06117143332779078,0.1147807458527556,0.11845973744789087,True
9999997_00000_d_0000004.jpg,40,YOLOv13-L,YOLOv13-S,0.8055555555555555,0.8055555555555555,0.0,0.0,0.039716252816241755,0.10787348119011624,0.09946761318994929,False
9999962_00000_d_0000074.jpg,36,YOLOv13-L,YOLOv13-X,0.8,0.8421052631578948,0.04210526315789476,0.0,0.06624009475302295,0.14725209553279153,0.13713364882109105,False
9999984_00000_d_0000110.jpg,17,YOLOv13-X,YOLOv13-X,0.4166666666666667,0.4166666666666667,0.0,0.0,0.14755614763432964,0.23714528398908855,0.25164149318822343,True
9999999_00091_d_0000032.jpg,97,YOLOv13-X,YOLOv13-X,0.7142857142857142,0.7142857142857142,0.0,0.0,0.05300666213750698,0.10860688388002487,0.12241022564276088,True
9999998_00190_d_0000153.jpg,67,YOLOv13-X,YOLOv13-X,0.3877551020408162,0.3877551020408162,0.0,0.0,0.05061139461187098,0.11319957850426679,0.13007721601574018,True
0000099_02362_d_0000005.jpg,9,YOLOv13-L,YOLOv13-N,0.7999999999999999,0.9411764705882352,0.14117647058823524,0.0,0.03625072425293219,0.10016305729329193,0.09664237868113211,False
9999940_00000_d_0000017.jpg,18,YOLOv13-L,YOLOv13-L,0.6428571428571429,0.6428571428571429,0.0,0.0,0.054276271903058546,0.14521393654723022,0.1358164637386399,True
9999953_00000_d_0000025.jpg,25,YOLOv13-L,YOLOv13-L,0.9615384615384616,0.9615384615384616,0.0,0.0,0.031966994743707046,0.08794872457571629,0.0758038354225553,True
0000217_00001_d_0000001.jpg,10,YOLOv13-X,YOLOv13-X,0.4705882352941176,0.4705882352941176,0.0,0.0,0.06571881998992123,0.1821560819059205,0.1942416626146821,True
9999960_00000_d_0000140.jpg,17,YOLOv13-L,YOLOv13-X,0.8888888888888888,0.9411764705882352,0.05228758169934633,0.0,0.06780104081662285,0.12822448908769954,0.12073027634760014,False
9999999_00739_d_0000337.jpg,46,YOLOv13-L,YOLOv13-L,0.9230769230769232,0.9230769230769232,0.0,0.0,0.023591812417054037,0.06888781825333518,0.03867027631131152,True
9999956_00000_d_0000013.jpg,20,YOLOv13-L,YOLOv13-N,0.761904761904762,0.8108108108108107,0.04890604890604877,0.0,0.04275638324904796,0.09579511932611512,0.08848305789340018,False
9999997_00000_d_0000030.jpg,5,YOLOv13-L,YOLOv13-N,0.8000000000000002,0.888888888888889,0.0888888888888888,0.0,0.0431313513185136,0.11944617138714188,0.1175721997166632,False
0000165_00925_d_0000088.jpg,26,YOLOv13-X,YOLOv13-X,0.7346938775510203,0.7346938775510203,0.0,0.0,0.06349168235898237,0.152427278615706,0.15299668001267297,True
9999956_00000_d_0000048.jpg,19,YOLOv13-X,YOLOv13-X,0.9268292682926828,0.9268292682926828,0.0,0.0,0.02946145105899589,0.05429835765705822,0.062108080590144436,True
9999998_00093_d_0000074.jpg,54,YOLOv13-L,YOLOv13-X,0.2988505747126436,0.368421052631579,0.06957047791893539,0.0,0.056722626334972714,0.12625162096069362,0.12239008490617728,False
0000257_03360_d_0000058.jpg,21,YOLOv13-X,YOLOv13-L,0.7777777777777778,0.8333333333333333,0.05555555555555547,0.0,0.018753341022588757,0.05362918531968139,0.057773788765575526,False
9999972_00000_d_0000069.jpg,13,YOLOv13-L,YOLOv13-N,0.6153846153846154,0.6956521739130435,0.08026755852842804,0.0,-0.0025250709812139425,0.03969103852790183,0.027767764495838256,False
9999999_00624_d_0000283.jpg,50,YOLOv13-L,YOLOv13-X,0.7999999999999999,0.8131868131868132,0.013186813186813251,0.0,0.035409060478516496,0.06677297280760207,0.05997632235614809,False
9999951_00000_d_0000160.jpg,7,YOLOv13-L,YOLOv13-N,0.9333333333333332,0.9333333333333332,0.0,0.0,0.03296802997953676,0.04120810693933201,0.02460414834849636,False
9999999_00055_d_0000014.jpg,58,YOLOv13-L,YOLOv13-X,0.78,0.7843137254901961,0.004313725490196041,0.0,0.05605328191865491,0.11057292832906968,0.10971266937904037,False
9999982_00000_d_0000140.jpg,32,YOLOv13-X,YOLOv13-X,0.8125,0.8125,0.0,0.0,0.05232638690327037,0.11523557709537688,0.1297299744489825,True
9999955_00000_d_0000211.jpg,123,YOLOv13-X,YOLOv13-L,0.4977777777777777,0.5209302325581395,0.02315245478036182,0.0,0.06200916735832778,0.153667145936776,0.1606887403525015,False
0000228_01900_d_0000005.jpg,54,YOLOv13-L,YOLOv13-N,0.6117647058823529,0.6190476190476191,0.007282913165266192,0.0,0.05007094387938685,0.09157545132617528,0.0894510789288965,False
9999945_00000_d_0000075.jpg,74,YOLOv13-L,YOLOv13-X,0.5517241379310345,0.559322033898305,0.007597895967270563,0.0,0.06565566412104486,0.13432602049336193,0.12450915580390015,False
9999951_00000_d_0000173.jpg,58,YOLOv13-L,YOLOv13-X,0.8468468468468469,0.8928571428571429,0.04601029601029605,0.0,0.07233336290829918,0.1297401790352537,0.11785311226392925,False
9999962_00000_d_0000077.jpg,129,YOLOv13-X,YOLOv13-X,0.8045977011494252,0.8045977011494252,0.0,0.0,0.06227905144860127,0.12567768756635628,0.13622335759345322,True
9999942_00000_d_0000062.jpg,72,YOLOv13-L,YOLOv13-X,0.8571428571428572,0.8827586206896552,0.025615763546797954,0.0,0.04926117557744887,0.10886292503626599,0.1078986192979511,False
9999984_00000_d_0000148.jpg,124,YOLOv13-X,YOLOv13-X,0.679245283018868,0.679245283018868,0.0,0.0,0.041194895260293664,0.10394655282460183,0.10558458191002973,True
9999999_00522_d_0000234.jpg,105,YOLOv13-L,YOLOv13-L,0.588235294117647,0.588235294117647,0.0,0.0,0.049184662577800846,0.12513075854416889,0.11913940643184588,True
0000281_02001_d_0000637.jpg,47,YOLOv13-X,YOLOv13-L,0.6818181818181819,0.7191011235955055,0.03728294177732361,0.0,0.06310531889037378,0.1379841674175819,0.13824935859390416,False
9999998_00263_d_0000217.jpg,21,YOLOv13-L,YOLOv13-X,0.7804878048780488,0.8292682926829269,0.04878048780487809,0.0,0.05589584512582819,0.11410047934672946,0.10644081972326855,False
9999942_00000_d_0000127.jpg,29,YOLOv13-L,YOLOv13-X,0.830188679245283,0.8928571428571429,0.06266846361185996,0.0,0.027796691092980618,0.07704875550820568,0.07621038533791401,False
9999955_00000_d_0000276.jpg,21,YOLOv13-X,YOLOv13-L,0.8095238095238095,0.8571428571428571,0.04761904761904756,0.0,0.07509636912396128,0.14421661539509514,0.14818208225657423,False
9999953_00000_d_0000074.jpg,6,YOLOv13-X,YOLOv13-X,0.8,0.8,0.0,0.0,0.05838231219893475,0.05535043635663708,0.08111051385263007,True
9999960_00000_d_0000120.jpg,25,YOLOv13-X,YOLOv13-L,0.8627450980392156,0.9019607843137256,0.03921568627451,0.0,0.04116962243863804,0.10736516352259205,0.11356134052198995,False
0000201_00446_d_0000173.jpg,38,YOLOv13-X,YOLOv13-X,0.7384615384615385,0.7384615384615385,0.0,0.0,0.05865579928837298,0.1319209787868517,0.13463541543095583,True
9999967_00000_d_0000012.jpg,67,YOLOv13-L,YOLOv13-X,0.682170542635659,0.6935483870967741,0.011377844461115116,0.0,0.07081764331314908,0.1351076232666748,0.12134840952941596,False
9999955_00000_d_0000109.jpg,26,YOLOv13-L,YOLOv13-X,0.7916666666666666,0.7999999999999999,0.008333333333333304,0.0,0.035318743811399114,0.09121031426409858,0.08359049901281483,False
0000334_03333_d_0000038.jpg,70,YOLOv13-L,YOLOv13-L,0.6984126984126985,0.6984126984126985,0.0,0.0,0.0542503516645189,0.09643398094822667,0.08849624026787867,True
9999956_00000_d_0000046.jpg,11,YOLOv13-L,YOLOv13-L,0.7999999999999999,0.7999999999999999,0.0,0.0,0.04048816059078489,0.07166261712198659,0.06905844662600408,True
9999942_00000_d_0000005.jpg,55,YOLOv13-L,YOLOv13-X,0.7964601769911505,0.8333333333333334,0.03687315634218291,0.0,0.06143936437952116,0.14299274588421645,0.14149535517766768,False
9999977_00000_d_0000012.jpg,40,YOLOv13-X,YOLOv13-L,0.6944444444444444,0.7297297297297296,0.035285285285285184,0.0,0.0596254114106636,0.16289962535444416,0.1690196019459499,False
9999937_00000_d_0000126.jpg,150,YOLOv13-X,YOLOv13-X,0.3535353535353536,0.3535353535353536,0.0,0.0,0.0717053068789771,0.16502519837581917,0.17578082057414016,True
9999951_00000_d_0000062.jpg,42,YOLOv13-L,YOLOv13-L,0.8641975308641975,0.8641975308641975,0.0,0.0,0.038890158934272945,0.09752156484839014,0.0869632484027756,True
9999999_00295_d_0000130.jpg,191,YOLOv13-L,YOLOv13-L,0.6808510638297872,0.6808510638297872,0.0,0.0,0.07306377303126063,0.16519659148529428,0.16257783319429753,True
9999956_00000_d_0000085.jpg,35,YOLOv13-L,YOLOv13-X,0.7000000000000001,0.711864406779661,0.011864406779660941,0.0,0.05206017890958621,0.12074852881799021,0.11161332015211177,False
0000146_01601_d_0000065.jpg,94,YOLOv13-X,YOLOv13-L,0.5540540540540541,0.6308724832214765,0.07681842916742243,0.0,0.07083107807900081,0.13717261175135192,0.14637565076800738,False
9999964_00000_d_0000003.jpg,57,YOLOv13-X,YOLOv13-X,0.7480916030534351,0.7480916030534351,0.0,0.0,0.05759662054878557,0.11041576340138223,0.11498504897070282,True
0000281_02801_d_0000640.jpg,81,YOLOv13-X,YOLOv13-L,0.5594405594405595,0.5774647887323944,0.018024229291834892,0.0,0.06285591327882928,0.1489266530572685,0.15772785220601712,False
9999984_00000_d_0000050.jpg,42,YOLOv13-L,YOLOv13-L,0.5901639344262295,0.5901639344262295,0.0,0.0,0.0438499604397182,0.09308032479849264,0.08446699689201145,True
9999942_00000_d_0000151.jpg,50,YOLOv13-X,YOLOv13-L,0.8260869565217391,0.8936170212765958,0.06753006475485668,0.0,0.05405517543150345,0.11969883213213524,0.12104622371942259,False
9999955_00000_d_0000327.jpg,66,YOLOv13-L,YOLOv13-L,0.6785714285714286,0.6785714285714286,0.0,0.0,0.06348607327757247,0.14365275630255656,0.1360296568002334,True
0000264_02601_d_0000207.jpg,12,YOLOv13-X,YOLOv13-N,0.7199999999999999,0.8181818181818182,0.09818181818181837,0.0,0.06720407210534238,0.14885634706788886,0.1511313346440133,False
9999951_00000_d_0000286.jpg,70,YOLOv13-L,YOLOv13-X,0.6608695652173913,0.6837606837606837,0.0228911185432924,0.0,0.05093431794394445,0.08794411110331143,0.0867740799637323,False
9999940_00000_d_0000062.jpg,100,YOLOv13-X,YOLOv13-X,0.6853932584269663,0.6853932584269663,0.0,0.0,0.07319939053822738,0.15834472705771913,0.16268980627184973,True
0000137_02220_d_0000163.jpg,512,YOLOv13-L,YOLOv13-L,0.4893350062735258,0.4893350062735258,0.0,0.0,0.04728500494920436,0.13397100932934813,0.1299335087256319,True
9999982_00000_d_0000218.jpg,12,YOLOv13-L,YOLOv13-L,0.6956521739130435,0.6956521739130435,0.0,0.0,0.06253007013055703,0.15075641186158456,0.15075593038827223,True
0000270_03401_d_0000370.jpg,74,YOLOv13-X,YOLOv13-L,0.712121212121212,0.712121212121212,0.0,0.0,0.039005904295643816,0.10207154760169533,0.10227098345444192,False
9999951_00000_d_0000109.jpg,93,YOLOv13-L,YOLOv13-L,0.9361702127659576,0.9361702127659576,0.0,0.0,0.05958667568303065,0.13537380411234695,0.1231453324080806,True
0000363_01177_d_0000789.jpg,97,YOLOv13-X,YOLOv13-L,0.6358381502890174,0.7023809523809524,0.06654280209193508,0.0,0.08590235527012816,0.1862824617342958,0.1985819453023386,False
9999969_00000_d_0000043.jpg,36,YOLOv13-X,YOLOv13-X,0.6779661016949152,0.6779661016949152,0.0,0.0,0.09438847069650265,0.21522235750608565,0.23283696834172316,True
9999998_00401_d_0000353.jpg,43,YOLOv13-L,YOLOv13-L,0.8723404255319148,0.8723404255319148,0.0,0.0,0.047322117067878394,0.11621530378648627,0.10611550964979863,True
9999955_00000_d_0000295.jpg,18,YOLOv13-X,YOLOv13-L,0.7999999999999999,0.8571428571428571,0.05714285714285716,0.0,0.08232146574070622,0.15834380789473815,0.179950898666117,False
9999987_00000_d_1008236.jpg,6,YOLOv13-L,YOLOv13-L,1.0,1.0,0.0,0.0,0.06164239398793955,0.17432147808265025,0.15293126781910243,True
0000290_01201_d_0000854.jpg,64,YOLOv13-X,YOLOv13-X,0.870967741935484,0.870967741935484,0.0,0.0,0.053988095218039586,0.11507412808180376,0.11718934637245415,True
9999975_00000_d_0000006.jpg,65,YOLOv13-X,YOLOv13-L,0.857142857142857,0.8717948717948717,0.014652014652014711,0.0,0.03578375666921026,0.07907163665843539,0.08188340582545788,False
9999999_00604_d_0000274.jpg,67,YOLOv13-X,YOLOv13-L,0.7222222222222221,0.7256637168141593,0.003441494591937211,0.0,0.04408892335912062,0.10430516093406154,0.1058462697001683,False
9999951_00000_d_0000301.jpg,97,YOLOv13-X,YOLOv13-X,0.8095238095238095,0.8095238095238095,0.0,0.0,0.059505543183567995,0.12220268780371946,0.129774089274848,True
9999955_00000_d_0000071.jpg,38,YOLOv13-L,YOLOv13-S,0.6,0.6206896551724138,0.020689655172413834,0.0,0.08046921919678487,0.12847884603228255,0.11691371550685692,False
9999962_00000_d_0000051.jpg,44,YOLOv13-X,YOLOv13-X,0.8780487804878049,0.8780487804878049,0.0,0.0,0.04337811534459725,0.0824956930080881,0.09046549724035274,True
9999972_00000_d_0000102.jpg,13,YOLOv13-L,YOLOv13-L,0.888888888888889,0.888888888888889,0.0,0.0,0.01204203167950379,0.058001308907426954,0.04754068328737098,True
9999953_00000_d_0000036.jpg,16,YOLOv13-X,YOLOv13-S,0.9090909090909092,0.9375,0.02840909090909083,0.0,0.016878313925711055,0.054176661768809704,0.06294932997771023,False
9999960_00000_d_0000069.jpg,16,YOLOv13-X,YOLOv13-L,0.9142857142857144,0.9142857142857144,0.0,0.0,0.04779168036745335,0.11079433646345463,0.1180965001086496,False
9999987_00000_d_0000052.jpg,58,YOLOv13-X,YOLOv13-L,0.6346153846153846,0.6788990825688075,0.04428369795342291,0.0,0.09256608950471946,0.16479332865203863,0.1923399466822749,False
0000349_04901_d_0000465.jpg,28,YOLOv13-L,YOLOv13-X,0.7692307692307692,0.7719298245614034,0.0026990553306341925,0.0,0.07275382133418179,0.15467042609898912,0.1544126715264874,False
9999998_00194_d_0000155.jpg,35,YOLOv13-L,YOLOv13-X,0.7428571428571429,0.7812500000000001,0.03839285714285723,0.0,0.06688995793434098,0.14275548294452758,0.1380565794715354,False
9999955_00000_d_0000311.jpg,27,YOLOv13-L,YOLOv13-L,0.830188679245283,0.830188679245283,0.0,0.0,0.05716232193837123,0.13528895838461918,0.11575828228016068,True
9999948_00000_d_0000002.jpg,67,YOLOv13-X,YOLOv13-L,0.6885245901639345,0.7333333333333334,0.04480874316939887,0.0,0.0591047610402396,0.1306031568358011,0.13463456672888943,False
9999956_00000_d_0000068.jpg,16,YOLOv13-X,YOLOv13-X,0.7777777777777777,0.7777777777777777,0.0,0.0,0.09515622912459858,0.16656570070582813,0.16847531791990905,True
9999982_00000_d_0000069.jpg,42,YOLOv13-X,YOLOv13-L,0.7605633802816901,0.7710843373493976,0.010520957067707504,0.0,0.08594319951583708,0.16989140167379288,0.17422239316105798,False
0000288_03001_d_0000799.jpg,90,YOLOv13-X,YOLOv13-X,0.7034482758620689,0.7034482758620689,0.0,0.0,0.0456079043123062,0.11634409214442067,0.12758046174844864,True
9999951_00000_d_0000250.jpg,33,YOLOv13-L,YOLOv13-X,0.7692307692307692,0.7999999999999999,0.03076923076923077,0.0,0.06007631053729917,0.1041306533332026,0.09572526170296455,False
9999998_00079_d_0000064.jpg,82,YOLOv13-X,YOLOv13-X,0.6277372262773724,0.6277372262773724,0.0,0.0,0.04239365066492416,0.11259006767549055,0.11772243904918876,True
9999960_00000_d_0000129.jpg,51,YOLOv13-L,YOLOv13-L,0.8799999999999999,0.8799999999999999,0.0,0.0,0.05974805487380233,0.10662729923508832,0.10382569353806172,True
9999998_00372_d_0000324.jpg,93,YOLOv13-X,YOLOv13-L,0.7228915662650601,0.7349397590361444,0.012048192771084265,0.0,0.06144394886564944,0.13467582020161853,0.1411496885499684,False
0000142_01458_d_0000030.jpg,102,YOLOv13-L,YOLOv13-X,0.780269058295964,0.7911111111111111,0.010842052815147052,0.0,0.06316987304748584,0.13586039466516386,0.13148370677862065,False
9999999_00478_d_0000213.jpg,20,YOLOv13-L,YOLOv13-L,0.7692307692307693,0.7692307692307693,0.0,0.0,0.04903702109959608,0.11747549972698457,0.1078754000147388,True
9999994_00000_d_0000075.jpg,83,YOLOv13-L,YOLOv13-X,0.5210084033613446,0.5333333333333334,0.012324929971988863,0.0,0.039035970536687885,0.11324411616693578,0.10159841519308371,False
9999950_00000_d_0000035.jpg,20,YOLOv13-X,YOLOv13-X,0.9,0.9,0.0,0.0,0.003613906838114499,0.03378239885129799,0.03496462031510112,True
9999999_00646_d_0000294.jpg,85,YOLOv13-X,YOLOv13-L,0.6853146853146852,0.7272727272727274,0.0419580419580422,0.0,0.04786894113142971,0.09772108174573209,0.10638949250363654,False
9999951_00000_d_0000124.jpg,14,YOLOv13-X,YOLOv13-S,0.8571428571428571,0.888888888888889,0.031746031746031855,0.0,0.007332104498598857,0.041157843867257245,0.04131254105172241,False
9999998_00352_d_0000304.jpg,67,YOLOv13-X,YOLOv13-L,0.703125,0.7164179104477613,0.013292910447761264,0.0,0.07001423998090016,0.13355774367126746,0.1362608629734,False
9999953_00000_d_0000148.jpg,29,YOLOv13-X,YOLOv13-X,0.8852459016393444,0.8852459016393444,0.0,0.0,0.07115350108669159,0.1687251550654018,0.17196477926843334,True
9999956_00000_d_0000086.jpg,9,YOLOv13-X,YOLOv13-L,0.6250000000000001,0.7142857142857143,0.08928571428571419,0.0,0.06503352546890252,0.1775108356481984,0.18735694590265312,False
9999956_00000_d_0000072.jpg,63,YOLOv13-X,YOLOv13-X,0.7454545454545455,0.7454545454545455,0.0,0.0,0.05416783326217888,0.12492292150002506,0.13155087923298317,True
9999999_00414_d_0000182.jpg,105,YOLOv13-L,YOLOv13-X,0.7500000000000001,0.780952380952381,0.030952380952380842,0.0,0.060670339222123504,0.1444213201225674,0.14140983382185213,False
9999998_00332_d_0000284.jpg,38,YOLOv13-L,YOLOv13-X,0.7272727272727273,0.7384615384615385,0.01118881118881121,0.0,0.0541656463610245,0.1167989598363782,0.11317508331674427,False
9999967_00000_d_0000016.jpg,55,YOLOv13-X,YOLOv13-L,0.528735632183908,0.5454545454545455,0.01671891327063757,0.0,0.055363710124709545,0.13081684694255957,0.1357400919043762,False
9999984_00000_d_0000047.jpg,72,YOLOv13-X,YOLOv13-L,0.591304347826087,0.6086956521739131,0.017391304347826098,0.0,0.056090171824007426,0.12367334216588605,0.13747695569926777,False
9999984_00000_d_0000079.jpg,59,YOLOv13-X,YOLOv13-X,0.6530612244897959,0.6530612244897959,0.0,0.0,0.07366370229371746,0.15210603187605715,0.16541774555033872,True
9999942_00000_d_0000117.jpg,31,YOLOv13-L,YOLOv13-X,0.7540983606557377,0.8307692307692308,0.07667087011349316,0.0,0.042996632287025605,0.11627596468447007,0.10822924233775476,False
0000258_01628_d_0000074.jpg,59,YOLOv13-X,YOLOv13-X,0.8181818181818181,0.8181818181818181,0.0,0.0,0.05441633315038597,0.124404268096719,0.13182264459558096,True
0000257_01725_d_0000053.jpg,114,YOLOv13-X,YOLOv13-X,0.6565656565656565,0.6565656565656565,0.0,0.0,0.06932048359545813,0.1426891547467011,0.15523921922117762,True
9999955_00000_d_0000330.jpg,75,YOLOv13-X,YOLOv13-X,0.7536231884057971,0.7536231884057971,0.0,0.0,0.055256473929547405,0.14087635046766714,0.14864780344666684,True
9999999_00205_d_0000085.jpg,95,YOLOv13-L,YOLOv13-L,0.65,0.65,0.0,0.0,0.06597818871888533,0.1404806643491001,0.14040788480673003,True
9999964_00000_d_0000043.jpg,66,YOLOv13-X,YOLOv13-X,0.8296296296296296,0.8296296296296296,0.0,0.0,0.03969928349301078,0.09793980378066555,0.10218120721288249,True
9999998_00418_d_0000370.jpg,54,YOLOv13-L,YOLOv13-X,0.7843137254901961,0.796116504854369,0.011802779364172955,0.0,0.05456164646218549,0.11566104076109532,0.10832520850979423,False
0000281_01401_d_0000635.jpg,61,YOLOv13-X,YOLOv13-L,0.6065573770491803,0.671875,0.06531762295081966,0.0,0.05358169035586287,0.11576453909457628,0.11998964361198367,False
9999937_00000_d_0000003.jpg,251,YOLOv13-L,YOLOv13-L,0.5851063829787234,0.5851063829787234,0.0,0.0,0.0627803978451127,0.12018886113054136,0.11883570964266169,True
0000079_01673_d_0000006.jpg,7,YOLOv13-L,YOLOv13-X,0.9333333333333332,1.0,0.06666666666666676,0.0,0.0044602913320482725,0.038621026625007784,0.03239591284454621,False
0000331_03001_d_0000856.jpg,92,YOLOv13-X,YOLOv13-L,0.7666666666666666,0.7816091954022988,0.014942528735632177,0.0,0.05988638203034246,0.1366138442514007,0.13944437396108658,False
9999942_00000_d_0000046.jpg,42,YOLOv13-L,YOLOv13-L,0.896551724137931,0.896551724137931,0.0,0.0,0.05201420965207804,0.092023337663643,0.09003336939724775,True
9999977_00000_d_0000001.jpg,38,YOLOv13-X,YOLOv13-X,0.3448275862068966,0.3448275862068966,0.0,0.0,0.06899153825781483,0.1327748843512514,0.1454866581748724,True
9999982_00000_d_0000053.jpg,32,YOLOv13-X,YOLOv13-L,0.7999999999999999,0.8620689655172413,0.06206896551724139,0.0,0.06130610527033337,0.14202753783377242,0.14756305456094265,False
9999966_00000_d_0000070.jpg,13,YOLOv13-L,YOLOv13-L,0.96,0.96,0.0,0.0,0.08287784488145059,0.18354776396590447,0.18311207692995118,True
9999937_00000_d_0000113.jpg,103,YOLOv13-X,YOLOv13-X,0.489795918367347,0.489795918367347,0.0,0.0,0.05478791561810428,0.13928275472882287,0.14322394249712453,True
9999945_00000_d_0000153.jpg,24,YOLOv13-L,YOLOv13-X,0.6486486486486487,0.6666666666666666,0.018018018018017945,0.0,0.04487923680991494,0.1305424260871517,0.12374922190640938,False
9999953_00000_d_0000061.jpg,6,YOLOv13-L,YOLOv13-L,0.7142857142857143,0.7142857142857143,0.0,0.0,0.1008692065632959,0.18280003405313375,0.18169531637041178,True
9999994_00000_d_0000057.jpg,52,YOLOv13-X,YOLOv13-X,0.4615384615384615,0.4615384615384615,0.0,0.0,0.06711235178787324,0.16812454289340734,0.17280936254163065,True
9999977_00000_d_0000065.jpg,37,YOLOv13-L,YOLOv13-L,0.888888888888889,0.888888888888889,0.0,0.0,0.05137578209330184,0.11755086445171678,0.11526895908968468,True
9999962_00000_d_0000095.jpg,21,YOLOv13-X,YOLOv13-L,0.909090909090909,0.9545454545454544,0.045454545454545414,0.0,0.06025504432032778,0.1355254579212677,0.15448400120305159,False
9999960_00000_d_0000075.jpg,17,YOLOv13-L,YOLOv13-X,0.8749999999999999,0.9032258064516128,0.028225806451612878,0.0,0.047431344354011314,0.12383739013664596,0.11851720130108771,False
9999977_00000_d_0000095.jpg,53,YOLOv13-L,YOLOv13-X,0.4444444444444444,0.5476190476190477,0.10317460317460325,0.0,0.05555918236491535,0.15719860853426318,0.1509229971458623,False
9999999_00841_d_0000384.jpg,212,YOLOv13-X,YOLOv13-X,0.5644171779141105,0.5644171779141105,0.0,0.0,0.05975090903129864,0.1222742464810054,0.1283071054437288,True
9999950_00000_d_0000001.jpg,42,YOLOv13-L,YOLOv13-X,0.7777777777777777,0.7816091954022989,0.003831417624521216,0.0,0.06032840396481323,0.15041188687392987,0.14931896991964935,False
0000293_02801_d_0000936.jpg,141,YOLOv13-X,YOLOv13-X,0.6779661016949153,0.6779661016949153,0.0,0.0,0.06860119598347107,0.14013528088253077,0.14366085447335714,True
9999982_00000_d_0000120.jpg,31,YOLOv13-L,YOLOv13-X,0.5714285714285715,0.6229508196721313,0.051522248243559776,0.0,0.06513157052731884,0.17328628706266846,0.15597264211041825,False
0000071_05298_d_0000008.jpg,132,YOLOv13-X,YOLOv13-L,0.77992277992278,0.7954545454545455,0.015531765531765496,0.0,0.0843070094372912,0.1653461750599546,0.16868009369658973,False
9999951_00000_d_0000043.jpg,35,YOLOv13-X,YOLOv13-L,0.8,0.823529411764706,0.02352941176470591,0.0,0.057192755326530495,0.12014546679869946,0.1269759486227498,False
0000135_01896_d_0000153.jpg,24,YOLOv13-L,YOLOv13-X,0.7999999999999999,0.8085106382978724,0.008510638297872464,0.0,0.07148309862559218,0.14582112421417154,0.13226605924589382,False
9999999_00243_d_0000104.jpg,89,YOLOv13-L,YOLOv13-X,0.593939393939394,0.6127167630057804,0.018777369066386385,0.0,0.07443923398077537,0.16433701743734225,0.16134270719836666,False
9999960_00000_d_0000055.jpg,22,YOLOv13-X,YOLOv13-S,0.9130434782608696,0.9565217391304348,0.04347826086956519,0.0,0.01988824849934151,0.05065116583960237,0.05871834266644252,False
9999994_00000_d_0000019.jpg,107,YOLOv13-X,YOLOv13-X,0.5185185185185185,0.5185185185185185,0.0,0.0,0.07229842229679806,0.15272839043484399,0.1622726660026759,True
9999940_00000_d_0000012.jpg,52,YOLOv13-X,YOLOv13-X,0.5934065934065933,0.5934065934065933,0.0,0.0,0.07323648754953498,0.1483436571125204,0.158308120391727,True
9999999_00406_d_0000178.jpg,68,YOLOv13-L,YOLOv13-X,0.8219178082191781,0.8591549295774648,0.03723712135828661,0.0,0.06033388729736101,0.13848215894929955,0.13776580861376544,False
9999955_00000_d_0000186.jpg,24,YOLOv13-L,YOLOv13-L,0.8372093023255814,0.8372093023255814,0.0,0.0,0.06267662435001524,0.11249349060631493,0.10905380692332986,True
9999987_00000_d_0000056.jpg,79,YOLOv13-X,YOLOv13-X,0.6666666666666666,0.6666666666666666,0.0,0.0,0.0807007526822507,0.14478954611725697,0.15294707473143954,True
9999998_00129_d_0000107.jpg,140,YOLOv13-X,YOLOv13-L,0.480392156862745,0.5167464114832536,0.03635425462050862,0.0,0.05125286273947981,0.10658609325706066,0.11340478080128367,False
9999977_00000_d_0000094.jpg,45,YOLOv13-L,YOLOv13-X,0.6285714285714286,0.64,0.011428571428571455,0.0,0.06947317166297928,0.14512383684226432,0.141868096156996,False
0000261_05775_d_0000140.jpg,74,YOLOv13-X,YOLOv13-X,0.7107438016528925,0.7107438016528925,0.0,0.0,0.04959720862745652,0.12297006559798945,0.1323423730469799,True
9999998_00340_d_0000292.jpg,44,YOLOv13-L,YOLOv13-X,0.6749999999999999,0.6835443037974683,0.0085443037974684,0.0,0.05900985139172355,0.1444822170793817,0.14277632002654206,False
9999945_00000_d_0000021.jpg,16,YOLOv13-X,YOLOv13-L,0.7096774193548386,0.7586206896551724,0.04894327030033374,0.0,0.10896054673748673,0.18265027040323464,0.18611153955525783,False
9999981_00000_d_0000015.jpg,73,YOLOv13-X,YOLOv13-L,0.7659574468085105,0.7794117647058825,0.013454317897371948,0.0,0.03104217936093583,0.06752717223763831,0.06804065772494029,False
0000323_02801_d_0000646.jpg,56,YOLOv13-X,YOLOv13-X,0.6231884057971016,0.6231884057971016,0.0,0.0,0.06342149601304976,0.14164826834270725,0.14298748456241012,True
0000122_01200_d_0000119.jpg,87,YOLOv13-L,YOLOv13-L,0.9438202247191012,0.9438202247191012,0.0,0.0,0.03322475064006948,0.0694889412100306,0.06598760980113036,True
9999966_00000_d_0000034.jpg,72,YOLOv13-X,YOLOv13-L,0.7172413793103448,0.7826086956521738,0.06536731634182902,0.0,0.05155515790409284,0.130994898682913,0.13865158976775052,False
9999955_00000_d_0000287.jpg,38,YOLOv13-X,YOLOv13-L,0.746268656716418,0.7878787878787878,0.04161013116236989,0.0,0.05467325964459926,0.12708241780959198,0.13485704372521984,False
9999937_00000_d_0000159.jpg,56,YOLOv13-X,YOLOv13-L,0.7222222222222223,0.7636363636363638,0.04141414141414146,0.0,0.0757928866044588,0.17868945460810906,0.17905729945991167,False
0000257_03864_d_0000062.jpg,44,YOLOv13-L,YOLOv13-L,0.8292682926829269,0.8292682926829269,0.0,0.0,0.05524617069041059,0.11769395602313099,0.11724405267219774,True
9999998_00342_d_0000294.jpg,35,YOLOv13-X,YOLOv13-L,0.6774193548387097,0.7692307692307692,0.09181141439205942,0.0,0.04475636663459326,0.08413809926107843,0.0931197477530584,False
9999966_00000_d_0000032.jpg,192,YOLOv13-L,YOLOv13-X,0.643312101910828,0.6477987421383649,0.004486640227536864,0.0,0.05329342079789485,0.12622848603834316,0.12512537580159575,False
9999940_00000_d_0000060.jpg,51,YOLOv13-X,YOLOv13-L,0.7789473684210527,0.7835051546391751,0.004557786218122417,0.0,0.06667728530750519,0.13095353180552524,0.1555084379795702,False
9999937_00000_d_0000026.jpg,41,YOLOv13-L,YOLOv13-L,0.9047619047619048,0.9047619047619048,0.0,0.0,0.05714263628774334,0.14140389703673184,0.13017887249140023,True
9999955_00000_d_0000296.jpg,12,YOLOv13-L,YOLOv13-L,0.6666666666666666,0.6666666666666666,0.0,0.0,0.08026120206118552,0.18415440350940634,0.17917396556125997,True
9999942_00000_d_0000226.jpg,33,YOLOv13-L,YOLOv13-L,0.8656716417910447,0.8656716417910447,0.0,0.0,0.01748301420908122,0.05775898950680865,0.04435268683470314,True
9999951_00000_d_0000185.jpg,104,YOLOv13-X,YOLOv13-X,0.8425925925925926,0.8425925925925926,0.0,0.0,0.04703263307032963,0.11607864435603053,0.12276242473620967,True
0000313_00201_d_0000437.jpg,92,YOLOv13-L,YOLOv13-L,0.6216216216216216,0.6216216216216216,0.0,0.0,0.06966039840298083,0.14243604840588808,0.1421742228018006,True
0000172_01484_d_0000001.jpg,77,YOLOv13-X,YOLOv13-L,0.2580645161290322,0.2916666666666667,0.03360215053763449,0.0,0.07577854587491054,0.16213016705497557,0.1710719349894373,False
9999943_00000_d_0000092.jpg,21,YOLOv13-X,YOLOv13-L,0.8085106382978723,0.8333333333333334,0.024822695035461084,0.0,0.04405339410911365,0.12471552949265216,0.13181792749107218,False
9999943_00000_d_0000073.jpg,59,YOLOv13-X,YOLOv13-L,0.7796610169491526,0.7936507936507936,0.013989776701641032,0.0,0.055729247998157684,0.11945838650007776,0.12363309393229203,False
9999950_00000_d_0000028.jpg,12,YOLOv13-L,YOLOv13-S,0.8148148148148148,0.9166666666666666,0.10185185185185186,0.0,0.05636247733314378,0.12207443531887498,0.11354868285288165,False
9999985_00000_d_0000034.jpg,148,YOLOv13-X,YOLOv13-L,0.504424778761062,0.5400843881856541,0.03565960942459212,0.0,0.05313282558710065,0.13689284622858142,0.14471381810318223,False
9999966_00000_d_0000088.jpg,146,YOLOv13-X,YOLOv13-L,0.5245901639344263,0.5793650793650793,0.05477491543065305,0.0,0.04866296855568472,0.15539474859246158,0.15795620023458526,False
0000068_03581_d_0000011.jpg,61,YOLOv13-X,YOLOv13-L,0.6666666666666667,0.7166666666666666,0.04999999999999982,0.0,0.06776145846050083,0.13071026953910395,0.14663291381712756,False
9999964_00000_d_0000031.jpg,22,YOLOv13-L,YOLOv13-X,0.8181818181818182,0.8636363636363636,0.045454545454545414,0.0,-0.0011613899929969573,0.045868764380386694,0.032226120462151966,False
9999955_00000_d_0000144.jpg,20,YOLOv13-L,YOLOv13-S,0.8095238095238095,0.8205128205128205,0.01098901098901095,0.0,0.04604471757193628,0.12042581687522967,0.11364574019233875,False
9999955_00000_d_0000010.jpg,31,YOLOv13-L,YOLOv13-X,0.7096774193548389,0.7419354838709677,0.03225806451612889,0.0,0.06901244817583821,0.12282924461209846,0.11402755788987114,False
9999982_00000_d_0000097.jpg,10,YOLOv13-L,YOLOv13-X,0.4615384615384615,0.5333333333333333,0.07179487179487182,0.0,0.07127920106521834,0.16043604389276933,0.13481180014770594,False
9999982_00000_d_0000146.jpg,52,YOLOv13-X,YOLOv13-S,0.7526881720430108,0.7789473684210527,0.02625919637804197,0.0,0.04375701727937221,0.09823312883692366,0.11288889677040823,False
9999955_00000_d_0000283.jpg,16,YOLOv13-L,YOLOv13-L,0.6923076923076923,0.6923076923076923,0.0,0.0,0.06904729570926073,0.16961702629606348,0.16207513573663757,True
9999982_00000_d_0000178.jpg,40,YOLOv13-L,YOLOv13-X,0.4363636363636363,0.4727272727272728,0.03636363636363649,0.0,0.09019290725614446,0.1582597232743431,0.15675947321433906,False
9999994_00000_d_0000031.jpg,103,YOLOv13-L,YOLOv13-X,0.5895953757225434,0.6071428571428571,0.017547481420313704,0.0,0.04653908660985071,0.10644518629047935,0.10467567244565842,False
9999998_00365_d_0000317.jpg,81,YOLOv13-X,YOLOv13-L,0.6131386861313868,0.6285714285714286,0.01543274244004178,0.0,0.05565449622246564,0.1224361732372486,0.1289140413858246,False
9999962_00000_d_0000135.jpg,17,YOLOv13-L,YOLOv13-L,0.8205128205128205,0.8205128205128205,0.0,0.0,0.08258718080478095,0.16453802953734195,0.158264895129353,True
9999998_00105_d_0000083.jpg,96,YOLOv13-X,YOLOv13-L,0.7044025157232704,0.7160493827160493,0.011646866992778948,0.0,0.06012926631674578,0.1307265014054315,0.13708368117158343,False
9999950_00000_d_0000072.jpg,33,YOLOv13-X,YOLOv13-L,0.7000000000000001,0.7096774193548386,0.009677419354838568,0.0,0.04953145408185143,0.11507719767448121,0.11889160349831877,False
9999942_00000_d_0000165.jpg,34,YOLOv13-L,YOLOv13-X,0.7,0.7666666666666666,0.06666666666666665,0.0,0.05024905566857069,0.11450576622787091,0.10520709485130098,False
9999945_00000_d_0000082.jpg,60,YOLOv13-X,YOLOv13-L,0.5979381443298969,0.6666666666666667,0.06872852233676985,0.0,0.06073892929195762,0.14161756748242454,0.15808969007296808,False
9999984_00000_d_0000088.jpg,48,YOLOv13-L,YOLOv13-L,0.3999999999999999,0.3999999999999999,0.0,0.0,0.06795938349353918,0.15475137084898574,0.1521701465640129,True
9999969_00000_d_0000055.jpg,50,YOLOv13-L,YOLOv13-X,0.6407766990291262,0.686868686868687,0.04609198783956081,0.0,0.06677071388564826,0.16052861724715448,0.15497290271460565,False
9999953_00000_d_0000222.jpg,11,YOLOv13-L,YOLOv13-N,1.0,1.0,0.0,0.0,0.005985203981604967,0.05201257922564947,0.03726130106034806,False
9999956_00000_d_0000049.jpg,17,YOLOv13-X,YOLOv13-N,0.8749999999999999,0.8823529411764706,0.007352941176470673,0.0,0.06392477806553223,0.14662892749770293,0.16167317567646142,False
9999953_00000_d_0000029.jpg,35,YOLOv13-L,YOLOv13-L,0.8115942028985507,0.8115942028985507,0.0,0.0,0.05906796640632733,0.12109994850589338,0.10996301134906279,True
0000331_01401_d_0000831.jpg,29,YOLOv13-X,YOLOv13-X,0.8148148148148148,0.8148148148148148,0.0,0.0,0.07607356691689214,0.1786537710298403,0.1801552977710713,True
9999960_00000_d_0000113.jpg,22,YOLOv13-X,YOLOv13-X,0.8148148148148148,0.8148148148148148,0.0,0.0,0.06702078861175179,0.1398133929842899,0.14026192910181132,True
9999955_00000_d_0000414.jpg,194,YOLOv13-X,YOLOv13-X,0.588628762541806,0.588628762541806,0.0,0.0,0.063289411574777,0.1219187382233108,0.13168876064921559,True
9999987_00000_d_0000009.jpg,33,YOLOv13-L,YOLOv13-L,0.5614035087719298,0.5614035087719298,0.0,0.0,0.07701814321636515,0.18241147822350995,0.1544926317611581,True
9999937_00000_d_0000178.jpg,82,YOLOv13-X,YOLOv13-L,0.4385964912280701,0.4655172413793104,0.02692075015124029,0.0,0.06455213217453845,0.13175527362122386,0.1402535002443056,False
9999975_00000_d_0000008.jpg,68,YOLOv13-X,YOLOv13-X,0.6890756302521008,0.6890756302521008,0.0,0.0,0.04686802239922669,0.11074461901318575,0.11763725538193712,True
9999955_00000_d_0000412.jpg,61,YOLOv13-L,YOLOv13-X,0.864406779661017,0.8717948717948717,0.007388092133854718,0.0,0.05674605731959584,0.1272562072664254,0.1260844863030625,False
9999999_00263_d_0000114.jpg,30,YOLOv13-L,YOLOv13-L,0.8852459016393444,0.8852459016393444,0.0,0.0,0.07448215304723761,0.16096723631049822,0.153025804090538,True
9999942_00000_d_0000257.jpg,30,YOLOv13-X,YOLOv13-X,0.6451612903225806,0.6451612903225806,0.0,0.0,0.043975633893258134,0.11514386929743559,0.12441093220466376,True
0000331_00601_d_0000827.jpg,72,YOLOv13-L,YOLOv13-X,0.6507936507936508,0.671875,0.021081349206349187,0.0,0.058741101974520704,0.11970194798626728,0.1144399604968248,False
0000136_01783_d_0000157.jpg,243,YOLOv13-L,YOLOv13-X,0.5277777777777778,0.5307262569832403,0.002948479205462484,0.0,0.05348263401550359,0.12718847805849273,0.12231877839195356,False
9999964_00000_d_0000063.jpg,78,YOLOv13-X,YOLOv13-L,0.7552447552447553,0.7659574468085107,0.010712691563755428,0.0,0.05344360338575466,0.10525485854247439,0.11148467300471394,False
0000363_02549_d_0000795.jpg,45,YOLOv13-X,YOLOv13-X,0.5428571428571428,0.5428571428571428,0.0,0.0,0.09381733007480442,0.18450146529024944,0.19799252430651135,True
9999997_00000_d_0000028.jpg,7,YOLOv13-L,YOLOv13-L,0.25,0.25,0.0,0.0,0.20043451084211322,0.3905127345601113,0.33567023637075916,True
0000348_02941_d_0000421.jpg,23,YOLOv13-L,YOLOv13-L,0.6190476190476191,0.6190476190476191,0.0,0.0,0.11430066930395957,0.21485552561133098,0.20089964392598883,True
9999960_00000_d_0000004.jpg,18,YOLOv13-L,YOLOv13-S,0.972972972972973,0.972972972972973,0.0,0.0,0.031598863718827884,0.05033394522009359,0.04970037352443766,False
9999975_00000_d_0000017.jpg,75,YOLOv13-X,YOLOv13-L,0.7559055118110237,0.7692307692307692,0.01332525741974544,0.0,0.045434369239660606,0.09208066833821277,0.0962675942756714,False
9999984_00000_d_0000145.jpg,92,YOLOv13-L,YOLOv13-X,0.7093023255813953,0.7514450867052024,0.042142761123807104,0.0,0.05033367317115047,0.1163691810256396,0.11395266388288089,False
9999955_00000_d_0000182.jpg,45,YOLOv13-L,YOLOv13-X,0.6486486486486487,0.6842105263157895,0.03556187766714081,0.0,0.022193729123438623,0.057680824108381164,0.05266784127030612,False
9999999_00618_d_0000281.jpg,36,YOLOv13-L,YOLOv13-N,0.490566037735849,0.5490196078431373,0.0584535701072883,0.0,0.05768964276001003,0.12296539176890531,0.1213482431846166,False
0000150_00830_d_0000071.jpg,81,YOLOv13-L,YOLOv13-X,0.659217877094972,0.7325581395348836,0.07334026243991154,0.0,0.07170179933368218,0.15420351132078144,0.15273328509422676,False
9999942_00000_d_0000224.jpg,34,YOLOv13-L,YOLOv13-L,0.8787878787878787,0.8787878787878787,0.0,0.0,0.030544857205255557,0.06790173463942213,0.0674038138449026,True
9999981_00000_d_0000118.jpg,20,YOLOv13-L,YOLOv13-X,0.8205128205128205,0.8333333333333334,0.012820512820512886,0.0,0.08143079565738887,0.16327994035136367,0.15181363577120255,False
9999960_00000_d_0000017.jpg,53,YOLOv13-X,YOLOv13-L,0.8952380952380953,0.9158878504672898,0.020649755229194544,0.0,0.06187684974341352,0.11525863871832176,0.11742644717962131,False
9999937_00000_d_0000039.jpg,37,YOLOv13-X,YOLOv13-L,0.5517241379310345,0.5714285714285714,0.019704433497536922,0.0,0.056197915331308704,0.1259839862152263,0.1331033786621138,False
9999962_00000_d_0000162.jpg,28,YOLOv13-X,YOLOv13-L,0.9473684210526316,0.9655172413793104,0.01814882032667875,0.0,0.03540277150484484,0.1151371148555449,0.12144703747205494,False
0000142_03658_d_0000041.jpg,120,YOLOv13-X,YOLOv13-X,0.6009852216748768,0.6009852216748768,0.0,0.0,0.06287818791208197,0.12859235668573524,0.1287721050712935,True
0000036_03591_d_0000048.jpg,51,YOLOv13-X,YOLOv13-L,0.888888888888889,0.888888888888889,0.0,0.0,0.0751402625366734,0.16265577649553725,0.1698224552995878,False
9999974_00000_d_0000052.jpg,29,YOLOv13-L,YOLOv13-L,0.8387096774193549,0.8387096774193549,0.0,0.0,0.062411349032903435,0.1053101387338144,0.0981479494588195,True
9999953_00000_d_0000145.jpg,13,YOLOv13-X,YOLOv13-L,0.9166666666666666,0.96,0.043333333333333335,0.0,0.0492883432752419,0.10539556006415592,0.11386962183048162,False
9999960_00000_d_0000056.jpg,22,YOLOv13-L,YOLOv13-N,0.9361702127659576,0.9361702127659576,0.0,0.0,0.018050010988268504,0.022383772630995655,0.019764542717822575,False
9999937_00000_d_0000072.jpg,21,YOLOv13-X,YOLOv13-L,0.9268292682926828,0.95,0.023170731707317205,0.0,0.035330673611059835,0.07453982248296886,0.07863299797567459,False
9999951_00000_d_0000003.jpg,25,YOLOv13-X,YOLOv13-L,0.6222222222222222,0.6818181818181819,0.05959595959595965,0.0,0.09408870965172156,0.23333778847825,0.24265617539354833,False
0000348_05489_d_0000434.jpg,22,YOLOv13-X,YOLOv13-X,0.8260869565217391,0.8260869565217391,0.0,0.0,0.06105750552297392,0.12540990842784047,0.13765887964526144,True
9999951_00000_d_0000186.jpg,55,YOLOv13-L,YOLOv13-X,0.8909090909090909,0.9158878504672896,0.024978759558198727,0.0,0.06606791182000724,0.12986723282692816,0.11001206246633345,False
9999953_00000_d_0000203.jpg,1,YOLOv13-X,YOLOv13-L,1.0,1.0,0.0,0.0,0.17320026118662712,0.22549490456936533,0.2337111840682065,False
9999955_00000_d_0000053.jpg,33,YOLOv13-L,YOLOv13-L,0.7341772151898734,0.7341772151898734,0.0,0.0,0.05068559033138948,0.13990102328895115,0.1323291384866377,True
9999955_00000_d_0000274.jpg,64,YOLOv13-X,YOLOv13-L,0.7377049180327868,0.7627118644067796,0.02500694637399281,0.0,0.07008589161375528,0.13619115088713635,0.14170994636341896,False
9999956_00000_d_0000097.jpg,41,YOLOv13-X,YOLOv13-X,0.9285714285714286,0.9285714285714286,0.0,0.0,0.055569804380002176,0.12024408437430219,0.12385462525792343,True
9999965_00000_d_0000045.jpg,22,YOLOv13-L,YOLOv13-N,0.8095238095238095,0.9,0.09047619047619049,0.0,0.023655393739705863,0.060141907202508775,0.05970430038908929,False
0000205_02315_d_0000202.jpg,88,YOLOv13-L,YOLOv13-X,0.7976878612716763,0.8092485549132947,0.01156069364161838,0.0,0.05916036280907559,0.13814491754223468,0.1291536717358319,False
0000040_01500_d_0000067.jpg,37,YOLOv13-L,YOLOv13-L,0.902439024390244,0.902439024390244,0.0,0.0,0.07551775689157347,0.14894412663033837,0.14493553768727224,True
9999955_00000_d_0000293.jpg,6,YOLOv13-X,YOLOv13-L,0.6666666666666666,0.6666666666666666,0.0,0.0,0.08417162730766467,0.19728017475735754,0.21667351284603809,False
9999937_00000_d_0000055.jpg,32,YOLOv13-L,YOLOv13-L,0.6031746031746031,0.6031746031746031,0.0,0.0,0.05768873337351063,0.14800432042083553,0.14345469426987892,True
9999965_00000_d_0000036.jpg,75,YOLOv13-L,YOLOv13-X,0.7534246575342466,0.7692307692307693,0.015806111696522684,0.0,0.03793995954258249,0.06995126393051267,0.06604024423129412,False
9999970_00000_d_0000018.jpg,32,YOLOv13-L,YOLOv13-S,0.6229508196721311,0.631578947368421,0.008628127696289956,0.0,0.055134374287288665,0.12123821035187322,0.10576089123709415,False
0000264_02801_d_0000208.jpg,18,YOLOv13-L,YOLOv13-X,0.4705882352941176,0.5294117647058824,0.058823529411764774,0.0,0.08049342083384771,0.16213692937745086,0.14432228440497719,False
0000275_00001_d_0000497.jpg,14,YOLOv13-L,YOLOv13-X,0.6666666666666666,0.7692307692307692,0.10256410256410253,0.0,0.06776450327409,0.1453469778377105,0.14179103601337564,False
9999981_00000_d_0000119.jpg,18,YOLOv13-X,YOLOv13-L,0.6470588235294118,0.6666666666666666,0.019607843137254832,0.0,0.07687864210064453,0.1550062554576505,0.16830155574502942,False
9999951_00000_d_0000282.jpg,69,YOLOv13-L,YOLOv13-X,0.5925925925925926,0.6181818181818182,0.025589225589225606,0.0,0.04783054494115275,0.11687399343588349,0.09919506429170619,False
9999945_00000_d_0000090.jpg,60,YOLOv13-X,YOLOv13-L,0.5,0.5806451612903226,0.08064516129032262,0.0,0.05763047551295939,0.11942131374677231,0.12967647534392374,False
9999937_00000_d_0000047.jpg,52,YOLOv13-X,YOLOv13-L,0.5869565217391304,0.6292134831460674,0.04225696140693702,0.0,0.07121976120663999,0.15163984970288885,0.15938268419426466,False
0000325_02801_d_0000676.jpg,98,YOLOv13-X,YOLOv13-X,0.7272727272727272,0.7272727272727272,0.0,0.0,0.05701472517460448,0.12174495267473184,0.1339369695211446,True
0000072_07660_d_0000012.jpg,46,YOLOv13-L,YOLOv13-X,0.8292682926829269,0.8571428571428571,0.027874564459930196,0.0,0.06379447977585334,0.14896896577565666,0.14698743764960975,False
0000144_01201_d_0000001.jpg,17,YOLOv13-X,YOLOv13-X,0.6896551724137931,0.6896551724137931,0.0,0.0,0.08323717275927374,0.1417931863762663,0.15356320723244263,True
0000338_01177_d_0000144.jpg,52,YOLOv13-X,YOLOv13-X,0.9230769230769232,0.9230769230769232,0.0,0.0,0.06515007176462874,0.13469316043634583,0.13708040485209097,True
9999998_00120_d_0000098.jpg,226,YOLOv13-X,YOLOv13-L,0.3489096573208722,0.3540372670807453,0.005127609759873086,0.0,0.0563903218863292,0.10895186816905207,0.1142568601557154,False
9999951_00000_d_0000205.jpg,45,YOLOv13-X,YOLOv13-X,0.7640449438202247,0.7640449438202247,0.0,0.0,0.0442649932524758,0.05105063150001034,0.06522116333766874,True
0000279_02001_d_0000594.jpg,117,YOLOv13-X,YOLOv13-X,0.5494505494505494,0.5494505494505494,0.0,0.0,0.06758155936953741,0.15923737313875194,0.1680565848701813,True
0000142_02858_d_0000037.jpg,72,YOLOv13-X,YOLOv13-L,0.6548672566371682,0.6846846846846847,0.029817428047516525,0.0,0.038089005106869404,0.07037060607221149,0.07038987773185397,False
9999998_00022_d_0000016.jpg,197,YOLOv13-X,YOLOv13-X,0.5675675675675675,0.5675675675675675,0.0,0.0,0.058690122612442275,0.12136457809478944,0.12697294175938914,True
9999982_00000_d_0000160.jpg,34,YOLOv13-X,YOLOv13-L,0.5,0.52,0.020000000000000018,0.0,0.06275345369328444,0.12914314155086157,0.1442829870817534,False
9999951_00000_d_0000139.jpg,9,YOLOv13-L,YOLOv13-X,0.8421052631578948,0.9411764705882352,0.09907120743034037,0.0,0.01269988742184281,0.04148692565004003,0.023429903351639865,False
0000196_05025_d_0000145.jpg,3,YOLOv13-X,YOLOv13-L,0.4,0.8571428571428571,0.4571428571428571,0.0,0.13314324164132693,0.19984006371695504,0.20070560037101115,False
9999945_00000_d_0000020.jpg,29,YOLOv13-L,YOLOv13-X,0.6666666666666666,0.7547169811320755,0.0880503144654089,0.0,0.06999619222405723,0.12638421412407133,0.12262738596226574,False
9999962_00000_d_0000122.jpg,44,YOLOv13-X,YOLOv13-L,0.8478260869565218,0.8988764044943819,0.051050317537860046,0.0,0.03738793405528366,0.07052422541150756,0.07236835300485794,False
9999991_00000_d_0000008.jpg,52,YOLOv13-X,YOLOv13-L,0.8333333333333333,0.845360824742268,0.012027491408934776,0.0,0.05508561246802112,0.11983063330733927,0.12009301122042715,False
9999999_00496_d_0000221.jpg,57,YOLOv13-X,YOLOv13-L,0.7,0.72,0.020000000000000018,0.0,0.057677287354400815,0.11829732158237652,0.12911458245714674,False
0000068_01001_d_0000004.jpg,105,YOLOv13-X,YOLOv13-X,0.616279069767442,0.616279069767442,0.0,0.0,0.07349354835053082,0.14882217618558474,0.1590842924219901,True
9999945_00000_d_0000011.jpg,28,YOLOv13-L,YOLOv13-L,0.5909090909090908,0.5909090909090908,0.0,0.0,0.048802118244531296,0.12456976757788957,0.11222536335602315,True
9999942_00000_d_0000073.jpg,26,YOLOv13-L,YOLOv13-X,0.8518518518518519,0.8771929824561403,0.025341130604288442,0.0,0.023512659477833892,0.08108525161401521,0.06238009649904426,False
9999951_00000_d_0000154.jpg,35,YOLOv13-X,YOLOv13-X,0.7619047619047619,0.7619047619047619,0.0,0.0,0.04822429438852579,0.09967644468225888,0.1153065614562257,True
9999990_00000_d_0000058.jpg,159,YOLOv13-X,YOLOv13-L,0.6418338108882521,0.656,0.01416618911174794,0.0,0.0704350292543973,0.15454711299981405,0.16440228970715526,False
0000113_00064_d_0000075.jpg,9,YOLOv13-X,YOLOv13-N,0.6,0.75,0.15000000000000002,0.0,0.09178376770343381,0.15215716327856463,0.17373479965900412,False
9999999_00584_d_0000264.jpg,11,YOLOv13-X,YOLOv13-L,0.8,0.8,0.0,0.0,0.05040482370057159,0.1328695479682668,0.13357020538368933,False
9999977_00000_d_0000032.jpg,14,YOLOv13-L,YOLOv13-X,0.2,0.3809523809523809,0.18095238095238086,0.0,0.07905087542965553,0.22350678489764858,0.20911886177318756,False
9999999_00063_d_0000018.jpg,59,YOLOv13-X,YOLOv13-X,0.7307692307692307,0.7307692307692307,0.0,0.0,0.04853194958541492,0.12432767458935201,0.13119887991482818,True
9999977_00000_d_0000038.jpg,72,YOLOv13-X,YOLOv13-L,0.65,0.6554621848739495,0.005462184873949449,0.0,0.06664646618256027,0.14565388329865292,0.15845567216364512,False
9999999_00791_d_0000362.jpg,49,YOLOv13-L,YOLOv13-L,0.8631578947368421,0.8631578947368421,0.0,0.0,0.041608222242473784,0.11397753836044736,0.1039512724606884,True
9999998_00247_d_0000201.jpg,13,YOLOv13-X,YOLOv13-X,1.0,1.0,0.0,0.0,0.01330143035581943,0.044204296445815305,0.04948330190639635,True
9999984_00000_d_0000089.jpg,16,YOLOv13-X,YOLOv13-L,0.5185185185185185,0.5384615384615384,0.019943019943019946,0.0,0.03068944265775045,0.13701096416943656,0.15408622898839555,False
9999956_00000_d_0000006.jpg,7,YOLOv13-L,YOLOv13-L,1.0,1.0,0.0,0.0,0.02410758509323814,0.0695661756233722,0.05019399760324193,True
9999998_00048_d_0000038.jpg,54,YOLOv13-X,YOLOv13-S,0.6744186046511628,0.6744186046511628,0.0,0.0,0.04280862893688098,0.049650978080996395,0.06640361621552283,False
9999951_00000_d_0000312.jpg,40,YOLOv13-L,YOLOv13-L,0.5538461538461539,0.5538461538461539,0.0,0.0,0.07963159466580041,0.1860085501770365,0.18161531050109003,True
9999972_00000_d_0000145.jpg,33,YOLOv13-X,YOLOv13-X,0.7419354838709677,0.7419354838709677,0.0,0.0,0.044274383553724386,0.11255494142565037,0.11828507694255377,True
0000256_02373_d_0000032.jpg,58,YOLOv13-X,YOLOv13-X,0.625,0.625,0.0,0.0,0.05774097313607419,0.11162762212514449,0.11532338765208588,True
9999966_00000_d_0000057.jpg,122,YOLOv13-L,YOLOv13-X,0.5583756345177665,0.6069651741293531,0.04858953961158663,0.0,0.08062435928699405,0.17231668483964963,0.161987735426761,False
0000141_02251_d_0000019.jpg,304,YOLOv13-X,YOLOv13-L,0.508695652173913,0.5098901098901099,0.0011944577161968617,0.0,0.050477406856990106,0.13593696658510704,0.14430057387869774,False
0000109_01140_d_0000063.jpg,26,YOLOv13-L,YOLOv13-L,0.8085106382978723,0.8085106382978723,0.0,0.0,0.0607565684347723,0.1499905515737625,0.14009277923761412,True
9999998_00016_d_0000012.jpg,25,YOLOv13-L,YOLOv13-S,0.5454545454545455,0.7234042553191491,0.17794970986460357,0.0,0.053612628335777804,0.1321693431077434,0.10265788190468511,False
9999960_00000_d_0000086.jpg,24,YOLOv13-L,YOLOv13-X,0.9387755102040816,0.96,0.0212244897959184,0.0,0.057469134157522375,0.124215617650048,0.11888368464346102,False
0000196_01030_d_0000137.jpg,221,YOLOv13-X,YOLOv13-X,0.4135593220338983,0.4135593220338983,0.0,0.0,0.06595532331786222,0.13725054951764049,0.15119740223532693,True
9999951_00000_d_0000051.jpg,41,YOLOv13-L,YOLOv13-L,0.7714285714285715,0.7714285714285715,0.0,0.0,0.04520030097913994,0.10149040628579935,0.09696804479653072,True
9999982_00000_d_0000026.jpg,33,YOLOv13-L,YOLOv13-X,0.7666666666666667,0.7868852459016394,0.020218579234972722,0.0,0.032871200286293145,0.0856233931141942,0.08534954579468866,False
9999951_00000_d_0000225.jpg,63,YOLOv13-X,YOLOv13-L,0.5405405405405405,0.5544554455445545,0.013914905004014044,0.0,0.06386773767505492,0.14088404479093508,0.15150579174017026,False
9999977_00000_d_0000091.jpg,18,YOLOv13-L,YOLOv13-L,0.7586206896551725,0.7586206896551725,0.0,0.0,0.01086541418940154,0.05681963857853159,0.050709196105677284,True
9999948_00000_d_0000027.jpg,27,YOLOv13-X,YOLOv13-X,0.8518518518518519,0.8518518518518519,0.0,0.0,0.06051772421613801,0.12256087792310782,0.12469327349420872,True
9999943_00000_d_0000016.jpg,51,YOLOv13-L,YOLOv13-L,0.8627450980392157,0.8627450980392157,0.0,0.0,0.02613481025135269,0.07321246461597845,0.06609734035025569,True
9999942_00000_d_0000110.jpg,43,YOLOv13-L,YOLOv13-X,0.8181818181818183,0.8192771084337349,0.0010952902519165697,0.0,0.05166886212223119,0.10208691975345029,0.10187566767055407,False
0000279_03001_d_0000598.jpg,110,YOLOv13-X,YOLOv13-X,0.7046632124352331,0.7046632124352331,0.0,0.0,0.05285334351172831,0.11671368179802782,0.1179303556951449,True
9999982_00000_d_0000213.jpg,67,YOLOv13-X,YOLOv13-L,0.7438016528925621,0.7768595041322315,0.03305785123966942,0.0,0.051485960504772985,0.10015461706564018,0.10407869089546373,False
9999998_00204_d_0000161.jpg,36,YOLOv13-L,YOLOv13-L,0.7631578947368423,0.7631578947368423,0.0,0.0,0.07474561706597471,0.13152430854265196,0.12311982809858317,True
9999998_00427_d_0000379.jpg,78,YOLOv13-X,YOLOv13-X,0.5755395683453238,0.5755395683453238,0.0,0.0,0.04120271851806132,0.09661636654439723,0.09920959961307713,True
9999955_00000_d_0000233.jpg,55,YOLOv13-X,YOLOv13-L,0.5869565217391305,0.6067415730337079,0.019785051294577416,0.0,0.062120938831887254,0.1530655644673152,0.1532864289356716,False
0000204_00698_d_0000193.jpg,82,YOLOv13-L,YOLOv13-X,0.6031746031746033,0.609375,0.006200396825396748,0.0,0.054106320314696164,0.12516339094389953,0.12422602342131271,False
0000222_00735_d_0000003.jpg,26,YOLOv13-L,YOLOv13-X,0.6666666666666667,0.6956521739130435,0.02898550724637672,0.0,0.04404662754439179,0.13467607006024193,0.13443418626599024,False
9999994_00000_d_0000035.jpg,24,YOLOv13-X,YOLOv13-X,0.4705882352941176,0.4705882352941176,0.0,0.0,0.048091588430387466,0.13269163428228803,0.13309380404381094,True
9999999_00875_d_0000401.jpg,48,YOLOv13-L,YOLOv13-X,0.6097560975609756,0.619047619047619,0.009291521486643362,0.0,0.05574233533284475,0.13469911080450953,0.13293201043452924,False
9999955_00000_d_0000121.jpg,31,YOLOv13-L,YOLOv13-X,0.8571428571428571,0.8727272727272727,0.01558441558441559,0.0,0.04744816237136658,0.1231277400438975,0.10941215583452593,False
9999982_00000_d_0000226.jpg,77,YOLOv13-L,YOLOv13-X,0.7916666666666667,0.8345323741007193,0.0428657074340526,0.0,0.05584003255296605,0.1064685637801634,0.10051952911787744,False
0000325_00001_d_0000662.jpg,34,YOLOv13-L,YOLOv13-L,0.7719298245614036,0.7719298245614036,0.0,0.0,0.006223687066480849,0.05577875656935479,0.04417410613554382,True
9999965_00000_d_0000051.jpg,148,YOLOv13-X,YOLOv13-X,0.797153024911032,0.797153024911032,0.0,0.0,0.0633650255712246,0.1241114257582853,0.13726923398308913,True
0000325_03601_d_0000680.jpg,73,YOLOv13-X,YOLOv13-X,0.7538461538461538,0.7538461538461538,0.0,0.0,0.050799167485491195,0.11179229857921714,0.11585571000642973,True
9999997_00000_d_0000038.jpg,6,YOLOv13-X,YOLOv13-L,0.2857142857142857,0.5,0.2142857142857143,0.0,0.06715476831977678,0.17702725867613434,0.18773569858381045,False
9999999_00448_d_0000199.jpg,38,YOLOv13-X,YOLOv13-X,0.88,0.88,0.0,0.0,0.059280691953948285,0.10800497253303588,0.12430060435372049,True
0000030_00754_d_0000036.jpg,131,YOLOv13-X,YOLOv13-L,0.8384879725085911,0.8518518518518519,0.013363879343260776,0.0,0.09068014476149566,0.17282705363993636,0.1803965125993741,False
9999982_00000_d_0000010.jpg,27,YOLOv13-L,YOLOv13-L,0.5777777777777777,0.5777777777777777,0.0,0.0,0.04568680245958714,0.09192791159058213,0.0883138836689016,True
9999945_00000_d_0000038.jpg,78,YOLOv13-X,YOLOv13-X,0.5045045045045045,0.5045045045045045,0.0,0.0,0.05525053092200047,0.12038775743786223,0.13104754686336684,True
9999999_00173_d_0000071.jpg,116,YOLOv13-X,YOLOv13-X,0.5549738219895288,0.5549738219895288,0.0,0.0,0.048863483146368444,0.11638276854924834,0.1308852610357019,True
9999956_00000_d_0000002.jpg,19,YOLOv13-L,YOLOv13-X,0.7777777777777778,0.8484848484848484,0.07070707070707061,0.0,0.031399122993831234,0.09306850947785708,0.08310386612305284,False
0000181_00000_d_0000028.jpg,71,YOLOv13-L,YOLOv13-L,0.6226415094339622,0.6226415094339622,0.0,0.0,0.060806934636831886,0.1397122763468423,0.133453944490996,True
0000221_01770_d_0000006.jpg,37,YOLOv13-X,YOLOv13-N,0.4705882352941177,0.5098039215686275,0.03921568627450983,0.0,0.03881184416241947,0.08934961726354355,0.09101130549893405,False
9999966_00000_d_0000107.jpg,102,YOLOv13-L,YOLOv13-L,0.6808510638297872,0.6808510638297872,0.0,0.0,0.06417051015285258,0.12875388575033309,0.1280135823508943,True
9999937_00000_d_0000086.jpg,108,YOLOv13-X,YOLOv13-X,0.3916083916083915,0.3916083916083915,0.0,0.0,0.06037726993291392,0.13542352719639172,0.13758830967407834,True
9999999_00159_d_0000064.jpg,68,YOLOv13-L,YOLOv13-L,0.6902654867256638,0.6902654867256638,0.0,0.0,0.06306505355972299,0.13293956779235447,0.13203574448591188,True
9999965_00000_d_0000017.jpg,16,YOLOv13-X,YOLOv13-S,0.9411764705882352,0.9696969696969696,0.028520499108734443,0.0,-0.01423052574072378,0.042590179322193854,0.04694096575374474,False
9999985_00000_d_0000048.jpg,13,YOLOv13-X,YOLOv13-L,0.7500000000000001,0.7826086956521738,0.032608695652173725,0.0,-0.0005149773337536336,0.03211488446216207,0.043384837413915495,False
9999937_00000_d_0000176.jpg,23,YOLOv13-X,YOLOv13-X,0.7804878048780488,0.7804878048780488,0.0,0.0,0.08857910182757472,0.20126013569159748,0.2136616902914808,True
0000178_00000_d_0000006.jpg,2,YOLOv13-L,YOLOv13-S,1.0,1.0,0.0,0.0,0.11334541833531728,0.20746283755280404,0.1786954388960139,False
9999953_00000_d_0000101.jpg,7,YOLOv13-L,YOLOv13-L,0.7368421052631579,0.7368421052631579,0.0,0.0,0.05319304882810199,0.11498961138629725,0.10843308552461717,True
9999969_00000_d_0000036.jpg,51,YOLOv13-L,YOLOv13-X,0.7184466019417477,0.7547169811320754,0.03627037919032772,0.0,0.0719506127871453,0.1406033616028531,0.1403385677595819,False
9999953_00000_d_0000139.jpg,10,YOLOv13-L,YOLOv13-L,0.9523809523809524,0.9523809523809524,0.0,0.0,0.005800157219197127,0.04213118939890417,0.034539351750963884,True
0000239_08900_d_0000023.jpg,44,YOLOv13-X,YOLOv13-X,0.5945945945945945,0.5945945945945945,0.0,0.0,0.04991943853338996,0.10493828581569423,0.10882450181465038,True
9999972_00000_d_0000094.jpg,36,YOLOv13-X,YOLOv13-S,0.8169014084507044,0.835820895522388,0.01891948707168367,0.0,0.04766422514852148,0.09877566185043671,0.10854385934918072,False
9999942_00000_d_0000079.jpg,51,YOLOv13-X,YOLOv13-L,0.8301886792452831,0.8514851485148515,0.021296469269568408,0.0,0.07040331138484088,0.12579728066144463,0.13839996901739215,False
0000331_00001_d_0000841.jpg,91,YOLOv13-X,YOLOv13-L,0.5985401459854015,0.6029411764705882,0.004401030485186697,0.0,0.06195208939402343,0.1324226360352909,0.1327312207356812,False
9999962_00000_d_0000041.jpg,29,YOLOv13-L,YOLOv13-L,0.9473684210526316,0.9473684210526316,0.0,0.0,0.03882573030004179,0.08758082049642033,0.08027230139620295,True
9999999_00336_d_0000147.jpg,68,YOLOv13-L,YOLOv13-X,0.735294117647059,0.7424242424242423,0.007130124777183333,0.0,0.07007019238181944,0.15707598250836743,0.1496579772326246,False
9999972_00000_d_0000123.jpg,24,YOLOv13-L,YOLOv13-X,0.8936170212765957,0.9130434782608696,0.01942645698427392,0.0,0.055790475369808495,0.0931097532517311,0.0869119624823458,False
9999965_00000_d_0000027.jpg,99,YOLOv13-L,YOLOv13-X,0.964467005076142,0.9651741293532335,0.0007071242770915198,0.0,0.034149424515988326,0.07739812248342602,0.07701225025166981,False
9999955_00000_d_0000394.jpg,124,YOLOv13-X,YOLOv13-L,0.6176470588235294,0.6294416243654822,0.011794565541952795,0.0,0.06705716133329404,0.12981180411218315,0.13606797919650063,False
9999998_00403_d_0000355.jpg,39,YOLOv13-L,YOLOv13-L,0.9156626506024096,0.9156626506024096,0.0,0.0,0.041601343258213457,0.11147357361763185,0.10040604234169696,True
9999999_00344_d_0000151.jpg,106,YOLOv13-X,YOLOv13-L,0.6195652173913043,0.6524064171122994,0.032841199720995085,0.0,0.07101339904478164,0.15052287195472316,0.15891766822801018,False
9999981_00000_d_0000002.jpg,67,YOLOv13-X,YOLOv13-L,0.7555555555555554,0.7555555555555554,0.0,0.0,0.06290230872625652,0.13464987367723066,0.13641874476837954,False
9999956_00000_d_0000070.jpg,23,YOLOv13-X,YOLOv13-L,0.5882352941176471,0.6285714285714286,0.04033613445378148,0.0,0.04985792012626437,0.0849100376320381,0.10652667524053526,False
9999998_00380_d_0000332.jpg,13,YOLOv13-L,YOLOv13-N,0.8275862068965517,0.8799999999999999,0.05241379310344818,0.0,0.025943236200674177,0.07414209989644613,0.07339690291081477,False
9999945_00000_d_0000175.jpg,16,YOLOv13-L,YOLOv13-N,0.6666666666666666,0.6923076923076923,0.02564102564102566,0.0,0.04327645860861809,0.09179505079820276,0.09162932902477387,False
0000352_01177_d_0000545.jpg,130,YOLOv13-X,YOLOv13-L,0.6376811594202898,0.6376811594202898,0.0,0.0,0.059446941719277294,0.12489089259318209,0.12666678712122562,False
9999999_00231_d_0000098.jpg,40,YOLOv13-X,YOLOv13-X,0.8055555555555555,0.8055555555555555,0.0,0.0,0.0683947847619435,0.1191523678445935,0.1418461480539098,True
9999999_00532_d_0000238.jpg,50,YOLOv13-X,YOLOv13-L,0.7647058823529411,0.816326530612245,0.0516206482593039,0.0,0.04947013410861842,0.08603420568090349,0.08644162460353665,False
9999955_00000_d_0000299.jpg,53,YOLOv13-X,YOLOv13-X,0.4324324324324324,0.4324324324324324,0.0,0.0,0.06084548723443631,0.14363722260212405,0.15161669860345522,True
9999953_00000_d_0000142.jpg,9,YOLOv13-L,YOLOv13-N,0.9411764705882352,0.9411764705882352,0.0,0.0,0.04195038317957705,0.08692590927489506,0.06444373067122106,False
9999999_00570_d_0000257.jpg,11,YOLOv13-L,YOLOv13-L,0.7500000000000001,0.7500000000000001,0.0,0.0,0.062316153601463316,0.1336581120850741,0.13345966910096982,True
0000240_01205_d_0000004.jpg,24,YOLOv13-X,YOLOv13-X,0.7916666666666666,0.7916666666666666,0.0,0.0,0.055022040889531845,0.1322436446165896,0.1326320134972858,True
9999960_00000_d_0000109.jpg,17,YOLOv13-L,YOLOv13-L,0.9714285714285714,0.9714285714285714,0.0,0.0,0.05445434839859976,0.10578664100891816,0.09044226406040376,True
9999937_00000_d_0000105.jpg,24,YOLOv13-L,YOLOv13-L,0.9411764705882352,0.9411764705882352,0.0,0.0,0.07565490224576799,0.18804171845604412,0.16297749442656545,True
0000329_06001_d_0000795.jpg,37,YOLOv13-L,YOLOv13-L,0.9444444444444444,0.9444444444444444,0.0,0.0,0.0781765144940153,0.14341709004415823,0.13595798204302872,True
9999966_00000_d_0000106.jpg,65,YOLOv13-X,YOLOv13-L,0.8345323741007195,0.8405797101449275,0.00604733604420804,0.0,0.05098409432476517,0.11550510861066252,0.11783077643061003,False
9999945_00000_d_0000165.jpg,12,YOLOv13-X,YOLOv13-L,0.6666666666666666,0.7826086956521738,0.1159420289855072,0.0,0.018117800748040876,0.06144430662976954,0.06417893247397544,False
9999943_00000_d_0000067.jpg,70,YOLOv13-L,YOLOv13-L,0.8840579710144928,0.8840579710144928,0.0,0.0,0.0574812955078496,0.11816096700964905,0.10576141116974397,True
9999960_00000_d_0000057.jpg,17,YOLOv13-L,YOLOv13-L,0.9189189189189187,0.9189189189189187,0.0,0.0,0.016935946302864217,0.07244738479696423,0.0658083723253547,True
9999964_00000_d_0000036.jpg,61,YOLOv13-L,YOLOv13-X,0.9166666666666666,0.925619834710744,0.00895316804407742,0.0,0.044156864227826574,0.10255006009201831,0.0981651817831563,False
9999956_00000_d_0000052.jpg,53,YOLOv13-L,YOLOv13-X,0.76,0.7708333333333334,0.010833333333333361,0.0,0.055056393773689705,0.13032478858734262,0.11871875729312797,False
0000352_02745_d_0000553.jpg,29,YOLOv13-X,YOLOv13-L,0.8679245283018867,0.8727272727272727,0.004802744425385974,0.0,0.021758272865058145,0.04298413425644563,0.05182781945580495,False
9999955_00000_d_0000067.jpg,36,YOLOv13-X,YOLOv13-L,0.5283018867924528,0.6785714285714285,0.15026954177897567,0.0,0.08094449126305488,0.14497464100118698,0.15242015382085594,False
9999998_00010_d_0000007.jpg,33,YOLOv13-L,YOLOv13-X,0.7419354838709677,0.8135593220338984,0.07162383816293061,0.0,0.05098200249774941,0.12010260810583653,0.1110341562621964,False
0000201_01292_d_0000177.jpg,39,YOLOv13-L,YOLOv13-X,0.5806451612903226,0.6153846153846154,0.0347394540942928,0.0,0.03612016076986352,0.10998971514681595,0.0891176885510735,False
9999999_00719_d_0000327.jpg,55,YOLOv13-X,YOLOv13-X,0.8392857142857144,0.8392857142857144,0.0,0.0,0.049222030797203595,0.10909498147719243,0.11029652470016119,True
0000172_00001_d_0000001.jpg,42,YOLOv13-L,YOLOv13-X,0.6575342465753424,0.7027027027027026,0.0451684561273602,0.0,0.07006184522149413,0.12598513457547905,0.11694431464273336,False
9999937_00000_d_0000031.jpg,21,YOLOv13-X,YOLOv13-L,0.7,0.7222222222222222,0.022222222222222254,0.0,0.08407760448055619,0.15710983618534413,0.1613602219495462,False
9999982_00000_d_0000232.jpg,42,YOLOv13-X,YOLOv13-X,0.8461538461538461,0.8461538461538461,0.0,0.0,0.053839414960633325,0.1312072825517341,0.14338801673396054,True
9999951_00000_d_0000196.jpg,8,YOLOv13-L,YOLOv13-L,0.9411764705882352,0.9411764705882352,0.0,0.0,0.021762860549725697,0.03911623062374793,0.03552338512770341,True
9999955_00000_d_0000250.jpg,123,YOLOv13-X,YOLOv13-L,0.7142857142857142,0.7280701754385964,0.013784461152882233,0.0,0.05971855277397625,0.12935683482345628,0.1340541256546312,False
9999942_00000_d_0000197.jpg,41,YOLOv13-L,YOLOv13-L,0.8372093023255814,0.8372093023255814,0.0,0.0,0.04870880645423209,0.13450966090211444,0.12999765562611587,True
0000366_04901_d_0000801.jpg,12,YOLOv13-L,YOLOv13-X,0.9166666666666666,0.923076923076923,0.0064102564102563875,0.0,0.09833147074691487,0.17930557650737058,0.17731582899874693,False
9999991_00000_d_0000015.jpg,107,YOLOv13-X,YOLOv13-X,0.7052631578947368,0.7052631578947368,0.0,0.0,0.05887660306825263,0.11783827499645791,0.1205478578256233,True
9999964_00000_d_0000047.jpg,60,YOLOv13-X,YOLOv13-X,0.8955223880597014,0.8955223880597014,0.0,0.0,0.058847892892574964,0.11734449649554922,0.12566070303414187,True
0000220_00001_d_0000001.jpg,45,YOLOv13-L,YOLOv13-L,0.6571428571428571,0.6571428571428571,0.0,0.0,0.0889582131606184,0.1870796349837278,0.17578852642863393,True
9999972_00000_d_0000111.jpg,19,YOLOv13-X,YOLOv13-S,0.8500000000000001,0.8947368421052632,0.044736842105263075,0.0,0.06651235445326502,0.13293477409768079,0.13504991409228703,False
9999937_00000_d_0000209.jpg,26,YOLOv13-L,YOLOv13-L,0.7916666666666666,0.7916666666666666,0.0,0.0,0.057370996413027536,0.12851499192190538,0.11762256981347338,True
9999991_00000_d_0000019.jpg,60,YOLOv13-L,YOLOv13-L,0.7857142857142856,0.7857142857142856,0.0,0.0,0.03199310556854201,0.08237553948068606,0.08143996260017834,True
9999981_00000_d_0000050.jpg,47,YOLOv13-L,YOLOv13-X,0.8089887640449439,0.8181818181818182,0.009193054136874323,0.0,0.0409733729036993,0.09608888476904134,0.09595044930090196,False
9999942_00000_d_0000145.jpg,77,YOLOv13-X,YOLOv13-L,0.7333333333333334,0.7741935483870968,0.04086021505376336,0.0,0.05763804685346431,0.13734662160790226,0.1424197208756898,False
9999945_00000_d_0000071.jpg,11,YOLOv13-X,YOLOv13-S,0.8333333333333333,0.8333333333333333,0.0,0.0,0.07840495771929418,0.17138916680601649,0.21448152832182085,False
0000165_06325_d_0000115.jpg,49,YOLOv13-X,YOLOv13-L,0.5842696629213483,0.6595744680851063,0.07530480516375804,0.0,0.06676995957507317,0.15721322227794124,0.1611050157697054,False
0000256_01210_d_0000022.jpg,60,YOLOv13-X,YOLOv13-L,0.6037735849056605,0.6857142857142857,0.08194070080862526,0.0,0.05259547837258818,0.11593747969203856,0.12378020157974666,False
9999955_00000_d_0000185.jpg,28,YOLOv13-X,YOLOv13-X,0.7391304347826088,0.7391304347826088,0.0,0.0,0.04556029561329388,0.05664816632692935,0.06795967312664795,True
9999943_00000_d_0000003.jpg,73,YOLOv13-L,YOLOv13-L,0.7591240875912408,0.7591240875912408,0.0,0.0,0.05615806607083055,0.11384746921023005,0.11305011632187989,True
0000206_00000_d_0000203.jpg,19,YOLOv13-X,YOLOv13-X,0.8333333333333333,0.8333333333333333,0.0,0.0,0.019641694939505974,0.09220887029000663,0.09335780866729426,True
0000334_00197_d_0000022.jpg,79,YOLOv13-X,YOLOv13-L,0.8472222222222223,0.8531468531468531,0.005924630924630803,0.0,0.03312817075605468,0.04835860989698908,0.05396307913788861,False
9999937_00000_d_0000083.jpg,13,YOLOv13-L,YOLOv13-L,0.888888888888889,0.888888888888889,0.0,0.0,0.02621890052122227,0.08084420554476976,0.0685155467535237,True
0000214_01968_d_0000253.jpg,59,YOLOv13-L,YOLOv13-X,0.8288288288288288,0.8318584070796461,0.0030295782508172886,0.0,0.04745900249267168,0.11193795776769516,0.09746840851781045,False
9999955_00000_d_0000337.jpg,61,YOLOv13-L,YOLOv13-X,0.5227272727272727,0.5617977528089887,0.039070480081715986,0.0,0.03386915566836305,0.07906218354862107,0.07898403376666062,False
0000169_00401_d_0000001.jpg,30,YOLOv13-L,YOLOv13-X,0.4583333333333332,0.5,0.041666666666666796,0.0,0.07467640734999546,0.15752967364607454,0.1536533941713417,False
9999955_00000_d_0000403.jpg,30,YOLOv13-L,YOLOv13-L,0.8928571428571429,0.8928571428571429,0.0,0.0,0.05480227203767463,0.12778080510397036,0.12729332880692792,True
9999943_00000_d_0000070.jpg,65,YOLOv13-X,YOLOv13-L,0.7058823529411765,0.7727272727272727,0.06684491978609619,0.0,0.06168676017552522,0.11712222968748648,0.11763845183215509,False
9999951_00000_d_0000187.jpg,47,YOLOv13-L,YOLOv13-L,0.9166666666666666,0.9166666666666666,0.0,0.0,0.022230040340128196,0.05953492788573199,0.041188951862932595,True
9999990_00000_d_0000053.jpg,24,YOLOv13-X,YOLOv13-L,0.823529411764706,0.9019607843137256,0.07843137254901966,0.0,0.0576692344618614,0.13179870506279365,0.1347363694010974,False
9999951_00000_d_0000244.jpg,55,YOLOv13-L,YOLOv13-X,0.631578947368421,0.7446808510638298,0.11310190369540873,0.0,0.05164445221225219,0.1118577488694433,0.10285356125842969,False
9999985_00000_d_0000038.jpg,17,YOLOv13-L,YOLOv13-L,0.9090909090909092,0.9090909090909092,0.0,0.0,-0.0064317495358738735,0.037679181232554225,0.026375840925509313,True
9999948_00000_d_0000039.jpg,22,YOLOv13-X,YOLOv13-L,0.7222222222222223,0.7906976744186046,0.06847545219638229,0.0,0.005542888343403226,0.050178543998834264,0.051822741975410695,False
9999943_00000_d_0000065.jpg,26,YOLOv13-L,YOLOv13-L,0.830188679245283,0.830188679245283,0.0,0.0,0.055526571960691745,0.13109005619623187,0.11718757346654393,True
0000264_02001_d_0000204.jpg,31,YOLOv13-L,YOLOv13-L,0.6274509803921569,0.6274509803921569,0.0,0.0,0.06635036429447369,0.15086420731412292,0.14271939708301262,True
9999972_00000_d_0000133.jpg,28,YOLOv13-X,YOLOv13-X,0.8148148148148148,0.8148148148148148,0.0,0.0,0.05708278094922331,0.10030046480194392,0.10748434320710774,True
9999955_00000_d_0000423.jpg,122,YOLOv13-L,YOLOv13-L,0.8311688311688312,0.8311688311688312,0.0,0.0,0.06290810847096602,0.14664036984776188,0.1403947241140629,True
0000305_03601_d_0000231.jpg,53,YOLOv13-X,YOLOv13-X,0.9272727272727272,0.9272727272727272,0.0,0.0,0.05838862258781207,0.13100129166206675,0.13536132265913292,True
0000334_02941_d_0000036.jpg,126,YOLOv13-X,YOLOv13-L,0.5483870967741935,0.5513513513513514,0.0029642545771578765,0.0,0.04592154912054032,0.08885826851977137,0.09510787354895239,False
9999951_00000_d_0000104.jpg,43,YOLOv13-L,YOLOv13-X,0.891566265060241,0.9195402298850576,0.02797396482481662,0.0,0.0509084541454613,0.13317617660402167,0.12293698535625593,False
0000313_05801_d_0000465.jpg,65,YOLOv13-X,YOLOv13-X,0.4086021505376344,0.4086021505376344,0.0,0.0,0.045361480570611935,0.10417557172581474,0.11132732173378254,True
9999981_00000_d_0000020.jpg,35,YOLOv13-X,YOLOv13-L,0.7714285714285715,0.7868852459016394,0.015456674473067977,0.0,0.07864024299862156,0.13609220974912276,0.16057037118189163,False
9999942_00000_d_0000223.jpg,42,YOLOv13-L,YOLOv13-L,0.7105263157894737,0.7105263157894737,0.0,0.0,0.060420999508333156,0.1332147334403654,0.11686288159475972,True
0000309_01201_d_0000339.jpg,108,YOLOv13-L,YOLOv13-X,0.6629213483146067,0.6781609195402298,0.015239571225623139,0.0,0.059162139343928354,0.12482240986999599,0.12103914407076923,False
9999964_00000_d_0000011.jpg,23,YOLOv13-L,YOLOv13-L,0.9583333333333334,0.9583333333333334,0.0,0.0,0.02974466140474167,0.06401851471636968,0.06322635615293022,True
9999945_00000_d_0000164.jpg,59,YOLOv13-L,YOLOv13-L,0.6373626373626373,0.6373626373626373,0.0,0.0,0.04629121011520963,0.09718549380310809,0.09392551301534573,True
9999942_00000_d_0000102.jpg,16,YOLOv13-X,YOLOv13-N,0.9411764705882352,0.9696969696969696,0.028520499108734443,0.0,-0.0019237633578283104,0.012612380944677103,0.01425497081191049,False
9999998_00309_d_0000262.jpg,22,YOLOv13-L,YOLOv13-L,0.6486486486486486,0.6486486486486486,0.0,0.0,0.04612544984715245,0.09055011688531839,0.08466453320814342,True
0000358_01765_d_0000689.jpg,65,YOLOv13-X,YOLOv13-L,0.7747747747747747,0.7889908256880733,0.014216050913298584,0.0,0.05279747861238839,0.1190020970141851,0.12621898163062487,False
9999977_00000_d_0000071.jpg,23,YOLOv13-L,YOLOv13-N,0.4516129032258065,0.4666666666666667,0.01505376344086018,0.0,0.039235736797866044,0.0735350687599067,0.06729731919046522,False
9999982_00000_d_0000009.jpg,33,YOLOv13-X,YOLOv13-X,0.2926829268292683,0.2926829268292683,0.0,0.0,0.05649432313990555,0.17465184011475232,0.18685830911142226,True
0000256_00001_d_0000014.jpg,45,YOLOv13-L,YOLOv13-X,0.5333333333333333,0.5822784810126582,0.048945147679324896,0.0,0.07519338062929902,0.1661448737858802,0.15760295421873224,False
9999972_00000_d_0000116.jpg,9,YOLOv13-L,YOLOv13-X,0.7058823529411765,0.823529411764706,0.11764705882352944,0.0,0.01670117817388815,0.07139283851766738,0.03643061742838113,False
9999942_00000_d_0000171.jpg,38,YOLOv13-L,YOLOv13-X,0.7605633802816901,0.782608695652174,0.02204531537048382,0.0,0.04395751866881543,0.10486022135821596,0.10234404791560342,False
9999951_00000_d_0000232.jpg,34,YOLOv13-L,YOLOv13-X,0.7384615384615385,0.7936507936507937,0.055189255189255215,0.0,0.06530611201254184,0.1398630433834824,0.1249475969911391,False
0000071_07913_d_0000013.jpg,21,YOLOv13-X,YOLOv13-L,0.8571428571428571,0.8750000000000001,0.017857142857143016,0.0,0.062208019662591325,0.1389362583629724,0.14179537703421627,False
0000068_03714_d_0000012.jpg,103,YOLOv13-X,YOLOv13-L,0.6600000000000001,0.6947368421052632,0.034736842105263066,0.0,0.0735927339300941,0.1495979720396852,0.15788585314608544,False
9999991_00000_d_0000030.jpg,41,YOLOv13-X,YOLOv13-L,0.810126582278481,0.8354430379746836,0.025316455696202556,0.0,0.05131712909417751,0.1002207495920864,0.10448742273732219,False
9999987_00000_d_1008235.jpg,86,YOLOv13-X,YOLOv13-L,0.5921052631578948,0.6027397260273971,0.010634462869502315,0.0,0.07351364585817546,0.15467432382688778,0.16007671845105018,False
9999998_00255_d_0000209.jpg,51,YOLOv13-X,YOLOv13-X,0.8865979381443299,0.8865979381443299,0.0,0.0,0.058886934502192505,0.12540041041146924,0.13227029114132408,True
0000348_00393_d_0000408.jpg,99,YOLOv13-X,YOLOv13-X,0.5562130177514792,0.5562130177514792,0.0,0.0,0.056399566413843985,0.12849007162330597,0.13656424203102918,True
9999942_00000_d_0000176.jpg,83,YOLOv13-L,YOLOv13-L,0.6811594202898551,0.6811594202898551,0.0,0.0,0.054249331677206296,0.11417743725533408,0.09853336125551053,True
9999982_00000_d_0000006.jpg,65,YOLOv13-L,YOLOv13-X,0.6779661016949153,0.6890756302521008,0.0111095285571855,0.0,0.053215217990796725,0.11238208573452549,0.10623050372708369,False
9999937_00000_d_0000027.jpg,34,YOLOv13-L,YOLOv13-X,0.5714285714285714,0.6666666666666667,0.09523809523809534,0.0,0.07440243412550225,0.14477558339779714,0.13386170737171954,False
9999960_00000_d_0000009.jpg,21,YOLOv13-L,YOLOv13-N,0.9545454545454544,0.9545454545454544,0.0,0.0,0.012383674641069252,0.024501294339999903,0.02385834870342185,False
0000016_00420_d_0000068.jpg,46,YOLOv13-L,YOLOv13-X,0.7032967032967032,0.7526881720430109,0.04939146874630762,0.0,0.11589517159556255,0.21574143876242433,0.1990736420529424,False
9999994_00000_d_0000015.jpg,70,YOLOv13-L,YOLOv13-L,0.7478260869565218,0.7478260869565218,0.0,0.0,0.058956965893837344,0.1335430455695955,0.1305746887771742,True
9999955_00000_d_0000046.jpg,52,YOLOv13-L,YOLOv13-X,0.5569620253164557,0.5822784810126582,0.025316455696202556,0.0,0.05422209241875423,0.1353246352631115,0.11990823911036037,False
9999964_00000_d_0000016.jpg,80,YOLOv13-X,YOLOv13-L,0.8125,0.8516129032258064,0.039112903225806406,0.0,0.056169488984254695,0.12460051547106167,0.1296330206659028,False
9999937_00000_d_0000147.jpg,62,YOLOv13-X,YOLOv13-X,0.6041666666666666,0.6041666666666666,0.0,0.0,0.0637832143954343,0.13091945252879122,0.1350367088516808,True
9999956_00000_d_0000105.jpg,39,YOLOv13-X,YOLOv13-X,0.6478873239436619,0.6478873239436619,0.0,0.0,0.0654887702000844,0.15940698845082008,0.16549354947347442,True
9999962_00000_d_0000073.jpg,24,YOLOv13-L,YOLOv13-L,0.8181818181818182,0.8181818181818182,0.0,0.0,0.06183299900945442,0.14594316211446995,0.13653186873413387,True
9999999_00795_d_0000364.jpg,216,YOLOv13-X,YOLOv13-L,0.4952978056426332,0.504731861198738,0.009434055556104826,0.0,0.06955104847275073,0.142304333901697,0.14696772615543718,False
0000140_01877_d_0000003.jpg,305,YOLOv13-X,YOLOv13-L,0.5714285714285714,0.5786407766990291,0.007212205270457739,0.0,0.04712522474810706,0.11651993118125832,0.13069084057306343,False
0000348_05097_d_0000432.jpg,76,YOLOv13-X,YOLOv13-X,0.8689655172413793,0.8689655172413793,0.0,0.0,0.05771095046569156,0.13807759118147167,0.1425320993994293,True
9999955_00000_d_0000085.jpg,56,YOLOv13-X,YOLOv13-L,0.5517241379310344,0.5681818181818182,0.016457680250783868,0.0,0.06145097283334831,0.13415312131635415,0.13832569455454055,False
9999969_00000_d_0000045.jpg,47,YOLOv13-L,YOLOv13-L,0.8602150537634409,0.8602150537634409,0.0,0.0,0.07937924195232418,0.171181315013895,0.16810873925311853,True
9999955_00000_d_0000063.jpg,10,YOLOv13-X,YOLOv13-N,0.9,0.9,0.0,0.0,0.04568230611575405,0.059492811925303396,0.0683908812439196,False
9999955_00000_d_0000266.jpg,9,YOLOv13-L,YOLOv13-X,0.7999999999999999,0.8421052631578948,0.04210526315789487,0.0,0.055043133939547156,0.12688421531633964,0.11901704316896647,False
9999962_00000_d_0000034.jpg,20,YOLOv13-X,YOLOv13-X,0.9047619047619048,0.9047619047619048,0.0,0.0,0.03469170706003854,0.06223951814493841,0.07521089715058214,True
9999955_00000_d_0000239.jpg,32,YOLOv13-X,YOLOv13-L,0.75,0.8125,0.0625,0.0,0.06191445282879419,0.12473274200172485,0.12484329624193001,False
9999998_00227_d_0000183.jpg,13,YOLOv13-L,YOLOv13-L,0.962962962962963,0.962962962962963,0.0,0.0,0.009541222263422583,0.038004614813489726,0.03194567008265554,True
9999940_00000_d_0000025.jpg,39,YOLOv13-X,YOLOv13-L,0.6376811594202899,0.7076923076923076,0.07001114827201771,0.0,0.049674139367822154,0.11270950933198762,0.11351513985991829,False
9999943_00000_d_0000063.jpg,55,YOLOv13-L,YOLOv13-L,0.8849557522123893,0.8849557522123893,0.0,0.0,0.04171734392194728,0.11282822687327147,0.1071137465334815,True
9999984_00000_d_0000125.jpg,34,YOLOv13-L,YOLOv13-X,0.5098039215686274,0.6153846153846153,0.10558069381598789,0.0,0.04884736592622033,0.11875604831728227,0.1099695694077748,False
0000358_02549_d_0000693.jpg,69,YOLOv13-X,YOLOv13-X,0.8159999999999998,0.8159999999999998,0.0,0.0,0.05992277107227881,0.11863222264547643,0.12579421438622093,True
0000175_00432_d_0000001.jpg,9,YOLOv13-X,YOLOv13-L,0.8,0.8,0.0,0.0,0.009795035344256908,0.05691599962869235,0.06843536309085492,False
9999987_00000_d_0000054.jpg,85,YOLOv13-X,YOLOv13-L,0.4566929133858268,0.4881889763779527,0.03149606299212593,0.0,0.07456049834165789,0.15451287555769957,0.1584216212687104,False
9999998_00347_d_0000299.jpg,114,YOLOv13-X,YOLOv13-X,0.528735632183908,0.528735632183908,0.0,0.0,0.05567468955617399,0.12363637050801,0.1332659306791373,True
9999999_00171_d_0000070.jpg,151,YOLOv13-X,YOLOv13-L,0.3921568627450981,0.4019607843137255,0.009803921568627416,0.0,0.06010739782752885,0.11829208405694326,0.12835351408722706,False
0000303_00401_d_0000185.jpg,112,YOLOv13-L,YOLOv13-X,0.6179775280898876,0.6263736263736264,0.008396098283738773,0.0,0.0649969369319455,0.15618585356434553,0.14398219735104378,False
9999950_00000_d_0000034.jpg,18,YOLOv13-X,YOLOv13-X,0.8421052631578948,0.8421052631578948,0.0,0.0,0.07249365093835687,0.12389085399423509,0.13387106966863258,True
0000331_00801_d_0000828.jpg,29,YOLOv13-L,YOLOv13-X,0.7407407407407408,0.7719298245614034,0.031189083820662544,0.0,0.0668230841430468,0.1440276126665989,0.14291303172658734,False
9999999_00271_d_0000118.jpg,83,YOLOv13-X,YOLOv13-X,0.7142857142857142,0.7142857142857142,0.0,0.0,0.05013660201625832,0.10893403133775079,0.11217675682512197,True
9999942_00000_d_0000200.jpg,50,YOLOv13-X,YOLOv13-L,0.82,0.9306930693069309,0.1106930693069309,0.0,0.06471699182058842,0.12523346992090237,0.13045493882107476,False
9999999_00125_d_0000047.jpg,80,YOLOv13-L,YOLOv13-L,0.6923076923076923,0.6923076923076923,0.0,0.0,0.05299567309313452,0.10874002152377005,0.10542160727555884,True
9999998_00096_d_0000076.jpg,66,YOLOv13-L,YOLOv13-L,0.4817518248175182,0.4817518248175182,0.0,0.0,0.11213934734531841,0.18201565541756035,0.17924956068643558,True
9999945_00000_d_0000099.jpg,40,YOLOv13-L,YOLOv13-L,0.5901639344262294,0.5901639344262294,0.0,0.0,0.04646073628677274,0.09335340808222495,0.08275339285248144,True
9999990_00000_d_0000007.jpg,80,YOLOv13-X,YOLOv13-X,0.7852760736196319,0.7852760736196319,0.0,0.0,0.05723947038140563,0.1200229929353621,0.12278934639585606,True
9999972_00000_d_0000012.jpg,25,YOLOv13-X,YOLOv13-L,0.7450980392156863,0.7916666666666667,0.04656862745098045,0.0,0.07063572626636616,0.1119378664409878,0.11819569859801134,False
0000315_00001_d_0000501.jpg,45,YOLOv13-X,YOLOv13-L,0.7179487179487178,0.7179487179487178,0.0,0.0,0.03664245273265329,0.08734887922042385,0.0918204572973529,False
9999953_00000_d_0000172.jpg,6,YOLOv13-L,YOLOv13-S,0.923076923076923,0.923076923076923,0.0,0.0,0.0686733729872901,0.14218797825532312,0.13367088120351883,False
9999981_00000_d_0000124.jpg,54,YOLOv13-X,YOLOv13-L,0.7924528301886792,0.823529411764706,0.031076581576026774,0.0,0.03743478982019528,0.09066582425884927,0.09451448558908865,False
0000351_03529_d_0000537.jpg,5,YOLOv13-X,YOLOv13-S,0.7499999999999999,0.7499999999999999,0.0,0.0,0.041367703006761174,0.05953736759619843,0.07600002003315419,False
9999987_00000_d_0000040.jpg,114,YOLOv13-X,YOLOv13-X,0.8177777777777778,0.8177777777777778,0.0,0.0,0.07217575262428903,0.13094946918476533,0.15032330148471623,True
9999937_00000_d_0000195.jpg,73,YOLOv13-L,YOLOv13-X,0.6299212598425197,0.6615384615384615,0.03161720169594184,0.0,0.061312615762209303,0.1597337306269063,0.14815350393419402,False
9999999_00490_d_0000218.jpg,61,YOLOv13-X,YOLOv13-L,0.611111111111111,0.6371681415929203,0.026057030481809296,0.0,0.06646700421514927,0.12978795065908316,0.14047691729655826,False
9999999_00318_d_0000139.jpg,103,YOLOv13-X,YOLOv13-L,0.6046511627906976,0.6467065868263473,0.04205542403564966,0.0,0.06962187625131719,0.1701101946788396,0.17646895621999778,False
9999942_00000_d_0000150.jpg,34,YOLOv13-L,YOLOv13-L,0.8955223880597014,0.8955223880597014,0.0,0.0,0.030009232365015334,0.07347149851627614,0.06179244438930194,True
0000220_04467_d_0000015.jpg,22,YOLOv13-L,YOLOv13-L,0.717948717948718,0.717948717948718,0.0,0.0,0.09362298037894434,0.1916683425714779,0.17891037616964853,True
9999987_00000_d_0000004.jpg,52,YOLOv13-X,YOLOv13-X,0.6976744186046512,0.6976744186046512,0.0,0.0,0.07217330709355177,0.15553993398239316,0.1632409344164422,True
9999937_00000_d_0000151.jpg,16,YOLOv13-L,YOLOv13-L,0.6153846153846154,0.6153846153846154,0.0,0.0,0.11325360644175506,0.1882852177567588,0.1736948708184172,True
9999953_00000_d_0000099.jpg,13,YOLOv13-L,YOLOv13-S,0.7500000000000001,0.7692307692307693,0.019230769230769162,0.0,0.08035659333611134,0.16923242122641904,0.15091495982328784,False
9999951_00000_d_0000207.jpg,29,YOLOv13-L,YOLOv13-N,0.6176470588235294,0.6666666666666667,0.0490196078431373,0.0,0.045371578344836835,0.1059598231731395,0.09805972498990154,False
9999998_00419_d_0000371.jpg,57,YOLOv13-X,YOLOv13-X,0.8411214953271027,0.8411214953271027,0.0,0.0,0.04146184291244118,0.09486580528635837,0.10429129241760626,True
0000344_02941_d_0000308.jpg,95,YOLOv13-X,YOLOv13-L,0.5324675324675325,0.5695364238410596,0.03706889137352709,0.0,0.07196133987954564,0.15151948034844212,0.15750044707793706,False
9999960_00000_d_0000102.jpg,27,YOLOv13-L,YOLOv13-L,0.9310344827586208,0.9310344827586208,0.0,0.0,0.022468227197680053,0.05698164875644139,0.054677162146172645,True
0000293_04001_d_0000942.jpg,121,YOLOv13-X,YOLOv13-L,0.5989304812834225,0.6129032258064516,0.013972744523029101,0.0,0.061726030146123906,0.12202090726737759,0.12675928215601945,False
9999953_00000_d_0000076.jpg,34,YOLOv13-L,YOLOv13-X,0.8571428571428571,0.8749999999999999,0.017857142857142794,0.0,0.03919099663596007,0.09584948548188166,0.07792299354993756,False
9999951_00000_d_0000210.jpg,179,YOLOv13-X,YOLOv13-X,0.6724137931034483,0.6724137931034483,0.0,0.0,0.07214811214681491,0.14906141613738574,0.16395991804315768,True
9999965_00000_d_0000063.jpg,40,YOLOv13-L,YOLOv13-X,0.9156626506024096,0.9397590361445785,0.024096385542168863,0.0,0.010102661814900014,0.03968877559168842,0.03026774428313848,False
9999945_00000_d_0000007.jpg,22,YOLOv13-X,YOLOv13-L,0.6666666666666667,0.7894736842105263,0.12280701754385959,0.0,0.06320217753969298,0.13618977542683863,0.1367170381932151,False
9999999_00083_d_0000028.jpg,37,YOLOv13-L,YOLOv13-L,0.7605633802816901,0.7605633802816901,0.0,0.0,0.02820792032751601,0.07531881012549853,0.07515208237676772,True
0000166_00158_d_0000116.jpg,47,YOLOv13-X,YOLOv13-X,0.6976744186046512,0.6976744186046512,0.0,0.0,0.07854387700477779,0.18422723218405837,0.19425077462248516,True
9999994_00000_d_0000026.jpg,62,YOLOv13-X,YOLOv13-L,0.505263157894737,0.5111111111111112,0.005847953216374213,0.0,0.05141612356738385,0.08188041850826148,0.09271899534935707,False
9999942_00000_d_0000167.jpg,73,YOLOv13-X,YOLOv13-X,0.7878787878787878,0.7878787878787878,0.0,0.0,0.04776224697255626,0.11072525505338772,0.11847244589135605,True
9999999_00366_d_0000159.jpg,142,YOLOv13-L,YOLOv13-L,0.5953488372093023,0.5953488372093023,0.0,0.0,0.07243189709366953,0.16176098692378413,0.16024068855911497,True
9999982_00000_d_0000115.jpg,42,YOLOv13-X,YOLOv13-L,0.7524752475247525,0.8080808080808081,0.05560556055605559,0.0,0.06722864455810243,0.12976169127224105,0.1299397614256966,False
9999943_00000_d_0000064.jpg,36,YOLOv13-X,YOLOv13-L,0.9041095890410958,0.96,0.055890410958904124,0.0,0.017525103142699217,0.05040079328496447,0.0536656606585134,False
0000225_00460_d_0000002.jpg,31,YOLOv13-X,YOLOv13-X,0.84375,0.84375,0.0,0.0,0.0576447176934574,0.12970336761429224,0.1342465751049353,True
9999969_00000_d_0000012.jpg,94,YOLOv13-X,YOLOv13-X,0.8121827411167513,0.8121827411167513,0.0,0.0,0.05590935725280089,0.13401613003672605,0.13904552755981253,True
9999955_00000_d_0000271.jpg,76,YOLOv13-X,YOLOv13-X,0.6229508196721311,0.6229508196721311,0.0,0.0,0.06307120681033973,0.13563577907779556,0.14791216358276146,True
9999955_00000_d_0000207.jpg,24,YOLOv13-L,YOLOv13-N,0.6296296296296297,0.851063829787234,0.2214342001576044,0.0,0.046079892996004776,0.1007212571990192,0.09351271681833113,False
9999942_00000_d_0000039.jpg,31,YOLOv13-L,YOLOv13-S,0.8888888888888888,0.90625,0.01736111111111116,0.0,0.06732867424017001,0.13644262351306344,0.13413281619286693,False
9999966_00000_d_0000084.jpg,31,YOLOv13-L,YOLOv13-X,0.7017543859649122,0.7272727272727272,0.02551834130781494,0.0,0.08156362160701412,0.1665760878370914,0.1521051195768752,False
9999940_00000_d_0000047.jpg,104,YOLOv13-X,YOLOv13-L,0.751219512195122,0.8038277511961722,0.05260823900105027,0.0,0.07486939616296989,0.16214574910297902,0.1658522156887558,False
9999972_00000_d_0000080.jpg,30,YOLOv13-L,YOLOv13-L,0.896551724137931,0.896551724137931,0.0,0.0,0.04361429185673936,0.09931731932381503,0.09634255177812655,True
9999942_00000_d_0000030.jpg,27,YOLOv13-L,YOLOv13-X,0.8363636363636364,0.8888888888888888,0.05252525252525242,0.0,0.03353026174287619,0.0811884299512628,0.07900427919628154,False
9999951_00000_d_0000111.jpg,55,YOLOv13-X,YOLOv13-L,0.972972972972973,0.9821428571428572,0.00916988416988418,0.0,0.03264183190023991,0.047746799593625176,0.05206978170695225,False
9999951_00000_d_0000005.jpg,30,YOLOv13-L,YOLOv13-X,0.6153846153846153,0.6274509803921569,0.012066365007541546,0.0,0.07874239522949669,0.1748648875892096,0.1643651290277957,False
9999955_00000_d_0000425.jpg,41,YOLOv13-X,YOLOv13-L,0.5084745762711864,0.5263157894736842,0.017841213202497763,0.0,0.039302677516750706,0.0838082593253601,0.08589572395213205,False
9999940_00000_d_0000013.jpg,48,YOLOv13-L,YOLOv13-L,0.4927536231884058,0.4927536231884058,0.0,0.0,0.09091446016934293,0.1688122539858904,0.15329112630816413,True
0000226_00500_d_0000002.jpg,127,YOLOv13-X,YOLOv13-L,0.6310679611650486,0.6729857819905214,0.041917820825472796,0.0,0.055800118456336784,0.11894112593199944,0.1242409813622749,False
9999955_00000_d_0000208.jpg,61,YOLOv13-L,YOLOv13-L,0.9076923076923076,0.9076923076923076,0.0,0.0,0.062210053404387775,0.1349288311473451,0.13414181933885258,True
9999955_00000_d_0000020.jpg,91,YOLOv13-X,YOLOv13-L,0.4210526315789473,0.4496124031007751,0.028559771521827815,0.0,0.05650102280699259,0.12892307362196204,0.14068389212966548,False
9999974_00000_d_0000047.jpg,38,YOLOv13-L,YOLOv13-X,0.742857142857143,0.7999999999999999,0.05714285714285694,0.0,0.07115162937814146,0.1600076813372335,0.1599587946456545,False
0000338_02745_d_0000152.jpg,73,YOLOv13-X,YOLOv13-X,0.7971014492753623,0.7971014492753623,0.0,0.0,0.059819435731609395,0.12875811137744717,0.13500765317780825,True
9999999_00723_d_0000329.jpg,31,YOLOv13-L,YOLOv13-X,0.7636363636363636,0.8070175438596492,0.04338118022328563,0.0,0.053848754529018314,0.11250172463288274,0.10910610238935517,False
0000235_01411_d_0000004.jpg,22,YOLOv13-X,YOLOv13-L,0.7222222222222223,0.7222222222222223,0.0,0.0,0.07727222503127015,0.13421909190632295,0.1373293216136265,False
9999998_00430_d_0000382.jpg,78,YOLOv13-X,YOLOv13-X,0.4778761061946902,0.4778761061946902,0.0,0.0,0.0456344644626214,0.12367422075147738,0.13183429086753426,True
9999997_00000_d_0000051.jpg,8,YOLOv13-L,YOLOv13-S,0.3333333333333333,0.4,0.06666666666666671,0.0,0.04429242551152272,0.17754547716456398,0.13453124546410694,False
9999998_00161_d_0000136.jpg,16,YOLOv13-L,YOLOv13-L,0.6976744186046512,0.6976744186046512,0.0,0.0,0.06820151376143005,0.14540988783203312,0.14391031078158684,True
9999990_00000_d_0000026.jpg,161,YOLOv13-X,YOLOv13-X,0.6877192982456141,0.6877192982456141,0.0,0.0,0.053184618728985784,0.13347353524477082,0.1401326632028509,True
0000107_01673_d_0000053.jpg,85,YOLOv13-L,YOLOv13-X,0.64,0.6802721088435375,0.04027210884353749,0.0,0.08827304315357386,0.19963884275576554,0.19451174488942796,False
9999955_00000_d_0000309.jpg,93,YOLOv13-X,YOLOv13-X,0.8369565217391305,0.8369565217391305,0.0,0.0,0.05635892116617584,0.1191493578138881,0.1291150304337382,True
9999951_00000_d_0000193.jpg,29,YOLOv13-X,YOLOv13-X,0.9508196721311476,0.9508196721311476,0.0,0.0,0.04936297131453868,0.07831067010088677,0.08376445631826691,True
9999972_00000_d_0000024.jpg,28,YOLOv13-L,YOLOv13-X,0.88,0.888888888888889,0.008888888888888946,0.0,0.017405365400262735,0.05520998179276521,0.04484398458585023,False
9999997_00000_d_0000043.jpg,30,YOLOv13-L,YOLOv13-L,0.6923076923076923,0.6923076923076923,0.0,0.0,0.039694612046626096,0.08910277763498234,0.08352120001654412,True
9999951_00000_d_0000319.jpg,42,YOLOv13-L,YOLOv13-X,0.5277777777777778,0.5641025641025642,0.03632478632478642,0.0,0.0698604214280602,0.1465501384565187,0.1434736574957768,False
0000178_00201_d_0000007.jpg,10,YOLOv13-X,YOLOv13-X,0.7777777777777777,0.7777777777777777,0.0,0.0,0.09384125216552787,0.16924145542243857,0.17615394269976703,True
9999994_00000_d_0000008.jpg,70,YOLOv13-X,YOLOv13-X,0.7343749999999999,0.7343749999999999,0.0,0.0,0.06758619883406354,0.1340879095802465,0.13998322959391862,True
9999962_00000_d_0000102.jpg,60,YOLOv13-X,YOLOv13-X,0.8780487804878048,0.8780487804878048,0.0,0.0,0.055024689627519746,0.11410146978942666,0.12559813255383573,True
9999945_00000_d_0000110.jpg,97,YOLOv13-X,YOLOv13-X,0.703030303030303,0.703030303030303,0.0,0.0,0.0692562878633005,0.16271148491701246,0.17009306642258848,True
9999987_00000_d_0000017.jpg,51,YOLOv13-X,YOLOv13-L,0.6904761904761905,0.7058823529411764,0.01540616246498594,0.0,0.07990167013046512,0.1471256353049579,0.1524074197000167,False
9999972_00000_d_0000055.jpg,21,YOLOv13-L,YOLOv13-L,1.0,1.0,0.0,0.0,0.039068193361537495,0.08968773081928592,0.08911151670606289,True
9999982_00000_d_0000126.jpg,29,YOLOv13-X,YOLOv13-X,0.7200000000000001,0.7200000000000001,0.0,0.0,0.056235382390121165,0.14816281073943569,0.15138354569085974,True
9999967_00000_d_0000017.jpg,81,YOLOv13-X,YOLOv13-L,0.7142857142857143,0.7631578947368421,0.048872180451127845,0.0,0.056680408687395,0.128973944818262,0.13704516291038416,False
9999982_00000_d_0000148.jpg,12,YOLOv13-S,YOLOv13-X,0.5599999999999999,0.6956521739130435,0.13565217391304352,0.0,0.05040152862661272,0.012863430208334107,0.024097608289996086,False
0000309_02801_d_0000347.jpg,45,YOLOv13-L,YOLOv13-S,0.6470588235294117,0.6868686868686867,0.03980986333927505,0.0,0.055896829222673985,0.12711694836615395,0.12460805823216708,False
9999972_00000_d_0000152.jpg,17,YOLOv13-L,YOLOv13-L,0.8749999999999999,0.8749999999999999,0.0,0.0,0.02681617798980131,0.061629497259729084,0.044773482794952524,True
9999972_00000_d_0000131.jpg,25,YOLOv13-L,YOLOv13-L,0.7727272727272727,0.7727272727272727,0.0,0.0,0.04913506327044201,0.10942170808728048,0.10471047354908138,True
9999977_00000_d_0000073.jpg,6,YOLOv13-X,YOLOv13-S,0.6,0.6,0.0,0.0,0.043690653200022016,0.09306094008337701,0.10017203105629427,False
0000279_02401_d_0000596.jpg,127,YOLOv13-X,YOLOv13-X,0.5876777251184835,0.5876777251184835,0.0,0.0,0.03835415817413186,0.10108882233684226,0.108644397436211,True
9999942_00000_d_0000098.jpg,16,YOLOv13-X,YOLOv13-L,0.8571428571428572,0.9090909090909092,0.051948051948051965,0.0,0.04768008112843206,0.09164368884527183,0.09255878513139203,False
9999955_00000_d_0000213.jpg,106,YOLOv13-X,YOLOv13-L,0.6634146341463415,0.6907216494845361,0.027307015338194573,0.0,0.059470484544308776,0.14573537367474768,0.151592720768472,False
0000339_02549_d_0000174.jpg,81,YOLOv13-L,YOLOv13-X,0.627450980392157,0.6490066225165563,0.02155564212439931,0.0,0.0351804387333054,0.11066514189296182,0.10312780789043413,False
9999966_00000_d_0000011.jpg,57,YOLOv13-X,YOLOv13-L,0.5904761904761905,0.6274509803921567,0.036974789915966255,0.0,0.07716275998264757,0.1801302298202462,0.18328737590459732,False
0000239_05475_d_0000015.jpg,18,YOLOv13-L,YOLOv13-X,0.75,0.7741935483870968,0.024193548387096753,0.0,0.05701095473367537,0.12520624111985207,0.12410199242186547,False
9999982_00000_d_0000169.jpg,79,YOLOv13-L,YOLOv13-L,0.5225225225225225,0.5225225225225225,0.0,0.0,0.04586201047931538,0.07498080200677001,0.06871064547618316,True
9999960_00000_d_0000151.jpg,73,YOLOv13-X,YOLOv13-X,0.7716535433070867,0.7716535433070867,0.0,0.0,0.06256044338786379,0.1318685455052015,0.14193596179613976,True
9999953_00000_d_0000028.jpg,18,YOLOv13-X,YOLOv13-S,0.9714285714285714,0.9714285714285714,0.0,0.0,0.027392304877995436,0.07855358801027987,0.0858995032626099,False
9999987_00000_d_0000026.jpg,91,YOLOv13-X,YOLOv13-X,0.5185185185185185,0.5185185185185185,0.0,0.0,0.05154854737826159,0.13251754848306518,0.13568165168117238,True
9999984_00000_d_0000163.jpg,4,YOLOv13-X,YOLOv13-S,0.6666666666666665,0.888888888888889,0.22222222222222243,0.0,0.01168352719575883,0.012270406683132264,0.021149317217826737,False
9999989_00000_d_0000005.jpg,74,YOLOv13-X,YOLOv13-L,0.5546218487394958,0.5691056910569106,0.01448384231741473,0.0,0.05128752875024322,0.13309153247325392,0.13601348025619003,False
9999956_00000_d_0000076.jpg,54,YOLOv13-X,YOLOv13-X,0.7476635514018692,0.7476635514018692,0.0,0.0,0.0717058365112831,0.16956541523111548,0.17223185815604597,True
9999937_00000_d_0000109.jpg,65,YOLOv13-L,YOLOv13-X,0.5925925925925926,0.6037735849056605,0.011180992313067906,0.0,0.06685005689278982,0.1554951978667689,0.15466702205171293,False
9999998_00349_d_0000301.jpg,93,YOLOv13-L,YOLOv13-X,0.6787878787878787,0.7435897435897435,0.06480186480186478,0.0,0.06109709850631954,0.14057254584633067,0.14054174512235562,False
0000275_01201_d_0000503.jpg,44,YOLOv13-X,YOLOv13-X,0.6842105263157896,0.6842105263157896,0.0,0.0,0.05458732114693155,0.11592286722121808,0.12187022573673406,True
9999942_00000_d_0000248.jpg,35,YOLOv13-X,YOLOv13-X,0.8181818181818182,0.8181818181818182,0.0,0.0,0.08401032371343026,0.1482342104865934,0.15694459717388806,True
9999999_00729_d_0000332.jpg,44,YOLOv13-L,YOLOv13-L,0.7397260273972602,0.7397260273972602,0.0,0.0,0.013205732134518798,0.04770253225506527,0.04156049688122684,True
0000225_01730_d_0000006.jpg,83,YOLOv13-X,YOLOv13-L,0.6802721088435375,0.7034482758620689,0.023176167018531424,0.0,0.05089766389577449,0.11401215611184107,0.12139875252952664,False
9999998_00314_d_0000267.jpg,46,YOLOv13-L,YOLOv13-X,0.617283950617284,0.6506024096385542,0.033318459021270175,0.0,0.053088939501496006,0.11142736287197828,0.1063692873391562,False
9999955_00000_d_0000203.jpg,103,YOLOv13-X,YOLOv13-L,0.6630434782608695,0.7021276595744681,0.03908418131359859,0.0,0.0636558411974549,0.14517239984420696,0.14794011317705652,False
9999985_00000_d_0000011.jpg,34,YOLOv13-X,YOLOv13-L,0.7666666666666666,0.7719298245614036,0.0052631578947369695,0.0,0.0611529071584042,0.16427467621886446,0.1688739160789159,False
0000181_01211_d_0000031.jpg,146,YOLOv13-X,YOLOv13-X,0.6153846153846154,0.6153846153846154,0.0,0.0,0.06525260916250522,0.15058657462784036,0.15216983584300456,True
9999998_00269_d_0000222.jpg,60,YOLOv13-L,YOLOv13-L,0.75,0.75,0.0,0.0,0.055247478664132814,0.11934191695573883,0.1144808336989497,True
9999951_00000_d_0000167.jpg,17,YOLOv13-L,YOLOv13-L,0.9714285714285714,0.9714285714285714,0.0,0.0,0.05736154955033183,0.09601813530716202,0.08739947780339842,True
9999937_00000_d_0000103.jpg,55,YOLOv13-X,YOLOv13-X,0.673469387755102,0.673469387755102,0.0,0.0,0.05646533806533317,0.12977775925803672,0.14040956724608616,True
9999984_00000_d_0000043.jpg,47,YOLOv13-X,YOLOv13-L,0.7764705882352942,0.7865168539325842,0.010046265697289947,0.0,0.05583237194238287,0.11201200273985727,0.11770018677756504,False
9999940_00000_d_0000101.jpg,6,YOLOv13-X,YOLOv13-X,0.8333333333333334,0.8333333333333334,0.0,0.0,0.03731656205293846,0.1699475491885586,0.1941215130972301,True
0000258_00657_d_0000071.jpg,70,YOLOv13-L,YOLOv13-X,0.6616541353383458,0.671875,0.010220864661654172,0.0,0.05848069273911122,0.11645609698798078,0.11493052160845452,False
0000349_05489_d_0000468.jpg,7,YOLOv13-L,YOLOv13-X,0.5263157894736842,0.6666666666666665,0.14035087719298234,0.0,0.07645991867266824,0.18712044940950945,0.16108305615575585,False
9999937_00000_d_0000005.jpg,16,YOLOv13-L,YOLOv13-L,0.3,0.3,0.0,0.0,0.06902397545448236,0.11798436009985917,0.10491247681527388,True
9999987_00000_d_0000055.jpg,68,YOLOv13-X,YOLOv13-L,0.7936507936507937,0.8235294117647058,0.029878618113912125,0.0,0.07158395595834278,0.13495847465173016,0.14322326812180633,False
9999951_00000_d_0000158.jpg,38,YOLOv13-X,YOLOv13-X,0.6666666666666666,0.6666666666666666,0.0,0.0,0.04877274811514405,0.08677889250748348,0.08730594785431861,True
9999972_00000_d_0000073.jpg,21,YOLOv13-L,YOLOv13-L,0.9523809523809524,0.9523809523809524,0.0,0.0,0.01409837199246054,0.047320544545544414,0.046294681014315456,True
0000197_01958_d_0000151.jpg,219,YOLOv13-X,YOLOv13-X,0.3918918918918919,0.3918918918918919,0.0,0.0,0.060029884836000434,0.13858465041090562,0.15109165111389816,True
9999937_00000_d_0000216.jpg,131,YOLOv13-X,YOLOv13-L,0.4948453608247422,0.5,0.005154639175257825,0.0,0.07467921341174819,0.1482573803746121,0.16385444219470777,False
9999951_00000_d_0000075.jpg,36,YOLOv13-L,YOLOv13-X,0.923076923076923,1.0,0.07692307692307698,0.0,0.04286046889948674,0.0716443606999912,0.05668447482266119,False
9999965_00000_d_0000068.jpg,26,YOLOv13-L,YOLOv13-L,0.9615384615384616,0.9615384615384616,0.0,0.0,0.043670391824030645,0.08219378398311497,0.07430052375586187,True
0000348_01765_d_0000415.jpg,56,YOLOv13-X,YOLOv13-L,0.7962962962962962,0.8349514563106796,0.038655160014383405,0.0,0.05763226162605084,0.13465657850617577,0.13781286603208812,False
0000110_01428_d_0000066.jpg,35,YOLOv13-X,YOLOv13-L,0.5818181818181818,0.6440677966101694,0.06224961479198765,0.0,0.05518397974913789,0.13368981080903447,0.1370428025530221,False
9999955_00000_d_0000086.jpg,23,YOLOv13-L,YOLOv13-L,0.8372093023255814,0.8372093023255814,0.0,0.0,0.044261133615541084,0.09684544044565754,0.09590314875171191,True
9999984_00000_d_0000166.jpg,30,YOLOv13-X,YOLOv13-L,0.3902439024390244,0.4761904761904761,0.0859465737514517,0.0,0.06088122828127346,0.1507414661967546,0.1605716387458307,False
0000196_03072_d_0000141.jpg,217,YOLOv13-X,YOLOv13-L,0.3392226148409894,0.3598615916955017,0.02063897685451227,0.0,0.056395828567809794,0.13020786122942196,0.14461566570121903,False
9999951_00000_d_0000088.jpg,30,YOLOv13-L,YOLOv13-X,0.7692307692307692,0.7843137254901961,0.015082956259426905,0.0,0.0367700520888695,0.09871438360589674,0.08607195867487274,False
9999999_00374_d_0000162.jpg,48,YOLOv13-L,YOLOv13-X,0.8514851485148515,0.8823529411764706,0.030867792661619098,0.0,0.056063817188597834,0.15636641544729868,0.15248589199309306,False
9999977_00000_d_0000044.jpg,65,YOLOv13-X,YOLOv13-X,0.6336633663366337,0.6336633663366337,0.0,0.0,0.058162259940310095,0.12954289430367893,0.13540554747688224,True
9999942_00000_d_0000009.jpg,61,YOLOv13-X,YOLOv13-L,0.7741935483870968,0.7868852459016392,0.012691697514542466,0.0,0.0742556339558598,0.15324454055335343,0.15516812932714616,False
9999999_00787_d_0000360.jpg,85,YOLOv13-X,YOLOv13-L,0.7195121951219512,0.7272727272727272,0.0077605321507759895,0.0,0.06768677829636059,0.12937960652192618,0.13833165572753522,False
0000343_00197_d_0000276.jpg,61,YOLOv13-X,YOLOv13-L,0.6972477064220183,0.7047619047619049,0.007514198339886646,0.0,0.056659658159409536,0.11751881849193786,0.12266004805650549,False
9999943_00000_d_0000022.jpg,51,YOLOv13-L,YOLOv13-X,0.8990825688073395,0.9056603773584904,0.0065778085511508655,0.0,0.0453076747013306,0.08775925715183415,0.07875881578893998,False
9999940_00000_d_0000001.jpg,68,YOLOv13-L,YOLOv13-L,0.5102040816326531,0.5102040816326531,0.0,0.0,0.07992420091169003,0.16682031432801422,0.15321060550521584,True
9999964_00000_d_0000019.jpg,57,YOLOv13-X,YOLOv13-X,0.7358490566037734,0.7358490566037734,0.0,0.0,0.042038386994010954,0.10423459880995774,0.10517547957085953,True
0000226_01500_d_0000005.jpg,108,YOLOv13-L,YOLOv13-X,0.7922705314009661,0.8040201005025126,0.011749569101546453,0.0,0.059617564254903124,0.1134828198117124,0.11279386985179418,False
9999984_00000_d_0000119.jpg,14,YOLOv13-L,YOLOv13-S,0.8571428571428571,0.88,0.02285714285714291,0.0,0.0425417747964199,0.10260035501056321,0.0901316381698873,False
9999984_00000_d_0000155.jpg,15,YOLOv13-X,YOLOv13-X,0.7200000000000001,0.7200000000000001,0.0,0.0,0.0861867410115858,0.10496116341896125,0.11132266658769621,True
9999998_00385_d_0000337.jpg,74,YOLOv13-L,YOLOv13-L,0.7906976744186047,0.7906976744186047,0.0,0.0,0.07217864991526951,0.13918116196435504,0.13383559280321508,True
9999942_00000_d_0000228.jpg,33,YOLOv13-L,YOLOv13-X,0.927536231884058,1.0,0.07246376811594202,0.0,0.05912619614972367,0.11372807708622464,0.1026381433062193,False
9999999_00313_d_0000138.jpg,47,YOLOv13-X,YOLOv13-L,0.5591397849462365,0.5957446808510638,0.036604895904827295,0.0,0.08140493092063787,0.18262755315421111,0.21004534790019566,False
9999945_00000_d_0000072.jpg,32,YOLOv13-X,YOLOv13-L,0.9142857142857144,0.927536231884058,0.013250517598343614,0.0,0.05231014656930986,0.11623187146226249,0.11861687220169431,False
9999964_00000_d_0000052.jpg,68,YOLOv13-L,YOLOv13-X,0.728813559322034,0.7586206896551724,0.02980713033313842,0.0,0.043282309222424445,0.0848611119266954,0.08251369883966458,False
9999987_00000_d_0000032.jpg,31,YOLOv13-X,YOLOv13-X,0.6181818181818182,0.6181818181818182,0.0,0.0,0.057901805260283504,0.14022723738907925,0.16944109828267004,True
9999955_00000_d_0000323.jpg,135,YOLOv13-X,YOLOv13-L,0.5555555555555555,0.5636363636363636,0.008080808080808133,0.0,0.0754873765095499,0.1370158883976237,0.14632613461369526,False
0000220_02000_d_0000006.jpg,29,YOLOv13-L,YOLOv13-X,0.7924528301886793,0.8461538461538461,0.053701015965166854,0.0,0.04837660348796928,0.0995115665460956,0.09385686631200171,False
0000198_01629_d_0000160.jpg,27,YOLOv13-L,YOLOv13-N,0.3157894736842105,0.3428571428571428,0.027067669172932296,0.0,0.05021698667471949,0.11780808925500663,0.1162974722623595,False
0000165_01325_d_0000090.jpg,45,YOLOv13-X,YOLOv13-L,0.5789473684210527,0.6075949367088608,0.028647568287808123,0.0,0.07105815156857033,0.167636948978183,0.17273131540296774,False
9999966_00000_d_0000026.jpg,72,YOLOv13-L,YOLOv13-L,0.6785714285714285,0.6785714285714285,0.0,0.0,0.06536706183638953,0.13509535711172976,0.13216707803864483,True
9999981_00000_d_0000130.jpg,7,YOLOv13-L,YOLOv13-X,0.7777777777777778,0.8235294117647058,0.04575163398692805,0.0,0.09307869344647816,0.198164143511747,0.18684625356985143,False
9999972_00000_d_0000078.jpg,15,YOLOv13-L,YOLOv13-L,0.967741935483871,0.967741935483871,0.0,0.0,0.02186668840084165,0.06940934339574795,0.06399067537840002,True
9999999_00669_d_0000304.jpg,46,YOLOv13-X,YOLOv13-X,0.7317073170731708,0.7317073170731708,0.0,0.0,0.06705316250999094,0.14930467417990906,0.15708879189338693,True
9999955_00000_d_0000372.jpg,59,YOLOv13-L,YOLOv13-L,0.6222222222222222,0.6222222222222222,0.0,0.0,0.03928942120664819,0.07866863064807239,0.07558571188513165,True
0000344_01177_d_0000299.jpg,60,YOLOv13-X,YOLOv13-L,0.6846846846846847,0.7155963302752293,0.0309116455905446,0.0,0.05675221164333014,0.11932194902885604,0.1278854926019127,False
9999999_00534_d_0000239.jpg,42,YOLOv13-X,YOLOv13-X,0.7865168539325842,0.7865168539325842,0.0,0.0,0.048058483064431855,0.1042005044998851,0.12697808198968202,True
9999942_00000_d_0000146.jpg,69,YOLOv13-X,YOLOv13-L,0.6880000000000001,0.7200000000000001,0.03200000000000003,0.0,0.04362995424700959,0.0946377013088441,0.09773766105135864,False
9999937_00000_d_0000160.jpg,109,YOLOv13-X,YOLOv13-X,0.4105960264900662,0.4105960264900662,0.0,0.0,0.06649895742752458,0.1479276225055616,0.1668376772193673,True
9999982_00000_d_0000101.jpg,32,YOLOv13-S,YOLOv13-X,0.6545454545454547,0.8,0.1454545454545454,0.0,0.0450259216845845,0.04217184459809539,0.04374608750914233,False
9999999_00456_d_0000203.jpg,30,YOLOv13-X,YOLOv13-L,0.6984126984126984,0.7419354838709677,0.043522785458269375,0.0,0.058698150692192856,0.1282402956961926,0.1339285652812846,False
0000308_00601_d_0000308.jpg,58,YOLOv13-L,YOLOv13-X,0.8595041322314049,0.8799999999999999,0.020495867768595022,0.0,0.06988421838694314,0.15103563121399652,0.1499069248327731,False
9999960_00000_d_0000100.jpg,37,YOLOv13-L,YOLOv13-L,0.9473684210526316,0.9473684210526316,0.0,0.0,0.04186085511396079,0.10415901631241088,0.09654145576353124,True
9999951_00000_d_0000262.jpg,8,YOLOv13-L,YOLOv13-N,1.0,1.0,0.0,0.0,0.006502355680486662,0.06138723269675997,0.03529869769729967,False
9999942_00000_d_0000189.jpg,38,YOLOv13-L,YOLOv13-L,0.88,0.88,0.0,0.0,0.04747628493195324,0.1189228122120869,0.107782121581737,True
9999994_00000_d_0000047.jpg,100,YOLOv13-X,YOLOv13-X,0.5066666666666666,0.5066666666666666,0.0,0.0,0.06529468992367696,0.12123467235387965,0.12278966824073663,True
9999965_00000_d_0000022.jpg,53,YOLOv13-X,YOLOv13-S,0.9215686274509804,0.9333333333333332,0.011764705882352788,0.0,0.03571264234458475,0.08034422040938621,0.08199755331483981,False
9999977_00000_d_0000059.jpg,33,YOLOv13-X,YOLOv13-X,0.8275862068965517,0.8275862068965517,0.0,0.0,0.05102023508683955,0.11995176150259047,0.1241323153654871,True
0000225_02083_d_0000008.jpg,15,YOLOv13-X,YOLOv13-N,0.8125,0.8571428571428571,0.044642857142857095,0.0,0.011066601722064607,0.03862196417380527,0.03883958736300445,False
0000113_02012_d_0000078.jpg,35,YOLOv13-X,YOLOv13-X,0.5614035087719298,0.5614035087719298,0.0,0.0,0.10370552149481799,0.19647230399291635,0.2144729937674828,True
9999984_00000_d_0000020.jpg,27,YOLOv13-L,YOLOv13-X,0.4324324324324324,0.4615384615384615,0.029106029106029108,0.0,0.09738955093549741,0.24467396944617445,0.17153768151629836,False
9999955_00000_d_0000068.jpg,36,YOLOv13-X,YOLOv13-S,0.6181818181818182,0.6428571428571429,0.02467532467532474,0.0,0.08515141782973952,0.11435131266819645,0.1187084022368178,False
9999999_00404_d_0000177.jpg,55,YOLOv13-X,YOLOv13-L,0.7927927927927927,0.8468468468468467,0.05405405405405406,0.0,0.0686874084802703,0.14575771704983678,0.14617304611161752,False
0000039_05625_d_0000062.jpg,58,YOLOv13-X,YOLOv13-L,0.902654867256637,0.912280701754386,0.009625834497749008,0.0,0.07895514336790055,0.14198225965975464,0.14460078010908828,False
0000293_02601_d_0000935.jpg,138,YOLOv13-L,YOLOv13-L,0.7309236947791166,0.7309236947791166,0.0,0.0,0.05746389875931167,0.13841265085657317,0.13663028182637216,True
0000222_00339_d_0000002.jpg,29,YOLOv13-X,YOLOv13-L,0.7755102040816326,0.7755102040816326,0.0,0.0,0.051963623877962384,0.10777400726100293,0.1214853022322743,False
9999999_00049_d_0000011.jpg,43,YOLOv13-L,YOLOv13-L,0.8536585365853658,0.8536585365853658,0.0,0.0,0.039104833848785714,0.08410419976288641,0.08176390804272705,True
9999972_00000_d_0000054.jpg,13,YOLOv13-L,YOLOv13-X,0.7826086956521738,0.8333333333333333,0.050724637681159424,0.0,0.016654827405661453,0.08438787754304534,0.07500269758461565,False
0000281_03401_d_0000643.jpg,86,YOLOv13-X,YOLOv13-L,0.5323741007194245,0.5774647887323943,0.04509068801296978,0.0,0.06718240147186921,0.14560165912274312,0.14973277202054272,False
9999937_00000_d_0000172.jpg,7,YOLOv13-X,YOLOv13-X,0.9333333333333332,0.9333333333333332,0.0,0.0,0.06796308762852549,0.10580157878189965,0.12106598421141337,True
9999955_00000_d_0000171.jpg,43,YOLOv13-L,YOLOv13-X,0.4516129032258064,0.5483870967741935,0.09677419354838712,0.0,0.04614548196484356,0.12028979437638045,0.1139342115237131,False
9999955_00000_d_0000339.jpg,47,YOLOv13-L,YOLOv13-X,0.8333333333333334,0.8395061728395062,0.006172839506172867,0.0,0.037305485073658606,0.08301821416997651,0.08300322952994023,False
9999990_00000_d_0000081.jpg,73,YOLOv13-X,YOLOv13-L,0.7575757575757576,0.7596899224806201,0.002114164904862492,0.0,0.04300528525168071,0.10420388088023781,0.1061662402060019,False
9999967_00000_d_0000013.jpg,20,YOLOv13-L,YOLOv13-L,0.888888888888889,0.888888888888889,0.0,0.0,0.09660146433074425,0.13878662136154754,0.1322417795302694,True
9999953_00000_d_0000031.jpg,25,YOLOv13-X,YOLOv13-L,0.9411764705882352,0.9803921568627452,0.03921568627451,0.0,0.04318693604690702,0.11114916282021849,0.11374012043868172,False
9999937_00000_d_0000082.jpg,51,YOLOv13-L,YOLOv13-X,0.4691358024691358,0.5128205128205128,0.043684710351377,0.0,0.06299208968605519,0.1310697102475596,0.127860585821255,False
0000351_02549_d_0000532.jpg,69,YOLOv13-L,YOLOv13-L,0.7142857142857143,0.7142857142857143,0.0,0.0,0.0569250462600675,0.12898702721387711,0.12593699081235923,True
0000260_03859_d_0000116.jpg,66,YOLOv13-X,YOLOv13-X,0.7394957983193277,0.7394957983193277,0.0,0.0,0.05778185546441378,0.1229698379409431,0.13202101274683756,True
9999951_00000_d_0000179.jpg,29,YOLOv13-L,YOLOv13-L,0.7924528301886793,0.7924528301886793,0.0,0.0,0.08387936174839064,0.16044794780062982,0.1446444779559378,True
9999982_00000_d_0000072.jpg,109,YOLOv13-X,YOLOv13-L,0.5959595959595959,0.6082474226804124,0.01228782672081652,0.0,0.06544518114323476,0.13894148191028335,0.14674715968954036,False
9999982_00000_d_0000100.jpg,30,YOLOv13-X,YOLOv13-L,0.576923076923077,0.5833333333333334,0.0064102564102563875,0.0,0.04775170434525866,0.0953255124021201,0.10030557232205596,False
9999972_00000_d_0000044.jpg,26,YOLOv13-X,YOLOv13-S,0.9230769230769232,0.9230769230769232,0.0,0.0,0.04373385655322809,0.09296405538145981,0.09374627610205402,False
0000239_07259_d_0000019.jpg,27,YOLOv13-X,YOLOv13-L,0.7272727272727273,0.7636363636363638,0.03636363636363649,0.0,0.04957058851084028,0.09824848132463561,0.10105364576312191,False
9999955_00000_d_0000386.jpg,57,YOLOv13-L,YOLOv13-X,0.819047619047619,0.822429906542056,0.0033822874944370307,0.0,0.06229392982990936,0.13621254443351485,0.13592853022350984,False
9999999_00667_d_0000303.jpg,9,YOLOv13-L,YOLOv13-L,0.9473684210526316,0.9473684210526316,0.0,0.0,0.04492893051400842,0.13301228658425063,0.13071580774979505,True
9999956_00000_d_0000082.jpg,95,YOLOv13-L,YOLOv13-L,0.296875,0.296875,0.0,0.0,0.06876953737189094,0.16683857376466366,0.16578786150008273,True
9999966_00000_d_0000016.jpg,40,YOLOv13-X,YOLOv13-L,0.4333333333333333,0.4482758620689654,0.014942528735632121,0.0,0.0818631842547886,0.1517158336398727,0.1682599717143152,False
9999962_00000_d_0000033.jpg,23,YOLOv13-L,YOLOv13-L,0.9583333333333334,0.9583333333333334,0.0,0.0,0.05630068923287729,0.09723159769010059,0.09061827651372924,True
9999972_00000_d_0000104.jpg,15,YOLOv13-X,YOLOv13-X,0.7407407407407408,0.7407407407407408,0.0,0.0,0.10615924832931954,0.1927227439736207,0.207966277122205,True
9999999_00265_d_0000115.jpg,53,YOLOv13-X,YOLOv13-L,0.7719298245614035,0.8076923076923077,0.03576248313090424,0.0,0.06451591967276203,0.1412506762368435,0.14238620268446098,False
0000099_00149_d_0000001.jpg,1,YOLOv13-L,YOLOv13-N,1.0,1.0,0.0,0.0,0.00929753560652649,0.037253949994220194,0.006952670652768891,False
9999998_00432_d_0000384.jpg,69,YOLOv13-X,YOLOv13-X,0.7846153846153846,0.7846153846153846,0.0,0.0,0.06047136288753765,0.12300765424876502,0.14116541199048804,True
9999960_00000_d_0000076.jpg,31,YOLOv13-L,YOLOv13-L,0.9375,0.9375,0.0,0.0,0.07453151348808161,0.1488894709279532,0.1473196787928617,True
9999955_00000_d_0000413.jpg,158,YOLOv13-X,YOLOv13-X,0.6097560975609755,0.6097560975609755,0.0,0.0,0.07251609562215293,0.1328699827905478,0.142098703172394,True
0000178_01102_d_0000012.jpg,5,YOLOv13-L,YOLOv13-N,0.5714285714285715,0.5714285714285715,0.0,0.0,0.08414709037069083,0.13286435308769248,0.10204800292312881,False
9999955_00000_d_0000130.jpg,21,YOLOv13-L,YOLOv13-L,0.7,0.7,0.0,0.0,0.055272155890390695,0.1022987640545555,0.08781647296158726,True
9999945_00000_d_0000167.jpg,17,YOLOv13-L,YOLOv13-X,0.7999999999999999,0.8333333333333333,0.033333333333333326,0.0,0.04204295314871916,0.10639086941949306,0.10466186345486948,False
9999997_00000_d_0000032.jpg,9,YOLOv13-L,YOLOv13-S,0.4615384615384615,0.5,0.03846153846153849,0.0,0.067581679445257,0.18162735104063338,0.17088984844374366,False
0000290_01401_d_0000855.jpg,66,YOLOv13-X,YOLOv13-L,0.8270676691729324,0.84375,0.016682330827067604,0.0,0.041107688780395814,0.0959817041505927,0.10270430182414854,False
9999951_00000_d_0000052.jpg,41,YOLOv13-L,YOLOv13-L,0.7941176470588235,0.7941176470588235,0.0,0.0,0.05305495142914781,0.10021396906551008,0.0861981248151534,True
9999942_00000_d_0000199.jpg,48,YOLOv13-L,YOLOv13-L,0.75,0.75,0.0,0.0,0.036967090900042514,0.10180826060863521,0.10070224904984697,True
9999951_00000_d_0000110.jpg,111,YOLOv13-L,YOLOv13-X,0.9004329004329005,0.905829596412556,0.00539669597965553,0.0,0.04893315407686425,0.0974018836409079,0.09602834211128876,False
0000133_01764_d_0000144.jpg,68,YOLOv13-L,YOLOv13-L,0.8467153284671534,0.8467153284671534,0.0,0.0,0.03449795271274843,0.06739435639165854,0.056952585354870265,True
9999955_00000_d_0000310.jpg,63,YOLOv13-X,YOLOv13-X,0.8032786885245902,0.8032786885245902,0.0,0.0,0.07430915017853326,0.1567173733529619,0.158961851560455,True
9999940_00000_d_0000054.jpg,71,YOLOv13-X,YOLOv13-L,0.624,0.6875,0.0635,0.0,0.08955525855842038,0.15284848576755838,0.15781754172305398,False
9999999_00348_d_0000153.jpg,14,YOLOv13-L,YOLOv13-X,0.8484848484848484,0.9032258064516128,0.05474095796676437,0.0,0.0620326841323746,0.15834502254649732,0.15292992188453416,False
9999999_00297_d_0000131.jpg,183,YOLOv13-L,YOLOv13-X,0.6809815950920246,0.7147147147147146,0.03373311962268999,0.0,0.06872106433872877,0.15073236123385503,0.14940877880830802,False
9999945_00000_d_0000044.jpg,55,YOLOv13-L,YOLOv13-L,0.5609756097560975,0.5609756097560975,0.0,0.0,0.06475838294249309,0.1351349275290139,0.13384251811582457,True
9999956_00000_d_0000101.jpg,48,YOLOv13-X,YOLOv13-L,0.9361702127659574,0.946236559139785,0.01006634637382764,0.0,0.050943738157170876,0.11537797305446808,0.11697963361766957,False
9999998_00133_d_0000111.jpg,40,YOLOv13-L,YOLOv13-X,0.5777777777777778,0.5833333333333334,0.005555555555555536,0.0,0.061675409323632725,0.14254306270681963,0.13233309796234824,False
9999981_00000_d_0000101.jpg,43,YOLOv13-L,YOLOv13-X,0.8292682926829267,0.8974358974358974,0.06816760475297068,0.0,0.027036774701485137,0.06527137377211434,0.058276089919187285,False
9999972_00000_d_0000090.jpg,27,YOLOv13-L,YOLOv13-N,0.7391304347826088,0.7555555555555556,0.01642512077294689,0.0,0.016509817946652572,0.04866104143505363,0.03490691685765574,False
9999951_00000_d_0000141.jpg,16,YOLOv13-L,YOLOv13-S,1.0,1.0,0.0,0.0,0.004428751080564955,0.04928433399642292,0.03845413458616147,False
9999972_00000_d_0000059.jpg,11,YOLOv13-L,YOLOv13-L,0.9523809523809524,0.9523809523809524,0.0,0.0,0.04843709500344423,0.11815801530993922,0.11508873157761704,True
9999942_00000_d_0000109.jpg,26,YOLOv13-L,YOLOv13-L,0.9433962264150944,0.9433962264150944,0.0,0.0,0.06047371455228374,0.10686062509127014,0.10593932914202958,True
9999998_00132_d_0000110.jpg,53,YOLOv13-X,YOLOv13-X,0.5897435897435898,0.5897435897435898,0.0,0.0,0.052253159181590576,0.11523224454302071,0.13182946656197758,True
9999999_00217_d_0000091.jpg,72,YOLOv13-L,YOLOv13-X,0.7338129496402879,0.7375886524822696,0.0037757028419816985,0.0,0.055281588976378776,0.14647188100579642,0.14500534935736786,False
0000007_05499_d_0000037.jpg,60,YOLOv13-X,YOLOv13-L,0.8617886178861788,0.8780487804878048,0.016260162601625994,0.0,0.04127991048530088,0.11883600544183681,0.13102694949031943,False
9999945_00000_d_0000168.jpg,16,YOLOv13-L,YOLOv13-L,0.896551724137931,0.896551724137931,0.0,0.0,0.012904909130378993,0.051929535596161716,0.04195226804614939,True
9999982_00000_d_0000162.jpg,31,YOLOv13-X,YOLOv13-L,0.6666666666666665,0.6666666666666665,0.0,0.0,0.07137936987109043,0.1414030153925455,0.1550147074318076,False
9999999_00544_d_0000244.jpg,39,YOLOv13-X,YOLOv13-L,0.8493150684931507,0.8648648648648648,0.015549796371714053,0.0,0.05088179497974678,0.1080924953815545,0.11089399129194254,False
9999942_00000_d_0000168.jpg,73,YOLOv13-X,YOLOv13-L,0.7938931297709924,0.8059701492537313,0.012077019482738982,0.0,0.04904956957171431,0.11074407286295282,0.11469986485987066,False
9999960_00000_d_0000079.jpg,27,YOLOv13-L,YOLOv13-L,0.723404255319149,0.723404255319149,0.0,0.0,0.07223949444138722,0.14321181685677126,0.12713277663077743,True
9999984_00000_d_0000046.jpg,52,YOLOv13-X,YOLOv13-L,0.3661971830985915,0.4225352112676055,0.05633802816901401,0.0,0.0773679016676175,0.17415865229605867,0.18567137130158468,False
9999964_00000_d_0000079.jpg,28,YOLOv13-L,YOLOv13-S,0.9491525423728812,0.9491525423728812,0.0,0.0,0.020954721113066444,0.0313221239616315,0.024195203793712643,False
9999942_00000_d_0000124.jpg,32,YOLOv13-X,YOLOv13-L,0.7837837837837837,0.8108108108108109,0.027027027027027195,0.0,0.055490453539030135,0.125639480159641,0.1403951547495385,False
9999960_00000_d_0000163.jpg,12,YOLOv13-X,YOLOv13-L,0.923076923076923,0.923076923076923,0.0,0.0,0.029466552132460334,0.08097144084452067,0.08154389581143862,False
9999984_00000_d_0000113.jpg,23,YOLOv13-X,YOLOv13-N,0.2962962962962963,0.2962962962962963,0.0,0.0,0.020253012327385737,0.045608661090309886,0.056367745397541975,False
0000107_02574_d_0000056.jpg,114,YOLOv13-X,YOLOv13-X,0.7106598984771574,0.7106598984771574,0.0,0.0,0.06390398133290806,0.1435850009013607,0.14661141900314972,True
9999999_00187_d_0000077.jpg,38,YOLOv13-X,YOLOv13-L,0.7887323943661972,0.8055555555555555,0.016823161189358227,0.0,0.07275152403762186,0.15602157851328807,0.16116728855408513,False
9999966_00000_d_0000004.jpg,50,YOLOv13-X,YOLOv13-L,0.8712871287128714,0.8823529411764707,0.011065812463599278,0.0,0.08322579447226987,0.1491980306169287,0.16211855050694937,False
0000076_03930_d_0000013.jpg,64,YOLOv13-L,YOLOv13-L,0.8524590163934426,0.8524590163934426,0.0,0.0,0.051760409924635244,0.12303192771478506,0.11959996111640617,True
9999937_00000_d_0000067.jpg,9,YOLOv13-X,YOLOv13-X,0.7142857142857143,0.7142857142857143,0.0,0.0,0.060099637137564395,0.1827352360080996,0.18991167533280626,True
9999999_00223_d_0000094.jpg,74,YOLOv13-X,YOLOv13-X,0.7428571428571429,0.7428571428571429,0.0,0.0,0.05031042819038192,0.11930189427292517,0.12209058575962978,True
0000228_00500_d_0000002.jpg,113,YOLOv13-X,YOLOv13-X,0.3945578231292517,0.3945578231292517,0.0,0.0,0.06623626999356996,0.13627200846297224,0.15272380826670343,True
9999981_00000_d_0000003.jpg,58,YOLOv13-L,YOLOv13-L,0.7826086956521741,0.7826086956521741,0.0,0.0,0.07013224552335061,0.14959632279586338,0.1312248463933359,True
9999953_00000_d_0000073.jpg,18,YOLOv13-X,YOLOv13-S,0.85,0.9,0.050000000000000044,0.0,0.09966889747501681,0.2011406186910185,0.20518049308113617,False
0000351_00001_d_0000519.jpg,113,YOLOv13-L,YOLOv13-L,0.5333333333333333,0.5333333333333333,0.0,0.0,0.0680767983834112,0.1353094667526598,0.13262754380225525,True
0000076_03315_d_0000011.jpg,114,YOLOv13-X,YOLOv13-X,0.7150259067357513,0.7150259067357513,0.0,0.0,0.05619363388359435,0.1202619634190575,0.13384244977966417,True
9999940_00000_d_0000039.jpg,47,YOLOv13-X,YOLOv13-N,0.3728813559322034,0.3793103448275862,0.006428988895382792,0.0,0.04287703538792243,0.058696838798730736,0.06280523149052042,False
9999999_00540_d_0000242.jpg,30,YOLOv13-L,YOLOv13-L,0.7419354838709677,0.7419354838709677,0.0,0.0,0.05620984100969642,0.1146969845084982,0.11459392371952534,True
9999985_00000_d_0000063.jpg,118,YOLOv13-X,YOLOv13-X,0.5536723163841808,0.5536723163841808,0.0,0.0,0.05390559115234848,0.10448397984839146,0.10614457399824245,True
9999972_00000_d_0000002.jpg,23,YOLOv13-L,YOLOv13-N,0.7719298245614036,0.9333333333333332,0.16140350877192966,0.0,0.018186001158134533,0.06523789844333344,0.057933164222831526,False
