image,gt_instances,router_model,oracle_model,oracle_match,adaptive_precision,adaptive_recall,adaptive_f1,adaptive_latency_ms,oracle_precision,oracle_recall,oracle_f1,N_precision,N_recall,N_f1,N_latency_ms,S_precision,S_recall,S_f1,S_latency_ms,L_precision,L_recall,L_f1,L_latency_ms,X_precision,X_recall,X_f1,X_latency_ms
0000001_02999_d_0000005.jpg,127,YOLOv13-L,YOLOv13-X,0,0.6984126984126984,0.3464566929133858,0.4631578947368421,1788.3474879781716,0.6716417910447762,0.3543307086614173,0.4639175257731959,0.5555555555555556,0.23622047244094488,0.3314917127071823,1334.8180829780176,0.6785714285714286,0.2992125984251969,0.41530054644808745,263.4312509908341,0.6984126984126984,0.3464566929133858,0.4631578947368421,37.78875898569822,0.6716417910447762,0.3543307086614173,0.4639175257731959,563.5882050264627
0000001_03499_d_0000006.jpg,77,YOLOv13-L,YOLOv13-X,0,0.5681818181818182,0.3246753246753247,0.4132231404958678,60.50806096754968,0.675,0.35064935064935066,0.4615384615384615,0.6363636363636364,0.2727272727272727,0.3818181818181818,27.34002098441124,0.6111111111111112,0.2857142857142857,0.3893805309734514,23.77210301347077,0.5681818181818182,0.3246753246753247,0.4132231404958678,37.01867797644809,0.675,0.35064935064935066,0.4615384615384615,35.09693196974695
0000001_03999_d_0000007.jpg,48,YOLOv13-X,YOLOv13-L,0,0.5306122448979592,0.5416666666666666,0.5360824742268041,95.05766804795712,0.5531914893617021,0.5416666666666666,0.5473684210526316,0.5769230769230769,0.3125,0.4054054054054054,45.37293303292245,0.5142857142857142,0.375,0.43373493975903615,44.377195998094976,0.5531914893617021,0.5416666666666666,0.5473684210526316,54.21080201631412,0.5306122448979592,0.5416666666666666,0.5360824742268041,35.432710021268576
0000001_04527_d_0000008.jpg,115,YOLOv13-X,YOLOv13-L,0,0.6923076923076923,0.3130434782608696,0.4311377245508982,56.22249795123935,0.7454545454545455,0.3565217391304348,0.48235294117647054,0.44,0.09565217391304348,0.15714285714285714,23.48520897794515,0.6888888888888889,0.26956521739130435,0.3875,24.998466949909925,0.7454545454545455,0.3565217391304348,0.48235294117647054,63.637368963100016,0.6923076923076923,0.3130434782608696,0.4311377245508982,61.517944966908544
0000001_05249_d_0000009.jpg,113,YOLOv13-X,YOLOv13-X,1,0.7477477477477478,0.7345132743362832,0.7410714285714286,83.22539500659332,0.7477477477477478,0.7345132743362832,0.7410714285714286,0.6538461538461539,0.6017699115044248,0.6267281105990784,41.325829981360584,0.6428571428571429,0.6371681415929203,0.64,23.063249012921005,0.7090909090909091,0.6902654867256637,0.6995515695067264,39.4070339971222,0.7477477477477478,0.7345132743362832,0.7410714285714286,29.855171975214034
0000001_05499_d_0000010.jpg,140,YOLOv13-L,YOLOv13-L,1,0.8461538461538461,0.6285714285714286,0.721311475409836,65.49099000403658,0.8461538461538461,0.6285714285714286,0.721311475409836,0.7802197802197802,0.5071428571428571,0.6147186147186148,23.15683098277077,0.8505747126436781,0.5285714285714286,0.6519823788546255,25.01126698916778,0.8461538461538461,0.6285714285714286,0.721311475409836,43.669276987202466,0.8571428571428571,0.6,0.7058823529411764,30.78976704273373
0000001_05999_d_0000011.jpg,115,YOLOv13-X,YOLOv13-L,0,0.7466666666666667,0.48695652173913045,0.5894736842105264,78.52821197593585,0.7466666666666667,0.48695652173913045,0.5894736842105264,0.6197183098591549,0.3826086956521739,0.47311827956989244,38.6692329775542,0.6857142857142857,0.41739130434782606,0.5189189189189188,25.727064989041537,0.7466666666666667,0.48695652173913045,0.5894736842105264,61.026195995509624,0.7466666666666667,0.48695652173913045,0.5894736842105264,54.595405992586166
0000001_07999_d_0000012.jpg,136,YOLOv13-X,YOLOv13-L,0,0.6111111111111112,0.40441176470588236,0.4867256637168142,74.16787196416408,0.6352941176470588,0.39705882352941174,0.4886877828054299,0.46551724137931033,0.19852941176470587,0.27835051546391754,43.47074800170958,0.5625,0.2647058823529412,0.36000000000000004,37.180721992626786,0.6352941176470588,0.39705882352941174,0.4886877828054299,64.83163399389014,0.6111111111111112,0.40441176470588236,0.4867256637168142,39.405458024702966
0000001_08414_d_0000013.jpg,164,YOLOv13-X,YOLOv13-X,1,0.6415094339622641,0.4146341463414634,0.5037037037037037,49.4837470469065,0.6415094339622641,0.4146341463414634,0.5037037037037037,0.6451612903225806,0.24390243902439024,0.35398230088495575,22.937297995667905,0.676056338028169,0.2926829268292683,0.40851063829787226,39.45685102371499,0.62,0.3780487804878049,0.46969696969696967,57.2853020275943,0.6415094339622641,0.4146341463414634,0.5037037037037037,38.19807403488085
0000021_00000_d_0000001.jpg,31,YOLOv13-L,YOLOv13-L,1,0.5,0.25806451612903225,0.3404255319148936,44.00466399965808,0.5,0.25806451612903225,0.3404255319148936,0.38461538461538464,0.16129032258064516,0.22727272727272727,20.829810993745923,0.5384615384615384,0.22580645161290322,0.3181818181818182,30.248700990341604,0.5,0.25806451612903225,0.3404255319148936,28.75197201501578,0.4666666666666667,0.22580645161290322,0.3043478260869565,32.683068013284355
0000021_00500_d_0000002.jpg,17,YOLOv13-L,YOLOv13-L,1,0.4666666666666667,0.4117647058823529,0.43749999999999994,57.41038505220786,0.4666666666666667,0.4117647058823529,0.43749999999999994,0.4,0.23529411764705882,0.29629629629629634,30.389624007511884,0.5,0.35294117647058826,0.41379310344827586,33.34420401370153,0.4666666666666667,0.4117647058823529,0.43749999999999994,28.75841298373416,0.5,0.35294117647058826,0.41379310344827586,28.166508011054248
0000021_00800_d_0000003.jpg,7,YOLOv13-L,YOLOv13-X,0,0.4444444444444444,0.5714285714285714,0.5,56.2403509975411,0.75,0.8571428571428571,0.7999999999999999,0.375,0.42857142857142855,0.39999999999999997,19.86392796970904,0.375,0.42857142857142855,0.39999999999999997,16.635727952234447,0.4444444444444444,0.5714285714285714,0.5,17.787579039577395,0.75,0.8571428571428571,0.7999999999999999,33.98330899653956
0000022_00000_d_0000004.jpg,41,YOLOv13-X,YOLOv13-L,0,0.7222222222222222,0.6341463414634146,0.6753246753246753,55.29573297826573,0.8108108108108109,0.7317073170731707,0.7692307692307694,0.6296296296296297,0.4146341463414634,0.5,19.609025970567018,0.65625,0.5121951219512195,0.5753424657534246,39.37308501917869,0.8108108108108109,0.7317073170731707,0.7692307692307694,32.426643010694534,0.7222222222222222,0.6341463414634146,0.6753246753246753,41.53901699464768
0000022_00500_d_0000005.jpg,32,YOLOv13-X,YOLOv13-L,0,0.7777777777777778,0.875,0.823529411764706,46.23648099368438,0.8181818181818182,0.84375,0.8307692307692308,0.6785714285714286,0.59375,0.6333333333333334,20.31085401540622,0.7931034482758621,0.71875,0.7540983606557378,16.093446989543736,0.8181818181818182,0.84375,0.8307692307692308,31.49397694505751,0.7777777777777778,0.875,0.823529411764706,31.069831980857998
0000022_01036_d_0000006.jpg,16,YOLOv13-L,YOLOv13-X,0,0.7142857142857143,0.625,0.6666666666666666,44.72121997969225,0.6666666666666666,0.75,0.7058823529411765,0.6363636363636364,0.4375,0.5185185185185185,16.51179400505498,0.7,0.4375,0.5384615384615384,17.52501301234588,0.7142857142857143,0.625,0.6666666666666666,27.91851502843201,0.6666666666666666,0.75,0.7058823529411765,27.301063004415482
0000022_01251_d_0000007.jpg,12,YOLOv13-L,YOLOv13-S,0,0.38095238095238093,0.6666666666666666,0.4848484848484849,59.56621596124023,0.5294117647058824,0.75,0.6206896551724139,0.4444444444444444,0.6666666666666666,0.5333333333333333,21.003992995247245,0.5294117647058824,0.75,0.6206896551724139,19.538283988367766,0.38095238095238093,0.6666666666666666,0.4848484848484849,31.549862993415445,0.4117647058823529,0.5833333333333334,0.4827586206896552,44.34668296016753
0000023_00000_d_0000008.jpg,40,YOLOv13-X,YOLOv13-L,0,0.7222222222222222,0.65,0.6842105263157895,59.01744100265205,0.7567567567567568,0.7,0.7272727272727273,0.6296296296296297,0.425,0.5074626865671642,39.2950180103071,0.625,0.5,0.5555555555555556,15.186775010079145,0.7567567567567568,0.7,0.7272727272727273,27.399357000831515,0.7222222222222222,0.65,0.6842105263157895,30.485014955047518
0000023_00300_d_0000009.jpg,30,YOLOv13-X,YOLOv13-X,1,0.5,0.5,0.5,54.13807899458334,0.5,0.5,0.5,0.44,0.36666666666666664,0.4,15.98245999775827,0.5,0.36666666666666664,0.423076923076923,26.429819001350552,0.4444444444444444,0.4,0.4210526315789474,30.308129033073783,0.5,0.5,0.5,18.530831031966954
0000023_00868_d_0000010.jpg,20,YOLOv13-L,YOLOv13-X,0,0.55,0.55,0.55,73.13756801886484,0.65,0.65,0.65,0.5882352941176471,0.5,0.5405405405405405,36.42903600120917,0.45,0.45,0.45,18.05100095225498,0.55,0.55,0.55,31.12836100626737,0.65,0.65,0.65,32.336339994799346
0000023_01233_d_0000011.jpg,14,YOLOv13-X,YOLOv13-L,0,0.5333333333333333,0.5714285714285714,0.5517241379310344,43.41177799506113,0.6,0.6428571428571429,0.6206896551724138,0.42857142857142855,0.42857142857142855,0.42857142857142855,20.857908006291837,0.47058823529411764,0.5714285714285714,0.5161290322580646,36.340271995868534,0.6,0.6428571428571429,0.6206896551724138,31.273574975784868,0.5333333333333333,0.5714285714285714,0.5517241379310344,26.71925100730732
0000024_00000_d_0000012.jpg,21,YOLOv13-X,YOLOv13-X,1,0.5625,0.42857142857142855,0.4864864864864864,48.03071398055181,0.5625,0.42857142857142855,0.4864864864864864,0.4444444444444444,0.38095238095238093,0.41025641025641024,20.16547799576074,0.45,0.42857142857142855,0.4390243902439024,19.107894971966743,0.47368421052631576,0.42857142857142855,0.45,29.192687012255192,0.5625,0.42857142857142855,0.4864864864864864,23.574753024149686
0000024_00500_d_0000013.jpg,10,YOLOv13-L,YOLOv13-X,0,0.3,0.3,0.3,47.00186103582382,0.75,0.6,0.6666666666666665,0.4444444444444444,0.4,0.4210526315789474,18.13296804903075,0.3333333333333333,0.3,0.3157894736842105,20.9319069981575,0.3,0.3,0.3,43.13846002332866,0.75,0.6,0.6666666666666665,29.044077964499593
0000024_01000_d_0000014.jpg,12,YOLOv13-L,YOLOv13-S,0,0.42857142857142855,0.25,0.3157894736842105,83.80778302671388,0.6666666666666666,0.3333333333333333,0.4444444444444444,0.5,0.25,0.3333333333333333,39.24912301590666,0.6666666666666666,0.3333333333333333,0.4444444444444444,24.969359044916928,0.42857142857142855,0.25,0.3157894736842105,31.68620599899441,0.6,0.25,0.35294117647058826,31.27820196095854
0000024_01543_d_0000015.jpg,8,YOLOv13-S,YOLOv13-X,0,0.8333333333333334,0.625,0.7142857142857143,36.40332299983129,1.0,0.75,0.8571428571428571,0.8571428571428571,0.75,0.7999999999999999,18.461039988324046,0.8333333333333334,0.625,0.7142857142857143,17.716402013320476,0.75,0.75,0.75,32.31573599623516,1.0,0.75,0.8571428571428571,56.916233035735786
0000026_00000_d_0000024.jpg,8,YOLOv13-N,YOLOv13-X,0,0.8888888888888888,1.0,0.9411764705882353,32.52212901134044,1.0,1.0,1.0,0.8888888888888888,1.0,0.9411764705882353,32.52212901134044,0.875,0.875,0.875,22.492697986308485,0.8888888888888888,1.0,0.9411764705882353,24.770284013357013,1.0,1.0,1.0,47.85851197084412
0000026_00500_d_0000025.jpg,15,YOLOv13-S,YOLOv13-S,1,0.75,1.0,0.8571428571428571,48.23010694235563,0.75,1.0,0.8571428571428571,0.7777777777777778,0.9333333333333333,0.8484848484848485,28.156288957688957,0.75,1.0,0.8571428571428571,21.082166000269353,0.65,0.8666666666666667,0.7428571428571429,27.691681985743344,0.7,0.9333333333333333,0.8,30.84687900263816
0000026_01000_d_0000026.jpg,25,YOLOv13-S,YOLOv13-S,1,0.88,0.88,0.88,61.25023606000468,0.88,0.88,0.88,0.84,0.84,0.8399999999999999,39.3272660439834,0.88,0.88,0.88,20.34356299554929,0.8214285714285714,0.92,0.8679245283018867,26.254615979269147,0.8214285714285714,0.92,0.8679245283018867,32.2779769776389
0000026_01500_d_0000027.jpg,10,YOLOv13-N,YOLOv13-L,0,0.75,0.9,0.8181818181818182,21.10066299792379,0.8181818181818182,0.9,0.8571428571428572,0.75,0.9,0.8181818181818182,21.10066299792379,0.6153846153846154,0.8,0.6956521739130435,41.08918103156611,0.8181818181818182,0.9,0.8571428571428572,47.56731598172337,0.75,0.9,0.8181818181818182,32.88575599435717
0000026_02000_d_0000028.jpg,9,YOLOv13-N,YOLOv13-N,1,0.9,1.0,0.9473684210526316,21.11978700850159,0.9,1.0,0.9473684210526316,0.9,1.0,0.9473684210526316,21.11978700850159,0.6666666666666666,0.8888888888888888,0.761904761904762,24.48954898864031,0.7272727272727273,0.8888888888888888,0.7999999999999999,52.461925020907074,0.8181818181818182,1.0,0.9,37.45337500004098
0000026_02500_d_0000029.jpg,17,YOLOv13-L,YOLOv13-X,0,0.6875,0.6470588235294118,0.6666666666666667,73.19584599463269,0.9285714285714286,0.7647058823529411,0.8387096774193549,0.6666666666666666,0.5882352941176471,0.625,41.883644997142255,0.6666666666666666,0.5882352941176471,0.625,20.431231008842587,0.6875,0.6470588235294118,0.6666666666666667,25.63143498264253,0.9285714285714286,0.7647058823529411,0.8387096774193549,60.20250596338883
0000026_03000_d_0000030.jpg,13,YOLOv13-N,YOLOv13-L,0,1.0,0.9230769230769231,0.9600000000000001,40.66753201186657,0.9285714285714286,1.0,0.962962962962963,1.0,0.9230769230769231,0.9600000000000001,40.66753201186657,0.9230769230769231,0.9230769230769231,0.9230769230769231,17.790434998460114,0.9285714285714286,1.0,0.962962962962963,33.73632597504184,0.9230769230769231,0.9230769230769231,0.9230769230769231,30.38925799774006
0000026_03500_d_0000031.jpg,23,YOLOv13-N,YOLOv13-L,0,1.0,0.8695652173913043,0.9302325581395349,21.736969996709377,0.9565217391304348,0.9565217391304348,0.9565217391304348,1.0,0.8695652173913043,0.9302325581395349,21.736969996709377,0.9166666666666666,0.9565217391304348,0.9361702127659574,20.246792992111295,0.9565217391304348,0.9565217391304348,0.9565217391304348,23.81558803608641,0.9565217391304348,0.9565217391304348,0.9565217391304348,20.223212020937353
0000026_04000_d_0000032.jpg,14,YOLOv13-S,YOLOv13-L,0,0.875,1.0,0.9333333333333333,33.795279974583536,0.9333333333333333,1.0,0.9655172413793104,0.8235294117647058,1.0,0.9032258064516129,15.700358024332672,0.875,1.0,0.9333333333333333,17.178049020003527,0.9333333333333333,1.0,0.9655172413793104,27.37865800736472,0.9333333333333333,1.0,0.9655172413793104,32.41258399793878
0000026_04500_d_0000033.jpg,47,YOLOv13-X,YOLOv13-L,0,0.8333333333333334,0.5319148936170213,0.6493506493506493,59.28873299853876,0.7878787878787878,0.5531914893617021,0.65,0.71875,0.48936170212765956,0.5822784810126582,21.178103983402252,0.6944444444444444,0.5319148936170213,0.6024096385542169,20.28634399175644,0.7878787878787878,0.5531914893617021,0.65,34.12914799991995,0.8333333333333334,0.5319148936170213,0.6493506493506493,33.85494003305212
0000026_04978_d_0000034.jpg,45,YOLOv13-L,YOLOv13-X,0,0.8235294117647058,0.6222222222222222,0.7088607594936709,59.149040083866566,0.8611111111111112,0.6888888888888889,0.7654320987654321,0.8333333333333334,0.5555555555555556,0.6666666666666667,20.864426041953266,0.7435897435897436,0.6444444444444445,0.6904761904761906,34.47616001358256,0.8235294117647058,0.6222222222222222,0.7088607594936709,48.769776010885835,0.8611111111111112,0.6888888888888889,0.7654320987654321,33.61405001487583
0000055_00000_d_0000109.jpg,101,YOLOv13-X,YOLOv13-L,0,0.7246376811594203,0.49504950495049505,0.5882352941176471,50.906585063785315,0.7222222222222222,0.5148514851485149,0.6011560693641618,0.5441176470588235,0.36633663366336633,0.4378698224852071,19.51152103720233,0.7924528301886793,0.4158415841584158,0.5454545454545455,40.05772602977231,0.7222222222222222,0.5148514851485149,0.6011560693641618,32.255494967103004,0.7246376811594203,0.49504950495049505,0.5882352941176471,32.32599498005584
0000055_00714_d_0000110.jpg,85,YOLOv13-X,YOLOv13-L,0,0.7419354838709677,0.5411764705882353,0.6258503401360543,49.167372984811664,0.7230769230769231,0.5529411764705883,0.6266666666666667,0.5217391304347826,0.4235294117647059,0.4675324675324676,19.720274955034256,0.5970149253731343,0.47058823529411764,0.5263157894736841,15.392983972560614,0.7230769230769231,0.5529411764705883,0.6266666666666667,42.593488993588835,0.7419354838709677,0.5411764705882353,0.6258503401360543,26.926454971544445
0000069_00001_d_0000001.jpg,34,YOLOv13-L,YOLOv13-X,0,0.6486486486486487,0.7058823529411765,0.676056338028169,50.837692979257554,0.8709677419354839,0.7941176470588235,0.8307692307692308,0.6129032258064516,0.5588235294117647,0.5846153846153845,19.52628797153011,0.6896551724137931,0.5882352941176471,0.6349206349206349,14.08622699091211,0.6486486486486487,0.7058823529411765,0.676056338028169,32.61401201598346,0.8709677419354839,0.7941176470588235,0.8307692307692308,29.836509027518332
0000069_00483_d_0000002.jpg,27,YOLOv13-L,YOLOv13-X,0,0.7058823529411765,0.8888888888888888,0.7868852459016393,49.12367701763287,0.7878787878787878,0.9629629629629629,0.8666666666666665,0.625,0.7407407407407407,0.6779661016949152,17.7215370349586,0.6666666666666666,0.8148148148148148,0.7333333333333333,17.024789995048195,0.7058823529411765,0.8888888888888888,0.7868852459016393,51.45166098373011,0.7878787878787878,0.9629629629629629,0.8666666666666665,36.618440004531294
0000069_00713_d_0000003.jpg,49,YOLOv13-L,YOLOv13-X,0,0.6346153846153846,0.673469387755102,0.6534653465346534,51.47907801438123,0.7619047619047619,0.6530612244897959,0.7032967032967032,0.5714285714285714,0.4897959183673469,0.5274725274725275,20.772130985278636,0.6666666666666666,0.6122448979591837,0.6382978723404255,38.89382001943886,0.6346153846153846,0.673469387755102,0.6534653465346534,21.694144001230597,0.7619047619047619,0.6530612244897959,0.7032967032967032,44.729493965860456
0000069_01109_d_0000004.jpg,31,YOLOv13-L,YOLOv13-L,1,0.625,0.6451612903225806,0.634920634920635,56.641813018359244,0.625,0.6451612903225806,0.634920634920635,0.5384615384615384,0.45161290322580644,0.4912280701754386,21.7898539849557,0.6538461538461539,0.5483870967741935,0.5964912280701755,22.71447901148349,0.625,0.6451612903225806,0.634920634920635,30.598932993598282,0.59375,0.6129032258064516,0.6031746031746031,31.397242040839046
0000069_01878_d_0000005.jpg,36,YOLOv13-X,YOLOv13-L,0,0.7941176470588235,0.75,0.7714285714285715,56.929068989120424,0.8108108108108109,0.8333333333333334,0.8219178082191781,0.725,0.8055555555555556,0.7631578947368423,21.269224991556257,0.75,0.75,0.75,20.37813200149685,0.8108108108108109,0.8333333333333334,0.8219178082191781,27.722289029043168,0.7941176470588235,0.75,0.7714285714285715,32.15200500562787
0000069_02163_d_0000006.jpg,49,YOLOv13-L,YOLOv13-L,1,0.7380952380952381,0.6326530612244898,0.6813186813186813,58.82189702242613,0.7380952380952381,0.6326530612244898,0.6813186813186813,0.5675675675675675,0.42857142857142855,0.4883720930232558,31.521045020781457,0.7352941176470589,0.5102040816326531,0.6024096385542169,17.495568958111107,0.7380952380952381,0.6326530612244898,0.6813186813186813,31.262404983863235,0.7435897435897436,0.5918367346938775,0.6590909090909091,47.803574008867145
0000069_02480_d_0000007.jpg,64,YOLOv13-X,YOLOv13-X,1,0.7358490566037735,0.609375,0.6666666666666665,47.737832996062934,0.7358490566037735,0.609375,0.6666666666666665,0.6923076923076923,0.421875,0.5242718446601942,20.850465982221067,0.6875,0.515625,0.5892857142857143,41.74309002701193,0.7115384615384616,0.578125,0.6379310344827586,34.40816898364574,0.7358490566037735,0.609375,0.6666666666666665,31.064944982063025
0000072_02834_d_0000003.jpg,73,YOLOv13-X,YOLOv13-X,1,0.84,0.863013698630137,0.8513513513513513,73.2668480486609,0.84,0.863013698630137,0.8513513513513513,0.675,0.7397260273972602,0.7058823529411764,42.118228040635586,0.7916666666666666,0.7808219178082192,0.7862068965517242,20.83035500254482,0.8450704225352113,0.821917808219178,0.8333333333333333,31.46874695084989,0.84,0.863013698630137,0.8513513513513513,33.55295298388228
0000076_02142_d_0000009.jpg,11,YOLOv13-X,YOLOv13-S,0,0.8181818181818182,0.8181818181818182,0.8181818181818182,65.8745929831639,0.9,0.8181818181818182,0.8571428571428572,0.75,0.8181818181818182,0.7826086956521738,40.303780988324434,0.9,0.8181818181818182,0.8571428571428572,36.04728897335008,0.8888888888888888,0.7272727272727273,0.7999999999999999,42.65664401464164,0.8181818181818182,0.8181818181818182,0.8181818181818182,52.22884099930525
0000081_00000_d_0000001.jpg,86,YOLOv13-X,YOLOv13-X,1,0.40714285714285714,0.6627906976744186,0.504424778761062,67.29800201719627,0.40714285714285714,0.6627906976744186,0.504424778761062,0.375,0.5581395348837209,0.4485981308411215,33.35789201082662,0.33986928104575165,0.6046511627906976,0.4351464435146444,21.015200996771455,0.3782051282051282,0.686046511627907,0.48760330578512395,17.01631402829662,0.40714285714285714,0.6627906976744186,0.504424778761062,26.112047024071217
0000086_00000_d_0000001.jpg,37,YOLOv13-L,YOLOv13-X,0,0.6086956521739131,0.7567567567567568,0.674698795180723,63.792722998186946,0.6428571428571429,0.7297297297297297,0.6835443037974683,0.5609756097560976,0.6216216216216216,0.5897435897435899,20.677233987953514,0.6190476190476191,0.7027027027027027,0.6582278481012659,33.51771703455597,0.6086956521739131,0.7567567567567568,0.674698795180723,49.982132972218096,0.6428571428571429,0.7297297297297297,0.6835443037974683,39.57139898557216
0000086_00592_d_0000002.jpg,65,YOLOv13-X,YOLOv13-X,1,0.6825396825396826,0.6615384615384615,0.671875,64.47006697999313,0.6825396825396826,0.6615384615384615,0.671875,0.625,0.46153846153846156,0.5309734513274336,31.29243099829182,0.76,0.5846153846153846,0.6608695652173914,17.00291398447007,0.6610169491525424,0.6,0.6290322580645161,32.8525910153985,0.6825396825396826,0.6615384615384615,0.671875,39.18137599248439
0000086_01084_d_0000003.jpg,146,YOLOv13-X,YOLOv13-X,1,0.7289719626168224,0.5342465753424658,0.616600790513834,73.43928795307875,0.7289719626168224,0.5342465753424658,0.616600790513834,0.5434782608695652,0.3424657534246575,0.4201680672268907,41.307200968731195,0.69,0.4726027397260274,0.5609756097560976,39.45754101732746,0.6422764227642277,0.541095890410959,0.5873605947955391,56.24544498277828,0.7289719626168224,0.5342465753424658,0.616600790513834,49.08293898915872
0000086_01443_d_0000004.jpg,107,YOLOv13-X,YOLOv13-X,1,0.6859504132231405,0.7757009345794392,0.7280701754385964,76.80502196308225,0.6859504132231405,0.7757009345794392,0.7280701754385964,0.6708860759493671,0.4953271028037383,0.5698924731182796,21.45692496560514,0.5929203539823009,0.6261682242990654,0.6090909090909091,26.10800100956112,0.6046511627906976,0.7289719626168224,0.6610169491525423,61.07591598993167,0.6859504132231405,0.7757009345794392,0.7280701754385964,44.54834101488814
0000086_01954_d_0000005.jpg,173,YOLOv13-X,YOLOv13-X,1,0.7391304347826086,0.4913294797687861,0.5902777777777777,77.7350710122846,0.7391304347826086,0.4913294797687861,0.5902777777777777,0.5977011494252874,0.30057803468208094,0.4,41.3278240012005,0.7142857142857143,0.4046242774566474,0.5166051660516605,21.667828026693314,0.680672268907563,0.4682080924855491,0.5547945205479452,52.76985000818968,0.7391304347826086,0.4913294797687861,0.5902777777777777,49.25931995967403
0000103_00180_d_0000026.jpg,1,YOLOv13-L,YOLOv13-S,0,1.0,1.0,1.0,206.8315310170874,1.0,1.0,1.0,0.5,1.0,0.6666666666666666,173.96564804948866,1.0,1.0,1.0,16.13019302021712,1.0,1.0,1.0,31.26909997081384,1.0,1.0,1.0,32.076628995127976
0000103_00502_d_0000027.jpg,3,YOLOv13-N,YOLOv13-N,1,1.0,1.0,1.0,15.499797998927534,1.0,1.0,1.0,1.0,1.0,1.0,15.499797998927534,1.0,1.0,1.0,21.850422024726868,0.75,1.0,0.8571428571428571,21.048669994343072,0.6666666666666666,0.6666666666666666,0.6666666666666666,60.821234015747905
0000103_01734_d_0000028.jpg,4,YOLOv13-L,YOLOv13-N,0,0.3333333333333333,0.5,0.4,92.18070202041417,0.3,0.75,0.4285714285714285,0.3,0.75,0.4285714285714285,40.97581101814285,0.3333333333333333,0.25,0.28571428571428575,42.73640998871997,0.3333333333333333,0.5,0.4,41.08809499302879,0.3333333333333333,0.25,0.28571428571428575,62.55061598494649
0000103_02544_d_0000029.jpg,14,YOLOv13-L,YOLOv13-L,1,0.5625,0.6428571428571429,0.6000000000000001,74.09887399990112,0.5625,0.6428571428571429,0.6000000000000001,0.35294117647058826,0.42857142857142855,0.3870967741935484,23.51878199260682,0.38461538461538464,0.35714285714285715,0.3703703703703704,21.867792995180935,0.5625,0.6428571428571429,0.6000000000000001,22.698255954310298,0.4375,0.5,0.4666666666666667,47.23584302701056
0000103_02964_d_0000030.jpg,10,YOLOv13-L,YOLOv13-L,1,0.5384615384615384,0.7,0.608695652173913,71.94429804803804,0.5384615384615384,0.7,0.608695652173913,0.46153846153846156,0.6,0.5217391304347826,29.127560032065958,0.3157894736842105,0.6,0.41379310344827586,25.979295023716986,0.5384615384615384,0.7,0.608695652173913,62.116727989632636,0.3076923076923077,0.4,0.34782608695652173,54.37755800085142
0000103_03349_d_0000031.jpg,4,YOLOv13-S,YOLOv13-X,0,0.42857142857142855,0.75,0.5454545454545454,50.67021999275312,0.8,1.0,0.888888888888889,0.6666666666666666,1.0,0.8,24.316616996657103,0.42857142857142855,0.75,0.5454545454545454,20.746563968714327,0.6666666666666666,0.5,0.5714285714285715,40.1230719871819,0.8,1.0,0.888888888888889,60.86960597895086
0000103_03738_d_0000032.jpg,3,YOLOv13-L,YOLOv13-L,1,1.0,1.0,1.0,51.368410990107805,1.0,1.0,1.0,0.4,0.6666666666666666,0.5,22.741690976545215,0.75,1.0,0.8571428571428571,23.47075002035126,1.0,1.0,1.0,38.94697199575603,1.0,1.0,1.0,36.090235982555896
0000103_04122_d_0000033.jpg,4,YOLOv13-N,YOLOv13-L,0,0.5,0.5,0.5,23.79336499143392,0.6666666666666666,1.0,0.8,0.5,0.5,0.5,23.79336499143392,0.75,0.75,0.75,19.677608972415328,0.6666666666666666,1.0,0.8,42.84946603002027,0.6666666666666666,1.0,0.8,53.79039701074362
0000103_04513_d_0000034.jpg,2,YOLOv13-N,YOLOv13-N,1,1.0,1.0,1.0,24.20312399044633,1.0,1.0,1.0,1.0,1.0,1.0,24.20312399044633,1.0,1.0,1.0,19.699877011589706,1.0,1.0,1.0,24.86707700882107,1.0,1.0,1.0,36.416153016034514
0000103_04948_d_0000035.jpg,1,YOLOv13-N,YOLOv13-N,1,0.0,0.0,0.0,20.46640799380839,0.0,0.0,0.0,0.0,0.0,0.0,20.46640799380839,0.0,0.0,0.0,27.560965972952545,0.0,0.0,0.0,26.50240098591894,0.0,0.0,0.0,33.514925045892596
0000115_00315_d_0000080.jpg,61,YOLOv13-L,YOLOv13-X,0,0.68,0.2786885245901639,0.3953488372093023,48.758459044620395,0.8181818181818182,0.29508196721311475,0.4337349397590361,0.75,0.2459016393442623,0.3703703703703703,18.427774019073695,0.85,0.2786885245901639,0.41975308641975306,16.033073014114052,0.68,0.2786885245901639,0.3953488372093023,31.238833034876734,0.8181818181818182,0.29508196721311475,0.4337349397590361,28.43633497832343
0000115_00796_d_0000081.jpg,78,YOLOv13-X,YOLOv13-X,1,0.7719298245614035,0.5641025641025641,0.6518518518518518,42.16900694882497,0.7719298245614035,0.5641025641025641,0.6518518518518518,0.6444444444444445,0.3717948717948718,0.47154471544715454,15.651337977033108,0.6530612244897959,0.41025641025641024,0.5039370078740157,21.078810968901962,0.6557377049180327,0.5128205128205128,0.5755395683453238,58.40225098654628,0.7719298245614035,0.5641025641025641,0.6518518518518518,30.610621033702046
0000115_01031_d_0000082.jpg,63,YOLOv13-X,YOLOv13-X,1,0.660377358490566,0.5555555555555556,0.6034482758620691,45.251281990204006,0.660377358490566,0.5555555555555556,0.6034482758620691,0.5,0.38095238095238093,0.4324324324324324,20.257222990039736,0.6041666666666666,0.4603174603174603,0.5225225225225225,19.977422954980284,0.6206896551724138,0.5714285714285714,0.5950413223140496,30.947451014071703,0.660377358490566,0.5555555555555556,0.6034482758620691,20.921349991112947
0000116_00351_d_0000083.jpg,74,YOLOv13-X,YOLOv13-L,0,0.7096774193548387,0.5945945945945946,0.6470588235294118,64.48152393568307,0.7719298245614035,0.5945945945945946,0.6717557251908397,0.7,0.47297297297297297,0.5645161290322581,38.855662976857275,0.7272727272727273,0.5405405405405406,0.6201550387596899,16.95010397816077,0.7719298245614035,0.5945945945945946,0.6717557251908397,52.77806404046714,0.7096774193548387,0.5945945945945946,0.6470588235294118,41.14314599428326
0000116_00819_d_0000084.jpg,36,YOLOv13-L,YOLOv13-X,0,0.5384615384615384,0.5833333333333334,0.5599999999999999,65.81335002556443,0.55,0.6111111111111112,0.5789473684210527,0.5416666666666666,0.3611111111111111,0.43333333333333335,39.38099800143391,0.5151515151515151,0.4722222222222222,0.49275362318840576,37.92028600582853,0.5384615384615384,0.5833333333333334,0.5599999999999999,35.03550396999344,0.55,0.6111111111111112,0.5789473684210527,29.82294000685215
0000116_01059_d_0000085.jpg,70,YOLOv13-L,YOLOv13-X,0,0.7333333333333333,0.4714285714285714,0.5739130434782609,62.449457007460296,0.7555555555555555,0.4857142857142857,0.5913043478260869,0.6857142857142857,0.34285714285714286,0.45714285714285724,18.949805002193898,0.6304347826086957,0.4142857142857143,0.5000000000000001,29.725105967372656,0.7333333333333333,0.4714285714285714,0.5739130434782609,50.935053965076804,0.7555555555555555,0.4857142857142857,0.5913043478260869,40.44461500598118
0000116_01338_d_0000086.jpg,54,YOLOv13-X,YOLOv13-L,0,0.8461538461538461,0.4074074074074074,0.5499999999999999,50.53947295527905,0.8,0.4444444444444444,0.5714285714285714,0.6153846153846154,0.2962962962962963,0.4,27.387484966311604,0.6428571428571429,0.3333333333333333,0.43902439024390244,16.951923025771976,0.8,0.4444444444444444,0.5714285714285714,35.873992019332945,0.8461538461538461,0.4074074074074074,0.5499999999999999,28.495448001194745
0000117_00112_d_0000087.jpg,129,YOLOv13-L,YOLOv13-L,1,0.8513513513513513,0.4883720930232558,0.6206896551724138,52.6258010067977,0.8513513513513513,0.4883720930232558,0.6206896551724138,0.6417910447761194,0.3333333333333333,0.43877551020408156,24.04212299734354,0.7903225806451613,0.3798449612403101,0.5130890052356021,41.461097018327564,0.8513513513513513,0.4883720930232558,0.6206896551724138,32.990425999742,0.8051948051948052,0.4806201550387597,0.6019417475728156,32.127914018929005
0000117_01326_d_0000088.jpg,62,YOLOv13-X,YOLOv13-L,0,0.5,0.5967741935483871,0.5441176470588236,63.13507101731375,0.5217391304347826,0.5806451612903226,0.549618320610687,0.30985915492957744,0.3548387096774194,0.33082706766917297,19.79136501904577,0.3855421686746988,0.5161290322580645,0.4413793103448276,21.83420502115041,0.5217391304347826,0.5806451612903226,0.549618320610687,33.77780498703942,0.5,0.5967741935483871,0.5441176470588236,29.432651994284242
0000117_01731_d_0000089.jpg,47,YOLOv13-X,YOLOv13-S,0,0.6271186440677966,0.7872340425531915,0.6981132075471698,50.068031006958336,0.7333333333333333,0.7021276595744681,0.7173913043478262,0.5833333333333334,0.5957446808510638,0.5894736842105263,17.90288998745382,0.7333333333333333,0.7021276595744681,0.7173913043478262,37.911874998826534,0.5925925925925926,0.6808510638297872,0.6336633663366336,36.65288700722158,0.6271186440677966,0.7872340425531915,0.6981132075471698,57.1916340268217
0000117_02708_d_0000090.jpg,100,YOLOv13-X,YOLOv13-X,1,0.6511627906976745,0.56,0.6021505376344087,58.249062043614686,0.6511627906976745,0.56,0.6021505376344087,0.5535714285714286,0.31,0.3974358974358974,32.935233030002564,0.5970149253731343,0.4,0.47904191616766467,20.98818402737379,0.6455696202531646,0.51,0.5698324022346368,34.13909301161766,0.6511627906976745,0.56,0.6021505376344087,33.066254982259125
0000117_03096_d_0000091.jpg,24,YOLOv13-X,YOLOv13-S,0,0.25274725274725274,0.9583333333333334,0.39999999999999997,64.04342100722715,0.29850746268656714,0.8333333333333334,0.4395604395604395,0.2638888888888889,0.7916666666666666,0.3958333333333333,20.40417998796329,0.29850746268656714,0.8333333333333334,0.4395604395604395,29.061107023153454,0.22580645161290322,0.875,0.358974358974359,63.371277996338904,0.25274725274725274,0.9583333333333334,0.39999999999999997,36.96554998168722
0000129_02411_d_0000138.jpg,186,YOLOv13-L,YOLOv13-L,1,0.9186991869918699,0.6075268817204301,0.7313915857605178,63.71895200572908,0.9186991869918699,0.6075268817204301,0.7313915857605178,0.8211382113821138,0.543010752688172,0.6537216828478963,26.30672900704667,0.8842975206611571,0.5752688172043011,0.6970684039087949,25.555072992574424,0.9186991869918699,0.6075268817204301,0.7313915857605178,35.23413301445544,0.9008264462809917,0.5860215053763441,0.7100977198697068,33.73033402021974
0000153_00001_d_0000001.jpg,55,YOLOv13-L,YOLOv13-L,1,0.8181818181818182,0.4909090909090909,0.6136363636363636,80.81458503147587,0.8181818181818182,0.4909090909090909,0.6136363636363636,0.7096774193548387,0.4,0.5116279069767441,40.073222015053034,0.8571428571428571,0.43636363636363634,0.5783132530120482,20.673498045653105,0.8181818181818182,0.4909090909090909,0.6136363636363636,28.478808992076665,0.7272727272727273,0.43636363636363634,0.5454545454545455,30.353197013027966
0000153_00401_d_0000001.jpg,59,YOLOv13-X,YOLOv13-X,1,0.6976744186046512,0.5084745762711864,0.5882352941176471,38.159804011229426,0.6976744186046512,0.5084745762711864,0.5882352941176471,0.5454545454545454,0.4067796610169492,0.46601941747572817,13.926237006671727,0.6923076923076923,0.4576271186440678,0.5510204081632654,33.963961992412806,0.6666666666666666,0.4406779661016949,0.5306122448979591,28.692385996691883,0.6976744186046512,0.5084745762711864,0.5882352941176471,26.800391962751746
0000153_00801_d_0000001.jpg,49,YOLOv13-X,YOLOv13-S,0,0.5,0.32653061224489793,0.39506172839506176,51.09804606763646,0.6153846153846154,0.32653061224489793,0.42666666666666664,0.5,0.22448979591836735,0.30985915492957744,19.96346504893154,0.6153846153846154,0.32653061224489793,0.42666666666666664,19.220156013034284,0.5,0.3469387755102041,0.4096385542168675,29.925242997705936,0.5,0.32653061224489793,0.39506172839506176,31.249177001882344
0000153_01201_d_0000001.jpg,59,YOLOv13-L,YOLOv13-X,0,0.5142857142857142,0.3050847457627119,0.38297872340425526,49.90716400789097,0.6551724137931034,0.3220338983050847,0.43181818181818177,0.6521739130434783,0.2542372881355932,0.36585365853658536,11.499841988552362,0.68,0.288135593220339,0.40476190476190477,22.519098012708127,0.5142857142857142,0.3050847457627119,0.38297872340425526,23.7661559949629,0.6551724137931034,0.3220338983050847,0.43181818181818177,22.214953030925244
0000153_01601_d_0000001.jpg,63,YOLOv13-L,YOLOv13-L,1,0.9259259259259259,0.3968253968253968,0.5555555555555555,85.57676197960973,0.9259259259259259,0.3968253968253968,0.5555555555555555,0.7142857142857143,0.31746031746031744,0.43956043956043955,39.3858149764128,0.75,0.2857142857142857,0.4137931034482759,21.37293398845941,0.9259259259259259,0.3968253968253968,0.5555555555555555,53.357678989414126,0.8888888888888888,0.38095238095238093,0.5333333333333333,30.40808200603351
0000153_01801_d_0000001.jpg,55,YOLOv13-L,YOLOv13-X,0,0.6551724137931034,0.34545454545454546,0.4523809523809524,53.033934033010155,0.6451612903225806,0.36363636363636365,0.4651162790697675,0.6153846153846154,0.2909090909090909,0.3950617283950617,19.09510203404352,0.6538461538461539,0.3090909090909091,0.41975308641975306,24.16015398921445,0.6551724137931034,0.34545454545454546,0.4523809523809524,30.310695990920067,0.6451612903225806,0.36363636363636365,0.4651162790697675,29.889348021242768
0000154_00001_d_0000001.jpg,51,YOLOv13-X,YOLOv13-X,1,0.6486486486486487,0.47058823529411764,0.5454545454545454,45.1969460118562,0.6486486486486487,0.47058823529411764,0.5454545454545454,0.6071428571428571,0.3333333333333333,0.430379746835443,19.857398001477122,0.5757575757575758,0.37254901960784315,0.45238095238095244,14.335567015223205,0.6,0.47058823529411764,0.5274725274725275,45.731640013400465,0.6486486486486487,0.47058823529411764,0.5454545454545454,39.34887901414186
0000154_00401_d_0000001.jpg,60,YOLOv13-X,YOLOv13-L,0,0.6470588235294118,0.36666666666666664,0.46808510638297873,47.081896977033466,0.696969696969697,0.38333333333333336,0.4946236559139786,0.5135135135135135,0.31666666666666665,0.39175257731958757,18.863833975046873,0.5675675675675675,0.35,0.43298969072164945,16.382897971197963,0.696969696969697,0.38333333333333336,0.4946236559139786,29.331719037145376,0.6470588235294118,0.36666666666666664,0.46808510638297873,33.398739004042
0000154_00801_d_0000001.jpg,72,YOLOv13-X,YOLOv13-L,0,0.6666666666666666,0.3333333333333333,0.4444444444444444,66.65072799660265,0.625,0.3472222222222222,0.44642857142857145,0.6,0.25,0.35294117647058826,34.176005981862545,0.6388888888888888,0.3194444444444444,0.4259259259259259,17.911328992340714,0.625,0.3472222222222222,0.44642857142857145,31.135162978898734,0.6666666666666666,0.3333333333333333,0.4444444444444444,29.012942977715284
0000154_01201_d_0000001.jpg,81,YOLOv13-L,YOLOv13-L,1,0.7115384615384616,0.4567901234567901,0.5563909774436091,51.1586430366151,0.7115384615384616,0.4567901234567901,0.5563909774436091,0.6666666666666666,0.345679012345679,0.4552845528455284,19.375463016331196,0.775,0.38271604938271603,0.512396694214876,20.26077697519213,0.7115384615384616,0.4567901234567901,0.5563909774436091,60.31077902298421,0.6785714285714286,0.4691358024691358,0.5547445255474452,30.02269600983709
0000154_01601_d_0000001.jpg,101,YOLOv13-L,YOLOv13-X,0,0.7857142857142857,0.43564356435643564,0.5605095541401274,58.62667807377875,0.7894736842105263,0.44554455445544555,0.569620253164557,0.7083333333333334,0.33663366336633666,0.45637583892617456,19.9353180360049,0.7916666666666666,0.37623762376237624,0.5100671140939597,26.30584198050201,0.7857142857142857,0.43564356435643564,0.5605095541401274,56.92716198973358,0.7894736842105263,0.44554455445544555,0.569620253164557,54.249727982096374
0000154_02001_d_0000001.jpg,83,YOLOv13-X,YOLOv13-X,1,0.6619718309859155,0.5662650602409639,0.6103896103896105,46.452459995634854,0.6619718309859155,0.5662650602409639,0.6103896103896105,0.6226415094339622,0.39759036144578314,0.4852941176470588,20.28019999852404,0.6379310344827587,0.4457831325301205,0.524822695035461,29.070960998069495,0.618421052631579,0.5662650602409639,0.5911949685534591,57.06081702373922,0.6619718309859155,0.5662650602409639,0.6103896103896105,21.2059750338085
0000155_00001_d_0000001.jpg,97,YOLOv13-X,YOLOv13-X,1,0.676056338028169,0.4948453608247423,0.5714285714285714,43.29593095462769,0.676056338028169,0.4948453608247423,0.5714285714285714,0.6615384615384615,0.44329896907216493,0.5308641975308641,20.811438967939466,0.7413793103448276,0.44329896907216493,0.5548387096774193,35.620785027276725,0.6923076923076923,0.4639175257731959,0.5555555555555557,32.97258197562769,0.676056338028169,0.4948453608247423,0.5714285714285714,62.147805001586676
0000155_00401_d_0000001.jpg,122,YOLOv13-X,YOLOv13-L,0,0.7464788732394366,0.4344262295081967,0.5492227979274611,79.30520997615531,0.691358024691358,0.45901639344262296,0.5517241379310345,0.7058823529411765,0.39344262295081966,0.5052631578947367,41.3868649629876,0.671875,0.3524590163934426,0.46236559139784944,18.516375974286348,0.691358024691358,0.45901639344262296,0.5517241379310345,52.891772997099906,0.7464788732394366,0.4344262295081967,0.5492227979274611,19.563009962439537
0000155_00801_d_0000001.jpg,106,YOLOv13-X,YOLOv13-X,1,0.75,0.5660377358490566,0.6451612903225807,59.7784339915961,0.75,0.5660377358490566,0.6451612903225807,0.7076923076923077,0.4339622641509434,0.5380116959064327,23.074597993399948,0.7246376811594203,0.4716981132075472,0.5714285714285714,18.90057703712955,0.7195121951219512,0.5566037735849056,0.6276595744680851,56.93073500879109,0.75,0.5660377358490566,0.6451612903225807,30.416025954764336
0000155_01201_d_0000001.jpg,94,YOLOv13-X,YOLOv13-S,0,0.6349206349206349,0.425531914893617,0.5095541401273885,44.07173302024603,0.6949152542372882,0.43617021276595747,0.5359477124183007,0.68,0.3617021276595745,0.4722222222222222,19.7833520360291,0.6949152542372882,0.43617021276595747,0.5359477124183007,19.066224980633706,0.5285714285714286,0.39361702127659576,0.45121951219512196,31.73662698827684,0.6349206349206349,0.425531914893617,0.5095541401273885,28.441871982067823
0000155_01601_d_0000001.jpg,73,YOLOv13-X,YOLOv13-X,1,0.8387096774193549,0.7123287671232876,0.7703703703703705,53.09877695981413,0.8387096774193549,0.7123287671232876,0.7703703703703705,0.59375,0.5205479452054794,0.5547445255474454,19.95887397788465,0.8035714285714286,0.6164383561643836,0.6976744186046512,40.151260036509484,0.8275862068965517,0.6575342465753424,0.732824427480916,62.33307800721377,0.8387096774193549,0.7123287671232876,0.7703703703703705,40.48035998130217
0000155_01871_d_0000001.jpg,55,YOLOv13-L,YOLOv13-X,0,0.5217391304347826,0.43636363636363634,0.4752475247524752,63.44886694569141,0.6190476190476191,0.4727272727272727,0.5360824742268041,0.5128205128205128,0.36363636363636365,0.425531914893617,20.11852595023811,0.6153846153846154,0.43636363636363634,0.5106382978723405,41.85331397457048,0.5217391304347826,0.43636363636363634,0.4752475247524752,31.133177981246263,0.6190476190476191,0.4727272727272727,0.5360824742268041,29.912177997175604
0000162_00001_d_0000001.jpg,34,YOLOv13-L,YOLOv13-S,0,0.8214285714285714,0.6764705882352942,0.7419354838709677,49.24731998471543,0.9166666666666666,0.6470588235294118,0.7586206896551724,0.8695652173913043,0.5882352941176471,0.7017543859649124,19.9761469848454,0.9166666666666666,0.6470588235294118,0.7586206896551724,21.56036504311487,0.8214285714285714,0.6764705882352942,0.7419354838709677,31.670770957134664,0.8461538461538461,0.6470588235294118,0.7333333333333334,29.352436016779393
0000162_00401_d_0000001.jpg,45,YOLOv13-X,YOLOv13-X,1,0.6764705882352942,0.5111111111111111,0.5822784810126582,53.27709898119792,0.6764705882352942,0.5111111111111111,0.5822784810126582,0.7037037037037037,0.4222222222222222,0.5277777777777777,19.877279992215335,0.75,0.4666666666666667,0.5753424657534245,30.94098501605913,0.5789473684210527,0.4888888888888889,0.5301204819277109,31.73577197594568,0.6764705882352942,0.5111111111111111,0.5822784810126582,26.4827850041911
0000162_00801_d_0000001.jpg,30,YOLOv13-L,YOLOv13-L,1,0.6538461538461539,0.5666666666666667,0.6071428571428571,45.71484704501927,0.6538461538461539,0.5666666666666667,0.6071428571428571,0.45454545454545453,0.3333333333333333,0.3846153846153846,11.358232994098216,0.7142857142857143,0.5,0.588235294117647,16.97588403476402,0.6538461538461539,0.5666666666666667,0.6071428571428571,60.96860999241471,0.6296296296296297,0.5666666666666667,0.5964912280701755,44.47443597018719
0000162_01058_d_0000001.jpg,57,YOLOv13-L,YOLOv13-L,1,0.5769230769230769,0.2631578947368421,0.3614457831325302,76.03367703268304,0.5769230769230769,0.2631578947368421,0.3614457831325302,0.47058823529411764,0.14035087719298245,0.2162162162162162,36.49214701727033,0.5454545454545454,0.21052631578947367,0.3037974683544304,36.09359200345352,0.5769230769230769,0.2631578947368421,0.3614457831325302,50.58219801867381,0.5217391304347826,0.21052631578947367,0.3,48.26559696812183
0000163_00001_d_0000001.jpg,69,YOLOv13-X,YOLOv13-X,1,0.7948717948717948,0.4492753623188406,0.574074074074074,80.27700299862772,0.7948717948717948,0.4492753623188406,0.574074074074074,0.7631578947368421,0.42028985507246375,0.5420560747663552,40.855131985154,0.75,0.43478260869565216,0.5504587155963303,23.732629022561014,0.7209302325581395,0.4492753623188406,0.5535714285714285,44.484523008577526,0.7948717948717948,0.4492753623188406,0.574074074074074,43.90278598293662
0000163_00359_d_0000001.jpg,54,YOLOv13-X,YOLOv13-X,1,0.8461538461538461,0.4074074074074074,0.5499999999999999,62.066629936452955,0.8461538461538461,0.4074074074074074,0.5499999999999999,0.8333333333333334,0.2777777777777778,0.4166666666666667,35.76681297272444,0.7727272727272727,0.3148148148148148,0.4473684210526316,21.812620980199426,0.9130434782608695,0.3888888888888889,0.5454545454545454,31.741065031383187,0.8461538461538461,0.4074074074074074,0.5499999999999999,31.13067103549838
0000165_04325_d_0000105.jpg,29,YOLOv13-X,YOLOv13-X,1,0.7083333333333334,0.5862068965517241,0.6415094339622641,64.96258999686688,0.7083333333333334,0.5862068965517241,0.6415094339622641,0.631578947368421,0.41379310344827586,0.5,25.220276962500066,0.7272727272727273,0.5517241379310345,0.6274509803921569,18.447296984959394,0.6818181818181818,0.5172413793103449,0.5882352941176471,34.395760972984135,0.7083333333333334,0.5862068965517241,0.6415094339622641,34.08415598096326
0000166_00558_d_0000118.jpg,71,YOLOv13-L,YOLOv13-L,1,0.56,0.39436619718309857,0.4628099173553719,62.590516987256706,0.56,0.39436619718309857,0.4628099173553719,0.5945945945945946,0.30985915492957744,0.40740740740740744,24.326760962139815,0.5277777777777778,0.2676056338028169,0.35514018691588783,21.41390199540183,0.56,0.39436619718309857,0.4628099173553719,31.55551804229617,0.5789473684210527,0.30985915492957744,0.40366972477064217,60.27942500077188
0000193_00000_d_0000103.jpg,63,YOLOv13-L,YOLOv13-L,1,0.7884615384615384,0.6507936507936508,0.7130434782608696,45.21978198317811,0.7884615384615384,0.6507936507936508,0.7130434782608696,0.8,0.4444444444444444,0.5714285714285714,19.384496961720288,0.8095238095238095,0.5396825396825397,0.6476190476190475,36.88067296752706,0.7884615384615384,0.6507936507936508,0.7130434782608696,61.778798000887036,0.7450980392156863,0.6031746031746031,0.6666666666666666,60.48841401934624
0000193_01497_d_0000111.jpg,87,YOLOv13-X,YOLOv13-X,1,0.5981308411214953,0.735632183908046,0.6597938144329896,69.0252099884674,0.5981308411214953,0.735632183908046,0.6597938144329896,0.5465116279069767,0.5402298850574713,0.5433526011560693,36.565863993018866,0.5529411764705883,0.5402298850574713,0.5465116279069768,41.88948101364076,0.6039603960396039,0.7011494252873564,0.648936170212766,62.2988969553262,0.5981308411214953,0.735632183908046,0.6597938144329896,30.156214023008943
0000193_01705_d_0000112.jpg,134,YOLOv13-X,YOLOv13-X,1,0.9066666666666666,0.5074626865671642,0.6507177033492824,72.01051997253671,0.9066666666666666,0.5074626865671642,0.6507177033492824,0.6986301369863014,0.3805970149253731,0.4927536231884058,41.33984696818516,0.7837837837837838,0.43283582089552236,0.5576923076923076,17.44007901288569,0.7888888888888889,0.5298507462686567,0.6339285714285714,30.783770023845136,0.9066666666666666,0.5074626865671642,0.6507177033492824,53.190298029221594
0000193_01876_d_0000113.jpg,107,YOLOv13-X,YOLOv13-X,1,0.765625,0.45794392523364486,0.5730994152046783,85.68315801676363,0.765625,0.45794392523364486,0.5730994152046783,0.75,0.3364485981308411,0.464516129032258,42.08975000074133,0.7017543859649122,0.37383177570093457,0.4878048780487805,18.13252194551751,0.7246376811594203,0.4672897196261682,0.5681818181818182,30.242195003665984,0.765625,0.45794392523364486,0.5730994152046783,50.291956984438
0000193_02029_d_0000114.jpg,93,YOLOv13-X,YOLOv13-X,1,0.8028169014084507,0.6129032258064516,0.6951219512195121,56.80018005659804,0.8028169014084507,0.6129032258064516,0.6951219512195121,0.6785714285714286,0.40860215053763443,0.5100671140939598,30.195586034096777,0.8448275862068966,0.5268817204301075,0.6490066225165563,16.825153026729822,0.7936507936507936,0.5376344086021505,0.6410256410256411,34.06911395723,0.8028169014084507,0.6129032258064516,0.6951219512195121,31.80790803162381
0000193_02212_d_0000115.jpg,78,YOLOv13-X,YOLOv13-L,0,0.42857142857142855,0.38461538461538464,0.4054054054054054,55.32308894908056,0.5185185185185185,0.358974358974359,0.42424242424242425,0.5142857142857142,0.23076923076923078,0.3185840707964602,21.37866395059973,0.46296296296296297,0.32051282051282054,0.37878787878787884,19.06151504954323,0.5185185185185185,0.358974358974359,0.42424242424242425,33.049982972443104,0.42857142857142855,0.38461538461538464,0.4054054054054054,28.6271030199714
0000193_02416_d_0000116.jpg,50,YOLOv13-L,YOLOv13-L,1,0.7878787878787878,0.52,0.6265060240963856,69.02153103146702,0.7878787878787878,0.52,0.6265060240963856,0.5714285714285714,0.24,0.33802816901408445,27.78195502469316,0.6071428571428571,0.34,0.43589743589743596,23.10573699651286,0.7878787878787878,0.52,0.6265060240963856,49.49417803436518,0.65625,0.42,0.5121951219512195,46.20975902071223
0000193_02606_d_0000117.jpg,49,YOLOv13-X,YOLOv13-L,0,0.7391304347826086,0.3469387755102041,0.4722222222222222,80.98600100493059,0.84,0.42857142857142855,0.5675675675675675,0.5333333333333333,0.16326530612244897,0.25,41.86511301668361,0.75,0.30612244897959184,0.43478260869565216,20.06687002722174,0.84,0.42857142857142855,0.5675675675675675,31.42657200805843,0.7391304347826086,0.3469387755102041,0.4722222222222222,30.113279994111508
0000193_02725_d_0000118.jpg,39,YOLOv13-L,YOLOv13-L,1,0.7241379310344828,0.5384615384615384,0.6176470588235294,64.02767694089562,0.7241379310344828,0.5384615384615384,0.6176470588235294,0.631578947368421,0.3076923076923077,0.41379310344827586,35.38207896053791,0.6956521739130435,0.41025641025641024,0.5161290322580646,14.084163994994015,0.7241379310344828,0.5384615384615384,0.6176470588235294,26.888262014836073,0.6206896551724138,0.46153846153846156,0.5294117647058824,30.333876027725637
0000194_00000_d_0000119.jpg,54,YOLOv13-X,YOLOv13-X,1,0.6944444444444444,0.46296296296296297,0.5555555555555555,55.50721805775538,0.6944444444444444,0.46296296296296297,0.5555555555555555,0.6666666666666666,0.2962962962962963,0.41025641025641024,20.352667022962123,0.7241379310344828,0.3888888888888889,0.5060240963855421,19.323828048072755,0.6285714285714286,0.4074074074074074,0.4943820224719101,28.64962402964011,0.6944444444444444,0.46296296296296297,0.5555555555555555,28.47392502008006
0000194_00200_d_0000120.jpg,76,YOLOv13-X,YOLOv13-X,1,0.640625,0.5394736842105263,0.5857142857142857,70.32508903648704,0.640625,0.5394736842105263,0.5857142857142857,0.6774193548387096,0.27631578947368424,0.39252336448598135,37.974998995196074,0.6071428571428571,0.4473684210526316,0.5151515151515151,20.075330045074224,0.6349206349206349,0.5263157894736842,0.5755395683453238,43.52250503143296,0.640625,0.5394736842105263,0.5857142857142857,36.800381960347295
0000194_00399_d_0000121.jpg,143,YOLOv13-L,YOLOv13-X,0,0.7244897959183674,0.4965034965034965,0.5892116182572615,50.371651945170015,0.8061224489795918,0.5524475524475524,0.6556016597510372,0.7088607594936709,0.3916083916083916,0.5045045045045046,20.639641967136413,0.7160493827160493,0.40559440559440557,0.5178571428571429,21.765451005194336,0.7244897959183674,0.4965034965034965,0.5892116182572615,29.813404951710254,0.8061224489795918,0.5524475524475524,0.6556016597510372,43.39118202915415
0000194_00625_d_0000122.jpg,83,YOLOv13-X,YOLOv13-L,0,0.7464788732394366,0.6385542168674698,0.6883116883116883,65.47116400906816,0.7857142857142857,0.6626506024096386,0.7189542483660131,0.7090909090909091,0.46987951807228917,0.5652173913043479,40.42246000608429,0.6865671641791045,0.5542168674698795,0.6133333333333333,15.647672000341117,0.7857142857142857,0.6626506024096386,0.7189542483660131,35.14885401818901,0.7464788732394366,0.6385542168674698,0.6883116883116883,32.26912900572643
0000194_00800_d_0000123.jpg,54,YOLOv13-L,YOLOv13-L,1,0.6097560975609756,0.46296296296296297,0.5263157894736843,57.778379996307194,0.6097560975609756,0.46296296296296297,0.5263157894736843,0.5666666666666667,0.3148148148148148,0.4047619047619047,21.722581994254142,0.47368421052631576,0.3333333333333333,0.391304347826087,15.346564003266394,0.6097560975609756,0.46296296296296297,0.5263157894736843,27.046352974139154,0.5952380952380952,0.46296296296296297,0.5208333333333334,27.034183964133263
0000194_00998_d_0000124.jpg,42,YOLOv13-L,YOLOv13-L,1,0.8888888888888888,0.5714285714285714,0.6956521739130435,53.20891604060307,0.8888888888888888,0.5714285714285714,0.6956521739130435,0.8,0.38095238095238093,0.5161290322580645,20.484524022322148,0.9047619047619048,0.4523809523809524,0.6031746031746031,18.987951043527573,0.8888888888888888,0.5714285714285714,0.6956521739130435,31.64413699414581,0.8076923076923077,0.5,0.6176470588235294,26.5927990549244
0000194_01192_d_0000125.jpg,23,YOLOv13-L,YOLOv13-X,0,0.5,0.6521739130434783,0.5660377358490566,72.51479499973357,0.6538461538461539,0.7391304347826086,0.693877551020408,0.45454545454545453,0.43478260869565216,0.4444444444444445,39.49711500899866,0.5454545454545454,0.5217391304347826,0.5333333333333332,37.38658200018108,0.5,0.6521739130434783,0.5660377358490566,34.976165974512696,0.6538461538461539,0.7391304347826086,0.693877551020408,53.05980297271162
0000196_04512_d_0000144.jpg,69,YOLOv13-L,YOLOv13-X,0,0.7333333333333333,0.3188405797101449,0.4444444444444444,56.67440302204341,0.8,0.34782608695652173,0.48484848484848486,0.5789473684210527,0.15942028985507245,0.24999999999999997,28.549905982799828,0.4642857142857143,0.18840579710144928,0.26804123711340205,28.402899974025786,0.7333333333333333,0.3188405797101449,0.4444444444444444,49.81422802666202,0.8,0.34782608695652173,0.48484848484848486,37.90364903397858
0000199_01269_d_0000166.jpg,16,YOLOv13-L,YOLOv13-S,0,0.6923076923076923,0.5625,0.6206896551724138,49.32141304016113,0.8461538461538461,0.6875,0.7586206896551724,0.6428571428571429,0.5625,0.6000000000000001,20.2003070153296,0.8461538461538461,0.6875,0.7586206896551724,16.017581976484507,0.6923076923076923,0.5625,0.6206896551724138,27.84341695951298,0.6875,0.6875,0.6875,36.06783301802352
0000213_02500_d_0000240.jpg,94,YOLOv13-X,YOLOv13-X,1,0.7959183673469388,0.4148936170212766,0.5454545454545454,49.21282996656373,0.7959183673469388,0.4148936170212766,0.5454545454545454,0.5813953488372093,0.26595744680851063,0.36496350364963503,19.917759986128658,0.6938775510204082,0.3617021276595745,0.47552447552447547,19.949580950196832,0.7450980392156863,0.40425531914893614,0.5241379310344827,32.59823896223679,0.7959183673469388,0.4148936170212766,0.5454545454545454,28.173001017421484
0000213_02965_d_0000241.jpg,94,YOLOv13-X,YOLOv13-X,1,0.6707317073170732,0.5851063829787234,0.6250000000000001,73.35192698519677,0.6707317073170732,0.5851063829787234,0.6250000000000001,0.5942028985507246,0.43617021276595747,0.5030674846625767,22.702054993715137,0.6447368421052632,0.5212765957446809,0.5764705882352941,47.69351700088009,0.6463414634146342,0.5638297872340425,0.6022727272727272,29.014311963692307,0.6707317073170732,0.5851063829787234,0.6250000000000001,44.592635007575154
0000213_03478_d_0000242.jpg,115,YOLOv13-X,YOLOv13-X,1,0.7553191489361702,0.6173913043478261,0.6794258373205742,50.33140996238217,0.7553191489361702,0.6173913043478261,0.6794258373205742,0.6344086021505376,0.5130434782608696,0.5673076923076923,18.66139698540792,0.6875,0.5739130434782609,0.6255924170616114,39.76372303441167,0.6764705882352942,0.6,0.6359447004608295,32.86095301155001,0.7553191489361702,0.6173913043478261,0.6794258373205742,61.24656100291759
0000213_03920_d_0000243.jpg,164,YOLOv13-L,YOLOv13-X,0,0.6153846153846154,0.5365853658536586,0.5732899022801303,69.80515300529078,0.7014925373134329,0.573170731707317,0.6308724832214765,0.6804123711340206,0.4024390243902439,0.5057471264367815,41.64559603668749,0.680672268907563,0.49390243902439024,0.5724381625441697,15.186684031505138,0.6153846153846154,0.5365853658536586,0.5732899022801303,62.66098300693557,0.7014925373134329,0.573170731707317,0.6308724832214765,54.829469008836895
0000213_04405_d_0000244.jpg,106,YOLOv13-L,YOLOv13-X,0,0.6666666666666666,0.5094339622641509,0.5775401069518716,66.53405097313225,0.7,0.5283018867924528,0.6021505376344085,0.711864406779661,0.39622641509433965,0.5090909090909091,32.38591697299853,0.684931506849315,0.4716981132075472,0.5586592178770949,33.89293001964688,0.6666666666666666,0.5094339622641509,0.5775401069518716,33.347668999340385,0.7,0.5283018867924528,0.6021505376344085,32.183679984882474
0000213_04998_d_0000245.jpg,137,YOLOv13-L,YOLOv13-L,1,0.7623762376237624,0.5620437956204379,0.6470588235294118,60.65437302459031,0.7623762376237624,0.5620437956204379,0.6470588235294118,0.6463414634146342,0.38686131386861317,0.48401826484018273,22.659970039967448,0.7078651685393258,0.45985401459854014,0.5575221238938053,43.35783200804144,0.7623762376237624,0.5620437956204379,0.6470588235294118,47.6597779779695,0.6896551724137931,0.583941605839416,0.6324110671936759,31.745560001581907
0000213_05340_d_0000246.jpg,138,YOLOv13-L,YOLOv13-X,0,0.7155963302752294,0.5652173913043478,0.631578947368421,66.3143300334923,0.7391304347826086,0.6159420289855072,0.6719367588932806,0.7205882352941176,0.35507246376811596,0.4757281553398059,32.634637027513236,0.7011494252873564,0.4420289855072464,0.5422222222222223,19.382931001018733,0.7155963302752294,0.5652173913043478,0.631578947368421,30.118895054329187,0.7391304347826086,0.6159420289855072,0.6719367588932806,47.51085699535906
0000213_05745_d_0000247.jpg,101,YOLOv13-L,YOLOv13-X,0,0.7865168539325843,0.693069306930693,0.736842105263158,82.1160760242492,0.8,0.7524752475247525,0.7755102040816327,0.8095238095238095,0.504950495049505,0.6219512195121951,39.038856979459524,0.7901234567901234,0.6336633663366337,0.7032967032967031,34.81598902726546,0.7865168539325843,0.693069306930693,0.736842105263158,33.70694100158289,0.8,0.7524752475247525,0.7755102040816327,33.54102198500186
0000215_00000_d_0000256.jpg,157,YOLOv13-X,YOLOv13-X,1,0.5494505494505495,0.3184713375796178,0.40322580645161293,50.78715493436903,0.5494505494505495,0.3184713375796178,0.40322580645161293,0.5285714285714286,0.2356687898089172,0.32599118942731276,19.683233986143023,0.625,0.28662420382165604,0.39301310043668125,41.939246002584696,0.5647058823529412,0.3057324840764331,0.39669421487603307,32.69199299393222,0.5494505494505495,0.3184713375796178,0.40322580645161293,34.09342997474596
0000215_00447_d_0000257.jpg,53,YOLOv13-X,YOLOv13-L,0,0.6557377049180327,0.7547169811320755,0.7017543859649122,71.84863503789529,0.6896551724137931,0.7547169811320755,0.7207207207207208,0.5909090909090909,0.7358490566037735,0.6554621848739496,37.87844401085749,0.5797101449275363,0.7547169811320755,0.6557377049180327,21.468010963872075,0.6896551724137931,0.7547169811320755,0.7207207207207208,29.980152030475438,0.6557377049180327,0.7547169811320755,0.7017543859649122,32.818121020682156
0000215_00909_d_0000258.jpg,93,YOLOv13-X,YOLOv13-L,0,0.78125,0.5376344086021505,0.6369426751592356,56.37319595552981,0.803030303030303,0.5698924731182796,0.6666666666666666,0.6575342465753424,0.5161290322580645,0.5783132530120482,16.867245954927057,0.7575757575757576,0.5376344086021505,0.6289308176100629,40.28603405458853,0.803030303030303,0.5698924731182796,0.6666666666666666,62.416394997853786,0.78125,0.5376344086021505,0.6369426751592356,61.665864021051675
0000215_01395_d_0000259.jpg,56,YOLOv13-L,YOLOv13-X,0,0.75,0.8035714285714286,0.7758620689655172,57.81151604605839,0.7666666666666667,0.8214285714285714,0.793103448275862,0.7457627118644068,0.7857142857142857,0.7652173913043477,20.599586016032845,0.7586206896551724,0.7857142857142857,0.7719298245614034,23.465756967198104,0.75,0.8035714285714286,0.7758620689655172,52.5063700042665,0.7666666666666667,0.8214285714285714,0.793103448275862,38.548637996427715
0000215_01869_d_0000260.jpg,78,YOLOv13-X,YOLOv13-L,0,0.75,0.6153846153846154,0.676056338028169,79.17820703005418,0.7903225806451613,0.6282051282051282,0.7000000000000001,0.7115384615384616,0.47435897435897434,0.5692307692307692,39.84243900049478,0.6935483870967742,0.5512820512820513,0.6142857142857143,41.62734095007181,0.7903225806451613,0.6282051282051282,0.7000000000000001,55.30142300995067,0.75,0.6153846153846154,0.676056338028169,59.89427899476141
0000215_02319_d_0000261.jpg,107,YOLOv13-L,YOLOv13-X,0,0.7205882352941176,0.45794392523364486,0.5599999999999999,74.4037579279393,0.8032786885245902,0.45794392523364486,0.5833333333333334,0.7,0.3925233644859813,0.5029940119760479,37.69180696690455,0.7627118644067796,0.4205607476635514,0.5421686746987953,21.764897042885423,0.7205882352941176,0.45794392523364486,0.5599999999999999,31.429018010385334,0.8032786885245902,0.45794392523364486,0.5833333333333334,49.30620297091082
0000215_02667_d_0000262.jpg,83,YOLOv13-X,YOLOv13-X,1,0.6382978723404256,0.7228915662650602,0.6779661016949153,71.32538803853095,0.6382978723404256,0.7228915662650602,0.6779661016949153,0.5975609756097561,0.5903614457831325,0.593939393939394,31.261525000445545,0.6625,0.6385542168674698,0.6503067484662576,23.123532999306917,0.6292134831460674,0.6746987951807228,0.6511627906976744,44.064768007956445,0.6382978723404256,0.7228915662650602,0.6779661016949153,18.504699983168393
0000215_02932_d_0000263.jpg,48,YOLOv13-L,YOLOv13-L,1,0.8222222222222222,0.7708333333333334,0.7956989247311829,63.83415701566264,0.8222222222222222,0.7708333333333334,0.7956989247311829,0.7837837837837838,0.6041666666666666,0.6823529411764706,25.906717986799777,0.868421052631579,0.6875,0.7674418604651162,35.87917401455343,0.8222222222222222,0.7708333333333334,0.7956989247311829,63.4707459830679,0.75,0.6875,0.717391304347826,56.625753990374506
0000215_03226_d_0000264.jpg,23,YOLOv13-L,YOLOv13-S,0,0.7727272727272727,0.7391304347826086,0.7555555555555555,60.206527006812394,0.8421052631578947,0.6956521739130435,0.761904761904762,0.5789473684210527,0.4782608695652174,0.5238095238095238,22.386519995052367,0.8421052631578947,0.6956521739130435,0.761904761904762,36.033379030413926,0.7727272727272727,0.7391304347826086,0.7555555555555555,60.43466198025271,0.7727272727272727,0.7391304347826086,0.7555555555555555,58.5870899958536
0000216_00520_d_0000001.jpg,109,YOLOv13-L,YOLOv13-X,0,0.8333333333333334,0.5045871559633027,0.6285714285714286,66.03507400723174,0.8028169014084507,0.5229357798165137,0.6333333333333333,0.78125,0.45871559633027525,0.5780346820809249,26.0294409818016,0.8153846153846154,0.48623853211009177,0.6091954022988506,22.15412800433114,0.8333333333333334,0.5045871559633027,0.6285714285714286,35.15918203629553,0.8028169014084507,0.5229357798165137,0.6333333333333333,45.54618499241769
0000220_01242_d_0000004.jpg,37,YOLOv13-X,YOLOv13-X,1,0.7619047619047619,0.43243243243243246,0.5517241379310345,57.332805066835135,0.7619047619047619,0.43243243243243246,0.5517241379310345,0.8666666666666667,0.35135135135135137,0.5000000000000001,22.724145033862442,0.7058823529411765,0.32432432432432434,0.44444444444444453,32.50972100067884,0.75,0.40540540540540543,0.5263157894736842,37.60913497535512,0.7619047619047619,0.43243243243243246,0.5517241379310345,35.139061976224184
0000223_01802_d_0000005.jpg,64,YOLOv13-X,YOLOv13-L,0,0.8372093023255814,0.5625,0.6728971962616822,72.64788600150496,0.8604651162790697,0.578125,0.6915887850467289,0.6216216216216216,0.359375,0.4554455445544554,42.70103597082198,0.7619047619047619,0.5,0.6037735849056604,21.06548799201846,0.8604651162790697,0.578125,0.6915887850467289,33.798594027757645,0.8372093023255814,0.5625,0.6728971962616822,39.09805999137461
0000237_00001_d_0000001.jpg,15,YOLOv13-L,YOLOv13-X,0,0.625,0.3333333333333333,0.43478260869565216,77.80257699778304,0.8571428571428571,0.4,0.5454545454545455,0.8333333333333334,0.3333333333333333,0.47619047619047616,36.91893699578941,0.6666666666666666,0.26666666666666666,0.3809523809523809,36.29561996785924,0.625,0.3333333333333333,0.43478260869565216,54.84888103092089,0.8571428571428571,0.4,0.5454545454545455,31.15897299721837
0000242_00001_d_0000001.jpg,42,YOLOv13-L,YOLOv13-X,0,0.75,0.6428571428571429,0.6923076923076924,63.612058002036065,0.8125,0.6190476190476191,0.7027027027027026,0.6538461538461539,0.40476190476190477,0.5,26.168990996666253,0.7857142857142857,0.5238095238095238,0.6285714285714286,33.53880898794159,0.75,0.6428571428571429,0.6923076923076924,26.864976971410215,0.8125,0.6190476190476191,0.7027027027027026,41.13613796653226
0000242_00500_d_0000002.jpg,53,YOLOv13-L,YOLOv13-X,0,0.7647058823529411,0.49056603773584906,0.5977011494252874,48.55847998987883,0.7878787878787878,0.49056603773584906,0.6046511627906975,0.7272727272727273,0.3018867924528302,0.4266666666666667,12.638051994144917,0.6875,0.41509433962264153,0.5176470588235295,23.237182991579175,0.7647058823529411,0.49056603773584906,0.5977011494252874,16.39093697303906,0.7878787878787878,0.49056603773584906,0.6046511627906975,44.79113197885454
0000242_00627_d_0000003.jpg,45,YOLOv13-L,YOLOv13-X,0,0.7741935483870968,0.5333333333333333,0.631578947368421,85.76027298113331,0.8181818181818182,0.6,0.6923076923076923,0.8,0.4444444444444444,0.5714285714285714,39.519126003142446,0.696969696969697,0.5111111111111111,0.5897435897435898,30.84889898309484,0.7741935483870968,0.5333333333333333,0.631578947368421,58.19823103956878,0.8181818181818182,0.6,0.6923076923076923,36.423636018298566
0000242_00843_d_0000004.jpg,2,YOLOv13-N,YOLOv13-X,0,0.6666666666666666,1.0,0.8,36.49949899408966,1.0,1.0,1.0,0.6666666666666666,1.0,0.8,36.49949899408966,0.6666666666666666,1.0,0.8,16.665261995512992,0.6666666666666666,1.0,0.8,25.350589014124125,1.0,1.0,1.0,41.37315595289692
0000242_00963_d_0000005.jpg,13,YOLOv13-S,YOLOv13-L,0,0.45454545454545453,0.38461538461538464,0.41666666666666663,62.0554179768078,0.5833333333333334,0.5384615384615384,0.5599999999999999,0.6666666666666666,0.46153846153846156,0.5454545454545455,40.37930001504719,0.45454545454545453,0.38461538461538464,0.41666666666666663,19.61805997416377,0.5833333333333334,0.5384615384615384,0.5599999999999999,35.913506988435984,0.5384615384615384,0.5384615384615384,0.5384615384615384,29.62200902402401
0000242_01139_d_0000006.jpg,72,YOLOv13-X,YOLOv13-X,1,0.7291666666666666,0.4861111111111111,0.5833333333333334,47.467562020756304,0.7291666666666666,0.4861111111111111,0.5833333333333334,0.627906976744186,0.375,0.46956521739130436,16.320344991981983,0.7435897435897436,0.4027777777777778,0.5225225225225226,19.48018599068746,0.66,0.4583333333333333,0.540983606557377,43.76395000144839,0.7291666666666666,0.4861111111111111,0.5833333333333334,42.96893399441615
0000242_01475_d_0000007.jpg,65,YOLOv13-L,YOLOv13-L,1,0.8771929824561403,0.7692307692307693,0.819672131147541,52.48392099747434,0.8771929824561403,0.7692307692307693,0.819672131147541,0.803921568627451,0.6307692307692307,0.7068965517241379,29.592879000119865,0.8070175438596491,0.7076923076923077,0.7540983606557378,19.296129001304507,0.8771929824561403,0.7692307692307693,0.819672131147541,59.591258992441,0.85,0.7846153846153846,0.816,44.63137499988079
0000242_01912_d_0000008.jpg,50,YOLOv13-X,YOLOv13-L,0,0.9130434782608695,0.42,0.5753424657534246,64.86475002020597,0.9565217391304348,0.44,0.6027397260273973,0.782608695652174,0.36,0.4931506849315068,30.108459992334247,0.8260869565217391,0.38,0.5205479452054794,18.400977016426623,0.9565217391304348,0.44,0.6027397260273973,38.168955012224615,0.9130434782608695,0.42,0.5753424657534246,20.96379001159221
0000242_02400_d_0000009.jpg,34,YOLOv13-L,YOLOv13-L,1,0.8333333333333334,0.7352941176470589,0.78125,46.17739701643586,0.8333333333333334,0.7352941176470589,0.78125,0.75,0.5294117647058824,0.6206896551724139,20.73354402091354,0.8,0.7058823529411765,0.7500000000000001,31.92919195862487,0.8333333333333334,0.7352941176470589,0.78125,22.64083398040384,0.7878787878787878,0.7647058823529411,0.7761194029850745,32.03401900827885
0000242_02762_d_0000010.jpg,33,YOLOv13-L,YOLOv13-S,0,0.875,0.8484848484848485,0.8615384615384615,45.660223986487836,0.9310344827586207,0.8181818181818182,0.8709677419354839,0.8571428571428571,0.7272727272727273,0.7868852459016394,20.535991992801428,0.9310344827586207,0.8181818181818182,0.8709677419354839,28.139008965808898,0.875,0.8484848484848485,0.8615384615384615,55.63496402464807,0.875,0.8484848484848485,0.8615384615384615,34.49412598274648
0000242_03199_d_0000011.jpg,9,YOLOv13-L,YOLOv13-L,1,1.0,0.8888888888888888,0.9411764705882353,78.13307497417554,1.0,0.8888888888888888,0.9411764705882353,0.7,0.7777777777777778,0.7368421052631577,40.73027294361964,1.0,0.7777777777777778,0.8750000000000001,19.693091046065092,1.0,0.8888888888888888,0.9411764705882353,29.404321045149118,1.0,0.8888888888888888,0.9411764705882353,30.039208009839058
0000242_03668_d_0000012.jpg,41,YOLOv13-L,YOLOv13-X,0,0.7777777777777778,0.5121951219512195,0.6176470588235294,53.50187193835154,0.7857142857142857,0.5365853658536586,0.6376811594202899,0.85,0.4146341463414634,0.5573770491803278,19.400328979827464,0.8333333333333334,0.4878048780487805,0.6153846153846153,19.642355968244374,0.7777777777777778,0.5121951219512195,0.6176470588235294,29.471231973730028,0.7857142857142857,0.5365853658536586,0.6376811594202899,49.727568984963
0000242_04116_d_0000013.jpg,8,YOLOv13-L,YOLOv13-X,0,0.5714285714285714,0.5,0.5333333333333333,53.01922297803685,0.8333333333333334,0.625,0.7142857142857143,0.5714285714285714,0.5,0.5333333333333333,22.344578988850117,0.5,0.375,0.42857142857142855,38.846367970108986,0.5714285714285714,0.5,0.5333333333333333,40.93445296166465,0.8333333333333334,0.625,0.7142857142857143,56.65835796389729
0000242_04600_d_0000014.jpg,29,YOLOv13-X,YOLOv13-S,0,0.6486486486486487,0.8275862068965517,0.7272727272727273,67.20978498924524,0.71875,0.7931034482758621,0.7540983606557378,0.6896551724137931,0.6896551724137931,0.6896551724137931,32.89039799710736,0.71875,0.7931034482758621,0.7540983606557378,21.247829019557685,0.6857142857142857,0.8275862068965517,0.75,31.212661997415125,0.6486486486486487,0.8275862068965517,0.7272727272727273,29.832655971404165
0000242_05059_d_0000015.jpg,37,YOLOv13-L,YOLOv13-L,1,0.875,0.3783783783783784,0.5283018867924528,49.68471702886745,0.875,0.3783783783783784,0.5283018867924528,0.75,0.24324324324324326,0.3673469387755103,18.104241986293346,0.8333333333333334,0.2702702702702703,0.4081632653061225,23.381125007290393,0.875,0.3783783783783784,0.5283018867924528,39.78868498234078,0.875,0.3783783783783784,0.5283018867924528,34.96202500537038
0000242_05570_d_0000016.jpg,32,YOLOv13-X,YOLOv13-L,0,0.8571428571428571,0.5625,0.6792452830188678,70.68477000575513,0.9,0.5625,0.6923076923076923,0.8235294117647058,0.4375,0.5714285714285714,40.10354803176597,0.7368421052631579,0.4375,0.5490196078431372,17.896893026772887,0.9,0.5625,0.6923076923076923,18.105519993696362,0.8571428571428571,0.5625,0.6792452830188678,39.715652994345874
0000242_06010_d_0000017.jpg,41,YOLOv13-N,YOLOv13-X,0,0.8571428571428571,0.14634146341463414,0.25,41.22482502134517,0.9,0.21951219512195122,0.3529411764705882,0.8571428571428571,0.14634146341463414,0.25,41.22482502134517,1.0,0.14634146341463414,0.2553191489361702,31.098768988158554,0.8,0.1951219512195122,0.3137254901960785,40.319001011084765,0.9,0.21951219512195122,0.3529411764705882,60.3222040226683
0000242_06452_d_0000018.jpg,12,YOLOv13-L,YOLOv13-X,0,0.6,0.5,0.5454545454545454,66.39095797436312,0.8,0.6666666666666666,0.7272727272727272,0.625,0.4166666666666667,0.5,34.4670380000025,0.7,0.5833333333333334,0.6363636363636365,28.84032402653247,0.6,0.5,0.5454545454545454,28.59951602295041,0.8,0.6666666666666666,0.7272727272727272,31.194836948998272
0000244_00001_d_0000001.jpg,46,YOLOv13-X,YOLOv13-X,1,0.717948717948718,0.6086956521739131,0.6588235294117647,54.14742900757119,0.717948717948718,0.6086956521739131,0.6588235294117647,0.7407407407407407,0.43478260869565216,0.5479452054794521,17.841938009951264,0.75,0.5217391304347826,0.6153846153846153,15.152011008467525,0.75,0.5869565217391305,0.6585365853658538,21.141535020433366,0.717948717948718,0.6086956521739131,0.6588235294117647,45.486598974093795
0000244_00500_d_0000002.jpg,32,YOLOv13-X,YOLOv13-L,0,0.4827586206896552,0.4375,0.4590163934426229,46.38836096273735,0.5384615384615384,0.4375,0.4827586206896552,0.5,0.34375,0.4074074074074074,20.24726598756388,0.5454545454545454,0.375,0.4444444444444444,15.467151999473572,0.5384615384615384,0.4375,0.4827586206896552,35.28122400166467,0.4827586206896552,0.4375,0.4590163934426229,31.96953801671043
0000244_01000_d_0000003.jpg,122,YOLOv13-X,YOLOv13-X,1,0.7111111111111111,0.26229508196721313,0.3832335329341318,48.94435202004388,0.7111111111111111,0.26229508196721313,0.3832335329341318,0.5945945945945946,0.18032786885245902,0.27672955974842767,20.409593009389937,0.6153846153846154,0.19672131147540983,0.2981366459627329,41.01829300634563,0.6363636363636364,0.22950819672131148,0.3373493975903614,31.486915017012507,0.7111111111111111,0.26229508196721313,0.3832335329341318,31.264299002941698
0000244_01500_d_0000004.jpg,96,YOLOv13-X,YOLOv13-X,1,0.7647058823529411,0.40625,0.5306122448979592,47.80690505867824,0.7647058823529411,0.40625,0.5306122448979592,0.47058823529411764,0.25,0.32653061224489793,18.807239015586674,0.6111111111111112,0.34375,0.44000000000000006,18.051382969133556,0.6666666666666666,0.4166666666666667,0.5128205128205129,58.810374001041055,0.7647058823529411,0.40625,0.5306122448979592,44.711880036629736
0000244_02000_d_0000005.jpg,129,YOLOv13-X,YOLOv13-L,0,0.6666666666666666,0.37209302325581395,0.4776119402985074,66.03400298627093,0.676056338028169,0.37209302325581395,0.48,0.6507936507936508,0.3178294573643411,0.42708333333333337,19.96730698738247,0.6025641025641025,0.3643410852713178,0.4541062801932367,20.727269002236426,0.676056338028169,0.37209302325581395,0.48,31.33990097558126,0.6666666666666666,0.37209302325581395,0.4776119402985074,32.743406016379595
0000244_02500_d_0000006.jpg,113,YOLOv13-X,YOLOv13-X,1,0.7571428571428571,0.4690265486725664,0.5792349726775956,66.4503340376541,0.7571428571428571,0.4690265486725664,0.5792349726775956,0.5614035087719298,0.2831858407079646,0.3764705882352941,20.826967025641352,0.5921052631578947,0.39823008849557523,0.47619047619047616,35.821339988615364,0.734375,0.415929203539823,0.5310734463276836,20.978150016162544,0.7571428571428571,0.4690265486725664,0.5792349726775956,45.50617799395695
0000244_03000_d_0000007.jpg,44,YOLOv13-L,YOLOv13-X,0,0.7307692307692307,0.4318181818181818,0.5428571428571428,45.49695597961545,0.8076923076923077,0.4772727272727273,0.6000000000000001,0.75,0.4090909090909091,0.5294117647058824,16.3465459481813,0.7083333333333334,0.38636363636363635,0.5,18.297305970918387,0.7307692307692307,0.4318181818181818,0.5428571428571428,26.495266996789724,0.8076923076923077,0.4772727272727273,0.6000000000000001,44.019695022143424
0000244_03500_d_0000008.jpg,146,YOLOv13-X,YOLOv13-L,0,0.6571428571428571,0.3150684931506849,0.4259259259259259,48.44234499614686,0.7627118644067796,0.3082191780821918,0.4390243902439025,0.6060606060606061,0.136986301369863,0.22346368715083798,22.257014003116637,0.6792452830188679,0.2465753424657534,0.36180904522613067,17.6883380045183,0.7627118644067796,0.3082191780821918,0.4390243902439025,39.300221018493176,0.6571428571428571,0.3150684931506849,0.4259259259259259,34.965943021234125
0000244_04000_d_0000009.jpg,56,YOLOv13-X,YOLOv13-S,0,0.3409090909090909,0.5357142857142857,0.41666666666666663,45.170889992732555,0.3493975903614458,0.5178571428571429,0.4172661870503598,0.32,0.42857142857142855,0.366412213740458,21.67339902371168,0.3493975903614458,0.5178571428571429,0.4172661870503598,16.133206023368984,0.29545454545454547,0.4642857142857143,0.36111111111111116,30.54609301034361,0.3409090909090909,0.5357142857142857,0.41666666666666663,32.258479041047394
0000244_04400_d_0000010.jpg,101,YOLOv13-X,YOLOv13-X,1,0.7126436781609196,0.6138613861386139,0.6595744680851064,46.91820906009525,0.7126436781609196,0.6138613861386139,0.6595744680851064,0.6666666666666666,0.45544554455445546,0.5411764705882353,20.7887000287883,0.6626506024096386,0.5445544554455446,0.5978260869565218,19.9918290018104,0.7108433734939759,0.5841584158415841,0.6413043478260868,28.880400001071393,0.7126436781609196,0.6138613861386139,0.6595744680851064,50.000682997051626
0000244_04900_d_0000011.jpg,106,YOLOv13-L,YOLOv13-X,0,0.8673469387755102,0.8018867924528302,0.8333333333333334,60.80880796071142,0.8842105263157894,0.7924528301886793,0.8358208955223881,0.7303370786516854,0.6132075471698113,0.6666666666666666,21.33787499042228,0.7551020408163265,0.6981132075471698,0.7254901960784315,21.173602959606797,0.8673469387755102,0.8018867924528302,0.8333333333333334,23.44289794564247,0.8842105263157894,0.7924528301886793,0.8358208955223881,21.109208988491446
0000244_05400_d_0000012.jpg,90,YOLOv13-X,YOLOv13-S,0,0.6805555555555556,0.5444444444444444,0.6049382716049382,67.41284095915034,0.7758620689655172,0.5,0.608108108108108,0.7551020408163265,0.4111111111111111,0.5323741007194244,39.39533798256889,0.7758620689655172,0.5,0.608108108108108,39.92273099720478,0.7014925373134329,0.5222222222222223,0.5987261146496816,33.523014979436994,0.6805555555555556,0.5444444444444444,0.6049382716049382,31.97913203621283
0000244_05900_d_0000013.jpg,66,YOLOv13-L,YOLOv13-X,0,0.7297297297297297,0.4090909090909091,0.5242718446601942,42.978608049452305,0.7142857142857143,0.45454545454545453,0.5555555555555556,0.75,0.36363636363636365,0.48979591836734687,17.849798023235053,0.7714285714285715,0.4090909090909091,0.5346534653465347,21.404771017841995,0.7297297297297297,0.4090909090909091,0.5242718446601942,39.88390596350655,0.7142857142857143,0.45454545454545453,0.5555555555555556,29.43971601780504
0000244_06388_d_0000014.jpg,46,YOLOv13-X,YOLOv13-X,1,0.8285714285714286,0.6304347826086957,0.7160493827160495,52.462149993516505,0.8285714285714286,0.6304347826086957,0.7160493827160495,0.7692307692307693,0.43478260869565216,0.5555555555555555,19.31033201981336,0.6785714285714286,0.41304347826086957,0.5135135135135135,34.74751400062814,0.7058823529411765,0.5217391304347826,0.6,47.00382601004094,0.8285714285714286,0.6304347826086957,0.7160493827160495,29.472353984601796
0000249_00001_d_0000001.jpg,80,YOLOv13-X,YOLOv13-X,1,0.8444444444444444,0.475,0.608,49.135415989439934,0.8444444444444444,0.475,0.608,0.7441860465116279,0.4,0.5203252032520326,20.516977994702756,0.723404255319149,0.425,0.5354330708661418,20.49917896511033,0.7346938775510204,0.45,0.5581395348837209,27.901971014216542,0.8444444444444444,0.475,0.608,30.093862034846097
0000249_00235_d_0000002.jpg,85,YOLOv13-L,YOLOv13-X,0,0.64,0.3764705882352941,0.47407407407407404,47.823450004216284,0.66,0.38823529411764707,0.4888888888888889,0.5813953488372093,0.29411764705882354,0.39062500000000006,19.802491005975753,0.625,0.35294117647058826,0.4511278195488722,20.026416052132845,0.64,0.3764705882352941,0.47407407407407404,30.494147969875485,0.66,0.38823529411764707,0.4888888888888889,32.24803099874407
0000249_00603_d_0000003.jpg,48,YOLOv13-L,YOLOv13-X,0,0.6666666666666666,0.3333333333333333,0.4444444444444444,63.57601401396096,0.7391304347826086,0.3541666666666667,0.4788732394366197,0.6190476190476191,0.2708333333333333,0.37681159420289856,20.65889601362869,0.5833333333333334,0.2916666666666667,0.38888888888888895,38.939513033255935,0.6666666666666666,0.3333333333333333,0.4444444444444444,43.770565011072904,0.7391304347826086,0.3541666666666667,0.4788732394366197,27.56616601254791
0000249_01100_d_0000004.jpg,27,YOLOv13-X,YOLOv13-X,1,0.6875,0.8148148148148148,0.7457627118644067,78.36261799093336,0.6875,0.8148148148148148,0.7457627118644067,0.6956521739130435,0.5925925925925926,0.6399999999999999,36.51937696849927,0.6206896551724138,0.6666666666666666,0.6428571428571429,33.21870299987495,0.6129032258064516,0.7037037037037037,0.6551724137931035,63.220929994713515,0.6875,0.8148148148148148,0.7457627118644067,36.43906599609181
0000249_01514_d_0000005.jpg,51,YOLOv13-L,YOLOv13-S,0,0.8333333333333334,0.6862745098039216,0.7526881720430109,55.25472905719653,0.8536585365853658,0.6862745098039216,0.7608695652173912,0.84375,0.5294117647058824,0.6506024096385543,20.498990023043007,0.8536585365853658,0.6862745098039216,0.7608695652173912,19.36971500981599,0.8333333333333334,0.6862745098039216,0.7526881720430109,32.61944401310757,0.8292682926829268,0.6666666666666666,0.7391304347826086,32.61291200760752
0000249_01635_d_0000006.jpg,80,YOLOv13-X,YOLOv13-L,0,0.7727272727272727,0.425,0.5483870967741935,51.41311802435666,0.8372093023255814,0.45,0.5853658536585366,0.75,0.3375,0.46551724137931044,19.721588003449142,0.8048780487804879,0.4125,0.5454545454545455,16.830281005240977,0.8372093023255814,0.45,0.5853658536585366,35.49235698301345,0.7727272727272727,0.425,0.5483870967741935,29.573748004622757
0000249_02073_d_0000007.jpg,67,YOLOv13-L,YOLOv13-S,0,0.8695652173913043,0.29850746268656714,0.4444444444444444,43.809895985759795,0.8076923076923077,0.31343283582089554,0.4516129032258065,0.7,0.208955223880597,0.3218390804597701,16.662571986671537,0.8076923076923077,0.31343283582089554,0.4516129032258065,28.403240023180842,0.8695652173913043,0.29850746268656714,0.4444444444444444,29.202439996879548,0.8333333333333334,0.29850746268656714,0.4395604395604395,30.56813299190253
0000249_02468_d_0000008.jpg,18,YOLOv13-L,YOLOv13-X,0,0.4375,0.3888888888888889,0.411764705882353,61.634166981093585,0.47368421052631576,0.5,0.4864864864864865,0.38461538461538464,0.2777777777777778,0.3225806451612903,20.163572975434363,0.4,0.3333333333333333,0.3636363636363636,17.7244950318709,0.4375,0.3888888888888889,0.411764705882353,30.546911992132664,0.47368421052631576,0.5,0.4864864864864865,29.924826056230813
0000249_02900_d_0000009.jpg,101,YOLOv13-X,YOLOv13-X,1,0.7727272727272727,0.504950495049505,0.6107784431137724,48.85368800023571,0.7727272727272727,0.504950495049505,0.6107784431137724,0.7272727272727273,0.39603960396039606,0.5128205128205128,20.270515989977866,0.6984126984126984,0.43564356435643564,0.5365853658536586,16.95136196212843,0.7246376811594203,0.49504950495049505,0.5882352941176471,56.12794199259952,0.7727272727272727,0.504950495049505,0.6107784431137724,40.50804302096367
0000249_03400_d_0000010.jpg,92,YOLOv13-X,YOLOv13-X,1,0.7848101265822784,0.6739130434782609,0.7251461988304092,51.12928699236363,0.7848101265822784,0.6739130434782609,0.7251461988304092,0.6428571428571429,0.4891304347826087,0.5555555555555556,24.96703201904893,0.6891891891891891,0.5543478260869565,0.6144578313253013,27.201880991924554,0.7560975609756098,0.6739130434782609,0.7126436781609194,39.701967034488916,0.7848101265822784,0.6739130434782609,0.7251461988304092,20.415620994754136
0000249_03900_d_0000011.jpg,85,YOLOv13-X,YOLOv13-X,1,0.7450980392156863,0.4470588235294118,0.5588235294117647,73.59575497685,0.7450980392156863,0.4470588235294118,0.5588235294117647,0.6190476190476191,0.3058823529411765,0.40944881889763785,29.963254986796528,0.7619047619047619,0.3764705882352941,0.5039370078740157,34.72501703072339,0.782608695652174,0.4235294117647059,0.549618320610687,31.51483298279345,0.7450980392156863,0.4470588235294118,0.5588235294117647,29.585698037408292
0000253_00001_d_0000001.jpg,106,YOLOv13-L,YOLOv13-L,1,0.8235294117647058,0.7924528301886793,0.8076923076923077,53.04648500168696,0.8235294117647058,0.7924528301886793,0.8076923076923077,0.7835051546391752,0.7169811320754716,0.7487684729064039,16.56965195434168,0.7864077669902912,0.7641509433962265,0.7751196172248804,21.77996898535639,0.8235294117647058,0.7924528301886793,0.8076923076923077,31.20182704878971,0.7685185185185185,0.7830188679245284,0.7757009345794392,46.0138029884547
0000256_00715_d_0000019.jpg,90,YOLOv13-X,YOLOv13-X,1,0.7333333333333333,0.4888888888888889,0.5866666666666667,59.756721020676196,0.7333333333333333,0.4888888888888889,0.5866666666666667,0.5409836065573771,0.36666666666666664,0.4370860927152318,22.96538499649614,0.6833333333333333,0.45555555555555555,0.5466666666666666,21.85747300973162,0.6935483870967742,0.4777777777777778,0.5657894736842105,32.22830803133547,0.7333333333333333,0.4888888888888889,0.5866666666666667,33.33161398768425
0000256_02173_d_0000030.jpg,47,YOLOv13-L,YOLOv13-X,0,0.6470588235294118,0.46808510638297873,0.54320987654321,80.1256030681543,0.6578947368421053,0.5319148936170213,0.5882352941176471,0.6470588235294118,0.23404255319148937,0.34375,42.51927701989189,0.6,0.3191489361702128,0.4166666666666667,22.2593629732728,0.6470588235294118,0.46808510638297873,0.54320987654321,30.043815029785037,0.6578947368421053,0.5319148936170213,0.5882352941176471,31.589801015798002
0000263_02401_d_0000179.jpg,17,YOLOv13-N,YOLOv13-X,0,0.8666666666666667,0.7647058823529411,0.8125,25.045676971785724,0.8823529411764706,0.8823529411764706,0.8823529411764706,0.8666666666666667,0.7647058823529411,0.8125,25.045676971785724,0.8,0.7058823529411765,0.7500000000000001,16.742278006859124,0.8571428571428571,0.7058823529411765,0.7741935483870968,37.94241597643122,0.8823529411764706,0.8823529411764706,0.8823529411764706,43.62776601919904
0000269_00001_d_0000348.jpg,128,YOLOv13-X,YOLOv13-L,0,0.8135593220338984,0.375,0.5133689839572193,81.80487400386482,0.8032786885245902,0.3828125,0.5185185185185185,0.8,0.34375,0.48087431693989074,40.80723400693387,0.8113207547169812,0.3359375,0.4751381215469614,39.80274603236467,0.8032786885245902,0.3828125,0.5185185185185185,33.081561035942286,0.8135593220338984,0.375,0.5133689839572193,27.085435984190553
0000269_00201_d_0000349.jpg,47,YOLOv13-X,YOLOv13-X,1,0.640625,0.8723404255319149,0.7387387387387387,64.33321302756667,0.640625,0.8723404255319149,0.7387387387387387,0.5606060606060606,0.7872340425531915,0.6548672566371682,38.33101503551006,0.6129032258064516,0.8085106382978723,0.6972477064220183,20.920275012031198,0.5571428571428572,0.8297872340425532,0.6666666666666667,33.17602403694764,0.640625,0.8723404255319149,0.7387387387387387,59.891355980653316
0000269_00601_d_0000351.jpg,93,YOLOv13-X,YOLOv13-X,1,0.8405797101449275,0.6236559139784946,0.7160493827160493,63.154898991342634,0.8405797101449275,0.6236559139784946,0.7160493827160493,0.746031746031746,0.5053763440860215,0.6025641025641026,32.216481980867684,0.796875,0.5483870967741935,0.6496815286624203,20.982785965315998,0.7638888888888888,0.5913978494623656,0.6666666666666667,39.6013290155679,0.8405797101449275,0.6236559139784946,0.7160493827160493,41.21934896102175
0000271_00001_d_0000374.jpg,58,YOLOv13-L,YOLOv13-X,0,0.6724137931034483,0.6724137931034483,0.6724137931034483,48.50540298502892,0.7450980392156863,0.6551724137931034,0.6972477064220184,0.5333333333333333,0.41379310344827586,0.4660194174757281,20.32633201451972,0.7291666666666666,0.603448275862069,0.6603773584905661,29.280129994731396,0.6724137931034483,0.6724137931034483,0.6724137931034483,60.06545800482854,0.7450980392156863,0.6551724137931034,0.6972477064220184,57.80691502150148
0000271_00201_d_0000375.jpg,75,YOLOv13-X,YOLOv13-L,0,0.65,0.6933333333333334,0.670967741935484,72.77815707493573,0.6973684210526315,0.7066666666666667,0.7019867549668874,0.6031746031746031,0.5066666666666667,0.5507246376811594,32.81360003165901,0.7076923076923077,0.6133333333333333,0.657142857142857,35.03737004939467,0.6973684210526315,0.7066666666666667,0.7019867549668874,47.45452501811087,0.65,0.6933333333333334,0.670967741935484,32.922109006904066
0000271_00401_d_0000376.jpg,25,YOLOv13-X,YOLOv13-X,1,0.55,0.44,0.48888888888888893,57.36343003809452,0.55,0.44,0.48888888888888893,0.4583333333333333,0.44,0.4489795918367347,22.03092904528603,0.5238095238095238,0.44,0.4782608695652174,21.914488985203207,0.47368421052631576,0.36,0.40909090909090906,29.39773496473208,0.55,0.44,0.48888888888888893,40.54293700028211
0000271_00601_d_0000377.jpg,79,YOLOv13-X,YOLOv13-X,1,0.6764705882352942,0.5822784810126582,0.6258503401360545,62.984281044919044,0.6764705882352942,0.5822784810126582,0.6258503401360545,0.6491228070175439,0.46835443037974683,0.5441176470588235,39.96922500664368,0.625,0.5063291139240507,0.5594405594405595,21.69378602411598,0.6197183098591549,0.5569620253164557,0.5866666666666667,28.04264600854367,0.6764705882352942,0.5822784810126582,0.6258503401360545,43.46184601308778
0000271_00801_d_0000378.jpg,63,YOLOv13-L,YOLOv13-X,0,0.4861111111111111,0.5555555555555556,0.5185185185185186,53.27172705437988,0.4931506849315068,0.5714285714285714,0.5294117647058824,0.6170212765957447,0.4603174603174603,0.5272727272727272,19.035471021197736,0.49230769230769234,0.5079365079365079,0.5,33.30947400536388,0.4861111111111111,0.5555555555555556,0.5185185185185186,63.6806589900516,0.4931506849315068,0.5714285714285714,0.5294117647058824,36.98495397111401
0000271_01201_d_0000379.jpg,59,YOLOv13-X,YOLOv13-X,1,0.6727272727272727,0.6271186440677966,0.6491228070175439,45.26061000069603,0.6727272727272727,0.6271186440677966,0.6491228070175439,0.6153846153846154,0.4067796610169492,0.4897959183673469,21.140029013622552,0.5777777777777777,0.4406779661016949,0.5,20.5448679625988,0.6530612244897959,0.5423728813559322,0.5925925925925926,61.49035197449848,0.6727272727272727,0.6271186440677966,0.6491228070175439,59.63348498335108
0000271_01401_d_0000380.jpg,55,YOLOv13-X,YOLOv13-X,1,0.72,0.6545454545454545,0.6857142857142857,50.93404703075066,0.72,0.6545454545454545,0.6857142857142857,0.6818181818181818,0.5454545454545454,0.6060606060606061,19.488101010210812,0.7045454545454546,0.5636363636363636,0.6262626262626263,32.23946603247896,0.6666666666666666,0.6545454545454545,0.6605504587155963,60.84339297376573,0.72,0.6545454545454545,0.6857142857142857,60.30737399123609
0000271_01601_d_0000381.jpg,48,YOLOv13-L,YOLOv13-X,0,0.8,0.5833333333333334,0.674698795180723,80.38893504999578,0.7380952380952381,0.6458333333333334,0.6888888888888889,0.6666666666666666,0.375,0.4800000000000001,31.336821033619344,0.6111111111111112,0.4583333333333333,0.5238095238095238,22.94930600328371,0.8,0.5833333333333334,0.674698795180723,32.307718007359654,0.7380952380952381,0.6458333333333334,0.6888888888888889,31.619592977222055
0000271_02401_d_0000385.jpg,84,YOLOv13-X,YOLOv13-L,0,0.6607142857142857,0.44047619047619047,0.5285714285714285,69.21404803870246,0.75,0.42857142857142855,0.5454545454545454,0.5714285714285714,0.2857142857142857,0.38095238095238093,40.210383012890816,0.5625,0.32142857142857145,0.40909090909090917,23.138392018154263,0.75,0.42857142857142855,0.5454545454545454,43.28746604733169,0.6607142857142857,0.44047619047619047,0.5285714285714285,30.394851986784488
0000271_02601_d_0000386.jpg,79,YOLOv13-X,YOLOv13-L,0,0.703125,0.569620253164557,0.6293706293706295,52.37718502758071,0.734375,0.5949367088607594,0.6573426573426573,0.7307692307692307,0.4810126582278481,0.5801526717557252,21.73500700155273,0.7307692307692307,0.4810126582278481,0.5801526717557252,39.179659041110426,0.734375,0.5949367088607594,0.6573426573426573,62.90641298983246,0.703125,0.569620253164557,0.6293706293706295,41.109725018031895
0000271_03001_d_0000387.jpg,56,YOLOv13-X,YOLOv13-X,1,0.6415094339622641,0.6071428571428571,0.6238532110091742,49.54121704213321,0.6415094339622641,0.6071428571428571,0.6238532110091742,0.6578947368421053,0.44642857142857145,0.5319148936170213,21.418208023533225,0.6304347826086957,0.5178571428571429,0.5686274509803922,22.21185201779008,0.6037735849056604,0.5714285714285714,0.5871559633027522,35.54625099059194,0.6415094339622641,0.6071428571428571,0.6238532110091742,58.752416050992906
0000271_03801_d_0000391.jpg,57,YOLOv13-X,YOLOv13-L,0,0.673469387755102,0.5789473684210527,0.6226415094339622,66.36203499510884,0.7291666666666666,0.6140350877192983,0.6666666666666667,0.6,0.42105263157894735,0.4948453608247421,24.85298301326111,0.6136363636363636,0.47368421052631576,0.5346534653465346,21.802517003379762,0.7291666666666666,0.6140350877192983,0.6666666666666667,31.489665969274938,0.673469387755102,0.5789473684210527,0.6226415094339622,33.20571000222117
0000271_04401_d_0000394.jpg,86,YOLOv13-X,YOLOv13-X,1,0.8852459016393442,0.627906976744186,0.7346938775510204,67.13734701042995,0.8852459016393442,0.627906976744186,0.7346938775510204,0.7924528301886793,0.4883720930232558,0.60431654676259,20.449421019293368,0.8035714285714286,0.5232558139534884,0.6338028169014085,35.980143991764635,0.7611940298507462,0.5930232558139535,0.6666666666666667,31.51083504781127,0.8852459016393442,0.627906976744186,0.7346938775510204,31.040531990583986
0000271_04801_d_0000396.jpg,50,YOLOv13-X,YOLOv13-L,0,0.7058823529411765,0.48,0.5714285714285713,43.371845968067646,0.8,0.56,0.6588235294117648,0.7741935483870968,0.48,0.5925925925925926,20.33933496568352,0.8181818181818182,0.54,0.6506024096385542,14.867053017951548,0.8,0.56,0.6588235294117648,45.94419797649607,0.7058823529411765,0.48,0.5714285714285713,38.17082504974678
0000271_05001_d_0000397.jpg,90,YOLOv13-X,YOLOv13-L,0,0.6444444444444445,0.32222222222222224,0.42962962962962964,82.4939549784176,0.6595744680851063,0.34444444444444444,0.4525547445255474,0.5,0.18888888888888888,0.27419354838709675,41.12640395760536,0.525,0.23333333333333334,0.3230769230769231,41.56925401184708,0.6595744680851063,0.34444444444444444,0.4525547445255474,29.725308995693922,0.6444444444444445,0.32222222222222224,0.42962962962962964,31.58015903318301
0000271_05201_d_0000398.jpg,70,YOLOv13-X,YOLOv13-X,1,0.7794117647058824,0.7571428571428571,0.7681159420289856,68.1862179771997,0.7794117647058824,0.7571428571428571,0.7681159420289856,0.6666666666666666,0.5428571428571428,0.5984251968503936,22.955326014198363,0.71875,0.6571428571428571,0.6865671641791045,38.229950005188584,0.7936507936507936,0.7142857142857143,0.7518796992481204,34.531439014244825,0.7794117647058824,0.7571428571428571,0.7681159420289856,39.62031699484214
0000271_05401_d_0000399.jpg,71,YOLOv13-X,YOLOv13-X,1,0.7741935483870968,0.676056338028169,0.7218045112781956,49.04740100027993,0.7741935483870968,0.676056338028169,0.7218045112781956,0.74,0.5211267605633803,0.6115702479338843,20.04314900841564,0.7678571428571429,0.6056338028169014,0.6771653543307087,17.802741029299796,0.7833333333333333,0.6619718309859155,0.717557251908397,30.337747011799365,0.7741935483870968,0.676056338028169,0.7218045112781956,31.630205980036408
0000271_05601_d_0000400.jpg,86,YOLOv13-X,YOLOv13-X,1,0.8783783783783784,0.7558139534883721,0.8125,56.82980502024293,0.8783783783783784,0.7558139534883721,0.8125,0.7627118644067796,0.5232558139534884,0.6206896551724138,21.37257397407666,0.7733333333333333,0.6744186046511628,0.7204968944099379,20.74377000099048,0.8289473684210527,0.7325581395348837,0.7777777777777778,29.345326009206474,0.8783783783783784,0.7558139534883721,0.8125,34.54297303687781
0000271_05801_d_0000401.jpg,104,YOLOv13-X,YOLOv13-L,0,0.7843137254901961,0.7692307692307693,0.7766990291262137,52.84104694146663,0.8080808080808081,0.7692307692307693,0.7881773399014778,0.7790697674418605,0.6442307692307693,0.7052631578947369,21.16994495736435,0.7934782608695652,0.7019230769230769,0.7448979591836734,42.869313969276845,0.8080808080808081,0.7692307692307693,0.7881773399014778,59.80986700160429,0.7843137254901961,0.7692307692307693,0.7766990291262137,48.193981987424195
0000271_06001_d_0000402.jpg,158,YOLOv13-L,YOLOv13-X,0,0.9107142857142857,0.6455696202531646,0.7555555555555556,49.50293299043551,0.8833333333333333,0.6708860759493671,0.762589928057554,0.7931034482758621,0.5822784810126582,0.6715328467153284,16.19500998640433,0.7967479674796748,0.620253164556962,0.697508896797153,22.475896985270083,0.9107142857142857,0.6455696202531646,0.7555555555555556,33.4864939795807,0.8833333333333333,0.6708860759493671,0.762589928057554,40.312655037268996
0000271_06201_d_0000403.jpg,142,YOLOv13-X,YOLOv13-L,0,0.8015267175572519,0.7394366197183099,0.7692307692307692,53.3497339929454,0.7969924812030075,0.7464788732394366,0.7709090909090909,0.7478260869565218,0.6056338028169014,0.669260700389105,22.094944957643747,0.7723577235772358,0.6690140845070423,0.7169811320754719,23.00984103931114,0.7969924812030075,0.7464788732394366,0.7709090909090909,34.90356600377709,0.8015267175572519,0.7394366197183099,0.7692307692307692,29.036215972155333
0000271_06401_d_0000404.jpg,128,YOLOv13-X,YOLOv13-L,0,0.8613861386138614,0.6796875,0.759825327510917,72.85868801409379,0.8679245283018868,0.71875,0.7863247863247864,0.672566371681416,0.59375,0.6307053941908713,43.12464001122862,0.7692307692307693,0.625,0.6896551724137931,33.20847899885848,0.8679245283018868,0.71875,0.7863247863247864,29.437069024425,0.8613861386138614,0.6796875,0.759825327510917,44.19657902326435
0000271_06601_d_0000405.jpg,105,YOLOv13-X,YOLOv13-L,0,0.900990099009901,0.8666666666666667,0.8834951456310681,65.25472697103396,0.93,0.8857142857142857,0.9073170731707316,0.7551020408163265,0.7047619047619048,0.7290640394088671,22.674528998322785,0.9042553191489362,0.8095238095238095,0.8542713567839195,43.837743054609746,0.93,0.8857142857142857,0.9073170731707316,30.458040011581033,0.900990099009901,0.8666666666666667,0.8834951456310681,50.05128600168973
0000271_06801_d_0000406.jpg,95,YOLOv13-L,YOLOv13-X,0,0.8170731707317073,0.7052631578947368,0.7570621468926554,52.4833649978973,0.8181818181818182,0.7578947368421053,0.7868852459016393,0.8289473684210527,0.6631578947368421,0.736842105263158,22.83352700760588,0.8048780487804879,0.6947368421052632,0.7457627118644067,31.68149699922651,0.8170731707317073,0.7052631578947368,0.7570621468926554,34.31939199799672,0.8181818181818182,0.7578947368421053,0.7868852459016393,26.841538958251476
0000271_07001_d_0000407.jpg,58,YOLOv13-L,YOLOv13-L,1,0.7073170731707317,0.5,0.5858585858585859,63.50229901727289,0.7073170731707317,0.5,0.5858585858585859,0.6904761904761905,0.5,0.58,33.586664008907974,0.65,0.4482758620689655,0.5306122448979592,18.995672988239676,0.7073170731707317,0.5,0.5858585858585859,31.634454033337533,0.7,0.4827586206896552,0.5714285714285714,31.141763960476965
0000271_07201_d_0000408.jpg,25,YOLOv13-L,YOLOv13-S,0,0.6666666666666666,0.48,0.5581395348837209,80.07139497203752,0.9166666666666666,0.44,0.5945945945945945,0.75,0.48,0.5853658536585366,38.422825979068875,0.9166666666666666,0.44,0.5945945945945945,19.945389998611063,0.6666666666666666,0.48,0.5581395348837209,28.840802027843893,0.6875,0.44,0.5365853658536586,46.47264600498602
0000271_07401_d_0000409.jpg,42,YOLOv13-L,YOLOv13-S,0,0.7777777777777778,0.6666666666666666,0.717948717948718,56.179541046731174,0.9,0.6428571428571429,0.75,0.8064516129032258,0.5952380952380952,0.684931506849315,18.36674305377528,0.9,0.6428571428571429,0.75,27.48967899242416,0.7777777777777778,0.6666666666666666,0.717948717948718,62.98277102177963,0.8709677419354839,0.6428571428571429,0.7397260273972603,60.485007998067886
0000273_05601_d_0000466.jpg,32,YOLOv13-L,YOLOv13-X,0,0.6153846153846154,0.5,0.5517241379310345,53.59196400968358,0.7333333333333333,0.6875,0.7096774193548386,0.47619047619047616,0.3125,0.37735849056603776,31.532982015050948,0.6666666666666666,0.4375,0.5283018867924528,32.4044160079211,0.6153846153846154,0.5,0.5517241379310345,34.93693203199655,0.7333333333333333,0.6875,0.7096774193548386,31.82459803065285
0000276_00001_d_0000507.jpg,55,YOLOv13-X,YOLOv13-X,1,0.7027027027027027,0.4727272727272727,0.5652173913043479,48.81957097677514,0.7027027027027027,0.4727272727272727,0.5652173913043479,0.6285714285714286,0.4,0.488888888888889,19.100853009149432,0.6153846153846154,0.43636363636363634,0.5106382978723405,21.63179701892659,0.6341463414634146,0.4727272727272727,0.5416666666666666,47.066251980140805,0.7027027027027027,0.4727272727272727,0.5652173913043479,24.8789350152947
0000276_00401_d_0000509.jpg,62,YOLOv13-X,YOLOv13-X,1,0.8285714285714286,0.46774193548387094,0.5979381443298969,65.84300700342283,0.8285714285714286,0.46774193548387094,0.5979381443298969,0.7931034482758621,0.3709677419354839,0.5054945054945055,41.06795403640717,0.8,0.45161290322580644,0.577319587628866,18.295390997081995,0.75,0.3870967741935484,0.5106382978723403,26.856199954636395,0.8285714285714286,0.46774193548387094,0.5979381443298969,32.60188101558015
0000276_00601_d_0000510.jpg,37,YOLOv13-L,YOLOv13-L,1,0.8260869565217391,0.5135135135135135,0.6333333333333333,61.862235015723854,0.8260869565217391,0.5135135135135135,0.6333333333333333,0.8095238095238095,0.4594594594594595,0.5862068965517242,20.495396049227566,0.85,0.4594594594594595,0.5964912280701754,15.26272902265191,0.8260869565217391,0.5135135135135135,0.6333333333333333,52.977971034124494,0.75,0.4864864864864865,0.5901639344262296,31.931283010635525
0000276_01001_d_0000512.jpg,42,YOLOv13-L,YOLOv13-X,0,0.5909090909090909,0.30952380952380953,0.40625000000000006,47.32915700878948,0.7692307692307693,0.47619047619047616,0.588235294117647,0.7142857142857143,0.23809523809523808,0.35714285714285715,20.350329985376447,0.7647058823529411,0.30952380952380953,0.4406779661016949,15.361607016529888,0.5909090909090909,0.30952380952380953,0.40625000000000006,36.02822503307834,0.7692307692307693,0.47619047619047616,0.588235294117647,30.514466983731836
0000276_01201_d_0000513.jpg,29,YOLOv13-L,YOLOv13-X,0,0.6818181818181818,0.5172413793103449,0.5882352941176471,51.71528400387615,0.68,0.5862068965517241,0.6296296296296295,0.6666666666666666,0.3448275862068966,0.4545454545454545,18.91281799180433,0.7777777777777778,0.4827586206896552,0.5957446808510638,20.14729502843693,0.6818181818181818,0.5172413793103449,0.5882352941176471,59.640067047439516,0.68,0.5862068965517241,0.6296296296296295,35.95072700409219
0000276_01401_d_0000514.jpg,25,YOLOv13-L,YOLOv13-L,1,0.8333333333333334,0.4,0.5405405405405406,65.25613198755309,0.8333333333333334,0.4,0.5405405405405406,0.6666666666666666,0.24,0.3529411764705882,40.44661298394203,0.7272727272727273,0.32,0.4444444444444444,16.067764023318887,0.8333333333333334,0.4,0.5405405405405406,27.21812401432544,0.7142857142857143,0.4,0.5128205128205129,30.79089504899457
0000276_01801_d_0000516.jpg,21,YOLOv13-N,YOLOv13-N,1,0.7142857142857143,0.23809523809523808,0.35714285714285715,20.35815198905766,0.7142857142857143,0.23809523809523808,0.35714285714285715,0.7142857142857143,0.23809523809523808,0.35714285714285715,20.35815198905766,0.45454545454545453,0.23809523809523808,0.31249999999999994,32.443233008962125,0.45454545454545453,0.23809523809523808,0.31249999999999994,24.95465998072177,0.4444444444444444,0.19047619047619047,0.26666666666666666,35.602510964963585
0000276_02001_d_0000517.jpg,15,YOLOv13-L,YOLOv13-L,1,0.45454545454545453,0.3333333333333333,0.3846153846153846,48.723963962402195,0.45454545454545453,0.3333333333333333,0.3846153846153846,0.3333333333333333,0.2,0.25,24.031423963606358,0.3333333333333333,0.2,0.25,17.739831004291773,0.45454545454545453,0.3333333333333333,0.3846153846153846,35.76653101481497,0.45454545454545453,0.3333333333333333,0.3846153846153846,31.938924978021532
0000276_02201_d_0000518.jpg,41,YOLOv13-L,YOLOv13-X,0,1.0,0.43902439024390244,0.6101694915254238,51.02581001119688,0.9523809523809523,0.4878048780487805,0.6451612903225806,0.9333333333333333,0.34146341463414637,0.5,22.858412005007267,0.9444444444444444,0.4146341463414634,0.576271186440678,41.673317027743906,1.0,0.43902439024390244,0.6101694915254238,56.614516011904925,0.9523809523809523,0.4878048780487805,0.6451612903225806,26.883486018050462
0000276_02401_d_0000519.jpg,48,YOLOv13-L,YOLOv13-L,1,0.8421052631578947,0.3333333333333333,0.4776119402985075,53.54066099971533,0.8421052631578947,0.3333333333333333,0.4776119402985075,0.8461538461538461,0.22916666666666666,0.360655737704918,21.958941011689603,0.8333333333333334,0.20833333333333334,0.33333333333333337,16.765873006079346,0.8421052631578947,0.3333333333333333,0.4776119402985075,26.31663403008133,1.0,0.2916666666666667,0.45161290322580644,58.364851982332766
0000276_02601_d_0000520.jpg,32,YOLOv13-L,YOLOv13-S,0,0.7222222222222222,0.40625,0.52,66.88557495363057,0.7,0.4375,0.5384615384615384,0.631578947368421,0.375,0.47058823529411764,41.84009099844843,0.7,0.4375,0.5384615384615384,20.254412025678903,0.7222222222222222,0.40625,0.52,31.475772033445537,0.631578947368421,0.375,0.47058823529411764,34.01060600299388
0000276_02801_d_0000521.jpg,37,YOLOv13-L,YOLOv13-X,0,0.7142857142857143,0.40540540540540543,0.5172413793103449,68.64204502198845,0.8235294117647058,0.3783783783783784,0.5185185185185186,0.6666666666666666,0.21621621621621623,0.326530612244898,25.937350001186132,0.625,0.2702702702702703,0.3773584905660377,27.63214602600783,0.7142857142857143,0.40540540540540543,0.5172413793103449,54.99057495035231,0.8235294117647058,0.3783783783783784,0.5185185185185186,28.176770021673292
0000276_03001_d_0000522.jpg,38,YOLOv13-L,YOLOv13-L,1,0.8947368421052632,0.4473684210526316,0.5964912280701755,50.02991191577166,0.8947368421052632,0.4473684210526316,0.5964912280701755,0.7894736842105263,0.39473684210526316,0.5263157894736843,20.26845095679164,0.75,0.39473684210526316,0.5172413793103448,15.191746002528816,0.8947368421052632,0.4473684210526316,0.5964912280701755,58.390556019730866,0.7391304347826086,0.4473684210526316,0.5573770491803278,61.14036502549425
0000276_03201_d_0000523.jpg,60,YOLOv13-L,YOLOv13-X,0,0.5,0.21666666666666667,0.3023255813953488,51.04965093778446,0.5652173913043478,0.21666666666666667,0.3132530120481928,0.5555555555555556,0.16666666666666666,0.2564102564102564,24.95108195580542,0.4166666666666667,0.16666666666666666,0.23809523809523808,15.016453980933875,0.5,0.21666666666666667,0.3023255813953488,31.132945034187287,0.5652173913043478,0.21666666666666667,0.3132530120481928,33.52989396080375
0000276_03401_d_0000524.jpg,61,YOLOv13-L,YOLOv13-L,1,0.6666666666666666,0.36065573770491804,0.4680851063829787,54.877002083230764,0.6666666666666666,0.36065573770491804,0.4680851063829787,0.68,0.2786885245901639,0.3953488372093023,21.482036041561514,0.6785714285714286,0.3114754098360656,0.42696629213483145,20.407820004038513,0.6666666666666666,0.36065573770491804,0.4680851063829787,33.13642501598224,0.6666666666666666,0.32786885245901637,0.4395604395604395,32.44613000424579
0000276_03601_d_0000525.jpg,46,YOLOv13-X,YOLOv13-X,1,0.7368421052631579,0.6086956521739131,0.6666666666666666,70.23078395286575,0.7368421052631579,0.6086956521739131,0.6666666666666666,0.6363636363636364,0.45652173913043476,0.5316455696202532,35.201507969759405,0.78125,0.5434782608695652,0.641025641025641,26.29442699253559,0.6097560975609756,0.5434782608695652,0.5747126436781609,53.29587199958041,0.7368421052631579,0.6086956521739131,0.6666666666666666,26.01633098674938
0000276_03801_d_0000526.jpg,64,YOLOv13-X,YOLOv13-L,0,0.78,0.609375,0.6842105263157895,62.158644024748355,0.7735849056603774,0.640625,0.7008547008547009,0.7567567567567568,0.4375,0.5544554455445544,20.853889000136405,0.8125,0.40625,0.5416666666666666,20.095799991395324,0.7735849056603774,0.640625,0.7008547008547009,18.739068997092545,0.78,0.609375,0.6842105263157895,18.73339299345389
0000276_04001_d_0000527.jpg,54,YOLOv13-X,YOLOv13-X,1,0.6875,0.4074074074074074,0.5116279069767441,61.41300994204357,0.6875,0.4074074074074074,0.5116279069767441,0.46153846153846156,0.1111111111111111,0.17910447761194032,22.14964496670291,0.5925925925925926,0.2962962962962963,0.3950617283950617,24.39426799537614,0.68,0.3148148148148148,0.43037974683544306,49.06319599831477,0.6875,0.4074074074074074,0.5116279069767441,32.26125199580565
0000276_04201_d_0000528.jpg,59,YOLOv13-L,YOLOv13-X,0,0.8245614035087719,0.7966101694915254,0.8103448275862069,52.981097949668765,0.8867924528301887,0.7966101694915254,0.8392857142857143,0.6727272727272727,0.6271186440677966,0.6491228070175439,20.637962967157364,0.7833333333333333,0.7966101694915254,0.7899159663865546,15.641232021152973,0.8245614035087719,0.7966101694915254,0.8103448275862069,28.986470017116517,0.8867924528301887,0.7966101694915254,0.8392857142857143,27.88374194642529
0000276_04401_d_0000529.jpg,40,YOLOv13-L,YOLOv13-L,1,0.8571428571428571,0.9,0.8780487804878048,52.08532698452473,0.8571428571428571,0.9,0.8780487804878048,0.7111111111111111,0.8,0.7529411764705882,21.586543996818364,0.7727272727272727,0.85,0.8095238095238095,37.28758200304583,0.8571428571428571,0.9,0.8780487804878048,58.48942301236093,0.8536585365853658,0.875,0.8641975308641976,32.44425100274384
0000276_04601_d_0000530.jpg,10,YOLOv13-L,YOLOv13-L,1,0.6666666666666666,0.4,0.5,67.12006701854989,0.6666666666666666,0.4,0.5,0.6,0.3,0.4,21.781691000796854,0.5714285714285714,0.4,0.47058823529411764,25.61344701098278,0.6666666666666666,0.4,0.5,31.330581987276673,0.5714285714285714,0.4,0.47058823529411764,30.883165018167347
0000276_04801_d_0000531.jpg,10,YOLOv13-L,YOLOv13-S,0,0.7142857142857143,0.5,0.588235294117647,70.32878801692277,1.0,0.5,0.6666666666666666,0.8333333333333334,0.5,0.625,28.851294016931206,1.0,0.5,0.6666666666666666,20.68631397560239,0.7142857142857143,0.5,0.588235294117647,33.35670800879598,0.8333333333333334,0.5,0.625,40.47562298364937
0000276_05001_d_0000532.jpg,7,YOLOv13-L,YOLOv13-X,0,0.8571428571428571,0.8571428571428571,0.8571428571428571,50.30268203699961,1.0,1.0,1.0,1.0,0.7142857142857143,0.8333333333333333,26.094458007719368,1.0,0.7142857142857143,0.8333333333333333,30.797774030361325,0.8571428571428571,0.8571428571428571,0.8571428571428571,37.83241001656279,1.0,1.0,1.0,59.460407006554306
0000276_05201_d_0000533.jpg,6,YOLOv13-N,YOLOv13-X,0,0.8,0.6666666666666666,0.7272727272727272,34.428087004926056,0.8333333333333334,0.8333333333333334,0.8333333333333334,0.8,0.6666666666666666,0.7272727272727272,34.428087004926056,0.5,0.5,0.5,19.80219699908048,0.8,0.6666666666666666,0.7272727272727272,29.358397994656116,0.8333333333333334,0.8333333333333334,0.8333333333333334,30.394319037441164
0000276_05601_d_0000535.jpg,10,YOLOv13-L,YOLOv13-N,0,0.0,0.0,0.0,51.30725202616304,0.0,0.0,0.0,0.0,0.0,0.0,18.513952032662928,0.0,0.0,0.0,24.61830899119377,0.0,0.0,0.0,50.455579010304064,0.0,0.0,0.0,61.58578803297132
0000276_05801_d_0000536.jpg,7,YOLOv13-N,YOLOv13-L,0,1.0,0.14285714285714285,0.25,32.61169296456501,0.6666666666666666,0.5714285714285714,0.6153846153846153,1.0,0.14285714285714285,0.25,32.61169296456501,1.0,0.14285714285714285,0.25,16.05874899541959,0.6666666666666666,0.5714285714285714,0.6153846153846153,24.65926599688828,1.0,0.2857142857142857,0.4444444444444445,48.14701300347224
0000276_06001_d_0000537.jpg,14,YOLOv13-S,YOLOv13-L,0,0.625,0.35714285714285715,0.45454545454545453,67.26601702393964,0.8571428571428571,0.42857142857142855,0.5714285714285714,0.8,0.2857142857142857,0.4210526315789473,42.238480993546546,0.625,0.35714285714285715,0.45454545454545453,21.979969984386116,0.8571428571428571,0.42857142857142855,0.5714285714285714,31.166453030891716,0.8571428571428571,0.42857142857142855,0.5714285714285714,37.66958904452622
0000277_00001_d_0000539.jpg,85,YOLOv13-X,YOLOv13-X,1,0.6024096385542169,0.5882352941176471,0.5952380952380952,52.767760993447155,0.6024096385542169,0.5882352941176471,0.5952380952380952,0.4868421052631579,0.43529411764705883,0.45962732919254656,15.830733987968415,0.6081081081081081,0.5294117647058824,0.5660377358490566,27.985527995042503,0.5730337078651685,0.6,0.5862068965517241,33.1254510092549,0.6024096385542169,0.5882352941176471,0.5952380952380952,29.216444003395736
0000277_00201_d_0000540.jpg,83,YOLOv13-X,YOLOv13-L,0,0.6666666666666666,0.6024096385542169,0.6329113924050633,57.82555800396949,0.7101449275362319,0.5903614457831325,0.6447368421052632,0.7,0.5060240963855421,0.5874125874125874,20.428709976840764,0.6575342465753424,0.5783132530120482,0.6153846153846153,21.041106956545264,0.7101449275362319,0.5903614457831325,0.6447368421052632,34.75787700153887,0.6666666666666666,0.6024096385542169,0.6329113924050633,23.358820006251335
0000277_00401_d_0000541.jpg,117,YOLOv13-X,YOLOv13-X,1,0.7547169811320755,0.3418803418803419,0.47058823529411775,70.3552319901064,0.7547169811320755,0.3418803418803419,0.47058823529411775,0.6744186046511628,0.24786324786324787,0.3625,30.81925498554483,0.7446808510638298,0.29914529914529914,0.4268292682926829,19.040537008550018,0.6909090909090909,0.3247863247863248,0.44186046511627913,48.51603304268792,0.7547169811320755,0.3418803418803419,0.47058823529411775,57.43755103321746
0000277_01401_d_0000546.jpg,78,YOLOv13-X,YOLOv13-X,1,0.7301587301587301,0.5897435897435898,0.6524822695035462,58.27296897768974,0.7301587301587301,0.5897435897435898,0.6524822695035462,0.6607142857142857,0.47435897435897434,0.5522388059701493,23.64597999257967,0.578125,0.47435897435897434,0.5211267605633803,41.16013000020757,0.6615384615384615,0.5512820512820513,0.6013986013986014,63.98474000161514,0.7301587301587301,0.5897435897435898,0.6524822695035462,44.988162990193814
0000277_01601_d_0000547.jpg,78,YOLOv13-X,YOLOv13-X,1,0.7796610169491526,0.5897435897435898,0.6715328467153285,59.371759998612106,0.7796610169491526,0.5897435897435898,0.6715328467153285,0.6833333333333333,0.5256410256410257,0.5942028985507246,20.46060300199315,0.647887323943662,0.5897435897435898,0.6174496644295302,30.597986944485456,0.6865671641791045,0.5897435897435898,0.6344827586206897,31.21217101579532,0.7796610169491526,0.5897435897435898,0.6715328467153285,56.689590972382575
0000277_01801_d_0000548.jpg,101,YOLOv13-L,YOLOv13-X,0,0.647887323943662,0.45544554455445546,0.5348837209302326,48.69338497519493,0.676056338028169,0.4752475247524752,0.5581395348837209,0.578125,0.36633663366336633,0.4484848484848485,21.937350975349545,0.5555555555555556,0.3465346534653465,0.4268292682926829,19.829306984320283,0.647887323943662,0.45544554455445546,0.5348837209302326,32.767858006991446,0.676056338028169,0.4752475247524752,0.5581395348837209,48.896181979216635
0000277_02001_d_0000549.jpg,83,YOLOv13-L,YOLOv13-L,1,0.890625,0.6867469879518072,0.7755102040816326,57.458048046100885,0.890625,0.6867469879518072,0.7755102040816326,0.7666666666666667,0.5542168674698795,0.6433566433566433,30.261989042628556,0.8305084745762712,0.5903614457831325,0.6901408450704225,20.28058998985216,0.890625,0.6867469879518072,0.7755102040816326,31.310877006035298,0.8125,0.6265060240963856,0.7074829931972789,60.38179202005267
0000277_02201_d_0000550.jpg,68,YOLOv13-L,YOLOv13-X,0,0.7258064516129032,0.6617647058823529,0.6923076923076922,81.01528999395669,0.7833333333333333,0.6911764705882353,0.7343749999999999,0.7924528301886793,0.6176470588235294,0.6942148760330579,35.26606399100274,0.71875,0.6764705882352942,0.696969696969697,38.800595968496054,0.7258064516129032,0.6617647058823529,0.6923076923076922,19.92051996057853,0.7833333333333333,0.6911764705882353,0.7343749999999999,30.86525696562603
0000277_02401_d_0000551.jpg,90,YOLOv13-X,YOLOv13-S,0,0.6714285714285714,0.5222222222222223,0.5875,60.67745905602351,0.7384615384615385,0.5333333333333333,0.6193548387096774,0.7368421052631579,0.4666666666666667,0.5714285714285714,20.73541801655665,0.7384615384615385,0.5333333333333333,0.6193548387096774,15.777561988215894,0.6619718309859155,0.5222222222222223,0.5838509316770187,31.38124302495271,0.6714285714285714,0.5222222222222223,0.5875,31.159969978034496
0000277_02601_d_0000552.jpg,121,YOLOv13-X,YOLOv13-X,1,0.75,0.4214876033057851,0.5396825396825398,66.71738700242713,0.75,0.4214876033057851,0.5396825396825398,0.671875,0.35537190082644626,0.46486486486486484,42.79287200188264,0.6666666666666666,0.34710743801652894,0.45652173913043476,38.03666401654482,0.6578947368421053,0.4132231404958678,0.5076142131979696,35.72653199080378,0.75,0.4214876033057851,0.5396825396825398,29.054185026325285
0000277_03201_d_0000554.jpg,85,YOLOv13-X,YOLOv13-X,1,0.8076923076923077,0.49411764705882355,0.6131386861313869,57.95447697164491,0.8076923076923077,0.49411764705882355,0.6131386861313869,0.6326530612244898,0.36470588235294116,0.4626865671641791,32.94542996445671,0.74,0.43529411764705883,0.5481481481481482,18.293060013093054,0.7547169811320755,0.47058823529411764,0.5797101449275363,61.62435299484059,0.8076923076923077,0.49411764705882355,0.6131386861313869,38.581077998969704
0000277_03401_d_0000555.jpg,103,YOLOv13-X,YOLOv13-X,1,0.8620689655172413,0.4854368932038835,0.6211180124223602,40.06632603704929,0.8620689655172413,0.4854368932038835,0.6211180124223602,0.7142857142857143,0.4368932038834951,0.5421686746987951,19.613829033914953,0.7333333333333333,0.42718446601941745,0.5398773006134969,20.24205803172663,0.7794117647058824,0.5145631067961165,0.6198830409356724,32.34515700023621,0.8620689655172413,0.4854368932038835,0.6211180124223602,60.951218008995056
0000277_03601_d_0000556.jpg,59,YOLOv13-X,YOLOv13-X,1,0.746031746031746,0.7966101694915254,0.7704918032786885,63.524456054437906,0.746031746031746,0.7966101694915254,0.7704918032786885,0.625,0.6779661016949152,0.6504065040650406,30.11196100851521,0.6666666666666666,0.711864406779661,0.6885245901639344,21.328044997062534,0.7272727272727273,0.8135593220338984,0.768,32.69963402999565,0.746031746031746,0.7966101694915254,0.7704918032786885,31.261925003491342
0000277_04001_d_0000558.jpg,74,YOLOv13-X,YOLOv13-X,1,0.7761194029850746,0.7027027027027027,0.7375886524822697,50.4087180015631,0.7761194029850746,0.7027027027027027,0.7375886524822697,0.6716417910447762,0.6081081081081081,0.6382978723404256,22.74483098881319,0.6417910447761194,0.581081081081081,0.6099290780141844,20.60767897637561,0.7222222222222222,0.7027027027027027,0.7123287671232876,31.288400990888476,0.7761194029850746,0.7027027027027027,0.7375886524822697,31.113784993067384
0000277_04201_d_0000559.jpg,67,YOLOv13-L,YOLOv13-X,0,0.8,0.7164179104477612,0.7559055118110236,57.51724005676806,0.8620689655172413,0.746268656716418,0.7999999999999999,0.8085106382978723,0.5671641791044776,0.6666666666666666,21.364657033700496,0.7678571428571429,0.6417910447761194,0.6991869918699187,17.506408970803022,0.8,0.7164179104477612,0.7559055118110236,53.920057020150125,0.8620689655172413,0.746268656716418,0.7999999999999999,53.52599499747157
0000277_04401_d_0000560.jpg,70,YOLOv13-X,YOLOv13-X,1,0.8305084745762712,0.7,0.7596899224806201,59.3889529700391,0.8305084745762712,0.7,0.7596899224806201,0.7321428571428571,0.5857142857142857,0.6507936507936508,20.194300974253565,0.7454545454545455,0.5857142857142857,0.656,18.42811901587993,0.7540983606557377,0.6571428571428571,0.7022900763358779,29.950561001896858,0.8305084745762712,0.7,0.7596899224806201,26.47452399833128
0000277_04601_d_0000561.jpg,95,YOLOv13-X,YOLOv13-X,1,0.8,0.5894736842105263,0.6787878787878788,48.28446201281622,0.8,0.5894736842105263,0.6787878787878788,0.704225352112676,0.5263157894736842,0.6024096385542169,20.498126046732068,0.7424242424242424,0.5157894736842106,0.6086956521739131,21.98827499523759,0.7971014492753623,0.5789473684210527,0.6707317073170732,32.98421000363305,0.8,0.5894736842105263,0.6787878787878788,33.41357398312539
0000277_05001_d_0000562.jpg,97,YOLOv13-X,YOLOv13-X,1,0.7439024390243902,0.6288659793814433,0.6815642458100558,64.10919199697673,0.7439024390243902,0.6288659793814433,0.6815642458100558,0.7307692307692307,0.5876288659793815,0.6514285714285714,40.99506401689723,0.7671232876712328,0.5773195876288659,0.6588235294117646,15.315410972107202,0.725,0.5979381443298969,0.655367231638418,63.44598002033308,0.7439024390243902,0.6288659793814433,0.6815642458100558,32.3749230010435
0000280_00001_d_0000612.jpg,87,YOLOv13-X,YOLOv13-X,1,0.6986301369863014,0.5862068965517241,0.6375,53.24539600405842,0.6986301369863014,0.5862068965517241,0.6375,0.5833333333333334,0.40229885057471265,0.4761904761904762,20.249038003385067,0.676923076923077,0.5057471264367817,0.5789473684210527,21.425727987661958,0.6410256410256411,0.5747126436781609,0.6060606060606061,47.39983897889033,0.6986301369863014,0.5862068965517241,0.6375,61.283925955649465
0000280_00201_d_0000613.jpg,47,YOLOv13-X,YOLOv13-S,0,0.6274509803921569,0.6808510638297872,0.6530612244897959,57.32821795390919,0.6956521739130435,0.6808510638297872,0.6881720430107526,0.7297297297297297,0.574468085106383,0.6428571428571429,21.294531994499266,0.6956521739130435,0.6808510638297872,0.6881720430107526,16.222962993197143,0.625,0.6382978723404256,0.631578947368421,30.492723977658898,0.6274509803921569,0.6808510638297872,0.6530612244897959,56.69117998331785
0000280_00401_d_0000614.jpg,59,YOLOv13-L,YOLOv13-X,0,0.6274509803921569,0.5423728813559322,0.5818181818181818,69.25797101575881,0.6226415094339622,0.559322033898305,0.5892857142857142,0.5789473684210527,0.3728813559322034,0.45360824742268047,40.973656985443085,0.6756756756756757,0.423728813559322,0.5208333333333334,20.001654978841543,0.6274509803921569,0.5423728813559322,0.5818181818181818,59.71156299347058,0.6226415094339622,0.559322033898305,0.5892857142857142,59.561717964243144
0000280_00601_d_0000615.jpg,74,YOLOv13-X,YOLOv13-L,0,0.6739130434782609,0.4189189189189189,0.5166666666666667,57.954783958848566,0.7380952380952381,0.4189189189189189,0.5344827586206897,0.7931034482758621,0.3108108108108108,0.44660194174757284,30.37636197404936,0.8484848484848485,0.3783783783783784,0.5233644859813085,18.676217005122453,0.7380952380952381,0.4189189189189189,0.5344827586206897,43.22302300715819,0.6739130434782609,0.4189189189189189,0.5166666666666667,43.40395797044039
0000280_00801_d_0000616.jpg,70,YOLOv13-X,YOLOv13-S,0,0.6551724137931034,0.5428571428571428,0.5937499999999999,71.35214901063591,0.6851851851851852,0.5285714285714286,0.5967741935483871,0.7441860465116279,0.45714285714285713,0.5663716814159292,21.61043102387339,0.6851851851851852,0.5285714285714286,0.5967741935483871,13.76311999047175,0.6031746031746031,0.5428571428571428,0.5714285714285714,17.84586801659316,0.6551724137931034,0.5428571428571428,0.5937499999999999,33.975030994042754
0000280_01001_d_0000617.jpg,125,YOLOv13-L,YOLOv13-L,1,0.7619047619047619,0.384,0.5106382978723404,70.53590600844473,0.7619047619047619,0.384,0.5106382978723404,0.65,0.312,0.42162162162162165,39.324201992712915,0.7049180327868853,0.344,0.46236559139784944,23.624679015483707,0.7619047619047619,0.384,0.5106382978723404,32.77653403347358,0.6944444444444444,0.4,0.5076142131979695,56.64943001465872
0000280_01201_d_0000618.jpg,134,YOLOv13-L,YOLOv13-L,1,0.726027397260274,0.39552238805970147,0.5120772946859903,71.71165704494342,0.726027397260274,0.39552238805970147,0.5120772946859903,0.6981132075471698,0.27611940298507465,0.3957219251336898,33.00797403790057,0.7333333333333333,0.3283582089552239,0.45360824742268047,44.09338295226917,0.726027397260274,0.39552238805970147,0.5120772946859903,39.10408494994044,0.7285714285714285,0.3805970149253731,0.5,33.47691003000364
0000280_01401_d_0000619.jpg,110,YOLOv13-X,YOLOv13-X,1,0.8311688311688312,0.5818181818181818,0.6844919786096256,74.4134759879671,0.8311688311688312,0.5818181818181818,0.6844919786096256,0.7454545454545455,0.37272727272727274,0.496969696969697,41.820155980531126,0.803030303030303,0.4818181818181818,0.6022727272727273,21.596812002826482,0.8051948051948052,0.5636363636363636,0.6631016042780749,33.599604037590325,0.8311688311688312,0.5818181818181818,0.6844919786096256,32.90337999351323
0000280_01601_d_0000620.jpg,103,YOLOv13-X,YOLOv13-X,1,0.8194444444444444,0.5728155339805825,0.6742857142857143,64.30770200677216,0.8194444444444444,0.5728155339805825,0.6742857142857143,0.8135593220338984,0.46601941747572817,0.5925925925925927,21.59697300521657,0.8307692307692308,0.5242718446601942,0.6428571428571429,33.39900902938098,0.8260869565217391,0.5533980582524272,0.6627906976744187,31.596683023963124,0.8194444444444444,0.5728155339805825,0.6742857142857143,28.214063961058855
0000280_01801_d_0000621.jpg,90,YOLOv13-X,YOLOv13-L,0,0.7962962962962963,0.4777777777777778,0.5972222222222222,59.006537951063365,0.8275862068965517,0.5333333333333333,0.6486486486486487,0.75,0.43333333333333335,0.5492957746478874,28.537225967738777,0.8148148148148148,0.4888888888888889,0.611111111111111,20.118147949688137,0.8275862068965517,0.5333333333333333,0.6486486486486487,33.04007102269679,0.7962962962962963,0.4777777777777778,0.5972222222222222,56.596897018607706
0000280_02001_d_0000622.jpg,66,YOLOv13-X,YOLOv13-X,1,0.8979591836734694,0.6666666666666666,0.7652173913043478,72.55089597310871,0.8979591836734694,0.6666666666666666,0.7652173913043478,0.8181818181818182,0.5454545454545454,0.6545454545454545,42.22157096955925,0.7916666666666666,0.5757575757575758,0.6666666666666667,18.736656988039613,0.8301886792452831,0.6666666666666666,0.7394957983193277,30.828914954327047,0.8979591836734694,0.6666666666666666,0.7652173913043478,53.92924300394952
0000280_02201_d_0000623.jpg,80,YOLOv13-L,YOLOv13-X,0,0.8571428571428571,0.6,0.7058823529411764,65.02068502595648,0.875,0.6125,0.7205882352941178,0.8,0.45,0.5760000000000001,36.47792903939262,0.7843137254901961,0.5,0.6106870229007634,39.2494440311566,0.8571428571428571,0.6,0.7058823529411764,31.461471982765943,0.875,0.6125,0.7205882352941178,35.32156499568373
0000280_02401_d_0000624.jpg,92,YOLOv13-L,YOLOv13-L,1,0.5769230769230769,0.32608695652173914,0.41666666666666663,68.11752304201946,0.5769230769230769,0.32608695652173914,0.41666666666666663,0.55,0.2391304347826087,0.33333333333333337,35.67827300867066,0.5681818181818182,0.2717391304347826,0.3676470588235294,21.884945046622306,0.5769230769230769,0.32608695652173914,0.41666666666666663,29.854270978830755,0.627906976744186,0.29347826086956524,0.4,30.557051009964198
0000280_02601_d_0000625.jpg,73,YOLOv13-X,YOLOv13-X,1,0.9387755102040817,0.6301369863013698,0.7540983606557377,46.7567719751969,0.9387755102040817,0.6301369863013698,0.7540983606557377,0.8717948717948718,0.4657534246575342,0.6071428571428571,21.83038496877998,0.9069767441860465,0.5342465753424658,0.6724137931034483,19.186496967449784,0.9375,0.6164383561643836,0.743801652892562,33.85935100959614,0.9387755102040817,0.6301369863013698,0.7540983606557377,31.992007978260517
0000280_02801_d_0000626.jpg,55,YOLOv13-L,YOLOv13-N,0,0.7083333333333334,0.6181818181818182,0.6601941747572815,61.0531679703854,0.75,0.6,0.6666666666666665,0.75,0.6,0.6666666666666665,22.172008990310133,0.6956521739130435,0.5818181818181818,0.6336633663366337,33.27849495690316,0.7083333333333334,0.6181818181818182,0.6601941747572815,55.386041989549994,0.6938775510204082,0.6181818181818182,0.6538461538461539,30.345572042278945
0000280_03001_d_0000627.jpg,88,YOLOv13-X,YOLOv13-L,0,0.76,0.4318181818181818,0.5507246376811594,47.224867972545326,0.7592592592592593,0.4659090909090909,0.5774647887323944,0.6808510638297872,0.36363636363636365,0.4740740740740741,20.145513000898063,0.723404255319149,0.38636363636363635,0.5037037037037038,34.5991890062578,0.7592592592592593,0.4659090909090909,0.5774647887323944,58.393527986481786,0.76,0.4318181818181818,0.5507246376811594,58.09237697394565
0000280_03201_d_0000628.jpg,82,YOLOv13-X,YOLOv13-X,1,0.7833333333333333,0.573170731707317,0.6619718309859154,48.636114050168544,0.7833333333333333,0.573170731707317,0.6619718309859154,0.7192982456140351,0.5,0.5899280575539568,19.238964014220983,0.8571428571428571,0.5121951219512195,0.6412213740458015,19.388047978281975,0.734375,0.573170731707317,0.6438356164383561,32.60141197824851,0.7833333333333333,0.573170731707317,0.6619718309859154,34.502029011491686
0000280_03401_d_0000629.jpg,83,YOLOv13-X,YOLOv13-L,0,0.7777777777777778,0.5060240963855421,0.6131386861313868,47.0273929531686,0.75,0.5421686746987951,0.6293706293706293,0.72,0.43373493975903615,0.5413533834586466,20.221783954184502,0.8235294117647058,0.5060240963855421,0.6268656716417911,19.199314003344625,0.75,0.5421686746987951,0.6293706293706293,62.27245298214257,0.7777777777777778,0.5060240963855421,0.6131386861313868,62.845569977071136
0000283_00401_d_0000676.jpg,6,YOLOv13-L,YOLOv13-N,0,0.8,0.6666666666666666,0.7272727272727272,54.584847996011376,1.0,0.6666666666666666,0.8,1.0,0.6666666666666666,0.8,22.25521201035008,0.8,0.6666666666666666,0.7272727272727272,22.789864044170827,0.8,0.6666666666666666,0.7272727272727272,33.303629024885595,0.6,0.5,0.5454545454545454,40.50500399898738
0000283_00601_d_0000677.jpg,9,YOLOv13-L,YOLOv13-S,0,0.8,0.4444444444444444,0.5714285714285714,48.07146004168317,0.8,0.4444444444444444,0.5714285714285714,0.6,0.3333333333333333,0.42857142857142855,17.116864037234336,0.8,0.4444444444444444,0.5714285714285714,26.482107990887016,0.8,0.4444444444444444,0.5714285714285714,66.15854002302513,0.8,0.4444444444444444,0.5714285714285714,40.59042001608759
0000283_00801_d_0000678.jpg,8,YOLOv13-X,YOLOv13-N,0,0.6666666666666666,0.25,0.36363636363636365,57.588074007071555,1.0,0.25,0.4,1.0,0.25,0.4,25.98344802390784,1.0,0.25,0.4,29.451749986037612,1.0,0.25,0.4,30.721720948349684,0.6666666666666666,0.25,0.36363636363636365,34.567718976177275
0000283_01001_d_0000679.jpg,4,YOLOv13-N,YOLOv13-N,1,1.0,1.0,1.0,22.939171001780778,1.0,1.0,1.0,1.0,1.0,1.0,22.939171001780778,1.0,1.0,1.0,25.164807972032577,1.0,1.0,1.0,39.25141302170232,0.75,0.75,0.75,64.31007699575275
0000287_00001_d_0000759.jpg,52,YOLOv13-L,YOLOv13-X,0,0.7021276595744681,0.6346153846153846,0.6666666666666666,58.77139401854947,0.7083333333333334,0.6538461538461539,0.68,0.7352941176470589,0.4807692307692308,0.5813953488372092,27.341837994754314,0.6744186046511628,0.5576923076923077,0.6105263157894736,21.503285970538855,0.7021276595744681,0.6346153846153846,0.6666666666666666,29.66207399731502,0.7083333333333334,0.6538461538461539,0.68,47.758109983988106
0000287_00201_d_0000760.jpg,51,YOLOv13-L,YOLOv13-L,1,0.8,0.7058823529411765,0.7500000000000001,58.89911903068423,0.8,0.7058823529411765,0.7500000000000001,0.90625,0.5686274509803921,0.6987951807228915,18.916107015684247,0.8378378378378378,0.6078431372549019,0.7045454545454545,22.505611006636173,0.8,0.7058823529411765,0.7500000000000001,37.44142199866474,0.8,0.7058823529411765,0.7500000000000001,44.831271981820464
0000287_00401_d_0000761.jpg,44,YOLOv13-L,YOLOv13-L,1,0.72,0.8181818181818182,0.7659574468085107,76.42255199607462,0.72,0.8181818181818182,0.7659574468085107,0.7567567567567568,0.6363636363636364,0.691358024691358,38.61380502348766,0.775,0.7045454545454546,0.7380952380952381,21.791631006635725,0.72,0.8181818181818182,0.7659574468085107,31.398478022310883,0.7391304347826086,0.7727272727272727,0.7555555555555555,37.180532002821565
0000287_00601_d_0000762.jpg,93,YOLOv13-X,YOLOv13-L,0,0.6470588235294118,0.3548387096774194,0.4583333333333333,50.690346979536116,0.673469387755102,0.3548387096774194,0.4647887323943662,0.6521739130434783,0.3225806451612903,0.43165467625899284,26.515078963711858,0.6666666666666666,0.3225806451612903,0.4347826086956521,37.50510502140969,0.673469387755102,0.3548387096774194,0.4647887323943662,35.9617630019784,0.6470588235294118,0.3548387096774194,0.4583333333333333,45.88262498145923
0000287_00801_d_0000763.jpg,58,YOLOv13-X,YOLOv13-L,0,0.7192982456140351,0.7068965517241379,0.7130434782608696,65.69776794640347,0.7454545454545455,0.7068965517241379,0.7256637168141592,0.6153846153846154,0.5517241379310345,0.5818181818181819,20.754974975716323,0.7222222222222222,0.6724137931034483,0.6964285714285714,22.383761999662966,0.7454545454545455,0.7068965517241379,0.7256637168141592,30.278358957730234,0.7192982456140351,0.7068965517241379,0.7130434782608696,33.261292963288724
0000287_01001_d_0000764.jpg,71,YOLOv13-X,YOLOv13-X,1,0.5531914893617021,0.36619718309859156,0.4406779661016949,75.17665304476395,0.5531914893617021,0.36619718309859156,0.4406779661016949,0.46938775510204084,0.323943661971831,0.38333333333333336,22.367065015714616,0.4318181818181818,0.2676056338028169,0.3304347826086957,41.5697600110434,0.5333333333333333,0.3380281690140845,0.4137931034482758,47.19580599339679,0.5531914893617021,0.36619718309859156,0.4406779661016949,59.071643045172095
0000287_01201_d_0000765.jpg,68,YOLOv13-X,YOLOv13-X,1,0.7321428571428571,0.6029411764705882,0.6612903225806451,74.31752496631816,0.7321428571428571,0.6029411764705882,0.6612903225806451,0.5957446808510638,0.4117647058823529,0.4869565217391305,40.17485899385065,0.7083333333333334,0.5,0.5862068965517241,21.11849799985066,0.6333333333333333,0.5588235294117647,0.59375,31.335362000390887,0.7321428571428571,0.6029411764705882,0.6612903225806451,53.63874399336055
0000287_01401_d_0000766.jpg,68,YOLOv13-L,YOLOv13-X,0,0.6666666666666666,0.5,0.5714285714285715,74.86978400265798,0.76,0.5588235294117647,0.6440677966101696,0.7714285714285715,0.39705882352941174,0.5242718446601942,38.959472032729536,0.7555555555555555,0.5,0.6017699115044248,22.018089017365128,0.6666666666666666,0.5,0.5714285714285715,29.925690032541752,0.76,0.5588235294117647,0.6440677966101696,32.61271701194346
0000287_01601_d_0000767.jpg,74,YOLOv13-L,YOLOv13-L,1,0.7906976744186046,0.4594594594594595,0.5811965811965812,68.47007700707763,0.7906976744186046,0.4594594594594595,0.5811965811965812,0.7096774193548387,0.2972972972972973,0.41904761904761906,25.159805023577064,0.6744186046511628,0.3918918918918919,0.49572649572649563,38.199105008970946,0.7906976744186046,0.4594594594594595,0.5811965811965812,55.37644698051736,0.75,0.44594594594594594,0.559322033898305,32.19821199309081
0000287_01801_d_0000768.jpg,56,YOLOv13-X,YOLOv13-X,1,0.7551020408163265,0.6607142857142857,0.7047619047619047,54.55721402540803,0.7551020408163265,0.6607142857142857,0.7047619047619047,0.6857142857142857,0.42857142857142855,0.5274725274725274,18.57725705485791,0.6956521739130435,0.5714285714285714,0.6274509803921569,36.694863985758275,0.660377358490566,0.625,0.6422018348623852,34.47078098542988,0.7551020408163265,0.6607142857142857,0.7047619047619047,32.690137973986566
0000287_02001_d_0000769.jpg,44,YOLOv13-L,YOLOv13-L,1,0.8648648648648649,0.7272727272727273,0.7901234567901235,52.48641804791987,0.8648648648648649,0.7272727272727273,0.7901234567901235,0.7714285714285715,0.6136363636363636,0.6835443037974683,20.17031004652381,0.90625,0.6590909090909091,0.763157894736842,19.605137989856303,0.8648648648648649,0.7272727272727273,0.7901234567901235,29.170419031288475,0.8857142857142857,0.7045454545454546,0.7848101265822784,28.06962898466736
0000287_02201_d_0000770.jpg,27,YOLOv13-N,YOLOv13-L,0,0.9230769230769231,0.4444444444444444,0.6,21.221143018919975,0.875,0.5185185185185185,0.6511627906976744,0.9230769230769231,0.4444444444444444,0.6,21.221143018919975,0.8461538461538461,0.4074074074074074,0.5499999999999999,22.038766997866333,0.875,0.5185185185185185,0.6511627906976744,32.09053899627179,0.7058823529411765,0.4444444444444444,0.5454545454545455,32.42679301183671
0000287_02401_d_0000771.jpg,18,YOLOv13-S,YOLOv13-X,0,0.6842105263157895,0.7222222222222222,0.7027027027027027,42.01171797467396,0.7777777777777778,0.7777777777777778,0.7777777777777778,0.75,0.6666666666666666,0.7058823529411765,20.705903007183224,0.6842105263157895,0.7222222222222222,0.7027027027027027,15.433088992722332,0.7222222222222222,0.7222222222222222,0.7222222222222222,29.945374000817537,0.7777777777777778,0.7777777777777778,0.7777777777777778,26.000501995440573
0000287_02601_d_0000772.jpg,44,YOLOv13-L,YOLOv13-L,1,0.8518518518518519,0.5227272727272727,0.647887323943662,72.21964601194486,0.8518518518518519,0.5227272727272727,0.647887323943662,0.7058823529411765,0.2727272727272727,0.39344262295081966,39.8316879873164,0.6333333333333333,0.4318181818181818,0.5135135135135135,24.656256020534784,0.8518518518518519,0.5227272727272727,0.647887323943662,48.979738960042596,0.8695652173913043,0.45454545454545453,0.5970149253731344,33.226530998945236
0000287_02801_d_0000773.jpg,60,YOLOv13-X,YOLOv13-X,1,0.84,0.7,0.7636363636363636,57.47519596479833,0.84,0.7,0.7636363636363636,0.7631578947368421,0.48333333333333334,0.5918367346938777,21.23126300284639,0.75,0.6,0.6666666666666665,37.463656975887716,0.8222222222222222,0.6166666666666667,0.7047619047619048,40.8446789951995,0.84,0.7,0.7636363636363636,33.46195601625368
0000287_03001_d_0000774.jpg,18,YOLOv13-L,YOLOv13-X,0,0.7142857142857143,0.8333333333333334,0.7692307692307692,46.56254197470844,0.7894736842105263,0.8333333333333334,0.8108108108108109,0.75,0.8333333333333334,0.7894736842105262,20.62494697747752,0.75,0.8333333333333334,0.7894736842105262,20.41491895215586,0.7142857142857143,0.8333333333333334,0.7692307692307692,24.508205009624362,0.7894736842105263,0.8333333333333334,0.8108108108108109,57.47643200447783
0000287_03401_d_0000776.jpg,56,YOLOv13-L,YOLOv13-X,0,0.75,0.8035714285714286,0.7758620689655172,73.6932089785114,0.7903225806451613,0.875,0.8305084745762712,0.82,0.7321428571428571,0.7735849056603773,40.30535998754203,0.7924528301886793,0.75,0.7706422018348623,36.73461900325492,0.75,0.8035714285714286,0.7758620689655172,54.72884303890169,0.7903225806451613,0.875,0.8305084745762712,27.603400987572968
0000287_04601_d_0000780.jpg,88,YOLOv13-X,YOLOv13-X,1,0.8333333333333334,0.5681818181818182,0.6756756756756758,83.42885499587283,0.8333333333333334,0.5681818181818182,0.6756756756756758,0.8679245283018868,0.5227272727272727,0.6524822695035462,41.160819004289806,0.8103448275862069,0.5340909090909091,0.6438356164383561,19.83709301566705,0.8448275862068966,0.5568181818181818,0.6712328767123287,48.47782198339701,0.8333333333333334,0.5681818181818182,0.6756756756756758,32.96409599715844
0000287_04801_d_0000781.jpg,53,YOLOv13-L,YOLOv13-X,0,0.7111111111111111,0.6037735849056604,0.6530612244897959,58.64887899952009,0.7333333333333333,0.6226415094339622,0.673469387755102,0.6944444444444444,0.4716981132075472,0.5617977528089889,20.90022398624569,0.75,0.5094339622641509,0.6067415730337078,43.34193101385608,0.7111111111111111,0.6037735849056604,0.6530612244897959,19.701935001648962,0.7333333333333333,0.6226415094339622,0.673469387755102,44.84377597691491
0000287_05001_d_0000782.jpg,62,YOLOv13-L,YOLOv13-X,0,0.7619047619047619,0.5161290322580645,0.6153846153846153,53.659175988286734,0.75,0.532258064516129,0.6226415094339622,0.7837837837837838,0.46774193548387094,0.5858585858585857,19.914474978577346,0.775,0.5,0.607843137254902,39.24378100782633,0.7619047619047619,0.5161290322580645,0.6153846153846153,61.160376004409045,0.75,0.532258064516129,0.6226415094339622,32.16989396605641
0000289_00001_d_0000811.jpg,41,YOLOv13-X,YOLOv13-L,0,0.7297297297297297,0.6585365853658537,0.6923076923076923,45.496679027564824,0.7073170731707317,0.7073170731707317,0.7073170731707317,0.75,0.5121951219512195,0.6086956521739131,19.29930498590693,0.6571428571428571,0.5609756097560976,0.605263157894737,21.359552978537977,0.7073170731707317,0.7073170731707317,0.7073170731707317,31.24167799251154,0.7297297297297297,0.6585365853658537,0.6923076923076923,30.11041000718251
0000289_00201_d_0000812.jpg,43,YOLOv13-X,YOLOv13-X,1,0.7692307692307693,0.6976744186046512,0.7317073170731708,73.0113600147888,0.7692307692307693,0.6976744186046512,0.7317073170731708,0.6060606060606061,0.46511627906976744,0.5263157894736842,41.7256869841367,0.5476190476190477,0.5348837209302325,0.5411764705882354,18.99160898756236,0.6956521739130435,0.7441860465116279,0.7191011235955057,32.69693499896675,0.7692307692307693,0.6976744186046512,0.7317073170731708,40.5194410122931
0000289_00401_d_0000813.jpg,53,YOLOv13-L,YOLOv13-X,0,0.7142857142857143,0.660377358490566,0.6862745098039216,63.50007699802518,0.75,0.6792452830188679,0.712871287128713,0.6326530612244898,0.5849056603773585,0.6078431372549019,28.828611015342176,0.6226415094339622,0.6226415094339622,0.6226415094339622,28.50537101039663,0.7142857142857143,0.660377358490566,0.6862745098039216,31.625626026652753,0.75,0.6792452830188679,0.712871287128713,50.745576969347894
0000289_00601_d_0000814.jpg,43,YOLOv13-L,YOLOv13-L,1,0.7575757575757576,0.5813953488372093,0.6578947368421053,68.94367100903764,0.7575757575757576,0.5813953488372093,0.6578947368421053,0.6666666666666666,0.46511627906976744,0.547945205479452,37.345250020734966,0.6666666666666666,0.5581395348837209,0.6075949367088608,20.97209298517555,0.7575757575757576,0.5813953488372093,0.6578947368421053,30.129818012937903,0.7931034482758621,0.5348837209302325,0.6388888888888888,29.298720008227974
0000289_00801_d_0000815.jpg,39,YOLOv13-L,YOLOv13-L,1,0.8214285714285714,0.5897435897435898,0.6865671641791046,57.93508404167369,0.8214285714285714,0.5897435897435898,0.6865671641791046,0.782608695652174,0.46153846153846156,0.5806451612903226,19.241747038904577,0.6333333333333333,0.48717948717948717,0.5507246376811593,20.8622119971551,0.8214285714285714,0.5897435897435898,0.6865671641791046,29.976763005834073,0.7142857142857143,0.5128205128205128,0.5970149253731343,35.68909701425582
0000289_01001_d_0000816.jpg,33,YOLOv13-L,YOLOv13-L,1,0.8333333333333334,0.7575757575757576,0.7936507936507938,64.88543195882812,0.8333333333333334,0.7575757575757576,0.7936507936507938,0.6333333333333333,0.5757575757575758,0.6031746031746033,18.74065597075969,0.7142857142857143,0.6060606060606061,0.6557377049180327,20.73218103032559,0.8333333333333334,0.7575757575757576,0.7936507936507938,33.1808989867568,0.6666666666666666,0.7272727272727273,0.6956521739130435,29.285862983670086
0000289_01201_d_0000817.jpg,43,YOLOv13-X,YOLOv13-X,1,0.696969696969697,0.5348837209302325,0.6052631578947368,57.13685101363808,0.696969696969697,0.5348837209302325,0.6052631578947368,0.525,0.4883720930232558,0.5060240963855422,21.219293004833162,0.5862068965517241,0.3953488372093023,0.4722222222222222,27.999315003398806,0.625,0.46511627906976744,0.5333333333333334,24.647412006743252,0.696969696969697,0.5348837209302325,0.6052631578947368,31.20868594851345
0000289_01401_d_0000818.jpg,39,YOLOv13-X,YOLOv13-L,0,0.6904761904761905,0.7435897435897436,0.7160493827160495,55.625106964726,0.725,0.7435897435897436,0.7341772151898733,0.6666666666666666,0.5128205128205128,0.5797101449275363,20.91206598561257,0.5945945945945946,0.5641025641025641,0.5789473684210528,21.86680701561272,0.725,0.7435897435897436,0.7341772151898733,36.99804999632761,0.6904761904761905,0.7435897435897436,0.7160493827160495,47.50416899332777
0000289_01601_d_0000819.jpg,44,YOLOv13-L,YOLOv13-L,1,0.7647058823529411,0.5909090909090909,0.6666666666666667,54.46037999354303,0.7647058823529411,0.5909090909090909,0.6666666666666667,0.6111111111111112,0.5,0.55,21.600416977889836,0.6666666666666666,0.5454545454545454,0.6,17.18057197285816,0.7647058823529411,0.5909090909090909,0.6666666666666667,43.469281983561814,0.6341463414634146,0.5909090909090909,0.611764705882353,38.64266199525446
0000289_02001_d_0000821.jpg,43,YOLOv13-L,YOLOv13-X,0,0.8205128205128205,0.7441860465116279,0.7804878048780488,53.199829009827226,0.8048780487804879,0.7674418604651163,0.7857142857142858,0.7631578947368421,0.6744186046511628,0.7160493827160495,16.206250991672277,0.8055555555555556,0.6744186046511628,0.7341772151898734,20.21882199915126,0.8205128205128205,0.7441860465116279,0.7804878048780488,32.65050100162625,0.8048780487804879,0.7674418604651163,0.7857142857142858,41.27568902913481
0000289_02201_d_0000822.jpg,29,YOLOv13-L,YOLOv13-X,0,0.8260869565217391,0.6551724137931034,0.7307692307692308,73.6589680891484,0.8695652173913043,0.6896551724137931,0.7692307692307693,0.68,0.5862068965517241,0.6296296296296295,41.783767053857446,0.76,0.6551724137931034,0.7037037037037037,23.054365999996662,0.8260869565217391,0.6551724137931034,0.7307692307692308,31.11625200835988,0.8695652173913043,0.6896551724137931,0.7692307692307693,34.033689997158945
0000289_02401_d_0000823.jpg,49,YOLOv13-L,YOLOv13-L,1,0.7755102040816326,0.7755102040816326,0.7755102040816326,57.801308983471245,0.7755102040816326,0.7755102040816326,0.7755102040816326,0.631578947368421,0.4897959183673469,0.5517241379310346,21.338476974051446,0.6666666666666666,0.6122448979591837,0.6382978723404255,19.459542992990464,0.7755102040816326,0.7755102040816326,0.7755102040816326,47.51179402228445,0.7358490566037735,0.7959183673469388,0.7647058823529412,18.765237007755786
0000289_02601_d_0000824.jpg,58,YOLOv13-L,YOLOv13-X,0,0.803921568627451,0.7068965517241379,0.7522935779816514,73.36411002324894,0.8541666666666666,0.7068965517241379,0.7735849056603773,0.7647058823529411,0.4482758620689655,0.5652173913043479,21.806088043376803,0.8461538461538461,0.5689655172413793,0.6804123711340206,41.501005995087326,0.803921568627451,0.7068965517241379,0.7522935779816514,39.55557296285406,0.8541666666666666,0.7068965517241379,0.7735849056603773,30.25260497815907
0000289_03001_d_0000826.jpg,61,YOLOv13-X,YOLOv13-X,1,0.7551020408163265,0.6065573770491803,0.6727272727272727,63.597706030122936,0.7551020408163265,0.6065573770491803,0.6727272727272727,0.7297297297297297,0.4426229508196721,0.5510204081632653,20.271290035452694,0.6521739130434783,0.4918032786885246,0.5607476635514019,20.94740403117612,0.7307692307692307,0.6229508196721312,0.672566371681416,43.09927095891908,0.7551020408163265,0.6065573770491803,0.6727272727272727,57.42236302467063
0000289_03201_d_0000827.jpg,80,YOLOv13-L,YOLOv13-X,0,0.7142857142857143,0.5,0.588235294117647,48.73788898112252,0.7272727272727273,0.5,0.5925925925925926,0.6744186046511628,0.3625,0.4715447154471545,18.898423993960023,0.6792452830188679,0.45,0.5413533834586466,20.00637899618596,0.7142857142857143,0.5,0.588235294117647,29.23170302528888,0.7272727272727273,0.5,0.5925925925925926,30.061755038332194
0000289_03401_d_0000828.jpg,54,YOLOv13-L,YOLOv13-L,1,0.7115384615384616,0.6851851851851852,0.6981132075471698,68.32183600636199,0.7115384615384616,0.6851851851851852,0.6981132075471698,0.717948717948718,0.5185185185185185,0.6021505376344085,28.05506798904389,0.7073170731707317,0.5370370370370371,0.6105263157894738,20.041864016093314,0.7115384615384616,0.6851851851851852,0.6981132075471698,49.86924602417275,0.6101694915254238,0.6666666666666666,0.6371681415929203,61.33343098917976
0000289_03601_d_0000829.jpg,77,YOLOv13-X,YOLOv13-X,1,0.6739130434782609,0.4025974025974026,0.5040650406504066,69.9584309477359,0.6739130434782609,0.4025974025974026,0.5040650406504066,0.5,0.2597402597402597,0.34188034188034183,41.35478299576789,0.6578947368421053,0.3246753246753247,0.43478260869565216,20.832819980569184,0.6521739130434783,0.38961038961038963,0.4878048780487804,37.27123897988349,0.6739130434782609,0.4025974025974026,0.5040650406504066,50.15634302981198
0000289_03801_d_0000830.jpg,100,YOLOv13-L,YOLOv13-X,0,0.627906976744186,0.27,0.37762237762237766,59.5451719709672,0.6304347826086957,0.29,0.3972602739726027,0.6,0.21,0.3111111111111111,20.932398969307542,0.5945945945945946,0.22,0.32116788321167883,18.91427004011348,0.627906976744186,0.27,0.37762237762237766,44.36150204855949,0.6304347826086957,0.29,0.3972602739726027,30.244019988458604
0000289_04001_d_0000831.jpg,80,YOLOv13-L,YOLOv13-L,1,0.6571428571428571,0.575,0.6133333333333333,80.1953700138256,0.6571428571428571,0.575,0.6133333333333333,0.6,0.3,0.4,40.89946503518149,0.6274509803921569,0.4,0.4885496183206107,20.58323100209236,0.6571428571428571,0.575,0.6133333333333333,32.760607020463794,0.6774193548387096,0.525,0.5915492957746479,48.751982976682484
0000289_04201_d_0000832.jpg,88,YOLOv13-X,YOLOv13-X,1,0.6933333333333334,0.5909090909090909,0.638036809815951,57.490159990265965,0.6933333333333334,0.5909090909090909,0.638036809815951,0.6153846153846154,0.36363636363636365,0.4571428571428572,19.123737991321832,0.5542168674698795,0.5227272727272727,0.5380116959064327,16.20477403048426,0.6172839506172839,0.5681818181818182,0.591715976331361,39.22005096683279,0.6933333333333334,0.5909090909090909,0.638036809815951,31.275302986614406
0000289_04401_d_0000833.jpg,100,YOLOv13-X,YOLOv13-X,1,0.7553191489361702,0.71,0.731958762886598,49.82842900790274,0.7553191489361702,0.71,0.731958762886598,0.7049180327868853,0.43,0.5341614906832297,20.6254770164378,0.6666666666666666,0.6,0.631578947368421,21.632300049532205,0.6777777777777778,0.61,0.6421052631578946,32.44810801697895,0.7553191489361702,0.71,0.731958762886598,30.40795197011903
0000289_04601_d_0000834.jpg,93,YOLOv13-X,YOLOv13-X,1,0.7954545454545454,0.7526881720430108,0.7734806629834253,59.69457403989509,0.7954545454545454,0.7526881720430108,0.7734806629834253,0.7125,0.6129032258064516,0.6589595375722543,24.79557500919327,0.6777777777777778,0.6559139784946236,0.6666666666666666,42.1431579743512,0.6774193548387096,0.6774193548387096,0.6774193548387096,33.794506976846606,0.7954545454545454,0.7526881720430108,0.7734806629834253,29.589226993266493
0000289_04801_d_0000835.jpg,71,YOLOv13-X,YOLOv13-L,0,0.7678571428571429,0.6056338028169014,0.6771653543307087,53.071303002070636,0.82,0.5774647887323944,0.6776859504132231,0.7021276595744681,0.4647887323943662,0.559322033898305,18.858985975384712,0.7307692307692307,0.5352112676056338,0.6178861788617886,28.25255604693666,0.82,0.5774647887323944,0.6776859504132231,30.7876419974491,0.7678571428571429,0.6056338028169014,0.6771653543307087,52.13521100813523
0000289_05001_d_0000836.jpg,65,YOLOv13-L,YOLOv13-X,0,0.7419354838709677,0.7076923076923077,0.7244094488188977,66.02805701550096,0.7384615384615385,0.7384615384615385,0.7384615384615385,0.7446808510638298,0.5384615384615384,0.625,31.070814991835505,0.711864406779661,0.6461538461538462,0.6774193548387097,41.734253987669945,0.7419354838709677,0.7076923076923077,0.7244094488188977,47.18064499320462,0.7384615384615385,0.7384615384615385,0.7384615384615385,33.75834599137306
0000289_05201_d_0000837.jpg,79,YOLOv13-L,YOLOv13-X,0,0.7575757575757576,0.6329113924050633,0.6896551724137931,70.42093301424757,0.7727272727272727,0.6455696202531646,0.7034482758620689,0.8,0.45569620253164556,0.5806451612903226,35.833543981425464,0.6935483870967742,0.5443037974683544,0.6099290780141844,23.86329899309203,0.7575757575757576,0.6329113924050633,0.6896551724137931,34.491034981328994,0.7727272727272727,0.6455696202531646,0.7034482758620689,28.204267960973084
0000289_05401_d_0000838.jpg,81,YOLOv13-X,YOLOv13-X,1,0.6363636363636364,0.6049382716049383,0.6202531645569621,72.12877203710377,0.6363636363636364,0.6049382716049383,0.6202531645569621,0.5466666666666666,0.5061728395061729,0.5256410256410257,41.974810999818146,0.5180722891566265,0.5308641975308642,0.524390243902439,19.670014968141913,0.5903614457831325,0.6049382716049383,0.5975609756097562,44.35269196983427,0.6363636363636364,0.6049382716049383,0.6202531645569621,36.61895199911669
0000289_05601_d_0000839.jpg,107,YOLOv13-X,YOLOv13-L,0,0.7045454545454546,0.5794392523364486,0.635897435897436,50.03887601196766,0.810126582278481,0.5981308411214953,0.6881720430107526,0.6666666666666666,0.3925233644859813,0.49411764705882355,27.386241010390222,0.675,0.5046728971962616,0.5775401069518715,15.10050002252683,0.810126582278481,0.5981308411214953,0.6881720430107526,55.573472985997796,0.7045454545454546,0.5794392523364486,0.635897435897436,61.342393048107624
0000289_05801_d_0000840.jpg,78,YOLOv13-L,YOLOv13-X,0,0.6376811594202898,0.5641025641025641,0.5986394557823129,61.89615302719176,0.6716417910447762,0.5769230769230769,0.6206896551724138,0.6226415094339622,0.4230769230769231,0.5038167938931297,27.012269012629986,0.6,0.5,0.5454545454545454,18.85340898297727,0.6376811594202898,0.5641025641025641,0.5986394557823129,51.594312011729926,0.6716417910447762,0.5769230769230769,0.6206896551724138,31.218507036101073
0000289_06001_d_0000841.jpg,80,YOLOv13-X,YOLOv13-X,1,0.796875,0.6375,0.7083333333333333,64.54641598975286,0.796875,0.6375,0.7083333333333333,0.7843137254901961,0.5,0.6106870229007634,18.58424802776426,0.7213114754098361,0.55,0.624113475177305,34.75716698449105,0.7777777777777778,0.6125,0.6853146853146853,43.73309196671471,0.796875,0.6375,0.7083333333333333,35.5985650094226
0000289_06201_d_0000842.jpg,79,YOLOv13-X,YOLOv13-X,1,0.8688524590163934,0.6708860759493671,0.7571428571428572,77.69844197900966,0.8688524590163934,0.6708860759493671,0.7571428571428572,0.7818181818181819,0.5443037974683544,0.6417910447761194,38.53563201846555,0.7627118644067796,0.569620253164557,0.6521739130434783,21.568483964074403,0.8548387096774194,0.6708860759493671,0.7517730496453902,34.51666998444125,0.8688524590163934,0.6708860759493671,0.7571428571428572,38.208572019357234
0000289_06401_d_0000843.jpg,79,YOLOv13-L,YOLOv13-X,0,0.6323529411764706,0.5443037974683544,0.5850340136054422,46.938647981733084,0.7,0.5316455696202531,0.6043165467625898,0.6808510638297872,0.4050632911392405,0.5079365079365079,22.696094994898885,0.625,0.4430379746835443,0.5185185185185185,25.971530994866043,0.6323529411764706,0.5443037974683544,0.5850340136054422,48.874441999942064,0.7,0.5316455696202531,0.6043165467625898,28.389611979946494
0000289_06601_d_0000844.jpg,88,YOLOv13-L,YOLOv13-L,1,0.8305084745762712,0.5568181818181818,0.6666666666666666,66.47885602433234,0.8305084745762712,0.5568181818181818,0.6666666666666666,0.8125,0.4431818181818182,0.573529411764706,31.356488005258143,0.7894736842105263,0.5113636363636364,0.6206896551724137,25.413791998289526,0.8305084745762712,0.5568181818181818,0.6666666666666666,21.08898595906794,0.7868852459016393,0.5454545454545454,0.6442953020134228,53.37184097152203
0000289_06801_d_0000845.jpg,98,YOLOv13-L,YOLOv13-X,0,0.726027397260274,0.5408163265306123,0.6198830409356725,56.457032973412424,0.7571428571428571,0.5408163265306123,0.6309523809523809,0.782608695652174,0.3673469387755102,0.5,21.113727998454124,0.7966101694915254,0.47959183673469385,0.5987261146496815,29.765749000944197,0.726027397260274,0.5408163265306123,0.6198830409356725,55.06344500463456,0.7571428571428571,0.5408163265306123,0.6309523809523809,28.747570991981775
0000289_07001_d_0000846.jpg,74,YOLOv13-L,YOLOv13-X,0,0.7954545454545454,0.47297297297297297,0.5932203389830508,64.0010759816505,0.8478260869565217,0.527027027027027,0.6499999999999999,0.9032258064516129,0.3783783783783784,0.5333333333333333,22.54892699420452,0.8378378378378378,0.4189189189189189,0.5585585585585585,32.29982202174142,0.7954545454545454,0.47297297297297297,0.5932203389830508,31.071360979694873,0.8478260869565217,0.527027027027027,0.6499999999999999,48.53064700728282
0000289_07201_d_0000847.jpg,40,YOLOv13-L,YOLOv13-S,0,0.75,0.6,0.6666666666666665,74.83055198099464,0.8387096774193549,0.65,0.7323943661971831,0.7692307692307693,0.5,0.6060606060606061,42.2501330031082,0.8387096774193549,0.65,0.7323943661971831,29.06272397376597,0.75,0.6,0.6666666666666665,63.6834500473924,0.6904761904761905,0.725,0.7073170731707318,29.97043600771576
0000290_04001_d_0000867.jpg,79,YOLOv13-L,YOLOv13-X,0,0.8656716417910447,0.7341772151898734,0.7945205479452054,68.0830380297266,0.8939393939393939,0.7468354430379747,0.8137931034482758,0.8064516129032258,0.6329113924050633,0.7092198581560284,20.456831029150635,0.835820895522388,0.7088607594936709,0.7671232876712328,26.789494964759797,0.8656716417910447,0.7341772151898734,0.7945205479452054,32.475885993335396,0.8939393939393939,0.7468354430379747,0.8137931034482758,36.1463229637593
0000291_00001_d_0000868.jpg,178,YOLOv13-L,YOLOv13-X,0,0.3953488372093023,0.19101123595505617,0.25757575757575757,61.3898120354861,0.5238095238095238,0.24719101123595505,0.3358778625954198,0.5,0.1348314606741573,0.21238938053097345,29.406734043732285,0.4307692307692308,0.15730337078651685,0.23045267489711938,14.766312029678375,0.3953488372093023,0.19101123595505617,0.25757575757575757,25.640391977503896,0.5238095238095238,0.24719101123595505,0.3358778625954198,27.632160985376686
0000291_00201_d_0000869.jpg,113,YOLOv13-L,YOLOv13-X,0,0.618421052631579,0.415929203539823,0.4973544973544974,46.15543503314257,0.7083333333333334,0.45132743362831856,0.5513513513513514,0.5,0.22123893805309736,0.3067484662576687,24.006550025660545,0.6065573770491803,0.3274336283185841,0.42528735632183906,19.031477975659072,0.618421052631579,0.415929203539823,0.4973544973544974,40.84063699701801,0.7083333333333334,0.45132743362831856,0.5513513513513514,60.033346991986036
0000291_00401_d_0000870.jpg,166,YOLOv13-X,YOLOv13-X,1,0.6046511627906976,0.3132530120481928,0.41269841269841273,65.38217095658183,0.6046511627906976,0.3132530120481928,0.41269841269841273,0.46774193548387094,0.1746987951807229,0.2543859649122807,32.47148200171068,0.5308641975308642,0.25903614457831325,0.3481781376518219,38.15308504272252,0.5280898876404494,0.28313253012048195,0.3686274509803922,27.298121945932508,0.6046511627906976,0.3132530120481928,0.41269841269841273,31.41819400480017
0000291_00601_d_0000871.jpg,120,YOLOv13-X,YOLOv13-X,1,0.6989247311827957,0.5416666666666666,0.6103286384976525,60.328410007059574,0.6989247311827957,0.5416666666666666,0.6103286384976525,0.6031746031746031,0.31666666666666665,0.4153005464480874,24.683335970621556,0.6296296296296297,0.425,0.5074626865671642,37.840964971110225,0.6666666666666666,0.55,0.6027397260273972,33.78050000173971,0.6989247311827957,0.5416666666666666,0.6103286384976525,31.140728038735688
0000291_01001_d_0000873.jpg,159,YOLOv13-X,YOLOv13-X,1,0.6862745098039216,0.44025157232704404,0.5363984674329502,57.014416030142456,0.6862745098039216,0.44025157232704404,0.5363984674329502,0.5373134328358209,0.22641509433962265,0.3185840707964602,23.414194001816213,0.5955056179775281,0.3333333333333333,0.42741935483870963,12.952378019690514,0.6422018348623854,0.44025157232704404,0.5223880597014926,49.70142000820488,0.6862745098039216,0.44025157232704404,0.5363984674329502,44.734483992215246
0000291_01201_d_0000874.jpg,212,YOLOv13-X,YOLOv13-X,1,0.6438356164383562,0.44339622641509435,0.5251396648044692,66.24490598915145,0.6438356164383562,0.44339622641509435,0.5251396648044692,0.5288461538461539,0.25943396226415094,0.34810126582278483,39.91209901869297,0.5298507462686567,0.33490566037735847,0.4104046242774566,37.49270603293553,0.6275862068965518,0.42924528301886794,0.5098039215686275,62.75103002553806,0.6438356164383562,0.44339622641509435,0.5251396648044692,59.83887502225116
0000291_01401_d_0000875.jpg,154,YOLOv13-X,YOLOv13-L,0,0.6363636363636364,0.4090909090909091,0.49802371541501983,52.43439105106518,0.7010309278350515,0.44155844155844154,0.5418326693227091,0.5294117647058824,0.2922077922077922,0.3765690376569037,15.106920036487281,0.7078651685393258,0.4090909090909091,0.5185185185185185,20.202977990265936,0.7010309278350515,0.44155844155844154,0.5418326693227091,23.98380800150335,0.6363636363636364,0.4090909090909091,0.49802371541501983,57.81206698156893
0000291_01601_d_0000876.jpg,87,YOLOv13-L,YOLOv13-L,1,0.6805555555555556,0.5632183908045977,0.6163522012578615,68.89277300797403,0.6805555555555556,0.5632183908045977,0.6163522012578615,0.5555555555555556,0.40229885057471265,0.4666666666666666,34.4566410058178,0.5974025974025974,0.5287356321839081,0.5609756097560975,22.06612000009045,0.6805555555555556,0.5632183908045977,0.6163522012578615,45.336053997743875,0.6527777777777778,0.5402298850574713,0.5911949685534591,29.9127500038594
0000291_01801_d_0000877.jpg,113,YOLOv13-L,YOLOv13-S,0,0.4797297297297297,0.6283185840707964,0.5440613026819923,57.217614084947854,0.5555555555555556,0.6194690265486725,0.5857740585774059,0.504424778761062,0.504424778761062,0.504424778761062,21.18089603027329,0.5555555555555556,0.6194690265486725,0.5857740585774059,23.717359988950193,0.4797297297297297,0.6283185840707964,0.5440613026819923,34.87568604759872,0.5144927536231884,0.6283185840707964,0.5657370517928287,47.356875031255186
0000291_02001_d_0000878.jpg,172,YOLOv13-L,YOLOv13-X,0,0.5918367346938775,0.5058139534883721,0.5454545454545454,67.81003094511107,0.6716417910447762,0.5232558139534884,0.5882352941176472,0.6320754716981132,0.38953488372093026,0.48201438848920863,36.644087987951934,0.6076923076923076,0.45930232558139533,0.5231788079470198,19.9988370295614,0.5918367346938775,0.5058139534883721,0.5454545454545454,30.195729981642216,0.6716417910447762,0.5232558139534884,0.5882352941176472,34.09842896508053
0000291_02201_d_0000879.jpg,149,YOLOv13-L,YOLOv13-X,0,0.5833333333333334,0.5167785234899329,0.5480427046263346,64.88739693304524,0.6124031007751938,0.5302013422818792,0.5683453237410072,0.525,0.4228187919463087,0.46840148698884754,30.76344297733158,0.5609756097560976,0.46308724832214765,0.5073529411764707,22.656361979898065,0.5833333333333334,0.5167785234899329,0.5480427046263346,33.28661300474778,0.6124031007751938,0.5302013422818792,0.5683453237410072,32.429983955807984
0000291_02601_d_0000881.jpg,178,YOLOv13-X,YOLOv13-X,1,0.6666666666666666,0.5617977528089888,0.6097560975609757,45.027356070932,0.6666666666666666,0.5617977528089888,0.6097560975609757,0.5597014925373134,0.42134831460674155,0.48076923076923067,16.521720041055232,0.6598639455782312,0.5449438202247191,0.5969230769230769,21.052828000392765,0.6303030303030303,0.5842696629213483,0.6064139941690961,31.494071008637547,0.6666666666666666,0.5617977528089888,0.6097560975609757,34.77305802516639
0000291_03201_d_0000884.jpg,229,YOLOv13-X,YOLOv13-X,1,0.7012195121951219,0.5021834061135371,0.5852417302798981,48.10828703921288,0.7012195121951219,0.5021834061135371,0.5852417302798981,0.5658914728682171,0.31877729257641924,0.4078212290502793,22.538324003107846,0.6,0.43231441048034935,0.5025380710659899,32.8825680189766,0.6470588235294118,0.48034934497816595,0.5513784461152883,29.390554991550744,0.7012195121951219,0.5021834061135371,0.5852417302798981,47.735504049342126
0000291_03401_d_0000885.jpg,187,YOLOv13-L,YOLOv13-X,0,0.6666666666666666,0.5347593582887701,0.5934718100890207,39.1891659819521,0.6933333333333334,0.5561497326203209,0.6172106824925816,0.7294117647058823,0.3315508021390374,0.4558823529411764,14.059967012144625,0.6902654867256637,0.41711229946524064,0.5199999999999999,39.91520096315071,0.6666666666666666,0.5347593582887701,0.5934718100890207,32.98021701630205,0.6933333333333334,0.5561497326203209,0.6172106824925816,29.45756004191935
0000291_03601_d_0000886.jpg,112,YOLOv13-X,YOLOv13-X,1,0.42962962962962964,0.5178571428571429,0.46963562753036436,48.46057400573045,0.42962962962962964,0.5178571428571429,0.46963562753036436,0.4383561643835616,0.2857142857142857,0.34594594594594597,21.800988994073123,0.36082474226804123,0.3125,0.33492822966507174,25.62009502435103,0.38461538461538464,0.44642857142857145,0.41322314049586784,20.36678500007838,0.42962962962962964,0.5178571428571429,0.46963562753036436,29.018941044341773
0000291_03801_d_0000887.jpg,191,YOLOv13-X,YOLOv13-X,1,0.6518518518518519,0.4607329842931937,0.5398773006134969,70.01003198092803,0.6518518518518519,0.4607329842931937,0.5398773006134969,0.4461538461538462,0.1518324607329843,0.22656249999999997,40.33708799397573,0.4782608695652174,0.23036649214659685,0.31095406360424027,42.41149901645258,0.6134453781512605,0.38219895287958117,0.4709677419354839,37.96968900132924,0.6518518518518519,0.4607329842931937,0.5398773006134969,32.4572499957867
0000291_04001_d_0000888.jpg,108,YOLOv13-X,YOLOv13-X,1,0.5307692307692308,0.6388888888888888,0.5798319327731093,47.59655403904617,0.5307692307692308,0.6388888888888888,0.5798319327731093,0.4845360824742268,0.4351851851851852,0.4585365853658536,21.08858700376004,0.5233644859813084,0.5185185185185185,0.5209302325581395,26.57988795544952,0.5565217391304348,0.5925925925925926,0.5739910313901346,63.37353400886059,0.5307692307692308,0.6388888888888888,0.5798319327731093,41.89277999103069
0000291_04201_d_0000889.jpg,111,YOLOv13-X,YOLOv13-X,1,0.6698113207547169,0.6396396396396397,0.6543778801843319,53.1428320100531,0.6698113207547169,0.6396396396396397,0.6543778801843319,0.49122807017543857,0.5045045045045045,0.4977777777777777,22.3253250005655,0.6355140186915887,0.6126126126126126,0.6238532110091742,19.163160992320627,0.5905511811023622,0.6756756756756757,0.630252100840336,57.691191032063216,0.6698113207547169,0.6396396396396397,0.6543778801843319,28.474296967033297
0000291_04401_d_0000890.jpg,126,YOLOv13-X,YOLOv13-X,1,0.7017543859649122,0.6349206349206349,0.6666666666666666,51.49881006218493,0.7017543859649122,0.6349206349206349,0.6666666666666666,0.5084745762711864,0.47619047619047616,0.4918032786885246,21.194838045630604,0.6355140186915887,0.5396825396825397,0.5836909871244635,22.33421098208055,0.6324786324786325,0.5873015873015873,0.6090534979423867,32.96146698994562,0.7017543859649122,0.6349206349206349,0.6666666666666666,33.572827000170946
0000291_05001_d_0000892.jpg,135,YOLOv13-X,YOLOv13-X,1,0.6792452830188679,0.5333333333333333,0.5975103734439834,72.3735989886336,0.6792452830188679,0.5333333333333333,0.5975103734439834,0.5520833333333334,0.3925925925925926,0.4588744588744589,41.207433969248086,0.6509433962264151,0.5111111111111111,0.5726141078838174,22.524280997458845,0.6186440677966102,0.5407407407407407,0.5770750988142292,33.472684037406,0.6792452830188679,0.5333333333333333,0.5975103734439834,29.591562983114272
0000291_05201_d_0000893.jpg,207,YOLOv13-X,YOLOv13-X,1,0.659217877094972,0.5700483091787439,0.6113989637305699,60.86300895549357,0.659217877094972,0.5700483091787439,0.6113989637305699,0.5766423357664233,0.38164251207729466,0.4593023255813953,27.54009299678728,0.6242038216560509,0.47342995169082125,0.5384615384615384,22.67894404940307,0.6111111111111112,0.5314009661835749,0.5684754521963824,32.67843497451395,0.659217877094972,0.5700483091787439,0.6113989637305699,35.371416015550494
0000293_03601_d_0000940.jpg,117,YOLOv13-X,YOLOv13-L,0,0.7532467532467533,0.49572649572649574,0.5979381443298969,57.42080003255978,0.7922077922077922,0.5213675213675214,0.6288659793814434,0.75,0.38461538461538464,0.5084745762711865,23.864849004894495,0.8253968253968254,0.4444444444444444,0.5777777777777777,20.77696897322312,0.7922077922077922,0.5213675213675214,0.6288659793814434,31.32373100379482,0.7532467532467533,0.49572649572649574,0.5979381443298969,33.65719999419525
0000295_00000_d_0000021.jpg,130,YOLOv13-X,YOLOv13-X,1,0.8253968253968254,0.4,0.5388601036269429,54.13768702419475,0.8253968253968254,0.4,0.5388601036269429,0.7241379310344828,0.3230769230769231,0.44680851063829785,20.476575009524822,0.7457627118644068,0.3384615384615385,0.46560846560846564,41.83941800147295,0.8,0.36923076923076925,0.5052631578947369,38.19697099970654,0.8253968253968254,0.4,0.5388601036269429,31.9636240019463
0000295_00200_d_0000022.jpg,78,YOLOv13-X,YOLOv13-L,0,0.6823529411764706,0.7435897435897436,0.7116564417177913,43.98111201589927,0.7307692307692307,0.7307692307692307,0.7307692307692306,0.5208333333333334,0.6410256410256411,0.5747126436781609,18.67271400988102,0.6179775280898876,0.7051282051282052,0.6586826347305389,35.67066398682073,0.7307692307692307,0.7307692307692307,0.7307692307692306,32.744493044447154,0.6823529411764706,0.7435897435897436,0.7116564417177913,32.850057003088295
0000295_00600_d_0000024.jpg,186,YOLOv13-X,YOLOv13-X,1,0.8117647058823529,0.3709677419354839,0.5092250922509226,46.15425498923287,0.8117647058823529,0.3709677419354839,0.5092250922509226,0.8235294117647058,0.3010752688172043,0.44094488188976383,16.33612101431936,0.7567567567567568,0.3010752688172043,0.4307692307692308,34.98098399722949,0.7931034482758621,0.3709677419354839,0.5054945054945055,31.095908023416996,0.8117647058823529,0.3709677419354839,0.5092250922509226,32.25185599876568
0000295_00800_d_0000025.jpg,147,YOLOv13-X,YOLOv13-X,1,0.69,0.46938775510204084,0.5587044534412955,51.60601495299488,0.69,0.46938775510204084,0.5587044534412955,0.7777777777777778,0.38095238095238093,0.5114155251141552,21.914310986176133,0.6703296703296703,0.41496598639455784,0.5126050420168067,21.95090096211061,0.6095238095238096,0.43537414965986393,0.5079365079365079,33.7499079760164,0.69,0.46938775510204084,0.5587044534412955,61.59911397844553
0000295_01000_d_0000026.jpg,251,YOLOv13-X,YOLOv13-X,1,0.8260869565217391,0.30278884462151395,0.44314868804664725,49.82398799620569,0.8260869565217391,0.30278884462151395,0.44314868804664725,0.8378378378378378,0.24701195219123506,0.3815384615384615,21.208452992141247,0.8024691358024691,0.2589641434262948,0.39156626506024095,22.97087700571865,0.7894736842105263,0.29880478087649404,0.43352601156069365,47.05019301036373,0.8260869565217391,0.30278884462151395,0.44314868804664725,24.851724971085787
0000295_01200_d_0000027.jpg,200,YOLOv13-X,YOLOv13-X,1,0.6198347107438017,0.375,0.4672897196261683,75.37944597424939,0.6198347107438017,0.375,0.4672897196261683,0.6551724137931034,0.285,0.397212543554007,39.093528990633786,0.6388888888888888,0.345,0.448051948051948,22.516523022204638,0.5983606557377049,0.365,0.453416149068323,32.436267007142305,0.6198347107438017,0.375,0.4672897196261683,30.927437997888774
0000295_01400_d_0000028.jpg,189,YOLOv13-X,YOLOv13-L,0,0.7593984962406015,0.5343915343915344,0.6273291925465838,44.17423397535458,0.7803030303030303,0.544973544973545,0.6417445482866043,0.5772357723577236,0.37566137566137564,0.45512820512820507,21.97342098224908,0.7063492063492064,0.4708994708994709,0.5650793650793651,39.69940700335428,0.7803030303030303,0.544973544973545,0.6417445482866043,62.90811602957547,0.7593984962406015,0.5343915343915344,0.6273291925465838,52.719957020599395
0000295_01600_d_0000029.jpg,138,YOLOv13-X,YOLOv13-X,1,0.6962962962962963,0.6811594202898551,0.6886446886446886,79.44666704861447,0.6962962962962963,0.6811594202898551,0.6886446886446886,0.628099173553719,0.5507246376811594,0.5868725868725869,43.828978028614074,0.6842105263157895,0.6594202898550725,0.6715867158671587,24.06318299472332,0.6764705882352942,0.6666666666666666,0.6715328467153284,31.035711988806725,0.6962962962962963,0.6811594202898551,0.6886446886446886,60.11726404540241
0000295_01800_d_0000030.jpg,306,YOLOv13-X,YOLOv13-X,1,0.7716049382716049,0.4084967320261438,0.5341880341880342,51.1510280193761,0.7716049382716049,0.4084967320261438,0.5341880341880342,0.6758620689655173,0.3202614379084967,0.43458980044345896,15.76525199925527,0.6866666666666666,0.3366013071895425,0.4517543859649123,21.358641039114445,0.7741935483870968,0.39215686274509803,0.5206073752711496,32.20261604292318,0.7716049382716049,0.4084967320261438,0.5341880341880342,47.35211899969727
0000295_02000_d_0000031.jpg,311,YOLOv13-X,YOLOv13-X,1,0.8518518518518519,0.4437299035369775,0.5835095137420718,57.28403199464083,0.8518518518518519,0.4437299035369775,0.5835095137420718,0.6928104575163399,0.3408360128617363,0.45689655172413796,28.84160401299596,0.7159763313609467,0.3890675241157556,0.5041666666666667,27.70732098724693,0.8170731707317073,0.43086816720257237,0.5642105263157895,61.89003598410636,0.8518518518518519,0.4437299035369775,0.5835095137420718,28.867635992355645
0000295_02200_d_0000032.jpg,193,YOLOv13-X,YOLOv13-X,1,0.5873015873015873,0.5751295336787565,0.5811518324607331,79.77557700360194,0.5873015873015873,0.5751295336787565,0.5811518324607331,0.6506849315068494,0.49222797927461137,0.5604719764011798,42.5358850043267,0.6158536585365854,0.5233160621761658,0.5658263305322129,22.1883209887892,0.6,0.5595854922279793,0.579088471849866,57.16760997893289,0.5873015873015873,0.5751295336787565,0.5811518324607331,34.57725601037964
0000295_02400_d_0000033.jpg,317,YOLOv13-X,YOLOv13-X,1,0.6699507389162561,0.42902208201892744,0.523076923076923,59.135033981874585,0.6699507389162561,0.42902208201892744,0.523076923076923,0.6575342465753424,0.3028391167192429,0.4146868250539957,21.16405195556581,0.6298342541436464,0.35962145110410093,0.4578313253012048,37.530808011069894,0.6261682242990654,0.4227129337539432,0.5047080979284368,43.130963982548565,0.6699507389162561,0.42902208201892744,0.523076923076923,34.383944992441684
0000295_02900_d_0000034.jpg,212,YOLOv13-X,YOLOv13-L,0,0.8345864661654135,0.5235849056603774,0.6434782608695652,62.121731985826045,0.8527131782945736,0.5188679245283019,0.6451612903225806,0.7913043478260869,0.42924528301886794,0.5565749235474007,35.63889500219375,0.8,0.4716981132075472,0.5934718100890208,23.377320962026715,0.8527131782945736,0.5188679245283019,0.6451612903225806,34.30670499801636,0.8345864661654135,0.5235849056603774,0.6434782608695652,33.64689904265106
0000296_00601_d_0000038.jpg,91,YOLOv13-X,YOLOv13-L,0,0.7142857142857143,0.5494505494505495,0.6211180124223603,77.67389301443473,0.6842105263157895,0.5714285714285714,0.622754491017964,0.7872340425531915,0.4065934065934066,0.536231884057971,33.16364699276164,0.7457627118644068,0.4835164835164835,0.5866666666666667,34.08369101816788,0.6842105263157895,0.5714285714285714,0.622754491017964,59.32968499837443,0.7142857142857143,0.5494505494505495,0.6211180124223603,47.728041012305766
0000296_01001_d_0000040.jpg,181,YOLOv13-L,YOLOv13-X,0,0.7163120567375887,0.5580110497237569,0.6273291925465839,69.46792104281485,0.7894736842105263,0.580110497237569,0.6687898089171974,0.6814159292035398,0.425414364640884,0.5238095238095238,36.99033701559529,0.7007874015748031,0.49171270718232046,0.577922077922078,25.473661022260785,0.7163120567375887,0.5580110497237569,0.6273291925465839,64.51472401386127,0.7894736842105263,0.580110497237569,0.6687898089171974,35.37137695821002
0000300_03201_d_0000154.jpg,66,YOLOv13-X,YOLOv13-L,0,0.7818181818181819,0.6515151515151515,0.7107438016528926,81.32903394289315,0.8214285714285714,0.696969696969697,0.7540983606557378,0.6226415094339622,0.5,0.5546218487394957,38.56057894881815,0.7446808510638298,0.5303030303030303,0.6194690265486724,30.32161999726668,0.8214285714285714,0.696969696969697,0.7540983606557378,31.325343006756157,0.7818181818181819,0.6515151515151515,0.7107438016528926,30.374057998415083
0000301_00001_d_0000156.jpg,96,YOLOv13-L,YOLOv13-L,1,0.8,0.5416666666666666,0.6459627329192547,82.84549997188151,0.8,0.5416666666666666,0.6459627329192547,0.6923076923076923,0.375,0.48648648648648646,42.519718990661204,0.7049180327868853,0.4479166666666667,0.5477707006369427,26.65864198934287,0.8,0.5416666666666666,0.6459627329192547,20.212762989103794,0.78125,0.5208333333333334,0.625,50.951665034517646
0000301_00201_d_0000157.jpg,90,YOLOv13-L,YOLOv13-S,0,0.8,0.4888888888888889,0.6068965517241379,51.542851026169956,0.8333333333333334,0.5,0.625,0.7254901960784313,0.4111111111111111,0.524822695035461,19.63109103962779,0.8333333333333334,0.5,0.625,22.297968971543014,0.8,0.4888888888888889,0.6068965517241379,49.854508019052446,0.7586206896551724,0.4888888888888889,0.5945945945945945,57.35155998263508
0000301_01001_d_0000161.jpg,64,YOLOv13-L,YOLOv13-L,1,0.7317073170731707,0.46875,0.5714285714285714,63.02118406165391,0.7317073170731707,0.46875,0.5714285714285714,0.6551724137931034,0.296875,0.4086021505376344,21.60089905373752,0.6944444444444444,0.390625,0.5,25.3372109727934,0.7317073170731707,0.46875,0.5714285714285714,32.4351720046252,0.65,0.40625,0.5000000000000001,32.671706983819604
0000301_01201_d_0000162.jpg,61,YOLOv13-L,YOLOv13-L,1,0.6888888888888889,0.5081967213114754,0.5849056603773585,42.62024303898215,0.6888888888888889,0.5081967213114754,0.5849056603773585,0.46808510638297873,0.36065573770491804,0.40740740740740744,19.897543010301888,0.625,0.4098360655737705,0.4950495049504951,27.686915011145175,0.6888888888888889,0.5081967213114754,0.5849056603773585,60.76099496567622,0.6595744680851063,0.5081967213114754,0.5740740740740742,53.368703986052424
0000303_03401_d_0000200.jpg,82,YOLOv13-X,YOLOv13-X,1,0.8125,0.47560975609756095,0.6,61.11302296631038,0.8125,0.47560975609756095,0.6,0.7777777777777778,0.34146341463414637,0.4745762711864407,25.367169990204275,0.8823529411764706,0.36585365853658536,0.5172413793103449,19.977905962150544,0.8,0.3902439024390244,0.5245901639344263,30.209173972252756,0.8125,0.47560975609756095,0.6,65.44457300333306
0000308_04401_d_0000327.jpg,98,YOLOv13-L,YOLOv13-L,1,0.735632183908046,0.6530612244897959,0.6918918918918919,56.71956902369857,0.735632183908046,0.6530612244897959,0.6918918918918919,0.8253968253968254,0.5306122448979592,0.6459627329192548,22.46258599916473,0.7692307692307693,0.6122448979591837,0.6818181818181818,21.15139103261754,0.735632183908046,0.6530612244897959,0.6918918918918919,46.4388849795796,0.759493670886076,0.6122448979591837,0.6779661016949152,47.10565402638167
0000312_00001_d_0000414.jpg,112,YOLOv13-L,YOLOv13-X,0,0.8191489361702128,0.6875,0.7475728155339806,90.13425902230665,0.8333333333333334,0.7142857142857143,0.7692307692307692,0.717391304347826,0.5892857142857143,0.6470588235294118,38.905111025087535,0.7368421052631579,0.625,0.6763285024154588,27.242524025496095,0.8191489361702128,0.6875,0.7475728155339806,62.0430430280976,0.8333333333333334,0.7142857142857143,0.7692307692307692,50.902150047477335
0000312_00201_d_0000415.jpg,108,YOLOv13-L,YOLOv13-X,0,0.851063829787234,0.7407407407407407,0.7920792079207921,80.8072499348782,0.8155339805825242,0.7777777777777778,0.7962085308056872,0.7613636363636364,0.6203703703703703,0.6836734693877551,41.11318796640262,0.8314606741573034,0.6851851851851852,0.751269035532995,22.680896043311805,0.851063829787234,0.7407407407407407,0.7920792079207921,49.96734898304567,0.8155339805825242,0.7777777777777778,0.7962085308056872,32.14673500042409
0000312_00601_d_0000417.jpg,59,YOLOv13-L,YOLOv13-X,0,0.8444444444444444,0.6440677966101694,0.7307692307692307,67.34882097225636,0.9148936170212766,0.7288135593220338,0.8113207547169811,0.8611111111111112,0.5254237288135594,0.6526315789473686,24.838266021106392,0.7872340425531915,0.6271186440677966,0.6981132075471698,37.7651079907082,0.8444444444444444,0.6440677966101694,0.7307692307692307,47.5460080197081,0.9148936170212766,0.7288135593220338,0.8113207547169811,39.22150901053101
0000312_01001_d_0000419.jpg,80,YOLOv13-L,YOLOv13-X,0,0.7183098591549296,0.6375,0.6754966887417218,73.95339704817161,0.7611940298507462,0.6375,0.6938775510204082,0.8103448275862069,0.5875,0.6811594202898551,40.392702037934214,0.7538461538461538,0.6125,0.6758620689655173,22.895211004652083,0.7183098591549296,0.6375,0.6754966887417218,32.98970696050674,0.7611940298507462,0.6375,0.6938775510204082,31.982044980395585
0000312_01201_d_0000420.jpg,82,YOLOv13-L,YOLOv13-X,0,0.7662337662337663,0.7195121951219512,0.7421383647798743,61.941307969391346,0.7763157894736842,0.7195121951219512,0.7468354430379746,0.7205882352941176,0.5975609756097561,0.6533333333333333,30.751187005080283,0.782608695652174,0.6585365853658537,0.7152317880794703,25.33473598305136,0.7662337662337663,0.7195121951219512,0.7421383647798743,37.114720966201276,0.7763157894736842,0.7195121951219512,0.7468354430379746,48.88728598598391
0000312_02201_d_0000425.jpg,78,YOLOv13-X,YOLOv13-X,1,0.7638888888888888,0.7051282051282052,0.7333333333333334,50.102361070457846,0.7638888888888888,0.7051282051282052,0.7333333333333334,0.6911764705882353,0.6025641025641025,0.6438356164383562,19.484536023810506,0.7323943661971831,0.6666666666666666,0.697986577181208,22.086234006565064,0.7605633802816901,0.6923076923076923,0.7248322147651006,23.782147967722267,0.7638888888888888,0.7051282051282052,0.7333333333333334,36.018231010530144
0000312_02401_d_0000426.jpg,80,YOLOv13-L,YOLOv13-S,0,0.819672131147541,0.625,0.7092198581560285,52.405524998903275,0.8727272727272727,0.6,0.711111111111111,0.7540983606557377,0.575,0.652482269503546,20.616882015019655,0.8727272727272727,0.6,0.711111111111111,17.044581996742636,0.819672131147541,0.625,0.7092198581560285,39.20181398279965,0.7761194029850746,0.65,0.7074829931972789,47.39153600530699
0000312_04201_d_0000435.jpg,80,YOLOv13-L,YOLOv13-L,1,0.8208955223880597,0.6875,0.7482993197278912,56.02570198243484,0.8208955223880597,0.6875,0.7482993197278912,0.8103448275862069,0.5875,0.6811594202898551,21.639351965859532,0.8307692307692308,0.675,0.7448275862068966,39.40418298589066,0.8208955223880597,0.6875,0.7482993197278912,31.81983804097399,0.7605633802816901,0.675,0.7152317880794701,56.35840800823644
0000313_06401_d_0000468.jpg,91,YOLOv13-X,YOLOv13-X,1,0.7446808510638298,0.38461538461538464,0.5072463768115941,51.402380981016904,0.7446808510638298,0.38461538461538464,0.5072463768115941,0.8125,0.2857142857142857,0.42276422764227645,23.606196977198124,0.7435897435897436,0.31868131868131866,0.4461538461538461,24.700150010176003,0.717391304347826,0.3626373626373626,0.4817518248175182,34.01492000557482,0.7446808510638298,0.38461538461538464,0.5072463768115941,32.92689600493759
0000313_06601_d_0000469.jpg,165,YOLOv13-X,YOLOv13-L,0,0.7536231884057971,0.3151515151515151,0.4444444444444444,54.4450810411945,0.7746478873239436,0.3333333333333333,0.46610169491525416,0.6981132075471698,0.22424242424242424,0.3394495412844037,27.864309027791023,0.7076923076923077,0.2787878787878788,0.4,21.125296014361084,0.7746478873239436,0.3333333333333333,0.46610169491525416,42.95916896080598,0.7536231884057971,0.3151515151515151,0.4444444444444444,29.776365030556917
0000313_07001_d_0000471.jpg,5,YOLOv13-N,YOLOv13-X,0,1.0,0.2,0.33333333333333337,22.01527904253453,1.0,1.0,1.0,1.0,0.2,0.33333333333333337,22.01527904253453,1.0,0.2,0.33333333333333337,29.744175961241126,0.75,0.6,0.6666666666666665,50.5362719995901,1.0,1.0,1.0,57.99383798148483
0000315_01601_d_0000509.jpg,98,YOLOv13-X,YOLOv13-L,0,0.6666666666666666,0.46938775510204084,0.5508982035928144,64.89309296011925,0.7377049180327869,0.45918367346938777,0.5660377358490566,0.62,0.3163265306122449,0.41891891891891897,31.75954398466274,0.6379310344827587,0.37755102040816324,0.4743589743589743,39.74311001366004,0.7377049180327869,0.45918367346938777,0.5660377358490566,62.544015992898494,0.6666666666666666,0.46938775510204084,0.5508982035928144,41.12608201103285
0000316_00001_d_0000519.jpg,69,YOLOv13-X,YOLOv13-X,1,0.875,0.30434782608695654,0.4516129032258065,64.80278092203662,0.875,0.30434782608695654,0.4516129032258065,0.5263157894736842,0.14492753623188406,0.2272727272727273,32.279946957714856,0.7058823529411765,0.17391304347826086,0.27906976744186046,30.35324701340869,0.696969696969697,0.3333333333333333,0.45098039215686275,52.822567988187075,0.875,0.30434782608695654,0.4516129032258065,48.11244801385328
0000316_00201_d_0000520.jpg,54,YOLOv13-X,YOLOv13-L,0,0.7586206896551724,0.4074074074074074,0.5301204819277108,78.0014330521226,0.8275862068965517,0.4444444444444444,0.5783132530120482,0.5357142857142857,0.2777777777777778,0.36585365853658536,40.77514604432508,0.6571428571428571,0.42592592592592593,0.5168539325842697,25.618066953029484,0.8275862068965517,0.4444444444444444,0.5783132530120482,34.880806982982904,0.7586206896551724,0.4074074074074074,0.5301204819277108,47.12733702035621
0000316_00401_d_0000521.jpg,23,YOLOv13-L,YOLOv13-L,1,0.75,0.391304347826087,0.5142857142857143,56.77931901300326,0.75,0.391304347826087,0.5142857142857143,0.5882352941176471,0.43478260869565216,0.5,27.021810004953295,0.5625,0.391304347826087,0.46153846153846156,20.866479026153684,0.75,0.391304347826087,0.5142857142857143,62.27284995839,0.6,0.391304347826087,0.47368421052631576,61.23824999667704
0000316_00601_d_0000522.jpg,35,YOLOv13-X,YOLOv13-X,1,0.7647058823529411,0.37142857142857144,0.5,64.79857099475339,0.7647058823529411,0.37142857142857144,0.5,0.6111111111111112,0.3142857142857143,0.41509433962264153,40.465673024300486,0.75,0.34285714285714286,0.47058823529411753,19.513648003339767,0.7222222222222222,0.37142857142857144,0.490566037735849,31.927090953104198,0.7647058823529411,0.37142857142857144,0.5,32.514389022253454
0000316_00801_d_0000523.jpg,27,YOLOv13-L,YOLOv13-S,0,0.35714285714285715,0.37037037037037035,0.36363636363636365,54.07580902101472,0.42857142857142855,0.3333333333333333,0.375,0.4375,0.25925925925925924,0.3255813953488372,20.158976025413722,0.42857142857142855,0.3333333333333333,0.375,28.92024803441018,0.35714285714285715,0.37037037037037035,0.36363636363636365,30.450292048044503,0.32142857142857145,0.3333333333333333,0.32727272727272727,32.77851297752932
0000316_01001_d_0000524.jpg,18,YOLOv13-L,YOLOv13-L,1,0.7857142857142857,0.6111111111111112,0.6875000000000001,54.26414799876511,0.7857142857142857,0.6111111111111112,0.6875000000000001,0.5714285714285714,0.2222222222222222,0.32,21.28691296093166,0.5833333333333334,0.3888888888888889,0.4666666666666666,17.863271001260728,0.7857142857142857,0.6111111111111112,0.6875000000000001,26.31281898356974,0.5714285714285714,0.4444444444444444,0.5,30.304983025416732
0000316_01201_d_0000525.jpg,43,YOLOv13-X,YOLOv13-X,1,0.7647058823529411,0.6046511627906976,0.6753246753246753,70.32087905099615,0.7647058823529411,0.6046511627906976,0.6753246753246753,0.7307692307692307,0.4418604651162791,0.5507246376811594,39.95127702364698,0.696969696969697,0.5348837209302325,0.6052631578947368,16.34316600393504,0.7297297297297297,0.627906976744186,0.675,49.97382900910452,0.7647058823529411,0.6046511627906976,0.6753246753246753,24.103550997097045
0000316_01401_d_0000526.jpg,34,YOLOv13-X,YOLOv13-L,0,0.7647058823529411,0.7647058823529411,0.7647058823529412,50.397183978930116,0.7647058823529411,0.7647058823529411,0.7647058823529412,0.6666666666666666,0.5882352941176471,0.625,21.189143997617066,0.7272727272727273,0.7058823529411765,0.7164179104477613,15.604924992658198,0.7647058823529411,0.7647058823529411,0.7647058823529412,31.353125988971442,0.7647058823529411,0.7647058823529411,0.7647058823529412,32.010244962293655
0000316_01601_d_0000527.jpg,29,YOLOv13-L,YOLOv13-L,1,0.7916666666666666,0.6551724137931034,0.7169811320754716,65.07734698243439,0.7916666666666666,0.6551724137931034,0.7169811320754716,0.5789473684210527,0.3793103448275862,0.45833333333333337,21.723454003222287,0.782608695652174,0.6206896551724138,0.6923076923076923,19.69167497009039,0.7916666666666666,0.6551724137931034,0.7169811320754716,44.25750800874084,0.6538461538461539,0.5862068965517241,0.6181818181818182,33.36318500805646
0000316_01801_d_0000528.jpg,11,YOLOv13-L,YOLOv13-S,0,0.8888888888888888,0.7272727272727273,0.7999999999999999,53.971558052580804,0.8181818181818182,0.8181818181818182,0.8181818181818182,0.8,0.7272727272727273,0.761904761904762,20.989463024307042,0.8181818181818182,0.8181818181818182,0.8181818181818182,16.6496800375171,0.8888888888888888,0.7272727272727273,0.7999999999999999,32.367844018153846,0.8888888888888888,0.7272727272727273,0.7999999999999999,31.2775379861705
0000316_02001_d_0000529.jpg,9,YOLOv13-S,YOLOv13-S,1,0.8,0.4444444444444444,0.5714285714285714,40.16328905709088,0.8,0.4444444444444444,0.5714285714285714,0.6,0.3333333333333333,0.42857142857142855,21.588610019534826,0.8,0.4444444444444444,0.5714285714285714,25.04430804401636,0.8,0.4444444444444444,0.5714285714285714,59.02489501750097,0.5,0.5555555555555556,0.5263157894736842,36.76773700863123
0000316_02201_d_0000530.jpg,7,YOLOv13-L,YOLOv13-S,0,0.875,1.0,0.9333333333333333,68.1038309703581,0.875,1.0,0.9333333333333333,0.8571428571428571,0.8571428571428571,0.8571428571428571,29.53119296580553,0.875,1.0,0.9333333333333333,22.23307196982205,0.875,1.0,0.9333333333333333,35.33314203377813,0.8571428571428571,0.8571428571428571,0.8571428571428571,61.00807397160679
0000323_02601_d_0000645.jpg,91,YOLOv13-X,YOLOv13-X,1,0.8472222222222222,0.6703296703296703,0.7484662576687117,75.28933399589732,0.8472222222222222,0.6703296703296703,0.7484662576687117,0.7166666666666667,0.4725274725274725,0.5695364238410596,26.261196995619684,0.7567567567567568,0.6153846153846154,0.6787878787878788,19.08860099501908,0.8333333333333334,0.6593406593406593,0.736196319018405,54.0119229699485,0.8472222222222222,0.6703296703296703,0.7484662576687117,33.33477902924642
0000327_00001_d_0000711.jpg,70,YOLOv13-X,YOLOv13-L,0,0.8148148148148148,0.6285714285714286,0.7096774193548386,59.01939200703055,0.8301886792452831,0.6285714285714286,0.7154471544715448,0.7692307692307693,0.5714285714285714,0.6557377049180327,18.76789197558537,0.7222222222222222,0.5571428571428572,0.6290322580645162,20.70782397640869,0.8301886792452831,0.6285714285714286,0.7154471544715448,29.05603899853304,0.8148148148148148,0.6285714285714286,0.7096774193548386,54.95053296908736
0000327_00201_d_0000712.jpg,60,YOLOv13-L,YOLOv13-L,1,0.875,0.7,0.7777777777777777,78.72480200603604,0.875,0.7,0.7777777777777777,0.7254901960784313,0.6166666666666667,0.6666666666666666,40.351898001972586,0.78,0.65,0.709090909090909,24.22038104850799,0.875,0.7,0.7777777777777777,32.32815198134631,0.6909090909090909,0.6333333333333333,0.6608695652173913,30.728387006092817
0000327_00401_d_0000713.jpg,64,YOLOv13-X,YOLOv13-X,1,0.8297872340425532,0.609375,0.7027027027027027,58.65215801168233,0.8297872340425532,0.609375,0.7027027027027027,0.7209302325581395,0.484375,0.5794392523364486,34.094778005965054,0.7272727272727273,0.5,0.5925925925925926,15.73252200614661,0.782608695652174,0.5625,0.6545454545454547,65.34381699748337,0.8297872340425532,0.609375,0.7027027027027027,59.262057999148965
0000327_00601_d_0000714.jpg,84,YOLOv13-L,YOLOv13-L,1,0.7027027027027027,0.6190476190476191,0.6582278481012659,44.732688984368,0.7027027027027027,0.6190476190476191,0.6582278481012659,0.7,0.5,0.5833333333333334,21.897338039707392,0.734375,0.5595238095238095,0.6351351351351351,30.655255017336458,0.7027027027027027,0.6190476190476191,0.6582278481012659,35.144638968631625,0.6891891891891891,0.6071428571428571,0.6455696202531644,52.846280043013394
0000327_00801_d_0000715.jpg,84,YOLOv13-X,YOLOv13-X,1,0.8354430379746836,0.7857142857142857,0.8098159509202455,72.28867401136085,0.8354430379746836,0.7857142857142857,0.8098159509202455,0.717948717948718,0.6666666666666666,0.691358024691358,30.903303006198257,0.8108108108108109,0.7142857142857143,0.759493670886076,40.9619269776158,0.8076923076923077,0.75,0.7777777777777779,48.46430796897039,0.8354430379746836,0.7857142857142857,0.8098159509202455,30.275656026788056
0000327_01001_d_0000716.jpg,83,YOLOv13-L,YOLOv13-X,0,0.8059701492537313,0.6506024096385542,0.7200000000000001,78.93353200051934,0.8235294117647058,0.6746987951807228,0.7417218543046358,0.7164179104477612,0.5783132530120482,0.64,40.674862975720316,0.8307692307692308,0.6506024096385542,0.7297297297297298,19.513367966283113,0.8059701492537313,0.6506024096385542,0.7200000000000001,31.462637009099126,0.8235294117647058,0.6746987951807228,0.7417218543046358,30.44710896210745
0000327_01201_d_0000717.jpg,69,YOLOv13-L,YOLOv13-X,0,0.7419354838709677,0.6666666666666666,0.7022900763358778,64.93528903229162,0.765625,0.7101449275362319,0.736842105263158,0.75,0.6521739130434783,0.6976744186046512,25.8178660296835,0.6825396825396826,0.6231884057971014,0.6515151515151516,41.45511001115665,0.7419354838709677,0.6666666666666666,0.7022900763358778,26.50087501388043,0.765625,0.7101449275362319,0.736842105263158,49.630366964265704
0000327_01401_d_0000718.jpg,93,YOLOv13-X,YOLOv13-X,1,0.8245614035087719,0.5053763440860215,0.6266666666666667,67.43973703123629,0.8245614035087719,0.5053763440860215,0.6266666666666667,0.7924528301886793,0.45161290322580644,0.5753424657534246,34.08068703720346,0.7818181818181819,0.46236559139784944,0.5810810810810811,20.586528000421822,0.7931034482758621,0.4946236559139785,0.609271523178808,32.83953497884795,0.8245614035087719,0.5053763440860215,0.6266666666666667,29.995609016623348
0000327_01801_d_0000720.jpg,62,YOLOv13-X,YOLOv13-L,0,0.7872340425531915,0.5967741935483871,0.6788990825688074,50.43912696419284,0.78,0.6290322580645161,0.6964285714285714,0.6304347826086957,0.46774193548387094,0.5370370370370371,22.319348994642496,0.717391304347826,0.532258064516129,0.6111111111111109,38.3617400075309,0.78,0.6290322580645161,0.6964285714285714,50.31866498757154,0.7872340425531915,0.5967741935483871,0.6788990825688074,24.40509997541085
0000327_02601_d_0000724.jpg,57,YOLOv13-X,YOLOv13-X,1,0.7450980392156863,0.6666666666666666,0.7037037037037038,70.07184106623754,0.7450980392156863,0.6666666666666666,0.7037037037037038,0.5238095238095238,0.38596491228070173,0.4444444444444444,42.91939304675907,0.6415094339622641,0.5964912280701754,0.6181818181818182,15.289634000509977,0.72,0.631578947368421,0.6728971962616822,30.68699297728017,0.7450980392156863,0.6666666666666666,0.7037037037037038,48.53180900681764
0000327_02801_d_0000725.jpg,73,YOLOv13-X,YOLOv13-L,0,0.9183673469387755,0.6164383561643836,0.7377049180327868,40.731168002821505,0.9090909090909091,0.684931506849315,0.78125,0.7959183673469388,0.5342465753424658,0.6393442622950819,19.777853973209858,0.8333333333333334,0.547945205479452,0.6611570247933883,26.031415967736393,0.9090909090909091,0.684931506849315,0.78125,58.09575197054073,0.9183673469387755,0.6164383561643836,0.7377049180327868,29.859568981919438
0000327_03001_d_0000726.jpg,75,YOLOv13-X,YOLOv13-X,1,0.8837209302325582,0.5066666666666667,0.6440677966101697,65.63775101676583,0.8837209302325582,0.5066666666666667,0.6440677966101697,0.8048780487804879,0.44,0.5689655172413793,32.082441030070186,0.8421052631578947,0.4266666666666667,0.5663716814159292,41.14286997355521,0.8636363636363636,0.5066666666666667,0.638655462184874,54.46602200390771,0.8837209302325582,0.5066666666666667,0.6440677966101697,32.026298984419554
0000327_03201_d_0000727.jpg,110,YOLOv13-X,YOLOv13-L,0,0.6571428571428571,0.20909090909090908,0.3172413793103448,58.41950298054144,0.6486486486486487,0.21818181818181817,0.326530612244898,0.4838709677419355,0.13636363636363635,0.2127659574468085,20.99113800795749,0.6,0.19090909090909092,0.2896551724137931,20.8495159749873,0.6486486486486487,0.21818181818181817,0.326530612244898,31.538124021608382,0.6571428571428571,0.20909090909090908,0.3172413793103448,29.742343991529197
0000327_03401_d_0000728.jpg,75,YOLOv13-X,YOLOv13-X,1,0.7142857142857143,0.4666666666666667,0.5645161290322581,60.90627395315096,0.7142857142857143,0.4666666666666667,0.5645161290322581,0.6666666666666666,0.26666666666666666,0.3809523809523809,32.99343696562573,0.6666666666666666,0.32,0.43243243243243246,18.075703992508352,0.725,0.38666666666666666,0.5043478260869565,36.548336036503315,0.7142857142857143,0.4666666666666667,0.5645161290322581,41.74749203957617
0000327_03601_d_0000729.jpg,60,YOLOv13-X,YOLOv13-X,1,0.75,0.65,0.6964285714285715,46.83891701279208,0.75,0.65,0.6964285714285715,0.7777777777777778,0.4666666666666667,0.5833333333333334,16.948295990005136,0.7391304347826086,0.5666666666666667,0.6415094339622641,16.87312900321558,0.7090909090909091,0.65,0.6782608695652174,49.56411098828539,0.75,0.65,0.6964285714285715,53.914408024866134
0000327_03801_d_0000730.jpg,103,YOLOv13-X,YOLOv13-X,1,0.84,0.6116504854368932,0.7078651685393258,82.5698550324887,0.84,0.6116504854368932,0.7078651685393258,0.7049180327868853,0.4174757281553398,0.524390243902439,39.50067301047966,0.7464788732394366,0.5145631067961165,0.6091954022988505,22.665461990982294,0.759493670886076,0.5825242718446602,0.6593406593406593,32.49490796588361,0.84,0.6116504854368932,0.7078651685393258,56.12708302214742
0000327_04001_d_0000731.jpg,136,YOLOv13-X,YOLOv13-X,1,0.7808219178082192,0.41911764705882354,0.5454545454545455,56.95158499293029,0.7808219178082192,0.41911764705882354,0.5454545454545455,0.6774193548387096,0.3088235294117647,0.42424242424242425,30.937579984311014,0.7903225806451613,0.3602941176470588,0.4949494949494949,41.01401899242774,0.72,0.39705882352941174,0.5118483412322274,38.03945903200656,0.7808219178082192,0.41911764705882354,0.5454545454545455,33.058877976145595
0000327_04201_d_0000732.jpg,110,YOLOv13-X,YOLOv13-X,1,0.7710843373493976,0.5818181818181818,0.6632124352331606,47.49064100906253,0.7710843373493976,0.5818181818181818,0.6632124352331606,0.6428571428571429,0.4090909090909091,0.5000000000000001,21.09426399692893,0.6666666666666666,0.4727272727272727,0.553191489361702,39.163684006780386,0.6818181818181818,0.5454545454545454,0.6060606060606061,32.30654000071809,0.7710843373493976,0.5818181818181818,0.6632124352331606,32.74309396510944
0000330_00001_d_0000800.jpg,80,YOLOv13-X,YOLOv13-X,1,0.8709677419354839,0.675,0.7605633802816901,65.88959094369784,0.8709677419354839,0.675,0.7605633802816901,0.8125,0.4875,0.6093749999999999,21.347472968045622,0.7627118644067796,0.5625,0.6474820143884892,20.227373985107988,0.7936507936507936,0.625,0.6993006993006993,24.310183944180608,0.8709677419354839,0.675,0.7605633802816901,45.200021006166935
0000330_00201_d_0000801.jpg,130,YOLOv13-X,YOLOv13-X,1,0.6779661016949152,0.3076923076923077,0.4232804232804233,66.37289898935705,0.6779661016949152,0.3076923076923077,0.4232804232804233,0.5740740740740741,0.23846153846153847,0.33695652173913043,35.41478101396933,0.631578947368421,0.27692307692307694,0.3850267379679144,42.084200016688555,0.6307692307692307,0.3153846153846154,0.4205128205128205,40.44661100488156,0.6779661016949152,0.3076923076923077,0.4232804232804233,43.40386501280591
0000330_00401_d_0000802.jpg,112,YOLOv13-L,YOLOv13-X,0,0.7538461538461538,0.4375,0.5536723163841808,61.91693898290396,0.7910447761194029,0.4732142857142857,0.5921787709497206,0.8444444444444444,0.3392857142857143,0.48407643312101917,21.116274991072714,0.7719298245614035,0.39285714285714285,0.5207100591715976,17.434940033126622,0.7538461538461538,0.4375,0.5536723163841808,64.59207501029596,0.7910447761194029,0.4732142857142857,0.5921787709497206,38.54168899124488
0000330_00601_d_0000803.jpg,94,YOLOv13-X,YOLOv13-X,1,0.7833333333333333,0.5,0.6103896103896105,64.92147804237902,0.7833333333333333,0.5,0.6103896103896105,0.7115384615384616,0.39361702127659576,0.5068493150684932,21.749790001194924,0.7924528301886793,0.44680851063829785,0.5714285714285714,41.52288002660498,0.7894736842105263,0.4787234042553192,0.5960264900662251,51.79950897581875,0.7833333333333333,0.5,0.6103896103896105,32.80586801702157
0000330_00801_d_0000804.jpg,93,YOLOv13-X,YOLOv13-L,0,0.7611940298507462,0.5483870967741935,0.6375,56.132736906874925,0.7571428571428571,0.5698924731182796,0.6503067484662578,0.7101449275362319,0.5268817204301075,0.6049382716049383,20.359833957627416,0.7285714285714285,0.5483870967741935,0.6257668711656441,21.151644992642105,0.7571428571428571,0.5698924731182796,0.6503067484662578,39.50347501086071,0.7611940298507462,0.5483870967741935,0.6375,56.32553104078397
0000330_01001_d_0000805.jpg,93,YOLOv13-X,YOLOv13-L,0,0.7833333333333333,0.5053763440860215,0.6143790849673203,52.01539903646335,0.7777777777777778,0.5268817204301075,0.6282051282051282,0.6842105263157895,0.41935483870967744,0.5200000000000001,23.66691001225263,0.6833333333333333,0.44086021505376344,0.5359477124183006,30.666064005345106,0.7777777777777778,0.5268817204301075,0.6282051282051282,30.60652397107333,0.7833333333333333,0.5053763440860215,0.6143790849673203,34.298254002351314
0000330_01201_d_0000806.jpg,110,YOLOv13-X,YOLOv13-X,1,0.8307692307692308,0.4909090909090909,0.6171428571428572,82.34515500953421,0.8307692307692308,0.4909090909090909,0.6171428571428572,0.7407407407407407,0.36363636363636365,0.48780487804878053,37.2645549941808,0.8823529411764706,0.4090909090909091,0.5590062111801242,21.39215002534911,0.8153846153846154,0.4818181818181818,0.6057142857142858,62.703106028493494,0.8307692307692308,0.4909090909090909,0.6171428571428572,41.581756027881056
0000330_01401_d_0000807.jpg,161,YOLOv13-X,YOLOv13-L,0,0.822429906542056,0.546583850931677,0.6567164179104478,65.3696579975076,0.8256880733944955,0.5590062111801242,0.6666666666666667,0.8,0.4472049689440994,0.5737051792828686,21.353273012209684,0.78,0.484472049689441,0.5977011494252874,21.67320396983996,0.8256880733944955,0.5590062111801242,0.6666666666666667,54.1154490201734,0.822429906542056,0.546583850931677,0.6567164179104478,40.077176003251225
0000330_01601_d_0000808.jpg,99,YOLOv13-X,YOLOv13-X,1,0.873015873015873,0.5555555555555556,0.6790123456790124,45.24508799659088,0.873015873015873,0.5555555555555556,0.6790123456790124,0.75,0.45454545454545453,0.5660377358490566,19.53922602115199,0.7741935483870968,0.48484848484848486,0.5962732919254659,15.514098049607128,0.8115942028985508,0.5656565656565656,0.6666666666666666,61.146727995947,0.873015873015873,0.5555555555555556,0.6790123456790124,57.23731900798157
0000330_01801_d_0000809.jpg,64,YOLOv13-X,YOLOv13-X,1,0.8275862068965517,0.75,0.7868852459016394,53.242307039909065,0.8275862068965517,0.75,0.7868852459016394,0.782608695652174,0.5625,0.6545454545454547,19.78640299057588,0.8125,0.609375,0.6964285714285714,16.16331603145227,0.7288135593220338,0.671875,0.6991869918699187,40.79401696799323,0.8275862068965517,0.75,0.7868852459016394,26.407480996567756
0000330_02001_d_0000810.jpg,57,YOLOv13-L,YOLOv13-X,0,0.8333333333333334,0.6140350877192983,0.7070707070707071,45.48853501910344,0.8333333333333334,0.7017543859649122,0.7619047619047619,0.8409090909090909,0.6491228070175439,0.7326732673267327,19.71700700232759,0.7777777777777778,0.6140350877192983,0.6862745098039216,37.41779603296891,0.8333333333333334,0.6140350877192983,0.7070707070707071,23.463735997211188,0.8333333333333334,0.7017543859649122,0.7619047619047619,32.67808601958677
0000330_02201_d_0000811.jpg,44,YOLOv13-X,YOLOv13-L,0,0.7073170731707317,0.6590909090909091,0.6823529411764706,47.52304597059265,0.7368421052631579,0.6363636363636364,0.6829268292682926,0.7105263157894737,0.6136363636363636,0.6585365853658537,20.693539991043508,0.7272727272727273,0.5454545454545454,0.6233766233766234,19.445694983005524,0.7368421052631579,0.6363636363636364,0.6829268292682926,41.48661199724302,0.7073170731707317,0.6590909090909091,0.6823529411764706,48.303680028766394
0000330_02801_d_0000814.jpg,45,YOLOv13-X,YOLOv13-X,1,0.7551020408163265,0.8222222222222222,0.7872340425531914,59.58406097488478,0.7551020408163265,0.8222222222222222,0.7872340425531914,0.6585365853658537,0.6,0.627906976744186,16.893412976060063,0.7857142857142857,0.7333333333333333,0.7586206896551724,20.510220958385617,0.673469387755102,0.7333333333333333,0.702127659574468,27.18300704145804,0.7551020408163265,0.8222222222222222,0.7872340425531914,33.14459201646969
0000330_03001_d_0000815.jpg,45,YOLOv13-X,YOLOv13-X,1,0.8333333333333334,0.7777777777777778,0.8045977011494253,62.090402003377676,0.8333333333333334,0.7777777777777778,0.8045977011494253,0.7435897435897436,0.6444444444444445,0.6904761904761906,38.38180500315502,0.8611111111111112,0.6888888888888889,0.7654320987654321,21.146241982933134,0.7727272727272727,0.7555555555555555,0.7640449438202247,27.36801200080663,0.8333333333333334,0.7777777777777778,0.8045977011494253,37.29525802191347
0000330_03201_d_0000816.jpg,69,YOLOv13-L,YOLOv13-S,0,0.6756756756756757,0.7246376811594203,0.6993006993006994,51.9777029985562,0.7868852459016393,0.6956521739130435,0.7384615384615385,0.8,0.5797101449275363,0.6722689075630253,15.579782018903643,0.7868852459016393,0.6956521739130435,0.7384615384615385,21.190487954299897,0.6756756756756757,0.7246376811594203,0.6993006993006994,35.526563005987555,0.7,0.7101449275362319,0.7050359712230215,34.97533104382455
0000330_04001_d_0000820.jpg,38,YOLOv13-L,YOLOv13-L,1,0.7948717948717948,0.8157894736842105,0.8051948051948051,54.5531659736298,0.7948717948717948,0.8157894736842105,0.8051948051948051,0.7073170731707317,0.7631578947368421,0.7341772151898733,20.68513596896082,0.7435897435897436,0.7631578947368421,0.7532467532467534,40.48160900129005,0.7948717948717948,0.8157894736842105,0.8051948051948051,40.51931097637862,0.7894736842105263,0.7894736842105263,0.7894736842105263,26.696755026932806
0000330_04201_d_0000821.jpg,162,YOLOv13-X,YOLOv13-X,1,0.7798165137614679,0.5246913580246914,0.6273062730627306,58.58053400879726,0.7798165137614679,0.5246913580246914,0.6273062730627306,0.6413043478260869,0.36419753086419754,0.4645669291338582,20.716777013149112,0.7727272727272727,0.41975308641975306,0.544,25.702273997012526,0.7226890756302521,0.5308641975308642,0.6120996441281139,32.49949699966237,0.7798165137614679,0.5246913580246914,0.6273062730627306,32.41688996786252
0000330_04401_d_0000822.jpg,38,YOLOv13-L,YOLOv13-L,1,0.7419354838709677,0.6052631578947368,0.6666666666666666,51.38786003226414,0.7419354838709677,0.6052631578947368,0.6666666666666666,0.5862068965517241,0.4473684210526316,0.5074626865671642,21.065273031126708,0.6774193548387096,0.5526315789473685,0.6086956521739131,19.103818980511278,0.7419354838709677,0.6052631578947368,0.6666666666666666,32.216195948421955,0.696969696969697,0.6052631578947368,0.6478873239436619,31.05158597463742
0000330_04601_d_0000823.jpg,62,YOLOv13-X,YOLOv13-L,0,0.7111111111111111,0.5161290322580645,0.5981308411214953,65.51068596309051,0.75,0.5806451612903226,0.6545454545454547,0.7777777777777778,0.45161290322580644,0.5714285714285714,21.10333100426942,0.7441860465116279,0.5161290322580645,0.6095238095238095,21.37173799565062,0.75,0.5806451612903226,0.6545454545454547,55.355029995553195,0.7111111111111111,0.5161290322580645,0.5981308411214953,36.07876296155155
0000333_00001_d_0000001.jpg,68,YOLOv13-L,YOLOv13-X,0,0.5757575757575758,0.5588235294117647,0.5671641791044776,64.32070699520409,0.640625,0.6029411764705882,0.6212121212121211,0.6078431372549019,0.45588235294117646,0.5210084033613445,21.30649099126458,0.6206896551724138,0.5294117647058824,0.5714285714285715,22.790668008383363,0.5757575757575758,0.5588235294117647,0.5671641791044776,31.9737900281325,0.640625,0.6029411764705882,0.6212121212121211,30.48702300293371
0000333_01765_d_0000010.jpg,120,YOLOv13-L,YOLOv13-X,0,0.8333333333333334,0.4583333333333333,0.5913978494623655,56.04762805160135,0.9166666666666666,0.4583333333333333,0.611111111111111,0.8518518518518519,0.38333333333333336,0.5287356321839081,20.805194042623043,0.8688524590163934,0.44166666666666665,0.585635359116022,22.75260805618018,0.8333333333333334,0.4583333333333333,0.5913978494623655,38.277589017525315,0.9166666666666666,0.4583333333333333,0.611111111111111,60.39714301005006
0000333_01961_d_0000011.jpg,65,YOLOv13-L,YOLOv13-X,0,0.8867924528301887,0.7230769230769231,0.7966101694915254,66.00246904417872,0.9245283018867925,0.7538461538461538,0.8305084745762712,0.8958333333333334,0.6615384615384615,0.7610619469026548,38.02331903716549,0.8363636363636363,0.7076923076923077,0.7666666666666666,19.33309098239988,0.8867924528301887,0.7230769230769231,0.7966101694915254,62.11355997947976,0.9245283018867925,0.7538461538461538,0.8305084745762712,45.47931102570146
0000333_02157_d_0000012.jpg,67,YOLOv13-L,YOLOv13-X,0,0.8888888888888888,0.7164179104477612,0.793388429752066,60.35302497912198,0.8928571428571429,0.746268656716418,0.8130081300813009,0.851063829787234,0.5970149253731343,0.7017543859649124,35.085192997939885,0.8627450980392157,0.6567164179104478,0.7457627118644067,32.0905779954046,0.8888888888888888,0.7164179104477612,0.793388429752066,54.868694045580924,0.8928571428571429,0.746268656716418,0.8130081300813009,34.69753998797387
0000333_02353_d_0000013.jpg,70,YOLOv13-L,YOLOv13-L,1,0.9534883720930233,0.5857142857142857,0.7256637168141594,62.552522984333336,0.9534883720930233,0.5857142857142857,0.7256637168141594,0.9024390243902439,0.5285714285714286,0.6666666666666666,20.95406298758462,0.9047619047619048,0.5428571428571428,0.6785714285714285,42.158811003901064,0.9534883720930233,0.5857142857142857,0.7256637168141594,51.40396300703287,0.975609756097561,0.5714285714285714,0.7207207207207207,60.04699302138761
0000333_02549_d_0000014.jpg,91,YOLOv13-L,YOLOv13-L,1,0.82,0.45054945054945056,0.5815602836879432,66.01900199893862,0.82,0.45054945054945056,0.5815602836879432,0.7291666666666666,0.38461538461538464,0.5035971223021583,37.56189800333232,0.7708333333333334,0.4065934065934066,0.5323741007194245,18.017594993580133,0.82,0.45054945054945056,0.5815602836879432,64.96976799098775,0.7169811320754716,0.4175824175824176,0.5277777777777778,39.41559401573613
0000333_02745_d_0000015.jpg,52,YOLOv13-L,YOLOv13-X,0,0.8823529411764706,0.5769230769230769,0.6976744186046512,67.92992103146389,0.8421052631578947,0.6153846153846154,0.7111111111111111,0.8235294117647058,0.5384615384615384,0.6511627906976744,36.904977983795106,0.8529411764705882,0.5576923076923077,0.6744186046511628,29.045947012491524,0.8823529411764706,0.5769230769230769,0.6976744186046512,23.3466750360094,0.8421052631578947,0.6153846153846154,0.7111111111111111,52.131798991467804
0000333_02941_d_0000016.jpg,44,YOLOv13-L,YOLOv13-S,0,0.8666666666666667,0.5909090909090909,0.7027027027027029,60.56018703384325,0.8666666666666667,0.5909090909090909,0.7027027027027029,0.8571428571428571,0.5454545454545454,0.6666666666666665,35.11251899180934,0.8666666666666667,0.5909090909090909,0.7027027027027029,15.372293011751026,0.8666666666666667,0.5909090909090909,0.7027027027027029,35.18091997830197,0.7878787878787878,0.5909090909090909,0.6753246753246752,27.20838296227157
0000333_03137_d_0000017.jpg,39,YOLOv13-L,YOLOv13-S,0,0.7777777777777778,0.5384615384615384,0.6363636363636364,51.65089893853292,0.84,0.5384615384615384,0.6562499999999999,0.7692307692307693,0.5128205128205128,0.6153846153846154,20.5146039952524,0.84,0.5384615384615384,0.6562499999999999,22.055174980778247,0.7777777777777778,0.5384615384615384,0.6363636363636364,32.763175026047975,0.84,0.5384615384615384,0.6562499999999999,32.41040895227343
0000333_03333_d_0000018.jpg,62,YOLOv13-L,YOLOv13-L,1,0.9038461538461539,0.7580645161290323,0.8245614035087719,60.977126006037,0.9038461538461539,0.7580645161290323,0.8245614035087719,0.7818181818181819,0.6935483870967742,0.7350427350427351,26.823549007531255,0.8461538461538461,0.7096774193548387,0.7719298245614036,17.480003007221967,0.9038461538461539,0.7580645161290323,0.8245614035087719,32.27716503897682,0.8846153846153846,0.7419354838709677,0.8070175438596492,50.446090986952186
0000333_03529_d_0000019.jpg,95,YOLOv13-L,YOLOv13-X,0,0.7391304347826086,0.5368421052631579,0.6219512195121951,65.44182100333273,0.7910447761194029,0.5578947368421052,0.654320987654321,0.7758620689655172,0.47368421052631576,0.588235294117647,21.828513010405004,0.7419354838709677,0.4842105263157895,0.5859872611464969,13.997961999848485,0.7391304347826086,0.5368421052631579,0.6219512195121951,34.50088296085596,0.7910447761194029,0.5578947368421052,0.654320987654321,60.254867014009506
0000333_03725_d_0000020.jpg,83,YOLOv13-L,YOLOv13-L,1,0.75,0.5783132530120482,0.6530612244897958,63.21276898961514,0.75,0.5783132530120482,0.6530612244897958,0.6984126984126984,0.5301204819277109,0.6027397260273972,30.800345994066447,0.7413793103448276,0.5180722891566265,0.6099290780141845,23.16303999396041,0.75,0.5783132530120482,0.6530612244897958,33.22622098494321,0.7301587301587301,0.5542168674698795,0.6301369863013699,60.508316033519804
0000335_00001_d_0000043.jpg,41,YOLOv13-L,YOLOv13-X,0,0.8,0.6829268292682927,0.736842105263158,64.95806499151513,0.9375,0.7317073170731707,0.821917808219178,0.8333333333333334,0.6097560975609756,0.7042253521126761,38.1909980205819,0.8787878787878788,0.7073170731707317,0.7837837837837839,16.77168399328366,0.8,0.6829268292682927,0.736842105263158,30.731576960533857,0.9375,0.7317073170731707,0.821917808219178,28.456391009967774
0000335_00197_d_0000044.jpg,37,YOLOv13-X,YOLOv13-X,1,0.7142857142857143,0.5405405405405406,0.6153846153846154,57.12225998286158,0.7142857142857143,0.5405405405405406,0.6153846153846154,0.76,0.5135135135135135,0.6129032258064517,19.86213499912992,0.7037037037037037,0.5135135135135135,0.59375,26.7264400026761,0.5588235294117647,0.5135135135135135,0.5352112676056339,22.630186984315515,0.7142857142857143,0.5405405405405406,0.6153846153846154,49.29587303195149
0000335_00393_d_0000045.jpg,34,YOLOv13-L,YOLOv13-X,0,0.71875,0.6764705882352942,0.696969696969697,57.22937500104308,0.8,0.7058823529411765,0.7500000000000001,0.6923076923076923,0.5294117647058824,0.5999999999999999,28.43144698999822,0.7692307692307693,0.5882352941176471,0.6666666666666667,39.775884011760354,0.71875,0.6764705882352942,0.696969696969697,53.93785302294418,0.8,0.7058823529411765,0.7500000000000001,31.36749000987038
0000335_00589_d_0000046.jpg,21,YOLOv13-L,YOLOv13-X,0,0.9,0.8571428571428571,0.8780487804878048,52.94687103014439,0.9047619047619048,0.9047619047619048,0.9047619047619048,0.8421052631578947,0.7619047619047619,0.8,20.393992017488927,0.75,0.7142857142857143,0.7317073170731706,41.904926009010524,0.9,0.8571428571428571,0.8780487804878048,55.36767700687051,0.9047619047619048,0.9047619047619048,0.9047619047619048,31.725352979265153
0000335_00785_d_0000047.jpg,34,YOLOv13-L,YOLOv13-X,0,0.8148148148148148,0.6470588235294118,0.7213114754098361,70.66714600659907,0.875,0.6176470588235294,0.7241379310344829,0.7307692307692307,0.5588235294117647,0.6333333333333334,39.66867801500484,0.7777777777777778,0.6176470588235294,0.6885245901639345,29.176951036788523,0.8148148148148148,0.6470588235294118,0.7213114754098361,55.858030973467976,0.875,0.6176470588235294,0.7241379310344829,34.84890697291121
0000335_00981_d_0000048.jpg,78,YOLOv13-X,YOLOv13-X,1,0.8125,0.3333333333333333,0.4727272727272727,54.219936951994896,0.8125,0.3333333333333333,0.4727272727272727,0.8636363636363636,0.24358974358974358,0.38000000000000006,20.467337977606803,0.8148148148148148,0.28205128205128205,0.41904761904761906,35.92297399882227,0.8571428571428571,0.3076923076923077,0.45283018867924535,52.10160103160888,0.8125,0.3333333333333333,0.4727272727272727,27.241920004598796
0000335_01765_d_0000052.jpg,61,YOLOv13-X,YOLOv13-X,1,0.8936170212765957,0.6885245901639344,0.7777777777777777,62.473004043567926,0.8936170212765957,0.6885245901639344,0.7777777777777777,0.8048780487804879,0.5409836065573771,0.6470588235294118,38.37168903555721,0.8604651162790697,0.6065573770491803,0.7115384615384615,26.706885953899473,0.8163265306122449,0.6557377049180327,0.7272727272727273,30.796019011177123,0.8936170212765957,0.6885245901639344,0.7777777777777777,32.47523098252714
0000335_01961_d_0000053.jpg,69,YOLOv13-X,YOLOv13-L,0,0.875,0.6086956521739131,0.717948717948718,80.39596502203494,0.8823529411764706,0.6521739130434783,0.75,0.8378378378378378,0.4492753623188406,0.5849056603773585,41.8256190023385,0.8541666666666666,0.5942028985507246,0.7008547008547009,35.13510501943529,0.8823529411764706,0.6521739130434783,0.75,63.86608898174018,0.875,0.6086956521739131,0.717948717948718,33.21980097098276
0000335_02353_d_0000055.jpg,82,YOLOv13-X,YOLOv13-X,1,0.8823529411764706,0.5487804878048781,0.6766917293233083,91.0379349370487,0.8823529411764706,0.5487804878048781,0.6766917293233083,0.8,0.3902439024390244,0.5245901639344263,41.06844397028908,0.8461538461538461,0.4024390243902439,0.5454545454545454,41.510591050609946,0.803921568627451,0.5,0.6165413533834586,20.23753896355629,0.8823529411764706,0.5487804878048781,0.6766917293233083,54.88140304805711
0000335_02549_d_0000056.jpg,87,YOLOv13-X,YOLOv13-X,1,0.8695652173913043,0.45977011494252873,0.6015037593984962,52.22567298915237,0.8695652173913043,0.45977011494252873,0.6015037593984962,0.7954545454545454,0.40229885057471265,0.5343511450381679,25.226917990949005,0.851063829787234,0.45977011494252873,0.5970149253731344,19.718626979738474,0.82,0.47126436781609193,0.5985401459854015,30.774974962696433,0.8695652173913043,0.45977011494252873,0.6015037593984962,42.915075027849525
0000335_02745_d_0000057.jpg,99,YOLOv13-X,YOLOv13-X,1,0.8771929824561403,0.5050505050505051,0.641025641025641,75.8311259560287,0.8771929824561403,0.5050505050505051,0.641025641025641,0.7924528301886793,0.42424242424242425,0.5526315789473685,41.60421498818323,0.8363636363636363,0.46464646464646464,0.5974025974025974,21.252334001474082,0.875,0.494949494949495,0.6322580645161291,31.306563003454357,0.8771929824561403,0.5050505050505051,0.641025641025641,50.45364599209279
0000335_03137_d_0000059.jpg,103,YOLOv13-X,YOLOv13-L,0,0.8823529411764706,0.4368932038834951,0.5844155844155844,46.14989005494863,0.8679245283018868,0.44660194174757284,0.5897435897435898,0.7037037037037037,0.36893203883495146,0.48407643312101906,16.026372031774372,0.8,0.42718446601941745,0.5569620253164557,14.565329998731613,0.8679245283018868,0.44660194174757284,0.5897435897435898,33.1806669710204,0.8823529411764706,0.4368932038834951,0.5844155844155844,26.71799302333966
0000335_03333_d_0000060.jpg,40,YOLOv13-L,YOLOv13-X,0,0.8292682926829268,0.85,0.8395061728395061,51.27777101006359,0.868421052631579,0.825,0.8461538461538461,0.7567567567567568,0.7,0.7272727272727273,17.365644976962358,0.7560975609756098,0.775,0.7654320987654322,14.593147032428533,0.8292682926829268,0.85,0.8395061728395061,29.097342980094254,0.868421052631579,0.825,0.8461538461538461,55.33465702319518
0000335_03725_d_0000062.jpg,27,YOLOv13-L,YOLOv13-L,1,0.88,0.8148148148148148,0.8461538461538461,55.02191203413531,0.88,0.8148148148148148,0.8461538461538461,0.875,0.7777777777777778,0.823529411764706,19.081615027971566,0.8461538461538461,0.8148148148148148,0.830188679245283,20.061396004166454,0.88,0.8148148148148148,0.8461538461538461,35.77934397617355,0.8461538461538461,0.8148148148148148,0.830188679245283,32.29149500839412
0000335_03921_d_0000063.jpg,44,YOLOv13-L,YOLOv13-L,1,0.9047619047619048,0.8636363636363636,0.8837209302325582,60.95905799884349,0.9047619047619048,0.8636363636363636,0.8837209302325582,0.8717948717948718,0.7727272727272727,0.8192771084337349,21.61380200413987,0.8571428571428571,0.8181818181818182,0.8372093023255814,18.938863999210298,0.9047619047619048,0.8636363636363636,0.8837209302325582,51.842329965438694,0.9,0.8181818181818182,0.8571428571428572,36.79092798847705
0000335_04117_d_0000064.jpg,28,YOLOv13-L,YOLOv13-X,0,0.8666666666666667,0.9285714285714286,0.896551724137931,52.5870620040223,0.896551724137931,0.9285714285714286,0.912280701754386,0.8846153846153846,0.8214285714285714,0.8518518518518519,21.362480998504907,0.8571428571428571,0.8571428571428571,0.8571428571428571,13.949085958302021,0.8666666666666667,0.9285714285714286,0.896551724137931,57.39947402616963,0.896551724137931,0.9285714285714286,0.912280701754386,31.136097968555987
0000335_04313_d_0000065.jpg,38,YOLOv13-L,YOLOv13-X,0,0.8888888888888888,0.8421052631578947,0.8648648648648649,46.280416019726545,0.9142857142857143,0.8421052631578947,0.8767123287671234,0.8787878787878788,0.7631578947368421,0.8169014084507042,20.980507018975914,0.8823529411764706,0.7894736842105263,0.8333333333333333,20.696622028481215,0.8888888888888888,0.8421052631578947,0.8648648648648649,32.759180990979075,0.9142857142857143,0.8421052631578947,0.8767123287671234,31.77586803212762
0000335_05097_d_0000069.jpg,20,YOLOv13-L,YOLOv13-S,0,0.7647058823529411,0.65,0.7027027027027027,65.19277999177575,0.8823529411764706,0.75,0.8108108108108107,0.8125,0.65,0.7222222222222223,21.102468017488718,0.8823529411764706,0.75,0.8108108108108107,20.333726017270237,0.7647058823529411,0.65,0.7027027027027027,33.380376000422984,0.7647058823529411,0.65,0.7027027027027027,33.32577698165551
0000335_05685_d_0000072.jpg,15,YOLOv13-S,YOLOv13-L,0,0.9285714285714286,0.8666666666666667,0.896551724137931,45.422666997183114,0.875,0.9333333333333333,0.9032258064516129,0.8666666666666667,0.8666666666666667,0.8666666666666667,20.517796045169234,0.9285714285714286,0.8666666666666667,0.896551724137931,20.63336403807625,0.875,0.9333333333333333,0.9032258064516129,49.96439005481079,0.8,0.8,0.8000000000000002,58.916246984153986
0000335_06469_d_0000076.jpg,8,YOLOv13-N,YOLOv13-X,0,0.8333333333333334,0.625,0.7142857142857143,41.790727991610765,0.8571428571428571,0.75,0.7999999999999999,0.8333333333333334,0.625,0.7142857142857143,41.790727991610765,0.6666666666666666,0.75,0.7058823529411765,31.459780992008746,0.75,0.75,0.75,20.494863972999156,0.8571428571428571,0.75,0.7999999999999999,29.713245981838554
0000335_06665_d_0000077.jpg,21,YOLOv13-L,YOLOv13-X,0,0.8181818181818182,0.8571428571428571,0.8372093023255814,71.1863290052861,1.0,0.9523809523809523,0.975609756097561,0.8421052631578947,0.7619047619047619,0.8,30.986052006483078,0.9047619047619048,0.9047619047619048,0.9047619047619048,24.54894402762875,0.8181818181818182,0.8571428571428571,0.8372093023255814,42.55604499485344,1.0,0.9523809523809523,0.975609756097561,39.59703404689208
0000335_06861_d_0000078.jpg,24,YOLOv13-L,YOLOv13-X,0,0.7692307692307693,0.8333333333333334,0.8,56.82407203130424,0.875,0.875,0.875,0.9090909090909091,0.8333333333333334,0.8695652173913043,18.601104035042226,0.9090909090909091,0.8333333333333334,0.8695652173913043,21.88320003915578,0.7692307692307693,0.8333333333333334,0.8,33.361451991368085,0.875,0.875,0.875,37.314263987354934
0000342_00393_d_0000244.jpg,133,YOLOv13-X,YOLOv13-X,1,0.8461538461538461,0.49624060150375937,0.6255924170616114,50.261466996744275,0.8461538461538461,0.49624060150375937,0.6255924170616114,0.6268656716417911,0.3157894736842105,0.42,21.142336016055197,0.7361111111111112,0.39849624060150374,0.5170731707317073,32.046081963926554,0.775,0.46616541353383456,0.5821596244131455,34.615379001479596,0.8461538461538461,0.49624060150375937,0.6255924170616114,48.03594696568325
0000345_07057_d_0000345.jpg,108,YOLOv13-L,YOLOv13-X,0,0.8,0.48148148148148145,0.6011560693641619,51.39729002257809,0.7971014492753623,0.5092592592592593,0.6214689265536724,0.6964285714285714,0.3611111111111111,0.47560975609756095,21.30834897980094,0.7627118644067796,0.4166666666666667,0.5389221556886227,13.605132990051061,0.8,0.48148148148148145,0.6011560693641619,43.40081801638007,0.7971014492753623,0.5092592592592593,0.6214689265536724,32.026575005147606
0000346_00001_d_0000346.jpg,82,YOLOv13-L,YOLOv13-L,1,0.7692307692307693,0.7317073170731707,0.7499999999999999,48.87021298054606,0.7692307692307693,0.7317073170731707,0.7499999999999999,0.7101449275362319,0.5975609756097561,0.6490066225165563,14.080280961934477,0.7571428571428571,0.6463414634146342,0.6973684210526315,14.119712985120714,0.7692307692307693,0.7317073170731707,0.7499999999999999,33.14697096357122,0.75,0.6951219512195121,0.721518987341772,30.848900030832738
0000346_01961_d_0000356.jpg,71,YOLOv13-L,YOLOv13-X,0,0.6440677966101694,0.5352112676056338,0.5846153846153846,62.11261299904436,0.6727272727272727,0.5211267605633803,0.5873015873015874,0.5714285714285714,0.4507042253521127,0.5039370078740156,19.973226997535676,0.6607142857142857,0.5211267605633803,0.5826771653543307,14.518924988806248,0.6440677966101694,0.5352112676056338,0.5846153846153846,52.546528982929885,0.6727272727272727,0.5211267605633803,0.5873015873015874,29.547279002144933
0000346_02549_d_0000359.jpg,59,YOLOv13-X,YOLOv13-X,1,0.7142857142857143,0.7627118644067796,0.7377049180327869,55.8853370603174,0.7142857142857143,0.7627118644067796,0.7377049180327869,0.6842105263157895,0.6610169491525424,0.6724137931034484,20.348368037957698,0.6363636363636364,0.711864406779661,0.672,41.577105002943426,0.6515151515151515,0.7288135593220338,0.688,39.6943090017885,0.7142857142857143,0.7627118644067796,0.7377049180327869,33.453149953857064
0000346_03921_d_0000366.jpg,50,YOLOv13-L,YOLOv13-X,0,0.6346153846153846,0.66,0.6470588235294118,57.23935202695429,0.6730769230769231,0.7,0.6862745098039216,0.6666666666666666,0.6,0.631578947368421,21.294838981702924,0.6976744186046512,0.6,0.6451612903225806,19.760794995818287,0.6346153846153846,0.66,0.6470588235294118,32.41366002475843,0.6730769230769231,0.7,0.6862745098039216,29.45495001040399
0000346_07057_d_0000382.jpg,87,YOLOv13-X,YOLOv13-X,1,0.8840579710144928,0.7011494252873564,0.782051282051282,54.1306939558126,0.8840579710144928,0.7011494252873564,0.782051282051282,0.6625,0.6091954022988506,0.6347305389221558,21.106475964188576,0.8309859154929577,0.6781609195402298,0.7468354430379747,24.548904970288277,0.8571428571428571,0.6896551724137931,0.7643312101910829,31.467855034861714,0.8840579710144928,0.7011494252873564,0.782051282051282,32.63003099709749
0000348_00589_d_0000409.jpg,34,YOLOv13-L,YOLOv13-L,1,0.6774193548387096,0.6176470588235294,0.6461538461538462,69.78241703473032,0.6774193548387096,0.6176470588235294,0.6461538461538462,0.64,0.47058823529411764,0.5423728813559322,37.143741035833955,0.6333333333333333,0.5588235294117647,0.59375,20.39955899817869,0.6774193548387096,0.6176470588235294,0.6461538461538462,29.406623041722924,0.6896551724137931,0.5882352941176471,0.6349206349206349,30.764925992116332
0000348_03333_d_0000423.jpg,15,YOLOv13-S,YOLOv13-X,0,0.7692307692307693,0.6666666666666666,0.7142857142857142,50.63797999173403,0.8125,0.8666666666666667,0.8387096774193549,0.9090909090909091,0.6666666666666666,0.7692307692307692,20.3029919648543,0.7692307692307693,0.6666666666666666,0.7142857142857142,25.638450984843075,0.7647058823529411,0.8666666666666667,0.8125,34.48482399107888,0.8125,0.8666666666666667,0.8387096774193549,31.380778003949672
0000356_00589_d_0000632.jpg,121,YOLOv13-X,YOLOv13-X,1,0.7920792079207921,0.6611570247933884,0.7207207207207208,50.42581900488585,0.7920792079207921,0.6611570247933884,0.7207207207207208,0.7432432432432432,0.45454545454545453,0.5641025641025641,19.83841398032382,0.7368421052631579,0.5785123966942148,0.6481481481481481,27.317757019773126,0.7821782178217822,0.6528925619834711,0.7117117117117117,39.600877033080906,0.7920792079207921,0.6611570247933884,0.7207207207207208,38.75609999522567
0000356_01177_d_0000635.jpg,88,YOLOv13-L,YOLOv13-X,0,0.7073170731707317,0.6590909090909091,0.6823529411764706,46.33815900888294,0.7564102564102564,0.6704545454545454,0.7108433734939757,0.7115384615384616,0.42045454545454547,0.5285714285714285,20.598281000275165,0.6811594202898551,0.5340909090909091,0.5987261146496815,19.494545995257795,0.7073170731707317,0.6590909090909091,0.6823529411764706,31.95529500953853,0.7564102564102564,0.6704545454545454,0.7108433734939757,31.340904999524355
0000356_01569_d_0000637.jpg,100,YOLOv13-X,YOLOv13-X,1,0.7424242424242424,0.49,0.5903614457831325,66.98675802908838,0.7424242424242424,0.49,0.5903614457831325,0.49206349206349204,0.31,0.38036809815950917,35.751660994719714,0.6142857142857143,0.43,0.5058823529411766,18.9779510255903,0.6153846153846154,0.4,0.4848484848484849,45.588828972540796,0.7424242424242424,0.49,0.5903614457831325,18.963034031912684
0000356_01765_d_0000638.jpg,84,YOLOv13-L,YOLOv13-X,0,0.7777777777777778,0.5833333333333334,0.6666666666666666,48.79227705532685,0.8032786885245902,0.5833333333333334,0.6758620689655173,0.8095238095238095,0.40476190476190477,0.5396825396825397,20.882296026684344,0.6666666666666666,0.5,0.5714285714285715,21.03926002746448,0.7777777777777778,0.5833333333333334,0.6666666666666666,32.48890198301524,0.8032786885245902,0.5833333333333334,0.6758620689655173,61.19877303717658
0000356_01961_d_0000639.jpg,111,YOLOv13-X,YOLOv13-L,0,0.6956521739130435,0.43243243243243246,0.5333333333333333,65.72851707460359,0.7230769230769231,0.42342342342342343,0.5340909090909091,0.6,0.32432432432432434,0.4210526315789474,34.867170033976436,0.5857142857142857,0.36936936936936937,0.4530386740331492,29.63726903544739,0.7230769230769231,0.42342342342342343,0.5340909090909091,31.082608038559556,0.6956521739130435,0.43243243243243246,0.5333333333333333,31.317100976593792
0000356_02157_d_0000640.jpg,54,YOLOv13-X,YOLOv13-X,1,0.6129032258064516,0.7037037037037037,0.6551724137931035,43.022129975724965,0.6129032258064516,0.7037037037037037,0.6551724137931035,0.4838709677419355,0.5555555555555556,0.5172413793103449,19.784664968028665,0.5423728813559322,0.5925925925925926,0.5663716814159292,18.923266034107655,0.5441176470588235,0.6851851851851852,0.6065573770491803,33.83402404142544,0.6129032258064516,0.7037037037037037,0.6551724137931035,47.55295399809256
0000356_02353_d_0000641.jpg,106,YOLOv13-X,YOLOv13-X,1,0.7571428571428571,0.5,0.6022727272727273,50.93286698684096,0.7571428571428571,0.5,0.6022727272727273,0.6101694915254238,0.33962264150943394,0.43636363636363634,21.345607994589955,0.6615384615384615,0.4056603773584906,0.5029239766081871,21.185827965382487,0.7142857142857143,0.4716981132075472,0.5681818181818181,32.37081499537453,0.7571428571428571,0.5,0.6022727272727273,34.30486097931862
0000356_02745_d_0000643.jpg,97,YOLOv13-X,YOLOv13-X,1,0.8088235294117647,0.5670103092783505,0.6666666666666666,77.87577999988571,0.8088235294117647,0.5670103092783505,0.6666666666666666,0.6756756756756757,0.25773195876288657,0.3731343283582089,35.41813598712906,0.54,0.27835051546391754,0.36734693877551017,29.25972902448848,0.7384615384615385,0.4948453608247423,0.5925925925925927,47.25200496613979,0.8088235294117647,0.5670103092783505,0.6666666666666666,42.54994698567316
0000356_02941_d_0000644.jpg,108,YOLOv13-X,YOLOv13-X,1,0.5,0.3333333333333333,0.4,42.34636900946498,0.5,0.3333333333333333,0.4,0.40540540540540543,0.1388888888888889,0.20689655172413796,19.55405401531607,0.4423076923076923,0.21296296296296297,0.2875,42.41157398791984,0.5079365079365079,0.2962962962962963,0.3742690058479532,59.96715999208391,0.5,0.3333333333333333,0.4,29.757587995845824
0000356_03333_d_0000646.jpg,80,YOLOv13-X,YOLOv13-X,1,0.7611940298507462,0.6375,0.6938775510204082,61.456438968889415,0.7611940298507462,0.6375,0.6938775510204082,0.7037037037037037,0.475,0.5671641791044776,32.43324998766184,0.6896551724137931,0.5,0.5797101449275363,28.270674985833466,0.639344262295082,0.4875,0.5531914893617021,31.53059701435268,0.7611940298507462,0.6375,0.6938775510204082,29.494625981897116
0000356_03529_d_0000647.jpg,81,YOLOv13-X,YOLOv13-X,1,0.7125,0.7037037037037037,0.7080745341614907,53.11303603230044,0.7125,0.7037037037037037,0.7080745341614907,0.5714285714285714,0.49382716049382713,0.5298013245033113,21.48305403534323,0.7066666666666667,0.654320987654321,0.6794871794871794,20.025231002364308,0.6744186046511628,0.7160493827160493,0.6946107784431137,31.191051995847374,0.7125,0.7037037037037037,0.7080745341614907,29.987854009959847
0000356_03725_d_0000648.jpg,94,YOLOv13-X,YOLOv13-L,0,0.7543859649122807,0.4574468085106383,0.5695364238410595,49.20854506781325,0.7719298245614035,0.46808510638297873,0.5827814569536424,0.6222222222222222,0.2978723404255319,0.4028776978417266,19.17426905129105,0.578125,0.39361702127659576,0.4683544303797469,26.272530027199537,0.7719298245614035,0.46808510638297873,0.5827814569536424,32.73064398672432,0.7543859649122807,0.4574468085106383,0.5695364238410595,31.568125006742775
0000356_03921_d_0000649.jpg,72,YOLOv13-X,YOLOv13-X,1,0.6615384615384615,0.5972222222222222,0.6277372262773723,61.49669794831425,0.6615384615384615,0.5972222222222222,0.6277372262773723,0.6612903225806451,0.5694444444444444,0.6119402985074627,32.48615498887375,0.6428571428571429,0.5,0.5625000000000001,22.088994970545173,0.6964285714285714,0.5416666666666666,0.6093749999999999,29.410194023512304,0.6615384615384615,0.5972222222222222,0.6277372262773723,29.440463986247778
0000356_04117_d_0000650.jpg,93,YOLOv13-X,YOLOv13-L,0,0.7719298245614035,0.4731182795698925,0.5866666666666667,46.27089499263093,0.9038461538461539,0.5053763440860215,0.6482758620689656,0.7254901960784313,0.3978494623655914,0.5138888888888888,21.05396002298221,0.7924528301886793,0.45161290322580644,0.5753424657534246,25.418367004022002,0.9038461538461539,0.5053763440860215,0.6482758620689656,17.895834986120462,0.7719298245614035,0.4731182795698925,0.5866666666666667,36.87624103622511
0000356_04313_d_0000651.jpg,99,YOLOv13-X,YOLOv13-L,0,0.7285714285714285,0.5151515151515151,0.603550295857988,68.83940391708165,0.7941176470588235,0.5454545454545454,0.6467065868263473,0.7037037037037037,0.3838383838383838,0.4967320261437908,39.267058949917555,0.7424242424242424,0.494949494949495,0.5939393939393939,15.620168996974826,0.7941176470588235,0.5454545454545454,0.6467065868263473,31.110595969948918,0.7285714285714285,0.5151515151515151,0.603550295857988,30.130777042359114
0000356_04705_d_0000653.jpg,70,YOLOv13-X,YOLOv13-X,1,0.7352941176470589,0.7142857142857143,0.7246376811594202,86.05864201672375,0.7352941176470589,0.7142857142857143,0.7246376811594202,0.6,0.4714285714285714,0.528,40.72977101895958,0.6515151515151515,0.6142857142857143,0.6323529411764707,21.624251967296004,0.6533333333333333,0.7,0.6758620689655173,29.03080894611776,0.7352941176470589,0.7142857142857143,0.7246376811594202,30.5491560138762
0000356_04901_d_0000654.jpg,102,YOLOv13-X,YOLOv13-X,1,0.746268656716418,0.49019607843137253,0.591715976331361,49.56360097276047,0.746268656716418,0.49019607843137253,0.591715976331361,0.6481481481481481,0.3431372549019608,0.4487179487179487,19.752407970372587,0.6206896551724138,0.35294117647058826,0.45000000000000007,35.687437979504466,0.6716417910447762,0.4411764705882353,0.5325443786982248,30.954478948842734,0.746268656716418,0.49019607843137253,0.591715976331361,54.145379981491715
0000356_05097_d_0000655.jpg,114,YOLOv13-X,YOLOv13-X,1,0.7702702702702703,0.5,0.6063829787234043,81.81058499030769,0.7702702702702703,0.5,0.6063829787234043,0.6851851851851852,0.32456140350877194,0.4404761904761905,39.81997998198494,0.7647058823529411,0.45614035087719296,0.5714285714285713,21.33657201193273,0.7283950617283951,0.5175438596491229,0.6051282051282051,30.19140800461173,0.7702702702702703,0.5,0.6063829787234043,50.87144102435559
0000358_03333_d_0000697.jpg,93,YOLOv13-X,YOLOv13-X,1,0.8727272727272727,0.5161290322580645,0.6486486486486487,43.7303549842909,0.8727272727272727,0.5161290322580645,0.6486486486486487,0.7708333333333334,0.3978494623655914,0.524822695035461,13.593663985375315,0.78,0.41935483870967744,0.5454545454545455,16.676683037076145,0.8035714285714286,0.4838709677419355,0.6040268456375839,53.41388698434457,0.8727272727272727,0.5161290322580645,0.6486486486486487,43.77469402970746
0000359_00393_d_0000701.jpg,39,YOLOv13-L,YOLOv13-L,1,0.7777777777777778,0.717948717948718,0.7466666666666666,47.62061598012224,0.7777777777777778,0.717948717948718,0.7466666666666666,0.7692307692307693,0.5128205128205128,0.6153846153846154,20.87410999229178,0.7692307692307693,0.5128205128205128,0.6153846153846154,17.65097101451829,0.7777777777777778,0.717948717948718,0.7466666666666666,46.11517197918147,0.8333333333333334,0.6410256410256411,0.7246376811594204,60.8871869626455
0000359_00589_d_0000702.jpg,39,YOLOv13-L,YOLOv13-X,0,0.6976744186046512,0.7692307692307693,0.7317073170731708,57.680904981680214,0.7692307692307693,0.7692307692307693,0.7692307692307693,0.7567567567567568,0.717948717948718,0.736842105263158,32.96125598717481,0.6590909090909091,0.7435897435897436,0.6987951807228915,24.4661410106346,0.6976744186046512,0.7692307692307693,0.7317073170731708,30.237721977755427,0.7692307692307693,0.7692307692307693,0.7692307692307693,30.31937900232151
0000359_00785_d_0000703.jpg,30,YOLOv13-L,YOLOv13-S,0,0.6153846153846154,0.8,0.6956521739130435,46.51494004065171,0.7575757575757576,0.8333333333333334,0.7936507936507938,0.6052631578947368,0.7666666666666667,0.676470588235294,20.532684051431715,0.7575757575757576,0.8333333333333334,0.7936507936507938,15.070886991452426,0.6153846153846154,0.8,0.6956521739130435,22.556329029612243,0.696969696969697,0.7666666666666667,0.7301587301587302,26.988523022737354
0000359_00981_d_0000704.jpg,33,YOLOv13-L,YOLOv13-L,1,0.5833333333333334,0.8484848484848485,0.691358024691358,50.9897269657813,0.5833333333333334,0.8484848484848485,0.691358024691358,0.4482758620689655,0.7878787878787878,0.5714285714285714,21.178974013309926,0.5,0.8181818181818182,0.6206896551724137,22.37639599479735,0.5833333333333334,0.8484848484848485,0.691358024691358,30.836783989798278,0.574468085106383,0.8181818181818182,0.675,32.40506997099146
0000359_01177_d_0000705.jpg,59,YOLOv13-X,YOLOv13-X,1,0.6811594202898551,0.7966101694915254,0.7343750000000001,52.13421699590981,0.6811594202898551,0.7966101694915254,0.7343750000000001,0.5454545454545454,0.711864406779661,0.6176470588235294,21.311389980837703,0.5641025641025641,0.7457627118644068,0.6423357664233577,15.347075008321553,0.6571428571428571,0.7796610169491526,0.7131782945736433,34.125850012060255,0.6811594202898551,0.7966101694915254,0.7343750000000001,31.123804044909775
0000359_01373_d_0000706.jpg,12,YOLOv13-S,YOLOv13-S,1,0.9166666666666666,0.9166666666666666,0.9166666666666666,55.545522016473114,0.9166666666666666,0.9166666666666666,0.9166666666666666,0.7692307692307693,0.8333333333333334,0.8,26.605452003423125,0.9166666666666666,0.9166666666666666,0.9166666666666666,31.43601497868076,0.8461538461538461,0.9166666666666666,0.8799999999999999,33.9867600123398,0.7857142857142857,0.9166666666666666,0.8461538461538461,58.553606970235705
0000359_01961_d_0000707.jpg,18,YOLOv13-L,YOLOv13-L,1,0.8235294117647058,0.7777777777777778,0.7999999999999999,71.32909906795248,0.8235294117647058,0.7777777777777778,0.7999999999999999,0.65,0.7222222222222222,0.6842105263157895,32.77206904022023,0.6521739130434783,0.8333333333333334,0.7317073170731708,23.4541529789567,0.8235294117647058,0.7777777777777778,0.7999999999999999,57.225954020395875,0.7777777777777778,0.7777777777777778,0.7777777777777778,30.012332019396126
0000359_02353_d_0000708.jpg,31,YOLOv13-L,YOLOv13-L,1,0.7391304347826086,0.5483870967741935,0.6296296296296297,46.499394986312836,0.7391304347826086,0.5483870967741935,0.6296296296296297,0.6842105263157895,0.41935483870967744,0.5200000000000001,20.787101006135345,0.6818181818181818,0.4838709677419355,0.5660377358490567,13.812825956847519,0.7391304347826086,0.5483870967741935,0.6296296296296297,60.67685002926737,0.8,0.5161290322580645,0.6274509803921569,21.6506120050326
0000359_02549_d_0000709.jpg,21,YOLOv13-L,YOLOv13-X,0,0.9444444444444444,0.8095238095238095,0.8717948717948718,59.30505704600364,1.0,0.9047619047619048,0.9500000000000001,0.9444444444444444,0.8095238095238095,0.8717948717948718,22.51650602556765,0.9473684210526315,0.8571428571428571,0.9,42.64691099524498,0.9444444444444444,0.8095238095238095,0.8717948717948718,33.39177794987336,1.0,0.9047619047619048,0.9500000000000001,30.88950499659404
0000359_03333_d_0000711.jpg,13,YOLOv13-L,YOLOv13-L,1,0.7692307692307693,0.7692307692307693,0.7692307692307693,78.14319099998102,0.7692307692307693,0.7692307692307693,0.7692307692307693,0.7142857142857143,0.7692307692307693,0.7407407407407408,31.765290012117475,0.75,0.6923076923076923,0.7199999999999999,41.48157499730587,0.7692307692307693,0.7692307692307693,0.7692307692307693,33.03895296994597,0.7692307692307693,0.7692307692307693,0.7692307692307693,33.36983098415658
0000359_03529_d_0000712.jpg,16,YOLOv13-L,YOLOv13-X,0,0.7058823529411765,0.75,0.7272727272727272,66.43165700370446,0.8,0.75,0.7741935483870969,0.5294117647058824,0.5625,0.5454545454545455,32.63389499625191,0.631578947368421,0.75,0.6857142857142857,15.195504005532712,0.7058823529411765,0.75,0.7272727272727272,31.10346000175923,0.8,0.75,0.7741935483870969,44.969598995521665
0000360_00001_d_0000713.jpg,80,YOLOv13-X,YOLOv13-L,0,0.7666666666666667,0.575,0.6571428571428571,75.81827096873894,0.746268656716418,0.625,0.6802721088435375,0.6842105263157895,0.4875,0.5693430656934307,36.1512919771485,0.7924528301886793,0.525,0.631578947368421,17.544288013596088,0.746268656716418,0.625,0.6802721088435375,64.77580801583827,0.7666666666666667,0.575,0.6571428571428571,51.27705103950575
0000360_00197_d_0000714.jpg,79,YOLOv13-X,YOLOv13-L,0,0.7164179104477612,0.6075949367088608,0.6575342465753424,50.89463904732838,0.7384615384615385,0.6075949367088608,0.6666666666666666,0.6727272727272727,0.46835443037974683,0.5522388059701493,26.871755020692945,0.7454545454545455,0.5189873417721519,0.6119402985074627,17.85848697181791,0.7384615384615385,0.6075949367088608,0.6666666666666666,46.86817800393328,0.7164179104477612,0.6075949367088608,0.6575342465753424,56.140943022910506
0000360_00393_d_0000715.jpg,79,YOLOv13-X,YOLOv13-X,1,0.7704918032786885,0.5949367088607594,0.6714285714285714,71.91431301180273,0.7704918032786885,0.5949367088607594,0.6714285714285714,0.8,0.45569620253164556,0.5806451612903226,37.50969504471868,0.8,0.5063291139240507,0.6201550387596899,27.02358301030472,0.7457627118644068,0.5569620253164557,0.6376811594202898,30.188030970748514,0.7704918032786885,0.5949367088607594,0.6714285714285714,32.116742979269475
0000360_00589_d_0000716.jpg,60,YOLOv13-X,YOLOv13-L,0,0.7450980392156863,0.6333333333333333,0.6846846846846847,54.02402998879552,0.7755102040816326,0.6333333333333333,0.6972477064220183,0.6521739130434783,0.5,0.5660377358490566,25.872174999676645,0.7333333333333333,0.55,0.6285714285714286,20.560555974952877,0.7755102040816326,0.6333333333333333,0.6972477064220183,60.25518197566271,0.7450980392156863,0.6333333333333333,0.6846846846846847,49.59453898482025
0000360_00785_d_0000717.jpg,59,YOLOv13-L,YOLOv13-L,1,0.6842105263157895,0.6610169491525424,0.6724137931034484,55.439364979974926,0.6842105263157895,0.6610169491525424,0.6724137931034484,0.5116279069767442,0.3728813559322034,0.43137254901960786,32.583321968559176,0.6041666666666666,0.4915254237288136,0.5420560747663552,14.240221993532032,0.6842105263157895,0.6610169491525424,0.6724137931034484,42.61722095543519,0.6481481481481481,0.5932203389830508,0.6194690265486725,62.41203297395259
0000360_00981_d_0000718.jpg,65,YOLOv13-X,YOLOv13-L,0,0.7,0.6461538461538462,0.6719999999999999,71.95414998568594,0.7678571428571429,0.6615384615384615,0.7107438016528925,0.717391304347826,0.5076923076923077,0.5945945945945945,41.75240296171978,0.7307692307692307,0.5846153846153846,0.6495726495726495,19.617470039520413,0.7678571428571429,0.6615384615384615,0.7107438016528925,34.48466304689646,0.7,0.6461538461538462,0.6719999999999999,31.789536005817354
0000360_02353_d_0000725.jpg,72,YOLOv13-L,YOLOv13-X,0,0.78125,0.6944444444444444,0.7352941176470588,58.256658958271146,0.8064516129032258,0.6944444444444444,0.746268656716418,0.7959183673469388,0.5416666666666666,0.6446280991735536,16.476143966428936,0.7857142857142857,0.6111111111111112,0.6875000000000001,39.00115599390119,0.78125,0.6944444444444444,0.7352941176470588,32.620963000226766,0.8064516129032258,0.6944444444444444,0.746268656716418,32.529963995330036
0000360_02745_d_0000727.jpg,81,YOLOv13-L,YOLOv13-X,0,0.8076923076923077,0.5185185185185185,0.6315789473684211,54.49984996812418,0.7931034482758621,0.5679012345679012,0.6618705035971224,0.6666666666666666,0.3950617283950617,0.49612403100775193,21.27502695657313,0.8113207547169812,0.5308641975308642,0.6417910447761194,40.25910602649674,0.8076923076923077,0.5185185185185185,0.6315789473684211,41.015258990228176,0.7931034482758621,0.5679012345679012,0.6618705035971224,23.563683032989502
0000360_02941_d_0000728.jpg,45,YOLOv13-L,YOLOv13-L,1,0.7111111111111111,0.7111111111111111,0.7111111111111111,55.28263503219932,0.7111111111111111,0.7111111111111111,0.7111111111111111,0.5869565217391305,0.6,0.5934065934065934,19.726589031051844,0.725,0.6444444444444445,0.6823529411764706,21.524764015339315,0.7111111111111111,0.7111111111111111,0.7111111111111111,32.9806890222244,0.7209302325581395,0.6888888888888889,0.7045454545454545,33.652354031801224
0000360_03137_d_0000729.jpg,56,YOLOv13-L,YOLOv13-X,0,0.7884615384615384,0.7321428571428571,0.7592592592592592,58.00064100185409,0.84,0.75,0.7924528301886793,0.8181818181818182,0.6428571428571429,0.7200000000000001,21.344760025385767,0.8666666666666667,0.6964285714285714,0.7722772277227722,17.047761008143425,0.7884615384615384,0.7321428571428571,0.7592592592592592,60.09502802044153,0.84,0.75,0.7924528301886793,34.175552951637655
0000360_03333_d_0000730.jpg,56,YOLOv13-L,YOLOv13-X,0,0.7083333333333334,0.6071428571428571,0.6538461538461539,53.07546001859009,0.7446808510638298,0.625,0.6796116504854368,0.6078431372549019,0.5535714285714286,0.5794392523364487,18.313655979000032,0.6976744186046512,0.5357142857142857,0.6060606060606061,22.050444036722183,0.7083333333333334,0.6071428571428571,0.6538461538461539,31.446370005141944,0.7446808510638298,0.625,0.6796116504854368,29.17461795732379
0000360_03529_d_0000731.jpg,31,YOLOv13-L,YOLOv13-L,1,0.92,0.7419354838709677,0.8214285714285714,69.40469000255689,0.92,0.7419354838709677,0.8214285714285714,0.7692307692307693,0.6451612903225806,0.7017543859649122,29.64502602117136,0.7407407407407407,0.6451612903225806,0.689655172413793,17.210001999046654,0.92,0.7419354838709677,0.8214285714285714,36.87203797744587,0.8518518518518519,0.7419354838709677,0.7931034482758621,29.134054959286004
0000360_03921_d_0000733.jpg,52,YOLOv13-X,YOLOv13-S,0,0.625,0.4807692307692308,0.5434782608695652,50.113920064177364,0.7142857142857143,0.4807692307692308,0.5747126436781609,0.6129032258064516,0.36538461538461536,0.45783132530120485,21.190470026340336,0.7142857142857143,0.4807692307692308,0.5747126436781609,17.917455988936126,0.7058823529411765,0.46153846153846156,0.558139534883721,28.38346199132502,0.625,0.4807692307692308,0.5434782608695652,28.357825009152293
0000360_04117_d_0000734.jpg,18,YOLOv13-S,YOLOv13-L,0,0.8333333333333334,0.8333333333333334,0.8333333333333334,45.54901900701225,0.9411764705882353,0.8888888888888888,0.9142857142857143,0.7333333333333333,0.6111111111111112,0.6666666666666666,20.26203798595816,0.8333333333333334,0.8333333333333334,0.8333333333333334,15.857699036132544,0.9411764705882353,0.8888888888888888,0.9142857142857143,33.11924199806526,0.8421052631578947,0.8888888888888888,0.8648648648648649,32.26044698385522
0000360_04705_d_0000737.jpg,9,YOLOv13-L,YOLOv13-N,0,0.8,0.8888888888888888,0.8421052631578948,46.000208996701986,0.75,1.0,0.8571428571428571,0.75,1.0,0.8571428571428571,15.628585999365896,0.8,0.8888888888888888,0.8421052631578948,18.528462969698012,0.8,0.8888888888888888,0.8421052631578948,38.822470989543945,0.7272727272727273,0.8888888888888888,0.7999999999999999,58.617760019842535
0000360_05293_d_0000740.jpg,70,YOLOv13-L,YOLOv13-X,0,0.82,0.5857142857142857,0.6833333333333333,73.62792198546231,0.8627450980392157,0.6285714285714286,0.7272727272727274,0.6923076923076923,0.5142857142857142,0.5901639344262295,36.407047999091446,0.7692307692307693,0.5714285714285714,0.6557377049180327,15.623159997630864,0.82,0.5857142857142857,0.6833333333333333,31.3656649668701,0.8627450980392157,0.6285714285714286,0.7272727272727274,30.91747796861455
0000360_05685_d_0000742.jpg,60,YOLOv13-X,YOLOv13-X,1,0.8571428571428571,0.7,0.7706422018348624,62.05148296430707,0.8571428571428571,0.7,0.7706422018348624,0.6511627906976745,0.4666666666666667,0.5436893203883496,19.829333992674947,0.7441860465116279,0.5333333333333333,0.6213592233009709,26.400015980470926,0.8723404255319149,0.6833333333333333,0.766355140186916,33.53402198990807,0.8571428571428571,0.7,0.7706422018348624,38.99784298846498
0000360_06273_d_0000745.jpg,17,YOLOv13-X,YOLOv13-X,1,0.56,0.8235294117647058,0.6666666666666666,48.365853959694505,0.56,0.8235294117647058,0.6666666666666666,0.38235294117647056,0.7647058823529411,0.5098039215686274,20.178277976810932,0.43333333333333335,0.7647058823529411,0.5531914893617021,19.236913009081036,0.4482758620689655,0.7647058823529411,0.5652173913043479,35.575961985159665,0.56,0.8235294117647058,0.6666666666666666,22.206835041288286
0000360_06665_d_0000747.jpg,48,YOLOv13-L,YOLOv13-X,0,0.8372093023255814,0.75,0.7912087912087912,51.326695014722645,0.8974358974358975,0.7291666666666666,0.8045977011494253,0.7297297297297297,0.5625,0.6352941176470588,20.91075002681464,0.7441860465116279,0.6666666666666666,0.7032967032967034,20.431662967894226,0.8372093023255814,0.75,0.7912087912087912,30.570729984901845,0.8974358974358975,0.7291666666666666,0.8045977011494253,31.45954298088327
0000360_06861_d_0000748.jpg,25,YOLOv13-L,YOLOv13-S,0,0.8846153846153846,0.92,0.9019607843137256,50.29558000387624,0.9230769230769231,0.96,0.9411764705882353,0.8888888888888888,0.96,0.923076923076923,17.887951980810612,0.9230769230769231,0.96,0.9411764705882353,32.57958899484947,0.8846153846153846,0.92,0.9019607843137256,38.148673018440604,0.8888888888888888,0.96,0.923076923076923,43.94035297445953
0000360_07057_d_0000749.jpg,15,YOLOv13-X,YOLOv13-L,0,0.5789473684210527,0.7333333333333333,0.6470588235294117,60.09135500062257,0.7222222222222222,0.8666666666666667,0.7878787878787877,0.3793103448275862,0.7333333333333333,0.5,32.48490102123469,0.5,0.6666666666666666,0.5714285714285715,19.498588982969522,0.7222222222222222,0.8666666666666667,0.7878787878787877,28.36464100982994,0.5789473684210527,0.7333333333333333,0.6470588235294117,61.4143869606778
0000360_07253_d_0000750.jpg,28,YOLOv13-L,YOLOv13-L,1,0.8,0.8571428571428571,0.8275862068965518,56.50853901170194,0.8,0.8571428571428571,0.8275862068965518,0.7586206896551724,0.7857142857142857,0.7719298245614034,26.098498958162963,0.6875,0.7857142857142857,0.7333333333333334,19.763963005971164,0.8,0.8571428571428571,0.8275862068965518,33.61854702234268,0.8214285714285714,0.8214285714285714,0.8214285714285714,29.414125019684434
0000360_07645_d_0000752.jpg,16,YOLOv13-L,YOLOv13-L,1,0.8421052631578947,1.0,0.9142857142857143,60.08931598626077,0.8421052631578947,1.0,0.9142857142857143,0.6190476190476191,0.8125,0.7027027027027026,18.355419975705445,0.8235294117647058,0.875,0.8484848484848485,19.436875998508185,0.8421052631578947,1.0,0.9142857142857143,43.4991079964675,0.8421052631578947,1.0,0.9142857142857143,26.766180992126465
0000364_00589_d_0000798.jpg,62,YOLOv13-L,YOLOv13-X,0,0.5357142857142857,0.4838709677419355,0.5084745762711865,44.29263999918476,0.6037735849056604,0.5161290322580645,0.5565217391304349,0.5588235294117647,0.3064516129032258,0.39583333333333337,20.52360901143402,0.5588235294117647,0.3064516129032258,0.39583333333333337,16.21847104979679,0.5357142857142857,0.4838709677419355,0.5084745762711865,30.614307965151966,0.6037735849056604,0.5161290322580645,0.5565217391304349,29.766771011054516
0000364_01177_d_0000799.jpg,80,YOLOv13-L,YOLOv13-L,1,0.6909090909090909,0.475,0.5629629629629629,59.42549603059888,0.6909090909090909,0.475,0.5629629629629629,0.6585365853658537,0.3375,0.4462809917355372,19.47125600418076,0.7567567567567568,0.35,0.4786324786324787,19.281346001662314,0.6909090909090909,0.475,0.5629629629629629,33.18460297305137,0.6610169491525424,0.4875,0.5611510791366906,30.72589001385495
0000364_01373_d_0000780.jpg,64,YOLOv13-L,YOLOv13-X,0,0.46296296296296297,0.390625,0.423728813559322,53.555434045847505,0.576271186440678,0.53125,0.5528455284552846,0.5,0.3125,0.38461538461538464,19.458862021565437,0.5681818181818182,0.390625,0.46296296296296297,16.74899796489626,0.46296296296296297,0.390625,0.423728813559322,30.859658028930426,0.576271186440678,0.53125,0.5528455284552846,28.24436000082642
0000364_01569_d_0000781.jpg,97,YOLOv13-X,YOLOv13-L,0,0.711864406779661,0.4329896907216495,0.5384615384615384,40.00988497864455,0.7704918032786885,0.4845360824742268,0.5949367088607594,0.7567567567567568,0.28865979381443296,0.41791044776119396,14.737028977833688,0.78,0.4020618556701031,0.5306122448979592,14.046814001630992,0.7704918032786885,0.4845360824742268,0.5949367088607594,26.55936498194933,0.711864406779661,0.4329896907216495,0.5384615384615384,31.60244395257905
0000364_01765_d_0000782.jpg,81,YOLOv13-X,YOLOv13-L,0,0.5441176470588235,0.4567901234567901,0.49664429530201337,46.98495502816513,0.5970149253731343,0.49382716049382713,0.5405405405405405,0.5217391304347826,0.2962962962962963,0.3779527559055118,19.2242760094814,0.6,0.4444444444444444,0.5106382978723405,12.985993002075702,0.5970149253731343,0.49382716049382713,0.5405405405405405,30.25126998545602,0.5441176470588235,0.4567901234567901,0.49664429530201337,29.629590979311615
