image,gt_instances,router_model,oracle_model,oracle_match,adaptive_precision,adaptive_recall,adaptive_f1,adaptive_latency_ms,oracle_precision,oracle_recall,oracle_f1,N_precision,N_recall,N_f1,N_latency_ms,S_precision,S_recall,S_f1,S_latency_ms,L_precision,L_recall,L_f1,L_latency_ms,X_precision,X_recall,X_f1,X_latency_ms
0000001_02999_d_0000005.jpg,127,YOLOv13-L,YOLOv13-X,0,0.6984126984126984,0.3464566929133858,0.4631578947368421,2200.8392559946515,0.6716417910447762,0.3543307086614173,0.4639175257731959,0.5555555555555556,0.23622047244094488,0.3314917127071823,1795.9798860247247,0.6785714285714286,0.2992125984251969,0.41530054644808745,180.89300498832017,0.6984126984126984,0.3464566929133858,0.4631578947368421,30.24449199438095,0.6716417910447762,0.3543307086614173,0.4639175257731959,526.9880589912646
0000001_03499_d_0000006.jpg,77,YOLOv13-L,YOLOv13-X,0,0.5681818181818182,0.3246753246753247,0.4132231404958678,68.61997302621603,0.675,0.35064935064935066,0.4615384615384615,0.6363636363636364,0.2727272727272727,0.3818181818181818,25.11483000125736,0.6111111111111112,0.2857142857142857,0.3893805309734514,24.756375001743436,0.5681818181818182,0.3246753246753247,0.4132231404958678,33.30849501071498,0.675,0.35064935064935066,0.4615384615384615,35.556781047489494
0000001_03999_d_0000007.jpg,48,YOLOv13-X,YOLOv13-L,0,0.5306122448979592,0.5416666666666666,0.5360824742268041,66.74532999750227,0.5531914893617021,0.5416666666666666,0.5473684210526316,0.5769230769230769,0.3125,0.4054054054054054,25.300904002506286,0.5142857142857142,0.375,0.43373493975903615,38.44765602843836,0.5531914893617021,0.5416666666666666,0.5473684210526316,36.60665301140398,0.5306122448979592,0.5416666666666666,0.5360824742268041,34.64934602379799
0000001_04527_d_0000008.jpg,115,YOLOv13-X,YOLOv13-L,0,0.6923076923076923,0.3130434782608696,0.4311377245508982,56.93730601342395,0.7454545454545455,0.3565217391304348,0.48235294117647054,0.44,0.09565217391304348,0.15714285714285714,25.3314989968203,0.6888888888888889,0.26956521739130435,0.3875,26.516433979850262,0.7454545454545455,0.3565217391304348,0.48235294117647054,32.8230099985376,0.6923076923076923,0.3130434782608696,0.4311377245508982,37.775193981360644
0000001_05249_d_0000009.jpg,113,YOLOv13-X,YOLOv13-X,1,0.7477477477477478,0.7345132743362832,0.7410714285714286,71.00115902721882,0.7477477477477478,0.7345132743362832,0.7410714285714286,0.6538461538461539,0.6017699115044248,0.6267281105990784,25.55567503441125,0.6428571428571429,0.6371681415929203,0.64,43.40135201346129,0.7090909090909091,0.6902654867256637,0.6995515695067264,33.53334701387212,0.7477477477477478,0.7345132743362832,0.7410714285714286,43.28867304138839
0000001_05499_d_0000010.jpg,140,YOLOv13-L,YOLOv13-L,1,0.8461538461538461,0.6285714285714286,0.721311475409836,74.23088699579239,0.8461538461538461,0.6285714285714286,0.721311475409836,0.7802197802197802,0.5071428571428571,0.6147186147186148,39.806609973311424,0.8505747126436781,0.5285714285714286,0.6519823788546255,42.877576022874564,0.8461538461538461,0.6285714285714286,0.721311475409836,33.7476939894259,0.8571428571428571,0.6,0.7058823529411764,45.44116597389802
0000001_05999_d_0000011.jpg,115,YOLOv13-X,YOLOv13-L,0,0.7466666666666667,0.48695652173913045,0.5894736842105264,58.97255503805354,0.7466666666666667,0.48695652173913045,0.5894736842105264,0.6197183098591549,0.3826086956521739,0.47311827956989244,34.35793600510806,0.6857142857142857,0.41739130434782606,0.5189189189189188,29.80720205232501,0.7466666666666667,0.48695652173913045,0.5894736842105264,35.114953003358096,0.7466666666666667,0.48695652173913045,0.5894736842105264,52.05053498502821
0000001_07999_d_0000012.jpg,136,YOLOv13-X,YOLOv13-L,0,0.6111111111111112,0.40441176470588236,0.4867256637168142,59.386810986325145,0.6352941176470588,0.39705882352941174,0.4886877828054299,0.46551724137931033,0.19852941176470587,0.27835051546391754,25.09280201047659,0.5625,0.2647058823529412,0.36000000000000004,33.28766499180347,0.6352941176470588,0.39705882352941174,0.4886877828054299,64.51014603953809,0.6111111111111112,0.40441176470588236,0.4867256637168142,35.57627601549029
0000001_08414_d_0000013.jpg,164,YOLOv13-X,YOLOv13-X,1,0.6415094339622641,0.4146341463414634,0.5037037037037037,68.99369700113311,0.6415094339622641,0.4146341463414634,0.5037037037037037,0.6451612903225806,0.24390243902439024,0.35398230088495575,38.29848597524688,0.676056338028169,0.2926829268292683,0.40851063829787226,23.220897011924535,0.62,0.3780487804878049,0.46969696969696967,61.58173899166286,0.6415094339622641,0.4146341463414634,0.5037037037037037,36.829816992394626
0000021_00000_d_0000001.jpg,31,YOLOv13-L,YOLOv13-L,1,0.5,0.25806451612903225,0.3404255319148936,53.25735098449513,0.5,0.25806451612903225,0.3404255319148936,0.38461538461538464,0.16129032258064516,0.22727272727272727,19.869568990543485,0.5384615384615384,0.22580645161290322,0.3181818181818182,33.674687962047756,0.5,0.25806451612903225,0.3404255319148936,45.302833954337984,0.4666666666666667,0.22580645161290322,0.3043478260869565,31.24714200384915
0000021_00500_d_0000002.jpg,17,YOLOv13-L,YOLOv13-L,1,0.4666666666666667,0.4117647058823529,0.43749999999999994,69.95657295919955,0.4666666666666667,0.4117647058823529,0.43749999999999994,0.4,0.23529411764705882,0.29629629629629634,28.49675196921453,0.5,0.35294117647058826,0.41379310344827586,17.492238024715334,0.4666666666666667,0.4117647058823529,0.43749999999999994,37.337133020628244,0.5,0.35294117647058826,0.41379310344827586,59.17005200171843
0000021_00800_d_0000003.jpg,7,YOLOv13-L,YOLOv13-X,0,0.4444444444444444,0.5714285714285714,0.5,42.4970030435361,0.75,0.8571428571428571,0.7999999999999999,0.375,0.42857142857142855,0.39999999999999997,18.509077024646103,0.375,0.42857142857142855,0.39999999999999997,26.42022504005581,0.4444444444444444,0.5714285714285714,0.5,20.907665020786226,0.75,0.8571428571428571,0.7999999999999999,37.98795799957588
0000022_00000_d_0000004.jpg,41,YOLOv13-X,YOLOv13-L,0,0.7222222222222222,0.6341463414634146,0.6753246753246753,73.86501296423376,0.8108108108108109,0.7317073170731707,0.7692307692307694,0.6296296296296297,0.4146341463414634,0.5,36.16351296659559,0.65625,0.5121951219512195,0.5753424657534246,38.05475996341556,0.8108108108108109,0.7317073170731707,0.7692307692307694,34.73348100669682,0.7222222222222222,0.6341463414634146,0.6753246753246753,29.50188604881987
0000022_00500_d_0000005.jpg,32,YOLOv13-X,YOLOv13-L,0,0.7777777777777778,0.875,0.823529411764706,48.62794902874157,0.8181818181818182,0.84375,0.8307692307692308,0.6785714285714286,0.59375,0.6333333333333334,21.21488598641008,0.7931034482758621,0.71875,0.7540983606557378,16.08603895874694,0.8181818181818182,0.84375,0.8307692307692308,26.54231002088636,0.7777777777777778,0.875,0.823529411764706,41.53765400405973
0000022_01036_d_0000006.jpg,16,YOLOv13-L,YOLOv13-X,0,0.7142857142857143,0.625,0.6666666666666666,70.04131097346544,0.6666666666666666,0.75,0.7058823529411765,0.6363636363636364,0.4375,0.5185185185185185,39.32801098562777,0.7,0.4375,0.5384615384615384,29.018232016824186,0.7142857142857143,0.625,0.6666666666666666,22.20786298858002,0.6666666666666666,0.75,0.7058823529411765,58.58624598477036
0000022_01251_d_0000007.jpg,12,YOLOv13-L,YOLOv13-S,0,0.38095238095238093,0.6666666666666666,0.4848484848484849,51.81144899688661,0.5294117647058824,0.75,0.6206896551724139,0.4444444444444444,0.6666666666666666,0.5333333333333333,20.692588994279504,0.5294117647058824,0.75,0.6206896551724139,21.404511004220694,0.38095238095238093,0.6666666666666666,0.4848484848484849,31.27603797474876,0.4117647058823529,0.5833333333333334,0.4827586206896552,30.51784000126645
0000023_00000_d_0000008.jpg,40,YOLOv13-X,YOLOv13-L,0,0.7222222222222222,0.65,0.6842105263157895,52.023080992512405,0.7567567567567568,0.7,0.7272727272727273,0.6296296296296297,0.425,0.5074626865671642,18.526523024775088,0.625,0.5,0.5555555555555556,41.5309050003998,0.7567567567567568,0.7,0.7272727272727273,61.44503701943904,0.7222222222222222,0.65,0.6842105263157895,35.72686202824116
0000023_00300_d_0000009.jpg,30,YOLOv13-X,YOLOv13-X,1,0.5,0.5,0.5,59.207373997196555,0.5,0.5,0.5,0.44,0.36666666666666664,0.4,21.670149988494813,0.5,0.36666666666666664,0.423076923076923,21.49653702508658,0.4444444444444444,0.4,0.4210526315789474,24.99703801004216,0.5,0.5,0.5,31.5645020455122
0000023_00868_d_0000010.jpg,20,YOLOv13-L,YOLOv13-X,0,0.55,0.55,0.55,50.69474392803386,0.65,0.65,0.65,0.5882352941176471,0.5,0.5405405405405405,19.99568397877738,0.45,0.45,0.45,28.069244988728315,0.55,0.55,0.55,44.66817999491468,0.65,0.65,0.65,60.956079978495836
0000023_01233_d_0000011.jpg,14,YOLOv13-X,YOLOv13-L,0,0.5333333333333333,0.5714285714285714,0.5517241379310344,63.8730350183323,0.6,0.6428571428571429,0.6206896551724138,0.42857142857142855,0.42857142857142855,0.42857142857142855,31.492792011704296,0.47058823529411764,0.5714285714285714,0.5161290322580646,17.445945006329566,0.6,0.6428571428571429,0.6206896551724138,48.30623895395547,0.5333333333333333,0.5714285714285714,0.5517241379310344,50.412258016876876
0000024_00000_d_0000012.jpg,21,YOLOv13-X,YOLOv13-X,1,0.5625,0.42857142857142855,0.4864864864864864,68.9625550294295,0.5625,0.42857142857142855,0.4864864864864864,0.4444444444444444,0.38095238095238093,0.41025641025641024,25.091543036978692,0.45,0.42857142857142855,0.4390243902439024,35.43755499413237,0.47368421052631576,0.42857142857142855,0.45,29.71848798915744,0.5625,0.42857142857142855,0.4864864864864864,30.46823397744447
0000024_00500_d_0000013.jpg,10,YOLOv13-L,YOLOv13-X,0,0.3,0.3,0.3,50.34495203290135,0.75,0.6,0.6666666666666665,0.4444444444444444,0.4,0.4210526315789474,19.837888015899807,0.3333333333333333,0.3,0.3157894736842105,16.667513002175838,0.3,0.3,0.3,31.424787011928856,0.75,0.6,0.6666666666666665,29.73286499036476
0000024_01000_d_0000014.jpg,12,YOLOv13-L,YOLOv13-S,0,0.42857142857142855,0.25,0.3157894736842105,46.69547802768648,0.6666666666666666,0.3333333333333333,0.4444444444444444,0.5,0.25,0.3333333333333333,19.97843198478222,0.6666666666666666,0.3333333333333333,0.4444444444444444,12.633126985747367,0.42857142857142855,0.25,0.3157894736842105,54.09173801308498,0.6,0.25,0.35294117647058826,29.008504992816597
0000024_01543_d_0000015.jpg,8,YOLOv13-S,YOLOv13-X,0,0.8333333333333334,0.625,0.7142857142857143,35.317952977493405,1.0,0.75,0.8571428571428571,0.8571428571428571,0.75,0.7999999999999999,19.1661529825069,0.8333333333333334,0.625,0.7142857142857143,25.542855029925704,0.75,0.75,0.75,28.706820972729474,1.0,0.75,0.8571428571428571,31.258449016604573
0000026_00000_d_0000024.jpg,8,YOLOv13-N,YOLOv13-X,0,0.8888888888888888,1.0,0.9411764705882353,40.942925959825516,1.0,1.0,1.0,0.8888888888888888,1.0,0.9411764705882353,40.942925959825516,0.875,0.875,0.875,20.876727008726448,0.8888888888888888,1.0,0.9411764705882353,36.47017304319888,1.0,1.0,1.0,38.66501699667424
0000026_00500_d_0000025.jpg,15,YOLOv13-S,YOLOv13-S,1,0.75,1.0,0.8571428571428571,60.24514202727005,0.75,1.0,0.8571428571428571,0.7777777777777778,0.9333333333333333,0.8484848484848485,41.51313804322854,0.75,1.0,0.8571428571428571,15.908333007246256,0.65,0.8666666666666667,0.7428571428571429,27.06514304736629,0.7,0.9333333333333333,0.8,23.85207504266873
0000026_01000_d_0000026.jpg,25,YOLOv13-S,YOLOv13-S,1,0.88,0.88,0.88,28.67597294971347,0.88,0.88,0.88,0.84,0.84,0.8399999999999999,14.675982994958758,0.88,0.88,0.88,17.196366970892996,0.8214285714285714,0.92,0.8679245283018867,50.3024070058018,0.8214285714285714,0.92,0.8679245283018867,35.89367202948779
0000026_01500_d_0000027.jpg,10,YOLOv13-N,YOLOv13-L,0,0.75,0.9,0.8181818181818182,22.293335001450032,0.8181818181818182,0.9,0.8571428571428572,0.75,0.9,0.8181818181818182,22.293335001450032,0.6153846153846154,0.8,0.6956521739130435,19.266507006250322,0.8181818181818182,0.9,0.8571428571428572,21.272887010127306,0.75,0.9,0.8181818181818182,29.95906100841239
0000026_02000_d_0000028.jpg,9,YOLOv13-N,YOLOv13-N,1,0.9,1.0,0.9473684210526316,21.984543011058122,0.9,1.0,0.9473684210526316,0.9,1.0,0.9473684210526316,21.984543011058122,0.6666666666666666,0.8888888888888888,0.761904761904762,20.38336603436619,0.7272727272727273,0.8888888888888888,0.7999999999999999,25.53361502941698,0.8181818181818182,1.0,0.9,46.04981100419536
0000026_02500_d_0000029.jpg,17,YOLOv13-L,YOLOv13-X,0,0.6875,0.6470588235294118,0.6666666666666667,53.44295100076124,0.9285714285714286,0.7647058823529411,0.8387096774193549,0.6666666666666666,0.5882352941176471,0.625,22.92041399050504,0.6666666666666666,0.5882352941176471,0.625,19.05407797312364,0.6875,0.6470588235294118,0.6666666666666667,27.31737500289455,0.9285714285714286,0.7647058823529411,0.8387096774193549,50.03413499798626
0000026_03000_d_0000030.jpg,13,YOLOv13-N,YOLOv13-L,0,1.0,0.9230769230769231,0.9600000000000001,23.515323002357036,0.9285714285714286,1.0,0.962962962962963,1.0,0.9230769230769231,0.9600000000000001,23.515323002357036,0.9230769230769231,0.9230769230769231,0.9230769230769231,15.230016026180238,0.9285714285714286,1.0,0.962962962962963,33.576951012946665,0.9230769230769231,0.9230769230769231,0.9230769230769231,33.07999495882541
0000026_03500_d_0000031.jpg,23,YOLOv13-N,YOLOv13-L,0,1.0,0.8695652173913043,0.9302325581395349,21.647137007676065,0.9565217391304348,0.9565217391304348,0.9565217391304348,1.0,0.8695652173913043,0.9302325581395349,21.647137007676065,0.9166666666666666,0.9565217391304348,0.9361702127659574,21.66415099054575,0.9565217391304348,0.9565217391304348,0.9565217391304348,20.620158000383526,0.9565217391304348,0.9565217391304348,0.9565217391304348,39.609576982911676
0000026_04000_d_0000032.jpg,14,YOLOv13-S,YOLOv13-L,0,0.875,1.0,0.9333333333333333,62.45694705285132,0.9333333333333333,1.0,0.9655172413793104,0.8235294117647058,1.0,0.9032258064516129,42.40222100634128,0.875,1.0,0.9333333333333333,16.061747970525175,0.9333333333333333,1.0,0.9655172413793104,31.949208001606166,0.9333333333333333,1.0,0.9655172413793104,34.38488399842754
0000026_04500_d_0000033.jpg,47,YOLOv13-X,YOLOv13-L,0,0.8333333333333334,0.5319148936170213,0.6493506493506493,53.470824961550534,0.7878787878787878,0.5531914893617021,0.65,0.71875,0.48936170212765956,0.5822784810126582,20.788544963579625,0.6944444444444444,0.5319148936170213,0.6024096385542169,31.33326000533998,0.7878787878787878,0.5531914893617021,0.65,29.938032967038453,0.8333333333333334,0.5319148936170213,0.6493506493506493,36.961072008125484
0000026_04978_d_0000034.jpg,45,YOLOv13-L,YOLOv13-X,0,0.8235294117647058,0.6222222222222222,0.7088607594936709,47.26138000842184,0.8611111111111112,0.6888888888888889,0.7654320987654321,0.8333333333333334,0.5555555555555556,0.6666666666666667,20.137640996836126,0.7435897435897436,0.6444444444444445,0.6904761904761906,21.71366900438443,0.8235294117647058,0.6222222222222222,0.7088607594936709,30.75393196195364,0.8611111111111112,0.6888888888888889,0.7654320987654321,57.102094986476004
0000055_00000_d_0000109.jpg,101,YOLOv13-X,YOLOv13-L,0,0.7246376811594203,0.49504950495049505,0.5882352941176471,65.33482001395896,0.7222222222222222,0.5148514851485149,0.6011560693641618,0.5441176470588235,0.36633663366336633,0.4378698224852071,18.974628997966647,0.7924528301886793,0.4158415841584158,0.5454545454545455,42.03892598161474,0.7222222222222222,0.5148514851485149,0.6011560693641618,21.14359597908333,0.7246376811594203,0.49504950495049505,0.5882352941176471,53.17544599529356
0000055_00714_d_0000110.jpg,85,YOLOv13-X,YOLOv13-L,0,0.7419354838709677,0.5411764705882353,0.6258503401360543,73.00861499970779,0.7230769230769231,0.5529411764705883,0.6266666666666667,0.5217391304347826,0.4235294117647059,0.4675324675324676,40.731256012804806,0.5970149253731343,0.47058823529411764,0.5263157894736841,18.897867994382977,0.7230769230769231,0.5529411764705883,0.6266666666666667,60.951532039325684,0.7419354838709677,0.5411764705882353,0.6258503401360543,45.33856001216918
0000069_00001_d_0000001.jpg,34,YOLOv13-L,YOLOv13-X,0,0.6486486486486487,0.7058823529411765,0.676056338028169,65.3651129687205,0.8709677419354839,0.7941176470588235,0.8307692307692308,0.6129032258064516,0.5588235294117647,0.5846153846153845,34.40705098910257,0.6896551724137931,0.5882352941176471,0.6349206349206349,41.088873986154795,0.6486486486486487,0.7058823529411765,0.676056338028169,38.819311012048274,0.8709677419354839,0.7941176470588235,0.8307692307692308,28.97098899120465
0000069_00483_d_0000002.jpg,27,YOLOv13-L,YOLOv13-X,0,0.7058823529411765,0.8888888888888888,0.7868852459016393,56.54695600969717,0.7878787878787878,0.9629629629629629,0.8666666666666665,0.625,0.7407407407407407,0.6779661016949152,26.520740997511894,0.6666666666666666,0.8148148148148148,0.7333333333333333,22.975321975536644,0.7058823529411765,0.8888888888888888,0.7868852459016393,29.434973024763167,0.7878787878787878,0.9629629629629629,0.8666666666666665,39.55731599126011
0000069_00713_d_0000003.jpg,49,YOLOv13-L,YOLOv13-X,0,0.6346153846153846,0.673469387755102,0.6534653465346534,61.56822299817577,0.7619047619047619,0.6530612244897959,0.7032967032967032,0.5714285714285714,0.4897959183673469,0.5274725274725275,22.666981036309153,0.6666666666666666,0.6122448979591837,0.6382978723404255,20.187487010844052,0.6346153846153846,0.673469387755102,0.6534653465346534,27.162143029272556,0.7619047619047619,0.6530612244897959,0.7032967032967032,18.65304197417572
0000069_01109_d_0000004.jpg,31,YOLOv13-L,YOLOv13-L,1,0.625,0.6451612903225806,0.634920634920635,54.398843029048294,0.625,0.6451612903225806,0.634920634920635,0.5384615384615384,0.45161290322580644,0.4912280701754386,21.027851034887135,0.6538461538461539,0.5483870967741935,0.5964912280701755,22.80374401016161,0.625,0.6451612903225806,0.634920634920635,32.50266704708338,0.59375,0.6129032258064516,0.6031746031746031,48.91743004554883
0000069_01878_d_0000005.jpg,36,YOLOv13-X,YOLOv13-L,0,0.7941176470588235,0.75,0.7714285714285715,54.08632097532973,0.8108108108108109,0.8333333333333334,0.8219178082191781,0.725,0.8055555555555556,0.7631578947368423,22.882337972987443,0.75,0.75,0.75,17.78096001362428,0.8108108108108109,0.8333333333333334,0.8219178082191781,45.973565021995455,0.7941176470588235,0.75,0.7714285714285715,47.546526009682566
0000069_02163_d_0000006.jpg,49,YOLOv13-L,YOLOv13-L,1,0.7380952380952381,0.6326530612244898,0.6813186813186813,66.89367798389867,0.7380952380952381,0.6326530612244898,0.6813186813186813,0.5675675675675675,0.42857142857142855,0.4883720930232558,39.592865970917046,0.7352941176470589,0.5102040816326531,0.6024096385542169,23.064326960593462,0.7380952380952381,0.6326530612244898,0.6813186813186813,64.45348198758438,0.7435897435897436,0.5918367346938775,0.6590909090909091,34.275124955456704
0000069_02480_d_0000007.jpg,64,YOLOv13-X,YOLOv13-X,1,0.7358490566037735,0.609375,0.6666666666666665,75.1780680147931,0.7358490566037735,0.609375,0.6666666666666665,0.6923076923076923,0.421875,0.5242718446601942,42.4380719778128,0.6875,0.515625,0.5892857142857143,23.496362031437457,0.7115384615384616,0.578125,0.6379310344827586,28.949011000804603,0.7358490566037735,0.609375,0.6666666666666665,32.78000000864267
0000072_02834_d_0000003.jpg,73,YOLOv13-X,YOLOv13-X,1,0.84,0.863013698630137,0.8513513513513513,70.3219489660114,0.84,0.863013698630137,0.8513513513513513,0.675,0.7397260273972602,0.7058823529411764,36.63127397885546,0.7916666666666666,0.7808219178082192,0.7862068965517242,23.828920035157353,0.8450704225352113,0.821917808219178,0.8333333333333333,30.294895987026393,0.84,0.863013698630137,0.8513513513513513,35.2976470021531
0000076_02142_d_0000009.jpg,11,YOLOv13-X,YOLOv13-S,0,0.8181818181818182,0.8181818181818182,0.8181818181818182,45.51466699922457,0.9,0.8181818181818182,0.8571428571428572,0.75,0.8181818181818182,0.7826086956521738,18.2937320205383,0.9,0.8181818181818182,0.8571428571428572,36.24104801565409,0.8888888888888888,0.7272727272727273,0.7999999999999999,56.35579500813037,0.8181818181818182,0.8181818181818182,0.8181818181818182,49.02748903259635
0000081_00000_d_0000001.jpg,86,YOLOv13-X,YOLOv13-X,1,0.40714285714285714,0.6627906976744186,0.504424778761062,86.47215599194169,0.40714285714285714,0.6627906976744186,0.504424778761062,0.375,0.5581395348837209,0.4485981308411215,36.65343701140955,0.33986928104575165,0.6046511627906976,0.4351464435146444,42.76566399494186,0.3782051282051282,0.686046511627907,0.48760330578512395,54.276572016533464,0.40714285714285714,0.6627906976744186,0.504424778761062,28.991191007662565
0000086_00000_d_0000001.jpg,37,YOLOv13-L,YOLOv13-X,0,0.6086956521739131,0.7567567567567568,0.674698795180723,76.77956100087613,0.6428571428571429,0.7297297297297297,0.6835443037974683,0.5609756097560976,0.6216216216216216,0.5897435897435899,35.2522759931162,0.6190476190476191,0.7027027027027027,0.6582278481012659,40.20284197758883,0.6086956521739131,0.7567567567567568,0.674698795180723,61.33501301519573,0.6428571428571429,0.7297297297297297,0.6835443037974683,39.492339943535626
0000086_00592_d_0000002.jpg,65,YOLOv13-X,YOLOv13-X,1,0.6825396825396826,0.6615384615384615,0.671875,61.85109098441899,0.6825396825396826,0.6615384615384615,0.671875,0.625,0.46153846153846156,0.5309734513274336,31.603381969034672,0.76,0.5846153846153846,0.6608695652173914,16.67380501748994,0.6610169491525424,0.6,0.6290322580645161,30.81511496566236,0.6825396825396826,0.6615384615384615,0.671875,43.96872402867302
0000086_01084_d_0000003.jpg,146,YOLOv13-X,YOLOv13-X,1,0.7289719626168224,0.5342465753424658,0.616600790513834,41.53353802394122,0.7289719626168224,0.5342465753424658,0.616600790513834,0.5434782608695652,0.3424657534246575,0.4201680672268907,15.943203994538635,0.69,0.4726027397260274,0.5609756097560976,21.23395900707692,0.6422764227642277,0.541095890410959,0.5873605947955391,49.25453296164051,0.7289719626168224,0.5342465753424658,0.616600790513834,47.08826501155272
0000086_01443_d_0000004.jpg,107,YOLOv13-X,YOLOv13-X,1,0.6859504132231405,0.7757009345794392,0.7280701754385964,67.76782701490447,0.6859504132231405,0.7757009345794392,0.7280701754385964,0.6708860759493671,0.4953271028037383,0.5698924731182796,33.2906210096553,0.5929203539823009,0.6261682242990654,0.6090909090909091,41.251657996326685,0.6046511627906976,0.7289719626168224,0.6610169491525423,40.456031973008066,0.6859504132231405,0.7757009345794392,0.7280701754385964,19.665137981064618
0000086_01954_d_0000005.jpg,173,YOLOv13-X,YOLOv13-X,1,0.7391304347826086,0.4913294797687861,0.5902777777777777,67.08384404191747,0.7391304347826086,0.4913294797687861,0.5902777777777777,0.5977011494252874,0.30057803468208094,0.4,36.47037601331249,0.7142857142857143,0.4046242774566474,0.5166051660516605,26.43846400314942,0.680672268907563,0.4682080924855491,0.5547945205479452,40.556276973802596,0.7391304347826086,0.4913294797687861,0.5902777777777777,32.232373021543026
0000103_00180_d_0000026.jpg,1,YOLOv13-L,YOLOv13-S,0,1.0,1.0,1.0,193.0790800251998,1.0,1.0,1.0,0.5,1.0,0.6666666666666666,153.49651902215555,1.0,1.0,1.0,20.45290800742805,1.0,1.0,1.0,60.06394501309842,1.0,1.0,1.0,45.19714799243957
0000103_00502_d_0000027.jpg,3,YOLOv13-N,YOLOv13-N,1,1.0,1.0,1.0,40.902926004491746,1.0,1.0,1.0,1.0,1.0,1.0,40.902926004491746,1.0,1.0,1.0,18.694594968110323,0.75,1.0,0.8571428571428571,27.767107007093728,0.6666666666666666,0.6666666666666666,0.6666666666666666,32.47738000936806
0000103_01734_d_0000028.jpg,4,YOLOv13-L,YOLOv13-N,0,0.3333333333333333,0.5,0.4,47.70462395390496,0.3,0.75,0.4285714285714285,0.3,0.75,0.4285714285714285,19.37027898384258,0.3333333333333333,0.25,0.28571428571428575,15.632360999006778,0.3333333333333333,0.5,0.4,34.69589498126879,0.3333333333333333,0.25,0.28571428571428575,47.435142972972244
0000103_02544_d_0000029.jpg,14,YOLOv13-L,YOLOv13-L,1,0.5625,0.6428571428571429,0.6000000000000001,40.58286803774536,0.5625,0.6428571428571429,0.6000000000000001,0.35294117647058826,0.42857142857142855,0.3870967741935484,18.70522601529956,0.38461538461538464,0.35714285714285715,0.3703703703703704,18.327082972973585,0.5625,0.6428571428571429,0.6000000000000001,39.180337043944746,0.4375,0.5,0.4666666666666667,55.87643600301817
0000103_02964_d_0000030.jpg,10,YOLOv13-L,YOLOv13-L,1,0.5384615384615384,0.7,0.608695652173913,76.9571450073272,0.5384615384615384,0.7,0.608695652173913,0.46153846153846156,0.6,0.5217391304347826,41.11814801581204,0.3157894736842105,0.6,0.41379310344827586,19.79520096210763,0.5384615384615384,0.7,0.608695652173913,33.22644700529054,0.3076923076923077,0.4,0.34782608695652173,55.489050049800426
0000103_03349_d_0000031.jpg,4,YOLOv13-S,YOLOv13-X,0,0.42857142857142855,0.75,0.5454545454545454,44.04834104934707,0.8,1.0,0.888888888888889,0.6666666666666666,1.0,0.8,16.180007020011544,0.42857142857142855,0.75,0.5454545454545454,19.934263022150844,0.6666666666666666,0.5,0.5714285714285715,47.890283982269466,0.8,1.0,0.888888888888889,43.28602598980069
0000103_03738_d_0000032.jpg,3,YOLOv13-L,YOLOv13-L,1,1.0,1.0,1.0,45.740091998595744,1.0,1.0,1.0,0.4,0.6666666666666666,0.5,19.357490993570536,0.75,1.0,0.8571428571428571,16.26783999381587,1.0,1.0,1.0,28.04263395955786,1.0,1.0,1.0,27.036371000576764
0000103_04122_d_0000033.jpg,4,YOLOv13-N,YOLOv13-L,0,0.5,0.5,0.5,20.562669960781932,0.6666666666666666,1.0,0.8,0.5,0.5,0.5,20.562669960781932,0.75,0.75,0.75,17.34677894273773,0.6666666666666666,1.0,0.8,42.66488703433424,0.6666666666666666,1.0,0.8,32.466933014802635
0000103_04513_d_0000034.jpg,2,YOLOv13-N,YOLOv13-N,1,1.0,1.0,1.0,20.399946020916104,1.0,1.0,1.0,1.0,1.0,1.0,20.399946020916104,1.0,1.0,1.0,20.657301996834576,1.0,1.0,1.0,22.8839130140841,1.0,1.0,1.0,25.767643004655838
0000103_04948_d_0000035.jpg,1,YOLOv13-N,YOLOv13-N,1,0.0,0.0,0.0,24.623178003821522,0.0,0.0,0.0,0.0,0.0,0.0,24.623178003821522,0.0,0.0,0.0,18.769588030409068,0.0,0.0,0.0,32.727395999245346,0.0,0.0,0.0,32.5454369885847
0000115_00315_d_0000080.jpg,61,YOLOv13-L,YOLOv13-X,0,0.68,0.2786885245901639,0.3953488372093023,61.799517017789185,0.8181818181818182,0.29508196721311475,0.4337349397590361,0.75,0.2459016393442623,0.3703703703703703,17.369279987178743,0.85,0.2786885245901639,0.41975308641975306,31.13132098224014,0.68,0.2786885245901639,0.3953488372093023,36.03448596550152,0.8181818181818182,0.29508196721311475,0.4337349397590361,29.815340996719897
0000115_00796_d_0000081.jpg,78,YOLOv13-X,YOLOv13-X,1,0.7719298245614035,0.5641025641025641,0.6518518518518518,52.12346196640283,0.7719298245614035,0.5641025641025641,0.6518518518518518,0.6444444444444445,0.3717948717948718,0.47154471544715454,21.770503954030573,0.6530612244897959,0.41025641025641024,0.5039370078740157,15.432243992108852,0.6557377049180327,0.5128205128205128,0.5755395683453238,30.22809000685811,0.7719298245614035,0.5641025641025641,0.6518518518518518,30.657321971375495
0000115_01031_d_0000082.jpg,63,YOLOv13-X,YOLOv13-X,1,0.660377358490566,0.5555555555555556,0.6034482758620691,71.55477395281196,0.660377358490566,0.5555555555555556,0.6034482758620691,0.5,0.38095238095238093,0.4324324324324324,20.902999967802316,0.6041666666666666,0.4603174603174603,0.5225225225225225,40.47947400249541,0.6206896551724138,0.5714285714285714,0.5950413223140496,45.62372498912737,0.660377358490566,0.5555555555555556,0.6034482758620691,24.036158982198685
0000116_00351_d_0000083.jpg,74,YOLOv13-X,YOLOv13-L,0,0.7096774193548387,0.5945945945945946,0.6470588235294118,52.72827704902738,0.7719298245614035,0.5945945945945946,0.6717557251908397,0.7,0.47297297297297297,0.5645161290322581,19.558736006729305,0.7272727272727273,0.5405405405405406,0.6201550387596899,18.74531398061663,0.7719298245614035,0.5945945945945946,0.6717557251908397,29.96541402535513,0.7096774193548387,0.5945945945945946,0.6470588235294118,26.742490008473396
0000116_00819_d_0000084.jpg,36,YOLOv13-L,YOLOv13-X,0,0.5384615384615384,0.5833333333333334,0.5599999999999999,54.33722899761051,0.55,0.6111111111111112,0.5789473684210527,0.5416666666666666,0.3611111111111111,0.43333333333333335,20.574174006469548,0.5151515151515151,0.4722222222222222,0.49275362318840576,17.39732502028346,0.5384615384615384,0.5833333333333334,0.5599999999999999,35.970297001767904,0.55,0.6111111111111112,0.5789473684210527,20.007696992252022
0000116_01059_d_0000085.jpg,70,YOLOv13-L,YOLOv13-X,0,0.7333333333333333,0.4714285714285714,0.5739130434782609,69.26187197677791,0.7555555555555555,0.4857142857142857,0.5913043478260869,0.6857142857142857,0.34285714285714286,0.45714285714285724,30.54808999877423,0.6304347826086957,0.4142857142857143,0.5000000000000001,15.761903021484613,0.7333333333333333,0.4714285714285714,0.5739130434782609,56.3517389819026,0.7555555555555555,0.4857142857142857,0.5913043478260869,41.52787599014118
0000116_01338_d_0000086.jpg,54,YOLOv13-X,YOLOv13-L,0,0.8461538461538461,0.4074074074074074,0.5499999999999999,44.65794994030148,0.8,0.4444444444444444,0.5714285714285714,0.6153846153846154,0.2962962962962963,0.4,19.816339947283268,0.6428571428571429,0.3333333333333333,0.43902439024390244,34.35815597185865,0.8,0.4444444444444444,0.5714285714285714,34.84738600673154,0.8461538461538461,0.4074074074074074,0.5499999999999999,60.01698796171695
0000117_00112_d_0000087.jpg,129,YOLOv13-L,YOLOv13-L,1,0.8513513513513513,0.4883720930232558,0.6206896551724138,62.7254499704577,0.8513513513513513,0.4883720930232558,0.6206896551724138,0.6417910447761194,0.3333333333333333,0.43877551020408156,25.42815898777917,0.7903225806451613,0.3798449612403101,0.5130890052356021,20.779523998498917,0.8513513513513513,0.4883720930232558,0.6206896551724138,58.46781498985365,0.8051948051948052,0.4806201550387597,0.6019417475728156,30.005771026480943
0000117_01326_d_0000088.jpg,62,YOLOv13-X,YOLOv13-L,0,0.5,0.5967741935483871,0.5441176470588236,43.10337302740663,0.5217391304347826,0.5806451612903226,0.549618320610687,0.30985915492957744,0.3548387096774194,0.33082706766917297,20.086386997718364,0.3855421686746988,0.5161290322580645,0.4413793103448276,37.741586973425,0.5217391304347826,0.5806451612903226,0.549618320610687,34.527126990724355,0.5,0.5967741935483871,0.5441176470588236,31.1805039527826
0000117_01731_d_0000089.jpg,47,YOLOv13-X,YOLOv13-S,0,0.6271186440677966,0.7872340425531915,0.6981132075471698,64.24313003662974,0.7333333333333333,0.7021276595744681,0.7173913043478262,0.5833333333333334,0.5957446808510638,0.5894736842105263,33.40033401036635,0.7333333333333333,0.7021276595744681,0.7173913043478262,17.900541017297655,0.5925925925925926,0.6808510638297872,0.6336633663366336,31.525443017017096,0.6271186440677966,0.7872340425531915,0.6981132075471698,31.93131397711113
0000117_02708_d_0000090.jpg,100,YOLOv13-X,YOLOv13-X,1,0.6511627906976745,0.56,0.6021505376344087,48.473835980985314,0.6511627906976745,0.56,0.6021505376344087,0.5535714285714286,0.31,0.3974358974358974,21.65354398312047,0.5970149253731343,0.4,0.47904191616766467,22.094345011282712,0.6455696202531646,0.51,0.5698324022346368,30.779841996263713,0.6511627906976745,0.56,0.6021505376344087,58.146443974692374
0000117_03096_d_0000091.jpg,24,YOLOv13-X,YOLOv13-S,0,0.25274725274725274,0.9583333333333334,0.39999999999999997,48.51097794016823,0.29850746268656714,0.8333333333333334,0.4395604395604395,0.2638888888888889,0.7916666666666666,0.3958333333333333,21.80850994773209,0.29850746268656714,0.8333333333333334,0.4395604395604395,20.26714396197349,0.22580645161290322,0.875,0.358974358974359,30.987420992460102,0.25274725274725274,0.9583333333333334,0.39999999999999997,31.942890025675297
0000129_02411_d_0000138.jpg,186,YOLOv13-L,YOLOv13-L,1,0.9186991869918699,0.6075268817204301,0.7313915857605178,61.31460895994678,0.9186991869918699,0.6075268817204301,0.7313915857605178,0.8211382113821138,0.543010752688172,0.6537216828478963,26.891198998782784,0.8842975206611571,0.5752688172043011,0.6970684039087949,26.546905981376767,0.9186991869918699,0.6075268817204301,0.7313915857605178,36.30792198237032,0.9008264462809917,0.5860215053763441,0.7100977198697068,39.07752002123743
0000153_00001_d_0000001.jpg,55,YOLOv13-L,YOLOv13-L,1,0.8181818181818182,0.4909090909090909,0.6136363636363636,59.250748017802835,0.8181818181818182,0.4909090909090909,0.6136363636363636,0.7096774193548387,0.4,0.5116279069767441,29.574895976111293,0.8571428571428571,0.43636363636363634,0.5783132530120482,35.59767099795863,0.8181818181818182,0.4909090909090909,0.6136363636363636,44.418861041776836,0.7272727272727273,0.43636363636363634,0.5454545454545455,30.682348005939275
0000153_00401_d_0000001.jpg,59,YOLOv13-X,YOLOv13-X,1,0.6976744186046512,0.5084745762711864,0.5882352941176471,49.65945199364796,0.6976744186046512,0.5084745762711864,0.5882352941176471,0.5454545454545454,0.4067796610169492,0.46601941747572817,15.434113040100783,0.6923076923076923,0.4576271186440678,0.5510204081632654,18.291126005351543,0.6666666666666666,0.4406779661016949,0.5306122448979591,32.62879198882729,0.6976744186046512,0.5084745762711864,0.5882352941176471,59.76105201989412
0000153_00801_d_0000001.jpg,49,YOLOv13-X,YOLOv13-S,0,0.5,0.32653061224489793,0.39506172839506176,71.10166898928583,0.6153846153846154,0.32653061224489793,0.42666666666666664,0.5,0.22448979591836735,0.30985915492957744,40.78519897302613,0.6153846153846154,0.32653061224489793,0.42666666666666664,22.698007989674807,0.5,0.3469387755102041,0.4096385542168675,59.86165697686374,0.5,0.32653061224489793,0.39506172839506176,59.865526971407235
0000153_01201_d_0000001.jpg,59,YOLOv13-L,YOLOv13-X,0,0.5142857142857142,0.3050847457627119,0.38297872340425526,58.29330306733027,0.6551724137931034,0.3220338983050847,0.43181818181818177,0.6521739130434783,0.2542372881355932,0.36585365853658536,32.053937029559165,0.68,0.288135593220339,0.40476190476190477,23.709547996986657,0.5142857142857142,0.3050847457627119,0.38297872340425526,31.75107901915908,0.6551724137931034,0.3220338983050847,0.43181818181818177,28.55460497085005
0000153_01601_d_0000001.jpg,63,YOLOv13-L,YOLOv13-L,1,0.9259259259259259,0.3968253968253968,0.5555555555555555,36.229355027899146,0.9259259259259259,0.3968253968253968,0.5555555555555555,0.7142857142857143,0.31746031746031744,0.43956043956043955,17.816244042478502,0.75,0.2857142857142857,0.4137931034482759,29.42816901486367,0.9259259259259259,0.3968253968253968,0.5555555555555555,29.420550970826298,0.8888888888888888,0.38095238095238093,0.5333333333333333,29.633343976456672
0000153_01801_d_0000001.jpg,55,YOLOv13-L,YOLOv13-X,0,0.6551724137931034,0.34545454545454546,0.4523809523809524,44.481695047579706,0.6451612903225806,0.36363636363636365,0.4651162790697675,0.6153846153846154,0.2909090909090909,0.3950617283950617,21.995267015881836,0.6538461538461539,0.3090909090909091,0.41975308641975306,14.066784002352506,0.6551724137931034,0.34545454545454546,0.4523809523809524,26.799844985362142,0.6451612903225806,0.36363636363636365,0.4651162790697675,30.703347001690418
0000154_00001_d_0000001.jpg,51,YOLOv13-X,YOLOv13-X,1,0.6486486486486487,0.47058823529411764,0.5454545454545454,48.98248997051269,0.6486486486486487,0.47058823529411764,0.5454545454545454,0.6071428571428571,0.3333333333333333,0.430379746835443,20.86673496523872,0.5757575757575758,0.37254901960784315,0.45238095238095244,29.141891980543733,0.6,0.47058823529411764,0.5274725274725275,30.894955969415605,0.6486486486486487,0.47058823529411764,0.5454545454545454,28.087359969504178
0000154_00401_d_0000001.jpg,60,YOLOv13-X,YOLOv13-L,0,0.6470588235294118,0.36666666666666664,0.46808510638297873,55.70425797486678,0.696969696969697,0.38333333333333336,0.4946236559139786,0.5135135135135135,0.31666666666666665,0.39175257731958757,20.359200017992407,0.5675675675675675,0.35,0.43298969072164945,15.688623010646552,0.696969696969697,0.38333333333333336,0.4946236559139786,47.074478992726654,0.6470588235294118,0.36666666666666664,0.46808510638297873,55.81415898632258
0000154_00801_d_0000001.jpg,72,YOLOv13-X,YOLOv13-L,0,0.6666666666666666,0.3333333333333333,0.4444444444444444,44.47687801439315,0.625,0.3472222222222222,0.44642857142857145,0.6,0.25,0.35294117647058826,20.896091999020427,0.6388888888888888,0.3194444444444444,0.4259259259259259,20.426516013685614,0.625,0.3472222222222222,0.44642857142857145,37.6615030108951,0.6666666666666666,0.3333333333333333,0.4444444444444444,31.554867047816515
0000154_01201_d_0000001.jpg,81,YOLOv13-L,YOLOv13-L,1,0.7115384615384616,0.4567901234567901,0.5563909774436091,78.85409600567073,0.7115384615384616,0.4567901234567901,0.5563909774436091,0.6666666666666666,0.345679012345679,0.4552845528455284,40.24595202645287,0.775,0.38271604938271603,0.512396694214876,19.61772295180708,0.7115384615384616,0.4567901234567901,0.5563909774436091,27.96233003027737,0.6785714285714286,0.4691358024691358,0.5547445255474452,32.337761018425226
0000154_01601_d_0000001.jpg,101,YOLOv13-L,YOLOv13-X,0,0.7857142857142857,0.43564356435643564,0.5605095541401274,65.48001995543018,0.7894736842105263,0.44554455445544555,0.569620253164557,0.7083333333333334,0.33663366336633666,0.45637583892617456,33.19689998170361,0.7916666666666666,0.37623762376237624,0.5100671140939597,21.259258966892958,0.7857142857142857,0.43564356435643564,0.5605095541401274,31.07831400120631,0.7894736842105263,0.44554455445544555,0.569620253164557,30.20663099596277
0000154_02001_d_0000001.jpg,83,YOLOv13-X,YOLOv13-X,1,0.6619718309859155,0.5662650602409639,0.6103896103896105,41.10835801111534,0.6619718309859155,0.5662650602409639,0.6103896103896105,0.6226415094339622,0.39759036144578314,0.4852941176470588,15.210118028335273,0.6379310344827587,0.4457831325301205,0.524822695035461,19.199418951757252,0.618421052631579,0.5662650602409639,0.5911949685534591,31.027349003124982,0.6619718309859155,0.5662650602409639,0.6103896103896105,30.512438039295375
0000155_00001_d_0000001.jpg,97,YOLOv13-X,YOLOv13-X,1,0.676056338028169,0.4948453608247423,0.5714285714285714,43.92351699061692,0.676056338028169,0.4948453608247423,0.5714285714285714,0.6615384615384615,0.44329896907216493,0.5308641975308641,20.58151498204097,0.7413793103448276,0.44329896907216493,0.5548387096774193,40.74441804550588,0.6923076923076923,0.4639175257731959,0.5555555555555557,32.397556002251804,0.676056338028169,0.4948453608247423,0.5714285714285714,26.43674600403756
0000155_00401_d_0000001.jpg,122,YOLOv13-X,YOLOv13-L,0,0.7464788732394366,0.4344262295081967,0.5492227979274611,47.53261402947828,0.691358024691358,0.45901639344262296,0.5517241379310345,0.7058823529411765,0.39344262295081966,0.5052631578947367,19.6945010102354,0.671875,0.3524590163934426,0.46236559139784944,38.69595599826425,0.691358024691358,0.45901639344262296,0.5517241379310345,59.75663295248523,0.7464788732394366,0.4344262295081967,0.5492227979274611,44.382943015079945
0000155_00801_d_0000001.jpg,106,YOLOv13-X,YOLOv13-X,1,0.75,0.5660377358490566,0.6451612903225807,58.46192903118208,0.75,0.5660377358490566,0.6451612903225807,0.7076923076923077,0.4339622641509434,0.5380116959064327,32.509234035387635,0.7246376811594203,0.4716981132075472,0.5714285714285714,34.17096904013306,0.7195121951219512,0.5566037735849056,0.6276595744680851,57.833029015455395,0.75,0.5660377358490566,0.6451612903225807,30.431986029725522
0000155_01201_d_0000001.jpg,94,YOLOv13-X,YOLOv13-S,0,0.6349206349206349,0.425531914893617,0.5095541401273885,67.10990698775277,0.6949152542372882,0.43617021276595747,0.5359477124183007,0.68,0.3617021276595745,0.4722222222222222,38.50557096302509,0.6949152542372882,0.43617021276595747,0.5359477124183007,12.98836199566722,0.5285714285714286,0.39361702127659576,0.45121951219512196,42.564408970065415,0.6349206349206349,0.425531914893617,0.5095541401273885,31.07757499674335
0000155_01601_d_0000001.jpg,73,YOLOv13-X,YOLOv13-X,1,0.8387096774193549,0.7123287671232876,0.7703703703703705,64.3515859846957,0.8387096774193549,0.7123287671232876,0.7703703703703705,0.59375,0.5205479452054794,0.5547445255474454,21.419388009235263,0.8035714285714286,0.6164383561643836,0.6976744186046512,20.70940303383395,0.8275862068965517,0.6575342465753424,0.732824427480916,30.61064303619787,0.8387096774193549,0.7123287671232876,0.7703703703703705,31.1583110014908
0000155_01871_d_0000001.jpg,55,YOLOv13-L,YOLOv13-X,0,0.5217391304347826,0.43636363636363634,0.4752475247524752,50.245221063960344,0.6190476190476191,0.4727272727272727,0.5360824742268041,0.5128205128205128,0.36363636363636365,0.425531914893617,14.345827046781778,0.6153846153846154,0.43636363636363634,0.5106382978723405,15.210514015052468,0.5217391304347826,0.43636363636363634,0.4752475247524752,29.596520005725324,0.6190476190476191,0.4727272727272727,0.5360824742268041,30.170632991939783
0000162_00001_d_0000001.jpg,34,YOLOv13-L,YOLOv13-S,0,0.8214285714285714,0.6764705882352942,0.7419354838709677,67.44125596014783,0.9166666666666666,0.6470588235294118,0.7586206896551724,0.8695652173913043,0.5882352941176471,0.7017543859649124,21.538330998737365,0.9166666666666666,0.6470588235294118,0.7586206896551724,19.124061975162476,0.8214285714285714,0.6764705882352942,0.7419354838709677,30.933252011891454,0.8461538461538461,0.6470588235294118,0.7333333333333334,58.100213995203376
0000162_00401_d_0000001.jpg,45,YOLOv13-X,YOLOv13-X,1,0.6764705882352942,0.5111111111111111,0.5822784810126582,53.353243973106146,0.6764705882352942,0.5111111111111111,0.5822784810126582,0.7037037037037037,0.4222222222222222,0.5277777777777777,22.685548989102244,0.75,0.4666666666666667,0.5753424657534245,27.295030013192445,0.5789473684210527,0.4888888888888889,0.5301204819277109,54.51910098781809,0.6764705882352942,0.5111111111111111,0.5822784810126582,30.41882999241352
0000162_00801_d_0000001.jpg,30,YOLOv13-L,YOLOv13-L,1,0.6538461538461539,0.5666666666666667,0.6071428571428571,57.691183988936245,0.6538461538461539,0.5666666666666667,0.6071428571428571,0.45454545454545453,0.3333333333333333,0.3846153846153846,30.07626999169588,0.7142857142857143,0.5,0.588235294117647,13.350814988370985,0.6538461538461539,0.5666666666666667,0.6071428571428571,44.151815003715456,0.6296296296296297,0.5666666666666667,0.5964912280701755,58.23960597626865
0000162_01058_d_0000001.jpg,57,YOLOv13-L,YOLOv13-L,1,0.5769230769230769,0.2631578947368421,0.3614457831325302,74.87849501194432,0.5769230769230769,0.2631578947368421,0.3614457831325302,0.47058823529411764,0.14035087719298245,0.2162162162162162,31.278921000193805,0.5454545454545454,0.21052631578947367,0.3037974683544304,36.41404799418524,0.5769230769230769,0.2631578947368421,0.3614457831325302,41.83892102446407,0.5217391304347826,0.21052631578947367,0.3,30.382508994080126
0000163_00001_d_0000001.jpg,69,YOLOv13-X,YOLOv13-X,1,0.7948717948717948,0.4492753623188406,0.574074074074074,61.23642803868279,0.7948717948717948,0.4492753623188406,0.574074074074074,0.7631578947368421,0.42028985507246375,0.5420560747663552,31.034081999678165,0.75,0.43478260869565216,0.5504587155963303,39.77870102971792,0.7209302325581395,0.4492753623188406,0.5535714285714285,63.86275601107627,0.7948717948717948,0.4492753623188406,0.574074074074074,26.422264985740185
0000163_00359_d_0000001.jpg,54,YOLOv13-X,YOLOv13-X,1,0.8461538461538461,0.4074074074074074,0.5499999999999999,73.74557800358161,0.8461538461538461,0.4074074074074074,0.5499999999999999,0.8333333333333334,0.2777777777777778,0.4166666666666667,27.85696799401194,0.7727272727272727,0.3148148148148148,0.4473684210526316,27.430208981968462,0.9130434782608695,0.3888888888888889,0.5454545454545454,29.375616984907538,0.8461538461538461,0.4074074074074074,0.5499999999999999,29.91086704423651
0000165_04325_d_0000105.jpg,29,YOLOv13-X,YOLOv13-X,1,0.7083333333333334,0.5862068965517241,0.6415094339622641,65.35705603891984,0.7083333333333334,0.5862068965517241,0.6415094339622641,0.631578947368421,0.41379310344827586,0.5,23.093428986612707,0.7272727272727273,0.5517241379310345,0.6274509803921569,19.767593999858946,0.6818181818181818,0.5172413793103449,0.5882352941176471,51.509401004295796,0.7083333333333334,0.5862068965517241,0.6415094339622641,37.13888599304482
0000166_00558_d_0000118.jpg,71,YOLOv13-L,YOLOv13-L,1,0.56,0.39436619718309857,0.4628099173553719,81.5890230005607,0.56,0.39436619718309857,0.4628099173553719,0.5945945945945946,0.30985915492957744,0.40740740740740744,25.02031304175034,0.5277777777777778,0.2676056338028169,0.35514018691588783,41.038567025680095,0.56,0.39436619718309857,0.4628099173553719,60.83035102346912,0.5789473684210527,0.30985915492957744,0.40366972477064217,61.73696496989578
0000193_00000_d_0000103.jpg,63,YOLOv13-L,YOLOv13-L,1,0.7884615384615384,0.6507936507936508,0.7130434782608696,59.47371298680082,0.7884615384615384,0.6507936507936508,0.7130434782608696,0.8,0.4444444444444444,0.5714285714285714,27.780117990914732,0.8095238095238095,0.5396825396825397,0.6476190476190475,22.322055010590702,0.7884615384615384,0.6507936507936508,0.7130434782608696,27.364039968233556,0.7450980392156863,0.6031746031746031,0.6666666666666666,30.527097056619823
0000193_01497_d_0000111.jpg,87,YOLOv13-X,YOLOv13-X,1,0.5981308411214953,0.735632183908046,0.6597938144329896,48.48220001440495,0.5981308411214953,0.735632183908046,0.6597938144329896,0.5465116279069767,0.5402298850574713,0.5433526011560693,21.201195020694286,0.5529411764705883,0.5402298850574713,0.5465116279069768,21.102908009197563,0.6039603960396039,0.7011494252873564,0.648936170212766,58.65583004197106,0.5981308411214953,0.735632183908046,0.6597938144329896,46.173862006980926
0000193_01705_d_0000112.jpg,134,YOLOv13-X,YOLOv13-X,1,0.9066666666666666,0.5074626865671642,0.6507177033492824,69.31640603579581,0.9066666666666666,0.5074626865671642,0.6507177033492824,0.6986301369863014,0.3805970149253731,0.4927536231884058,37.49386902200058,0.7837837837837838,0.43283582089552236,0.5576923076923076,22.730708005838096,0.7888888888888889,0.5298507462686567,0.6339285714285714,30.464451003354043,0.9066666666666666,0.5074626865671642,0.6507177033492824,48.33480401430279
0000193_01876_d_0000113.jpg,107,YOLOv13-X,YOLOv13-X,1,0.765625,0.45794392523364486,0.5730994152046783,45.5677360878326,0.765625,0.45794392523364486,0.5730994152046783,0.75,0.3364485981308411,0.464516129032258,17.567336035426706,0.7017543859649122,0.37383177570093457,0.4878048780487805,17.832477984484285,0.7246376811594203,0.4672897196261682,0.5681818181818182,57.69743898417801,0.765625,0.45794392523364486,0.5730994152046783,20.276986004319042
0000193_02029_d_0000114.jpg,93,YOLOv13-X,YOLOv13-X,1,0.8028169014084507,0.6129032258064516,0.6951219512195121,62.829310016240925,0.8028169014084507,0.6129032258064516,0.6951219512195121,0.6785714285714286,0.40860215053763443,0.5100671140939598,34.829840005841106,0.8448275862068966,0.5268817204301075,0.6490066225165563,19.96626303298399,0.7936507936507936,0.5376344086021505,0.6410256410256411,61.996017990168184,0.8028169014084507,0.6129032258064516,0.6951219512195121,42.279842018615454
0000193_02212_d_0000115.jpg,78,YOLOv13-X,YOLOv13-L,0,0.42857142857142855,0.38461538461538464,0.4054054054054054,64.12998400628567,0.5185185185185185,0.358974358974359,0.42424242424242425,0.5142857142857142,0.23076923076923078,0.3185840707964602,39.110808982513845,0.46296296296296297,0.32051282051282054,0.37878787878787884,18.751625961158425,0.5185185185185185,0.358974358974359,0.42424242424242425,31.41142101958394,0.42857142857142855,0.38461538461538464,0.4054054054054054,25.10615298524499
0000193_02416_d_0000116.jpg,50,YOLOv13-L,YOLOv13-L,1,0.7878787878787878,0.52,0.6265060240963856,53.247104049660265,0.7878787878787878,0.52,0.6265060240963856,0.5714285714285714,0.24,0.33802816901408445,20.86671901633963,0.6071428571428571,0.34,0.43589743589743596,19.035978009924293,0.7878787878787878,0.52,0.6265060240963856,31.345635012257844,0.65625,0.42,0.5121951219512195,32.67832798883319
0000193_02606_d_0000117.jpg,49,YOLOv13-X,YOLOv13-L,0,0.7391304347826086,0.3469387755102041,0.4722222222222222,47.521512024104595,0.84,0.42857142857142855,0.5675675675675675,0.5333333333333333,0.16326530612244897,0.25,20.99175500916317,0.75,0.30612244897959184,0.43478260869565216,18.703371984884143,0.84,0.42857142857142855,0.5675675675675675,43.546433036681265,0.7391304347826086,0.3469387755102041,0.4722222222222222,46.39383201720193
0000193_02725_d_0000118.jpg,39,YOLOv13-L,YOLOv13-L,1,0.7241379310344828,0.5384615384615384,0.6176470588235294,46.46561300614849,0.7241379310344828,0.5384615384615384,0.6176470588235294,0.631578947368421,0.3076923076923077,0.41379310344827586,18.836092029232532,0.6956521739130435,0.41025641025641024,0.5161290322580646,29.177190037444234,0.7241379310344828,0.5384615384615384,0.6176470588235294,30.156589986290783,0.6206896551724138,0.46153846153846156,0.5294117647058824,51.03557801339775
0000194_00000_d_0000119.jpg,54,YOLOv13-X,YOLOv13-X,1,0.6944444444444444,0.46296296296296297,0.5555555555555555,42.136021016631275,0.6944444444444444,0.46296296296296297,0.5555555555555555,0.6666666666666666,0.2962962962962963,0.41025641025641024,21.51924802456051,0.7241379310344828,0.3888888888888889,0.5060240963855421,13.314634037669748,0.6285714285714286,0.4074074074074074,0.4943820224719101,25.71261301636696,0.6944444444444444,0.46296296296296297,0.5555555555555555,55.19934999756515
0000194_00200_d_0000120.jpg,76,YOLOv13-X,YOLOv13-X,1,0.640625,0.5394736842105263,0.5857142857142857,49.916058022063226,0.640625,0.5394736842105263,0.5857142857142857,0.6774193548387096,0.27631578947368424,0.39252336448598135,23.901854001451284,0.6071428571428571,0.4473684210526316,0.5151515151515151,21.030450996477157,0.6349206349206349,0.5263157894736842,0.5755395683453238,23.910549003630877,0.640625,0.5394736842105263,0.5857142857142857,31.50352498050779
0000194_00399_d_0000121.jpg,143,YOLOv13-L,YOLOv13-X,0,0.7244897959183674,0.4965034965034965,0.5892116182572615,59.648764960002154,0.8061224489795918,0.5524475524475524,0.6556016597510372,0.7088607594936709,0.3916083916083916,0.5045045045045046,20.437556959223002,0.7160493827160493,0.40559440559440557,0.5178571428571429,20.70173597894609,0.7244897959183674,0.4965034965034965,0.5892116182572615,31.054713996127248,0.8061224489795918,0.5524475524475524,0.6556016597510372,26.021841971669346
0000194_00625_d_0000122.jpg,83,YOLOv13-X,YOLOv13-L,0,0.7464788732394366,0.6385542168674698,0.6883116883116883,50.39280105847865,0.7857142857142857,0.6626506024096386,0.7189542483660131,0.7090909090909091,0.46987951807228917,0.5652173913043479,15.468695026356727,0.6865671641791045,0.5542168674698795,0.6133333333333333,19.9230260332115,0.7857142857142857,0.6626506024096386,0.7189542483660131,35.787659988272935,0.7464788732394366,0.6385542168674698,0.6883116883116883,29.317088017705828
0000194_00800_d_0000123.jpg,54,YOLOv13-L,YOLOv13-L,1,0.6097560975609756,0.46296296296296297,0.5263157894736843,54.36935095349327,0.6097560975609756,0.46296296296296297,0.5263157894736843,0.5666666666666667,0.3148148148148148,0.4047619047619047,20.848975982517004,0.47368421052631576,0.3333333333333333,0.391304347826087,29.598801978863776,0.6097560975609756,0.46296296296296297,0.5263157894736843,61.4909979631193,0.5952380952380952,0.46296296296296297,0.5208333333333334,31.93213901249692
0000194_00998_d_0000124.jpg,42,YOLOv13-L,YOLOv13-L,1,0.8888888888888888,0.5714285714285714,0.6956521739130435,43.183324043639004,0.8888888888888888,0.5714285714285714,0.6956521739130435,0.8,0.38095238095238093,0.5161290322580645,21.806234028190374,0.9047619047619048,0.4523809523809524,0.6031746031746031,20.45476099010557,0.8888888888888888,0.5714285714285714,0.6956521739130435,17.122724966611713,0.8076923076923077,0.5,0.6176470588235294,28.635487018618733
0000194_01192_d_0000125.jpg,23,YOLOv13-L,YOLOv13-X,0,0.5,0.6521739130434783,0.5660377358490566,62.19902797602117,0.6538461538461539,0.7391304347826086,0.693877551020408,0.45454545454545453,0.43478260869565216,0.4444444444444445,26.986835000570863,0.5454545454545454,0.5217391304347826,0.5333333333333332,17.894844990223646,0.5,0.6521739130434783,0.5660377358490566,30.214190017431974,0.6538461538461539,0.7391304347826086,0.693877551020408,52.39844799507409
0000196_04512_d_0000144.jpg,69,YOLOv13-L,YOLOv13-X,0,0.7333333333333333,0.3188405797101449,0.4444444444444444,64.58440801361576,0.8,0.34782608695652173,0.48484848484848486,0.5789473684210527,0.15942028985507245,0.24999999999999997,23.395662021357566,0.4642857142857143,0.18840579710144928,0.26804123711340205,24.068775004707277,0.7333333333333333,0.3188405797101449,0.4444444444444444,41.23474902007729,0.8,0.34782608695652173,0.48484848484848486,61.18587602395564
0000199_01269_d_0000166.jpg,16,YOLOv13-L,YOLOv13-S,0,0.6923076923076923,0.5625,0.6206896551724138,49.596389988437295,0.8461538461538461,0.6875,0.7586206896551724,0.6428571428571429,0.5625,0.6000000000000001,24.059082963503897,0.8461538461538461,0.6875,0.7586206896551724,27.595277002546936,0.6923076923076923,0.5625,0.6206896551724138,42.01647301670164,0.6875,0.6875,0.6875,51.52126698521897
0000213_02500_d_0000240.jpg,94,YOLOv13-X,YOLOv13-X,1,0.7959183673469388,0.4148936170212766,0.5454545454545454,66.73865200718865,0.7959183673469388,0.4148936170212766,0.5454545454545454,0.5813953488372093,0.26595744680851063,0.36496350364963503,41.10144899459556,0.6938775510204082,0.3617021276595745,0.47552447552447547,19.48807801818475,0.7450980392156863,0.40425531914893614,0.5241379310344827,39.00217200862244,0.7959183673469388,0.4148936170212766,0.5454545454545454,33.99735502898693
0000213_02965_d_0000241.jpg,94,YOLOv13-X,YOLOv13-X,1,0.6707317073170732,0.5851063829787234,0.6250000000000001,60.67909795092419,0.6707317073170732,0.5851063829787234,0.6250000000000001,0.5942028985507246,0.43617021276595747,0.5030674846625767,22.414009959902614,0.6447368421052632,0.5212765957446809,0.5764705882352941,33.55819400167093,0.6463414634146342,0.5638297872340425,0.6022727272727272,48.22030395735055,0.6707317073170732,0.5851063829787234,0.6250000000000001,54.45965699618682
0000213_03478_d_0000242.jpg,115,YOLOv13-X,YOLOv13-X,1,0.7553191489361702,0.6173913043478261,0.6794258373205742,51.867417991161346,0.7553191489361702,0.6173913043478261,0.6794258373205742,0.6344086021505376,0.5130434782608696,0.5673076923076923,28.481757966801524,0.6875,0.5739130434782609,0.6255924170616114,32.098322990350425,0.6764705882352942,0.6,0.6359447004608295,30.261286010500044,0.7553191489361702,0.6173913043478261,0.6794258373205742,56.06671399436891
0000213_03920_d_0000243.jpg,164,YOLOv13-L,YOLOv13-X,0,0.6153846153846154,0.5365853658536586,0.5732899022801303,60.030244931112975,0.7014925373134329,0.573170731707317,0.6308724832214765,0.6804123711340206,0.4024390243902439,0.5057471264367815,30.158694949932396,0.680672268907563,0.49390243902439024,0.5724381625441697,20.97139199031517,0.6153846153846154,0.5365853658536586,0.5732899022801303,32.83761901548132,0.7014925373134329,0.573170731707317,0.6308724832214765,31.459169986192137
0000213_04405_d_0000244.jpg,106,YOLOv13-L,YOLOv13-X,0,0.6666666666666666,0.5094339622641509,0.5775401069518716,51.40571796800941,0.7,0.5283018867924528,0.6021505376344085,0.711864406779661,0.39622641509433965,0.5090909090909091,21.853154990822077,0.684931506849315,0.4716981132075472,0.5586592178770949,23.17326597403735,0.6666666666666666,0.5094339622641509,0.5775401069518716,30.429803009610623,0.7,0.5283018867924528,0.6021505376344085,34.696610004175454
0000213_04998_d_0000245.jpg,137,YOLOv13-L,YOLOv13-L,1,0.7623762376237624,0.5620437956204379,0.6470588235294118,58.65915596950799,0.7623762376237624,0.5620437956204379,0.6470588235294118,0.6463414634146342,0.38686131386861317,0.48401826484018273,33.45256997272372,0.7078651685393258,0.45985401459854014,0.5575221238938053,28.22344098240137,0.7623762376237624,0.5620437956204379,0.6470588235294118,32.31305500958115,0.6896551724137931,0.583941605839416,0.6324110671936759,36.69738402822986
0000213_05340_d_0000246.jpg,138,YOLOv13-L,YOLOv13-X,0,0.7155963302752294,0.5652173913043478,0.631578947368421,77.39804196171463,0.7391304347826086,0.6159420289855072,0.6719367588932806,0.7205882352941176,0.35507246376811596,0.4757281553398059,42.31371998321265,0.7011494252873564,0.4420289855072464,0.5422222222222223,14.539539988618344,0.7155963302752294,0.5652173913043478,0.631578947368421,40.69061402697116,0.7391304347826086,0.6159420289855072,0.6719367588932806,53.34822699660435
0000213_05745_d_0000247.jpg,101,YOLOv13-L,YOLOv13-X,0,0.7865168539325843,0.693069306930693,0.736842105263158,61.035777907818556,0.8,0.7524752475247525,0.7755102040816327,0.8095238095238095,0.504950495049505,0.6219512195121951,21.205243945587426,0.7901234567901234,0.6336633663366337,0.7032967032967031,21.88671100884676,0.7865168539325843,0.693069306930693,0.736842105263158,39.65262300334871,0.8,0.7524752475247525,0.7755102040816327,63.09242098359391
0000215_00000_d_0000256.jpg,157,YOLOv13-X,YOLOv13-X,1,0.5494505494505495,0.3184713375796178,0.40322580645161293,64.80692495824769,0.5494505494505495,0.3184713375796178,0.40322580645161293,0.5285714285714286,0.2356687898089172,0.32599118942731276,27.045773982536048,0.625,0.28662420382165604,0.39301310043668125,22.373988991603255,0.5647058823529412,0.3057324840764331,0.39669421487603307,31.898243993055075,0.5494505494505495,0.3184713375796178,0.40322580645161293,62.00750300195068
0000215_00447_d_0000257.jpg,53,YOLOv13-X,YOLOv13-L,0,0.6557377049180327,0.7547169811320755,0.7017543859649122,41.25855100573972,0.6896551724137931,0.7547169811320755,0.7207207207207208,0.5909090909090909,0.7358490566037735,0.6554621848739496,15.145924990065396,0.5797101449275363,0.7547169811320755,0.6557377049180327,18.558000039774925,0.6896551724137931,0.7547169811320755,0.7207207207207208,61.2855110084638,0.6557377049180327,0.7547169811320755,0.7017543859649122,24.136908003129065
0000215_00909_d_0000258.jpg,93,YOLOv13-X,YOLOv13-L,0,0.78125,0.5376344086021505,0.6369426751592356,79.2327540111728,0.803030303030303,0.5698924731182796,0.6666666666666666,0.6575342465753424,0.5161290322580645,0.5783132530120482,42.6932800328359,0.7575757575757576,0.5376344086021505,0.6289308176100629,19.690177985467017,0.803030303030303,0.5698924731182796,0.6666666666666666,63.08788794558495,0.78125,0.5376344086021505,0.6369426751592356,31.841332965996116
0000215_01395_d_0000259.jpg,56,YOLOv13-L,YOLOv13-X,0,0.75,0.8035714285714286,0.7758620689655172,51.53089895611629,0.7666666666666667,0.8214285714285714,0.793103448275862,0.7457627118644068,0.7857142857142857,0.7652173913043477,23.12976896064356,0.7586206896551724,0.7857142857142857,0.7719298245614034,13.659673044458032,0.75,0.8035714285714286,0.7758620689655172,30.446522985585034,0.7666666666666667,0.8214285714285714,0.793103448275862,42.43462398881093
0000215_01869_d_0000260.jpg,78,YOLOv13-X,YOLOv13-L,0,0.75,0.6153846153846154,0.676056338028169,55.79156999010593,0.7903225806451613,0.6282051282051282,0.7000000000000001,0.7115384615384616,0.47435897435897434,0.5692307692307692,14.430709008593112,0.6935483870967742,0.5512820512820513,0.6142857142857143,21.591422031633556,0.7903225806451613,0.6282051282051282,0.7000000000000001,28.90820801258087,0.75,0.6153846153846154,0.676056338028169,21.220940980128944
0000215_02319_d_0000261.jpg,107,YOLOv13-L,YOLOv13-X,0,0.7205882352941176,0.45794392523364486,0.5599999999999999,55.050996015779674,0.8032786885245902,0.45794392523364486,0.5833333333333334,0.7,0.3925233644859813,0.5029940119760479,21.264242008328438,0.7627118644067796,0.4205607476635514,0.5421686746987953,19.933634030167013,0.7205882352941176,0.45794392523364486,0.5599999999999999,56.247427011840045,0.8032786885245902,0.45794392523364486,0.5833333333333334,32.452040002681315
0000215_02667_d_0000262.jpg,83,YOLOv13-X,YOLOv13-X,1,0.6382978723404256,0.7228915662650602,0.6779661016949153,55.861554981675,0.6382978723404256,0.7228915662650602,0.6779661016949153,0.5975609756097561,0.5903614457831325,0.593939393939394,29.06663599424064,0.6625,0.6385542168674698,0.6503067484662576,17.780233989469707,0.6292134831460674,0.6746987951807228,0.6511627906976744,25.793125038035214,0.6382978723404256,0.7228915662650602,0.6779661016949153,55.857127998024225
0000215_02932_d_0000263.jpg,48,YOLOv13-L,YOLOv13-L,1,0.8222222222222222,0.7708333333333334,0.7956989247311829,61.979141959454864,0.8222222222222222,0.7708333333333334,0.7956989247311829,0.7837837837837838,0.6041666666666666,0.6823529411764706,40.47256096964702,0.868421052631579,0.6875,0.7674418604651162,30.63100401777774,0.8222222222222222,0.7708333333333334,0.7956989247311829,31.86108695808798,0.75,0.6875,0.717391304347826,45.073307992424816
0000215_03226_d_0000264.jpg,23,YOLOv13-L,YOLOv13-S,0,0.7727272727272727,0.7391304347826086,0.7555555555555555,70.8272599731572,0.8421052631578947,0.6956521739130435,0.761904761904762,0.5789473684210527,0.4782608695652174,0.5238095238095238,41.231721988879144,0.8421052631578947,0.6956521739130435,0.761904761904762,34.472493978682905,0.7727272727272727,0.7391304347826086,0.7555555555555555,29.63993203593418,0.7727272727272727,0.7391304347826086,0.7555555555555555,29.942777997348458
0000216_00520_d_0000001.jpg,109,YOLOv13-L,YOLOv13-X,0,0.8333333333333334,0.5045871559633027,0.6285714285714286,49.275670025963336,0.8028169014084507,0.5229357798165137,0.6333333333333333,0.78125,0.45871559633027525,0.5780346820809249,22.342063020914793,0.8153846153846154,0.48623853211009177,0.6091954022988506,26.15302795311436,0.8333333333333334,0.5045871559633027,0.6285714285714286,45.09216302540153,0.8028169014084507,0.5229357798165137,0.6333333333333333,46.4813060243614
0000220_01242_d_0000004.jpg,37,YOLOv13-X,YOLOv13-X,1,0.7619047619047619,0.43243243243243246,0.5517241379310345,68.58646200271323,0.7619047619047619,0.43243243243243246,0.5517241379310345,0.8666666666666667,0.35135135135135137,0.5000000000000001,43.996984022669494,0.7058823529411765,0.32432432432432434,0.44444444444444453,16.480040969327092,0.75,0.40540540540540543,0.5263157894736842,32.84763899864629,0.7619047619047619,0.43243243243243246,0.5517241379310345,60.51067099906504
0000223_01802_d_0000005.jpg,64,YOLOv13-X,YOLOv13-L,0,0.8372093023255814,0.5625,0.6728971962616822,61.251007951796055,0.8604651162790697,0.578125,0.6915887850467289,0.6216216216216216,0.359375,0.4554455445544554,26.17576200282201,0.7619047619047619,0.5,0.6037735849056604,22.936680994462222,0.8604651162790697,0.578125,0.6915887850467289,30.79007804626599,0.8372093023255814,0.5625,0.6728971962616822,63.733677030541
0000237_00001_d_0000001.jpg,15,YOLOv13-L,YOLOv13-X,0,0.625,0.3333333333333333,0.43478260869565216,77.72676000604406,0.8571428571428571,0.4,0.5454545454545455,0.8333333333333334,0.3333333333333333,0.47619047619047616,30.861823994200677,0.6666666666666666,0.26666666666666666,0.3809523809523809,18.10764701804146,0.625,0.3333333333333333,0.43478260869565216,37.05511096632108,0.8571428571428571,0.4,0.5454545454545455,29.119045997504145
0000242_00001_d_0000001.jpg,42,YOLOv13-L,YOLOv13-X,0,0.75,0.6428571428571429,0.6923076923076924,59.251457976642996,0.8125,0.6190476190476191,0.7027027027027026,0.6538461538461539,0.40476190476190477,0.5,17.39462499972433,0.7857142857142857,0.5238095238095238,0.6285714285714286,20.90268797473982,0.75,0.6428571428571429,0.6923076923076924,24.75347399013117,0.8125,0.6190476190476191,0.7027027027027026,27.09650999167934
0000242_00500_d_0000002.jpg,53,YOLOv13-L,YOLOv13-X,0,0.7647058823529411,0.49056603773584906,0.5977011494252874,63.135599019005895,0.7878787878787878,0.49056603773584906,0.6046511627906975,0.7272727272727273,0.3018867924528302,0.4266666666666667,31.606303004082292,0.6875,0.41509433962264153,0.5176470588235295,18.661877023987472,0.7647058823529411,0.49056603773584906,0.5977011494252874,33.64781499840319,0.7878787878787878,0.49056603773584906,0.6046511627906975,35.562684992328286
0000242_00627_d_0000003.jpg,45,YOLOv13-L,YOLOv13-X,0,0.7741935483870968,0.5333333333333333,0.631578947368421,47.80177993234247,0.8181818181818182,0.6,0.6923076923076923,0.8,0.4444444444444444,0.5714285714285714,20.574050955474377,0.696969696969697,0.5111111111111111,0.5897435897435898,37.643314979504794,0.7741935483870968,0.5333333333333333,0.631578947368421,43.59278595075011,0.8181818181818182,0.6,0.6923076923076923,31.388495990540832
0000242_00843_d_0000004.jpg,2,YOLOv13-N,YOLOv13-X,0,0.6666666666666666,1.0,0.8,20.197533012833446,1.0,1.0,1.0,0.6666666666666666,1.0,0.8,20.197533012833446,0.6666666666666666,1.0,0.8,16.433954995591193,0.6666666666666666,1.0,0.8,24.99509701738134,1.0,1.0,1.0,28.487292991485447
0000242_00963_d_0000005.jpg,13,YOLOv13-S,YOLOv13-L,0,0.45454545454545453,0.38461538461538464,0.41666666666666663,57.39840108435601,0.5833333333333334,0.5384615384615384,0.5599999999999999,0.6666666666666666,0.46153846153846156,0.5454545454545455,21.524088049773127,0.45454545454545453,0.38461538461538464,0.41666666666666663,38.0344070144929,0.5833333333333334,0.5384615384615384,0.5599999999999999,44.89029600517824,0.5384615384615384,0.5384615384615384,0.5384615384615384,31.353285012301058
0000242_01139_d_0000006.jpg,72,YOLOv13-X,YOLOv13-X,1,0.7291666666666666,0.4861111111111111,0.5833333333333334,72.27241399232298,0.7291666666666666,0.4861111111111111,0.5833333333333334,0.627906976744186,0.375,0.46956521739130436,35.60032299719751,0.7435897435897436,0.4027777777777778,0.5225225225225226,25.35020199138671,0.66,0.4583333333333333,0.540983606557377,29.22683401266113,0.7291666666666666,0.4861111111111111,0.5833333333333334,28.161339985672385
0000242_01475_d_0000007.jpg,65,YOLOv13-L,YOLOv13-L,1,0.8771929824561403,0.7692307692307693,0.819672131147541,62.06466304138303,0.8771929824561403,0.7692307692307693,0.819672131147541,0.803921568627451,0.6307692307692307,0.7068965517241379,30.37134400801733,0.8070175438596491,0.7076923076923077,0.7540983606557378,16.470187983941287,0.8771929824561403,0.7692307692307693,0.819672131147541,43.513462995179,0.85,0.7846153846153846,0.816,50.65364600159228
0000242_01912_d_0000008.jpg,50,YOLOv13-X,YOLOv13-L,0,0.9130434782608695,0.42,0.5753424657534246,59.27738395985216,0.9565217391304348,0.44,0.6027397260273973,0.782608695652174,0.36,0.4931506849315068,20.890739979222417,0.8260869565217391,0.38,0.5205479452054794,35.156134981662035,0.9565217391304348,0.44,0.6027397260273973,43.69708901504055,0.9130434782608695,0.42,0.5753424657534246,29.541458003222942
0000242_02400_d_0000009.jpg,34,YOLOv13-L,YOLOv13-L,1,0.8333333333333334,0.7352941176470589,0.78125,44.55323802540079,0.8333333333333334,0.7352941176470589,0.78125,0.75,0.5294117647058824,0.6206896551724139,26.35313104838133,0.8,0.7058823529411765,0.7500000000000001,32.39664598368108,0.8333333333333334,0.7352941176470589,0.78125,32.89194998797029,0.7878787878787878,0.7647058823529411,0.7761194029850745,36.58616100437939
0000242_02762_d_0000010.jpg,33,YOLOv13-L,YOLOv13-S,0,0.875,0.8484848484848485,0.8615384615384615,60.02052500844002,0.9310344827586207,0.8181818181818182,0.8709677419354839,0.8571428571428571,0.7272727272727273,0.7868852459016394,29.079843021463603,0.9310344827586207,0.8181818181818182,0.8709677419354839,29.086168971844018,0.875,0.8484848484848485,0.8615384615384615,42.47849603416398,0.875,0.8484848484848485,0.8615384615384615,34.13906798232347
0000242_03199_d_0000011.jpg,9,YOLOv13-L,YOLOv13-L,1,1.0,0.8888888888888888,0.9411764705882353,62.21956800436601,1.0,0.8888888888888888,0.9411764705882353,0.7,0.7777777777777778,0.7368421052631577,21.120113029610366,1.0,0.7777777777777778,0.8750000000000001,16.929463017731905,1.0,0.8888888888888888,0.9411764705882353,28.665999008808285,1.0,0.8888888888888888,0.9411764705882353,36.648775974754244
0000242_03668_d_0000012.jpg,41,YOLOv13-L,YOLOv13-X,0,0.7777777777777778,0.5121951219512195,0.6176470588235294,70.25952893309295,0.7857142857142857,0.5365853658536586,0.6376811594202899,0.85,0.4146341463414634,0.5573770491803278,40.0749109685421,0.8333333333333334,0.4878048780487805,0.6153846153846153,35.85055796429515,0.7777777777777778,0.5121951219512195,0.6176470588235294,24.807484005577862,0.7857142857142857,0.5365853658536586,0.6376811594202899,19.962063990533352
0000242_04116_d_0000013.jpg,8,YOLOv13-L,YOLOv13-X,0,0.5714285714285714,0.5,0.5333333333333333,71.78430102067068,0.8333333333333334,0.625,0.7142857142857143,0.5714285714285714,0.5,0.5333333333333333,41.91072302637622,0.5,0.375,0.42857142857142855,21.614593046251684,0.5714285714285714,0.5,0.5333333333333333,60.62211497919634,0.8333333333333334,0.625,0.7142857142857143,40.0408289860934
0000242_04600_d_0000014.jpg,29,YOLOv13-X,YOLOv13-S,0,0.6486486486486487,0.8275862068965517,0.7272727272727273,79.67170106712729,0.71875,0.7931034482758621,0.7540983606557378,0.6896551724137931,0.6896551724137931,0.6896551724137931,40.27552105253562,0.71875,0.7931034482758621,0.7540983606557378,31.985561014153063,0.6857142857142857,0.8275862068965517,0.75,27.584633033256978,0.6486486486486487,0.8275862068965517,0.7272727272727273,32.4633420095779
0000242_05059_d_0000015.jpg,37,YOLOv13-L,YOLOv13-L,1,0.875,0.3783783783783784,0.5283018867924528,59.66811499092728,0.875,0.3783783783783784,0.5283018867924528,0.75,0.24324324324324326,0.3673469387755103,31.112514960113913,0.8333333333333334,0.2702702702702703,0.4081632653061225,14.097430976107717,0.875,0.3783783783783784,0.5283018867924528,29.789888998493552,0.875,0.3783783783783784,0.5283018867924528,58.84980101836845
0000242_05570_d_0000016.jpg,32,YOLOv13-X,YOLOv13-L,0,0.8571428571428571,0.5625,0.6792452830188678,59.33091195765883,0.9,0.5625,0.6923076923076923,0.8235294117647058,0.4375,0.5714285714285714,30.192349979188293,0.7368421052631579,0.4375,0.5490196078431372,18.05847097421065,0.9,0.5625,0.6923076923076923,32.64816600130871,0.8571428571428571,0.5625,0.6792452830188678,27.770194981712848
0000242_06010_d_0000017.jpg,41,YOLOv13-N,YOLOv13-X,0,0.8571428571428571,0.14634146341463414,0.25,20.087795972358435,0.9,0.21951219512195122,0.3529411764705882,0.8571428571428571,0.14634146341463414,0.25,20.087795972358435,1.0,0.14634146341463414,0.2553191489361702,18.465030007064342,0.8,0.1951219512195122,0.3137254901960785,37.10682998644188,0.9,0.21951219512195122,0.3529411764705882,25.890577991958708
0000242_06452_d_0000018.jpg,12,YOLOv13-L,YOLOv13-X,0,0.6,0.5,0.5454545454545454,39.03126798104495,0.8,0.6666666666666666,0.7272727272727272,0.625,0.4166666666666667,0.5,20.282516023144126,0.7,0.5833333333333334,0.6363636363636365,17.850946984253824,0.6,0.5,0.5454545454545454,28.6104129627347,0.8,0.6666666666666666,0.7272727272727272,30.685022997204214
0000244_00001_d_0000001.jpg,46,YOLOv13-X,YOLOv13-X,1,0.717948717948718,0.6086956521739131,0.6588235294117647,46.405262022744864,0.717948717948718,0.6086956521739131,0.6588235294117647,0.7407407407407407,0.43478260869565216,0.5479452054794521,17.42571499198675,0.75,0.5217391304347826,0.6153846153846153,18.50550895323977,0.75,0.5869565217391305,0.6585365853658538,28.5656459745951,0.717948717948718,0.6086956521739131,0.6588235294117647,28.971394000109285
0000244_00500_d_0000002.jpg,32,YOLOv13-X,YOLOv13-L,0,0.4827586206896552,0.4375,0.4590163934426229,56.66838900651783,0.5384615384615384,0.4375,0.4827586206896552,0.5,0.34375,0.4074074074074074,20.193057018332183,0.5454545454545454,0.375,0.4444444444444444,25.578925968147814,0.5384615384615384,0.4375,0.4827586206896552,27.816137007903308,0.4827586206896552,0.4375,0.4590163934426229,31.480217003263533
0000244_01000_d_0000003.jpg,122,YOLOv13-X,YOLOv13-X,1,0.7111111111111111,0.26229508196721313,0.3832335329341318,48.93054405692965,0.7111111111111111,0.26229508196721313,0.3832335329341318,0.5945945945945946,0.18032786885245902,0.27672955974842767,18.337959016207606,0.6153846153846154,0.19672131147540983,0.2981366459627329,38.713158981408924,0.6363636363636364,0.22950819672131148,0.3373493975903614,32.789645018056035,0.7111111111111111,0.26229508196721313,0.3832335329341318,48.16918005235493
0000244_01500_d_0000004.jpg,96,YOLOv13-X,YOLOv13-X,1,0.7647058823529411,0.40625,0.5306122448979592,44.94524298934266,0.7647058823529411,0.40625,0.5306122448979592,0.47058823529411764,0.25,0.32653061224489793,17.911351984366775,0.6111111111111112,0.34375,0.44000000000000006,16.55433204723522,0.6666666666666666,0.4166666666666667,0.5128205128205129,30.607140972279012,0.7647058823529411,0.40625,0.5306122448979592,30.04280402092263
0000244_02000_d_0000005.jpg,129,YOLOv13-X,YOLOv13-L,0,0.6666666666666666,0.37209302325581395,0.4776119402985074,49.392627959605306,0.676056338028169,0.37209302325581395,0.48,0.6507936507936508,0.3178294573643411,0.42708333333333337,20.810272952076048,0.6025641025641025,0.3643410852713178,0.4541062801932367,40.825182979460806,0.676056338028169,0.37209302325581395,0.48,37.76933398330584,0.6666666666666666,0.37209302325581395,0.4776119402985074,43.67200401611626
0000244_02500_d_0000006.jpg,113,YOLOv13-X,YOLOv13-X,1,0.7571428571428571,0.4690265486725664,0.5792349726775956,59.488657978363335,0.7571428571428571,0.4690265486725664,0.5792349726775956,0.5614035087719298,0.2831858407079646,0.3764705882352941,27.17999799642712,0.5921052631578947,0.39823008849557523,0.47619047619047616,18.58269702643156,0.734375,0.415929203539823,0.5310734463276836,30.17104498576373,0.7571428571428571,0.4690265486725664,0.5792349726775956,31.71372995711863
0000244_03000_d_0000007.jpg,44,YOLOv13-L,YOLOv13-X,0,0.7307692307692307,0.4318181818181818,0.5428571428571428,45.768341049551964,0.8076923076923077,0.4772727272727273,0.6000000000000001,0.75,0.4090909090909091,0.5294117647058824,21.45259501412511,0.7083333333333334,0.38636363636363635,0.5,12.609195022378117,0.7307692307692307,0.4318181818181818,0.5428571428571428,40.71423498680815,0.8076923076923077,0.4772727272727273,0.6000000000000001,41.756050020921975
0000244_03500_d_0000008.jpg,146,YOLOv13-X,YOLOv13-L,0,0.6571428571428571,0.3150684931506849,0.4259259259259259,75.9517289698124,0.7627118644067796,0.3082191780821918,0.4390243902439025,0.6060606060606061,0.136986301369863,0.22346368715083798,40.94270896166563,0.6792452830188679,0.2465753424657534,0.36180904522613067,41.6379600064829,0.7627118644067796,0.3082191780821918,0.4390243902439025,30.777680047322065,0.6571428571428571,0.3150684931506849,0.4259259259259259,61.16436800220981
0000244_04000_d_0000009.jpg,56,YOLOv13-X,YOLOv13-S,0,0.3409090909090909,0.5357142857142857,0.41666666666666663,63.444542000070214,0.3493975903614458,0.5178571428571429,0.4172661870503598,0.32,0.42857142857142855,0.366412213740458,28.578680008649826,0.3493975903614458,0.5178571428571429,0.4172661870503598,39.089768019039184,0.29545454545454547,0.4642857142857143,0.36111111111111116,58.677436027210206,0.3409090909090909,0.5357142857142857,0.41666666666666663,55.78314600279555
0000244_04400_d_0000010.jpg,101,YOLOv13-X,YOLOv13-X,1,0.7126436781609196,0.6138613861386139,0.6595744680851064,76.09098602551967,0.7126436781609196,0.6138613861386139,0.6595744680851064,0.6666666666666666,0.45544554455445546,0.5411764705882353,40.71599303279072,0.6626506024096386,0.5445544554455446,0.5978260869565218,34.82078399974853,0.7108433734939759,0.5841584158415841,0.6413043478260868,61.76432594656944,0.7126436781609196,0.6138613861386139,0.6595744680851064,29.949421994388103
0000244_04900_d_0000011.jpg,106,YOLOv13-L,YOLOv13-X,0,0.8673469387755102,0.8018867924528302,0.8333333333333334,42.60685102781281,0.8842105263157894,0.7924528301886793,0.8358208955223881,0.7303370786516854,0.6132075471698113,0.6666666666666666,19.121265038847923,0.7551020408163265,0.6981132075471698,0.7254901960784315,21.238016022834927,0.8673469387755102,0.8018867924528302,0.8333333333333334,22.535488998983055,0.8842105263157894,0.7924528301886793,0.8358208955223881,46.89079598756507
0000244_05400_d_0000012.jpg,90,YOLOv13-X,YOLOv13-S,0,0.6805555555555556,0.5444444444444444,0.6049382716049382,46.70295602409169,0.7758620689655172,0.5,0.608108108108108,0.7551020408163265,0.4111111111111111,0.5323741007194244,11.828868999145925,0.7758620689655172,0.5,0.608108108108108,40.592262987047434,0.7014925373134329,0.5222222222222223,0.5987261146496816,58.20927495369688,0.6805555555555556,0.5444444444444444,0.6049382716049382,26.702094997745007
0000244_05900_d_0000013.jpg,66,YOLOv13-L,YOLOv13-X,0,0.7297297297297297,0.4090909090909091,0.5242718446601942,67.12772202445194,0.7142857142857143,0.45454545454545453,0.5555555555555556,0.75,0.36363636363636365,0.48979591836734687,40.34575301920995,0.7714285714285715,0.4090909090909091,0.5346534653465347,41.29750799620524,0.7297297297297297,0.4090909090909091,0.5242718446601942,31.686503964010626,0.7142857142857143,0.45454545454545453,0.5555555555555556,30.96086496952921
0000244_06388_d_0000014.jpg,46,YOLOv13-X,YOLOv13-X,1,0.8285714285714286,0.6304347826086957,0.7160493827160495,64.20406000688672,0.8285714285714286,0.6304347826086957,0.7160493827160495,0.7692307692307693,0.43478260869565216,0.5555555555555555,35.504213999956846,0.6785714285714286,0.41304347826086957,0.5135135135135135,12.890538026113063,0.7058823529411765,0.5217391304347826,0.6,29.422469960991293,0.8285714285714286,0.6304347826086957,0.7160493827160495,22.690228011924773
0000249_00001_d_0000001.jpg,80,YOLOv13-X,YOLOv13-X,1,0.8444444444444444,0.475,0.608,52.45592095889151,0.8444444444444444,0.475,0.608,0.7441860465116279,0.4,0.5203252032520326,23.590434982907027,0.723404255319149,0.425,0.5354330708661418,38.94591104472056,0.7346938775510204,0.45,0.5581395348837209,23.400343023240566,0.8444444444444444,0.475,0.608,37.93032298563048
0000249_00235_d_0000002.jpg,85,YOLOv13-L,YOLOv13-X,0,0.64,0.3764705882352941,0.47407407407407404,70.50972705474123,0.66,0.38823529411764707,0.4888888888888889,0.5813953488372093,0.29411764705882354,0.39062500000000006,40.3322740457952,0.625,0.35294117647058826,0.4511278195488722,19.577101978939027,0.64,0.3764705882352941,0.47407407407407404,19.52621800592169,0.66,0.38823529411764707,0.4888888888888889,51.890878996346146
0000249_00603_d_0000003.jpg,48,YOLOv13-L,YOLOv13-X,0,0.6666666666666666,0.3333333333333333,0.4444444444444444,52.95651196502149,0.7391304347826086,0.3541666666666667,0.4788732394366197,0.6190476190476191,0.2708333333333333,0.37681159420289856,20.529236004222184,0.5833333333333334,0.2916666666666667,0.38888888888888895,33.77959900535643,0.6666666666666666,0.3333333333333333,0.4444444444444444,62.01486400095746,0.7391304347826086,0.3541666666666667,0.4788732394366197,29.262735974043608
0000249_01100_d_0000004.jpg,27,YOLOv13-X,YOLOv13-X,1,0.6875,0.8148148148148148,0.7457627118644067,58.15994198201224,0.6875,0.8148148148148148,0.7457627118644067,0.6956521739130435,0.5925925925925926,0.6399999999999999,25.43509198585525,0.6206896551724138,0.6666666666666666,0.6428571428571429,13.660826021805406,0.6129032258064516,0.7037037037037037,0.6551724137931035,41.99144302401692,0.6875,0.8148148148148148,0.7457627118644067,39.46166596142575
0000249_01514_d_0000005.jpg,51,YOLOv13-L,YOLOv13-S,0,0.8333333333333334,0.6862745098039216,0.7526881720430109,67.82815500628203,0.8536585365853658,0.6862745098039216,0.7608695652173912,0.84375,0.5294117647058824,0.6506024096385543,37.08499000640586,0.8536585365853658,0.6862745098039216,0.7608695652173912,20.75757400598377,0.8333333333333334,0.6862745098039216,0.7526881720430109,33.20407296996564,0.8292682926829268,0.6666666666666666,0.7391304347826086,32.44238795014098
0000249_01635_d_0000006.jpg,80,YOLOv13-X,YOLOv13-L,0,0.7727272727272727,0.425,0.5483870967741935,49.91976701421663,0.8372093023255814,0.45,0.5853658536585366,0.75,0.3375,0.46551724137931044,19.46085802046582,0.8048780487804879,0.4125,0.5454545454545455,16.740179038606584,0.8372093023255814,0.45,0.5853658536585366,35.9045960358344,0.7727272727272727,0.425,0.5483870967741935,33.32049597520381
0000249_02073_d_0000007.jpg,67,YOLOv13-L,YOLOv13-S,0,0.8695652173913043,0.29850746268656714,0.4444444444444444,63.89021698851138,0.8076923076923077,0.31343283582089554,0.4516129032258065,0.7,0.208955223880597,0.3218390804597701,21.20459999423474,0.8076923076923077,0.31343283582089554,0.4516129032258065,25.680996011942625,0.8695652173913043,0.29850746268656714,0.4444444444444444,30.97184799844399,0.8333333333333334,0.29850746268656714,0.4395604395604395,24.97324999421835
0000249_02468_d_0000008.jpg,18,YOLOv13-L,YOLOv13-X,0,0.4375,0.3888888888888889,0.411764705882353,59.349939052481204,0.47368421052631576,0.5,0.4864864864864865,0.38461538461538464,0.2777777777777778,0.3225806451612903,21.186936006415635,0.4,0.3333333333333333,0.3636363636363636,28.16750103374943,0.4375,0.3888888888888889,0.411764705882353,29.41638301126659,0.47368421052631576,0.5,0.4864864864864865,31.781046011019498
0000249_02900_d_0000009.jpg,101,YOLOv13-X,YOLOv13-X,1,0.7727272727272727,0.504950495049505,0.6107784431137724,57.0734350476414,0.7727272727272727,0.504950495049505,0.6107784431137724,0.7272727272727273,0.39603960396039606,0.5128205128205128,20.972088037524372,0.6984126984126984,0.43564356435643564,0.5365853658536586,13.384214020334184,0.7246376811594203,0.49504950495049505,0.5882352941176471,62.72031698608771,0.7727272727272727,0.504950495049505,0.6107784431137724,51.362376019824296
0000249_03400_d_0000010.jpg,92,YOLOv13-X,YOLOv13-X,1,0.7848101265822784,0.6739130434782609,0.7251461988304092,64.15040296269581,0.7848101265822784,0.6739130434782609,0.7251461988304092,0.6428571428571429,0.4891304347826087,0.5555555555555556,30.530912976246327,0.6891891891891891,0.5543478260869565,0.6144578313253013,20.29782097088173,0.7560975609756098,0.6739130434782609,0.7126436781609194,62.47855501715094,0.7848101265822784,0.6739130434782609,0.7251461988304092,59.12468797760084
0000249_03900_d_0000011.jpg,85,YOLOv13-X,YOLOv13-X,1,0.7450980392156863,0.4470588235294118,0.5588235294117647,53.04058798355982,0.7450980392156863,0.4470588235294118,0.5588235294117647,0.6190476190476191,0.3058823529411765,0.40944881889763785,16.436426958534867,0.7619047619047619,0.3764705882352941,0.5039370078740157,26.14107500994578,0.782608695652174,0.4235294117647059,0.549618320610687,41.14020097767934,0.7450980392156863,0.4470588235294118,0.5588235294117647,47.05842101247981
0000253_00001_d_0000001.jpg,106,YOLOv13-L,YOLOv13-L,1,0.8235294117647058,0.7924528301886793,0.8076923076923077,64.94650698732585,0.8235294117647058,0.7924528301886793,0.8076923076923077,0.7835051546391752,0.7169811320754716,0.7487684729064039,19.95789399370551,0.7864077669902912,0.7641509433962265,0.7751196172248804,32.159492024220526,0.8235294117647058,0.7924528301886793,0.8076923076923077,60.35376398358494,0.7685185185185185,0.7830188679245284,0.7757009345794392,33.1531900446862
0000256_00715_d_0000019.jpg,90,YOLOv13-X,YOLOv13-X,1,0.7333333333333333,0.4888888888888889,0.5866666666666667,57.441502052824944,0.7333333333333333,0.4888888888888889,0.5866666666666667,0.5409836065573771,0.36666666666666664,0.4370860927152318,17.68537802854553,0.6833333333333333,0.45555555555555555,0.5466666666666666,32.668507017660886,0.6935483870967742,0.4777777777777778,0.5657894736842105,37.24820999195799,0.7333333333333333,0.4888888888888889,0.5866666666666667,36.35720699094236
0000256_02173_d_0000030.jpg,47,YOLOv13-L,YOLOv13-X,0,0.6470588235294118,0.46808510638297873,0.54320987654321,55.39367505116388,0.6578947368421053,0.5319148936170213,0.5882352941176471,0.6470588235294118,0.23404255319148937,0.34375,20.876862050499767,0.6,0.3191489361702128,0.4166666666666667,16.44770900020376,0.6470588235294118,0.46808510638297873,0.54320987654321,61.52723397826776,0.6578947368421053,0.5319148936170213,0.5882352941176471,39.36916799284518
0000263_02401_d_0000179.jpg,17,YOLOv13-N,YOLOv13-X,0,0.8666666666666667,0.7647058823529411,0.8125,24.28947400767356,0.8823529411764706,0.8823529411764706,0.8823529411764706,0.8666666666666667,0.7647058823529411,0.8125,24.28947400767356,0.8,0.7058823529411765,0.7500000000000001,17.081611033063382,0.8571428571428571,0.7058823529411765,0.7741935483870968,31.52495704125613,0.8823529411764706,0.8823529411764706,0.8823529411764706,41.84976004762575
0000269_00001_d_0000348.jpg,128,YOLOv13-X,YOLOv13-L,0,0.8135593220338984,0.375,0.5133689839572193,65.16505195759237,0.8032786885245902,0.3828125,0.5185185185185185,0.8,0.34375,0.48087431693989074,27.071363991126418,0.8113207547169812,0.3359375,0.4751381215469614,19.106055959127843,0.8032786885245902,0.3828125,0.5185185185185185,39.09263596870005,0.8135593220338984,0.375,0.5133689839572193,32.69380796700716
0000269_00201_d_0000349.jpg,47,YOLOv13-X,YOLOv13-X,1,0.640625,0.8723404255319149,0.7387387387387387,63.475570001173764,0.640625,0.8723404255319149,0.7387387387387387,0.5606060606060606,0.7872340425531915,0.6548672566371682,18.1353620137088,0.6129032258064516,0.8085106382978723,0.6972477064220183,30.194712977390736,0.5571428571428572,0.8297872340425532,0.6666666666666667,55.76354899676517,0.640625,0.8723404255319149,0.7387387387387387,43.736200022976846
0000269_00601_d_0000351.jpg,93,YOLOv13-X,YOLOv13-X,1,0.8405797101449275,0.6236559139784946,0.7160493827160493,61.56850198749453,0.8405797101449275,0.6236559139784946,0.7160493827160493,0.746031746031746,0.5053763440860215,0.6025641025641026,31.74617700278759,0.796875,0.5483870967741935,0.6496815286624203,31.08744096243754,0.7638888888888888,0.5913978494623656,0.6666666666666667,43.07366500142962,0.8405797101449275,0.6236559139784946,0.7160493827160493,22.143525013234466
0000271_00001_d_0000374.jpg,58,YOLOv13-L,YOLOv13-X,0,0.6724137931034483,0.6724137931034483,0.6724137931034483,57.49752500560135,0.7450980392156863,0.6551724137931034,0.6972477064220184,0.5333333333333333,0.41379310344827586,0.4660194174757281,21.64277998963371,0.7291666666666666,0.603448275862069,0.6603773584905661,40.34051799681038,0.6724137931034483,0.6724137931034483,0.6724137931034483,45.66363396588713,0.7450980392156863,0.6551724137931034,0.6972477064220184,33.007043006364256
0000271_00201_d_0000375.jpg,75,YOLOv13-X,YOLOv13-L,0,0.65,0.6933333333333334,0.670967741935484,78.72227497864515,0.6973684210526315,0.7066666666666667,0.7019867549668874,0.6031746031746031,0.5066666666666667,0.5507246376811594,36.853500991128385,0.7076923076923077,0.6133333333333333,0.657142857142857,40.248962002806365,0.6973684210526315,0.7066666666666667,0.7019867549668874,33.3071100176312,0.65,0.6933333333333334,0.670967741935484,46.327175048645586
0000271_00401_d_0000376.jpg,25,YOLOv13-X,YOLOv13-X,1,0.55,0.44,0.48888888888888893,65.2389689348638,0.55,0.44,0.48888888888888893,0.4583333333333333,0.44,0.4489795918367347,41.043964971322566,0.5238095238095238,0.44,0.4782608695652174,18.170843017287552,0.47368421052631576,0.36,0.40909090909090906,28.702180017717183,0.55,0.44,0.48888888888888893,33.28722098376602
0000271_00601_d_0000377.jpg,79,YOLOv13-X,YOLOv13-X,1,0.6764705882352942,0.5822784810126582,0.6258503401360545,74.87421197583899,0.6764705882352942,0.5822784810126582,0.6258503401360545,0.6491228070175439,0.46835443037974683,0.5441176470588235,24.11819400731474,0.625,0.5063291139240507,0.5594405594405595,21.63315302459523,0.6197183098591549,0.5569620253164557,0.5866666666666667,32.739498012233526,0.6764705882352942,0.5822784810126582,0.6258503401360545,30.175641004461795
0000271_00801_d_0000378.jpg,63,YOLOv13-L,YOLOv13-X,0,0.4861111111111111,0.5555555555555556,0.5185185185185186,61.77357299020514,0.4931506849315068,0.5714285714285714,0.5294117647058824,0.6170212765957447,0.4603174603174603,0.5272727272727272,21.173093002289534,0.49230769230769234,0.5079365079365079,0.5,27.34130498720333,0.4861111111111111,0.5555555555555556,0.5185185185185186,39.98537902953103,0.4931506849315068,0.5714285714285714,0.5294117647058824,32.4644889915362
0000271_01201_d_0000379.jpg,59,YOLOv13-X,YOLOv13-X,1,0.6727272727272727,0.6271186440677966,0.6491228070175439,58.813865936826915,0.6727272727272727,0.6271186440677966,0.6491228070175439,0.6153846153846154,0.4067796610169492,0.4897959183673469,21.742100943811238,0.5777777777777777,0.4406779661016949,0.5,38.4507299750112,0.6530612244897959,0.5423728813559322,0.5925925925925926,44.871727004647255,0.6727272727272727,0.6271186440677966,0.6491228070175439,43.059793999418616
0000271_01401_d_0000380.jpg,55,YOLOv13-X,YOLOv13-X,1,0.72,0.6545454545454545,0.6857142857142857,62.22667498514056,0.72,0.6545454545454545,0.6857142857142857,0.6818181818181818,0.5454545454545454,0.6060606060606061,22.607861959841102,0.7045454545454546,0.5636363636363636,0.6262626262626263,40.141618985217065,0.6666666666666666,0.6545454545454545,0.6605504587155963,34.62901897728443,0.72,0.6545454545454545,0.6857142857142857,32.159254944417626
0000271_01601_d_0000381.jpg,48,YOLOv13-L,YOLOv13-X,0,0.8,0.5833333333333334,0.674698795180723,80.98386402707547,0.7380952380952381,0.6458333333333334,0.6888888888888889,0.6666666666666666,0.375,0.4800000000000001,39.23886903794482,0.6111111111111112,0.4583333333333333,0.5238095238095238,16.804788960143924,0.8,0.5833333333333334,0.674698795180723,42.16294502839446,0.7380952380952381,0.6458333333333334,0.6888888888888889,31.11646801698953
0000271_02401_d_0000385.jpg,84,YOLOv13-X,YOLOv13-L,0,0.6607142857142857,0.44047619047619047,0.5285714285714285,54.14814600953832,0.75,0.42857142857142855,0.5454545454545454,0.5714285714285714,0.2857142857142857,0.38095238095238093,20.29533399036154,0.5625,0.32142857142857145,0.40909090909090917,20.785114029422402,0.75,0.42857142857142855,0.5454545454545454,30.45890905195847,0.6607142857142857,0.44047619047619047,0.5285714285714285,52.372182020917535
0000271_02601_d_0000386.jpg,79,YOLOv13-X,YOLOv13-L,0,0.703125,0.569620253164557,0.6293706293706295,67.97905202256516,0.734375,0.5949367088607594,0.6573426573426573,0.7307692307692307,0.4810126582278481,0.5801526717557252,39.367520017549396,0.7307692307692307,0.4810126582278481,0.5801526717557252,14.808940002694726,0.734375,0.5949367088607594,0.6573426573426573,33.42921001603827,0.703125,0.569620253164557,0.6293706293706295,30.317989003378898
0000271_03001_d_0000387.jpg,56,YOLOv13-X,YOLOv13-X,1,0.6415094339622641,0.6071428571428571,0.6238532110091742,64.23460505902767,0.6415094339622641,0.6071428571428571,0.6238532110091742,0.6578947368421053,0.44642857142857145,0.5319148936170213,37.67889103619382,0.6304347826086957,0.5178571428571429,0.5686274509803922,13.667521008756012,0.6037735849056604,0.5714285714285714,0.5871559633027522,36.194517044350505,0.6415094339622641,0.6071428571428571,0.6238532110091742,46.789178042672575
0000271_03801_d_0000391.jpg,57,YOLOv13-X,YOLOv13-L,0,0.673469387755102,0.5789473684210527,0.6226415094339622,78.10262899147347,0.7291666666666666,0.6140350877192983,0.6666666666666667,0.6,0.42105263157894735,0.4948453608247421,40.41052598040551,0.6136363636363636,0.47368421052631576,0.5346534653465346,17.49078999273479,0.7291666666666666,0.6140350877192983,0.6666666666666667,32.150525017641485,0.673469387755102,0.5789473684210527,0.6226415094339622,34.95810198364779
0000271_04401_d_0000394.jpg,86,YOLOv13-X,YOLOv13-X,1,0.8852459016393442,0.627906976744186,0.7346938775510204,62.04810703638941,0.8852459016393442,0.627906976744186,0.7346938775510204,0.7924528301886793,0.4883720930232558,0.60431654676259,18.51249602623284,0.8035714285714286,0.5232558139534884,0.6338028169014085,25.618082960136235,0.7611940298507462,0.5930232558139535,0.6666666666666667,31.946441042236984,0.8852459016393442,0.627906976744186,0.7346938775510204,34.780721995048225
0000271_04801_d_0000396.jpg,50,YOLOv13-X,YOLOv13-L,0,0.7058823529411765,0.48,0.5714285714285713,66.64830900263041,0.8,0.56,0.6588235294117648,0.7741935483870968,0.48,0.5925925925925926,21.611568983644247,0.8181818181818182,0.54,0.6506024096385542,16.988948977086693,0.8,0.56,0.6588235294117648,36.118505988270044,0.7058823529411765,0.48,0.5714285714285713,33.555697998963296
0000271_05001_d_0000397.jpg,90,YOLOv13-X,YOLOv13-L,0,0.6444444444444445,0.32222222222222224,0.42962962962962964,51.00810597650707,0.6595744680851063,0.34444444444444444,0.4525547445255474,0.5,0.18888888888888888,0.27419354838709675,21.546768955886364,0.525,0.23333333333333334,0.3230769230769231,34.371773013845086,0.6595744680851063,0.34444444444444444,0.4525547445255474,31.92050103098154,0.6444444444444445,0.32222222222222224,0.42962962962962964,45.26283696759492
0000271_05201_d_0000398.jpg,70,YOLOv13-X,YOLOv13-X,1,0.7794117647058824,0.7571428571428571,0.7681159420289856,47.77346004266292,0.7794117647058824,0.7571428571428571,0.7681159420289856,0.6666666666666666,0.5428571428571428,0.5984251968503936,25.466466031502932,0.71875,0.6571428571428571,0.6865671641791045,22.20724697690457,0.7936507936507936,0.7142857142857143,0.7518796992481204,52.50089097535238,0.7794117647058824,0.7571428571428571,0.7681159420289856,32.833329983986914
0000271_05401_d_0000399.jpg,71,YOLOv13-X,YOLOv13-X,1,0.7741935483870968,0.676056338028169,0.7218045112781956,66.02279399521649,0.7741935483870968,0.676056338028169,0.7218045112781956,0.74,0.5211267605633803,0.6115702479338843,24.971997016109526,0.7678571428571429,0.6056338028169014,0.6771653543307087,35.559443989768624,0.7833333333333333,0.6619718309859155,0.717557251908397,26.599876990076154,0.7741935483870968,0.676056338028169,0.7218045112781956,30.349422013387084
0000271_05601_d_0000400.jpg,86,YOLOv13-X,YOLOv13-X,1,0.8783783783783784,0.7558139534883721,0.8125,54.35400101123378,0.8783783783783784,0.7558139534883721,0.8125,0.7627118644067796,0.5232558139534884,0.6206896551724138,21.724636026192456,0.7733333333333333,0.6744186046511628,0.7204968944099379,21.096775017213076,0.8289473684210527,0.7325581395348837,0.7777777777777778,36.635709984693676,0.8783783783783784,0.7558139534883721,0.8125,28.615820046979934
0000271_05801_d_0000401.jpg,104,YOLOv13-X,YOLOv13-L,0,0.7843137254901961,0.7692307692307693,0.7766990291262137,68.62771499436349,0.8080808080808081,0.7692307692307693,0.7881773399014778,0.7790697674418605,0.6442307692307693,0.7052631578947369,21.482206997461617,0.7934782608695652,0.7019230769230769,0.7448979591836734,38.691818015649915,0.8080808080808081,0.7692307692307693,0.7881773399014778,31.70580801088363,0.7843137254901961,0.7692307692307693,0.7766990291262137,39.037588983774185
0000271_06001_d_0000402.jpg,158,YOLOv13-L,YOLOv13-X,0,0.9107142857142857,0.6455696202531646,0.7555555555555556,58.42371500330046,0.8833333333333333,0.6708860759493671,0.762589928057554,0.7931034482758621,0.5822784810126582,0.6715328467153284,21.47785999113694,0.7967479674796748,0.620253164556962,0.697508896797153,19.30540200555697,0.9107142857142857,0.6455696202531646,0.7555555555555556,26.590267021674663,0.8833333333333333,0.6708860759493671,0.762589928057554,30.868912988808006
0000271_06201_d_0000403.jpg,142,YOLOv13-X,YOLOv13-L,0,0.8015267175572519,0.7394366197183099,0.7692307692307692,58.87362395878881,0.7969924812030075,0.7464788732394366,0.7709090909090909,0.7478260869565218,0.6056338028169014,0.669260700389105,21.82252798229456,0.7723577235772358,0.6690140845070423,0.7169811320754719,36.63954802323133,0.7969924812030075,0.7464788732394366,0.7709090909090909,31.23377898009494,0.8015267175572519,0.7394366197183099,0.7692307692307692,28.15461700083688
0000271_06401_d_0000404.jpg,128,YOLOv13-X,YOLOv13-L,0,0.8613861386138614,0.6796875,0.759825327510917,51.43011105246842,0.8679245283018868,0.71875,0.7863247863247864,0.672566371681416,0.59375,0.6307053941908713,22.990524012129754,0.7692307692307693,0.625,0.6896551724137931,42.110798007342964,0.8679245283018868,0.71875,0.7863247863247864,23.062733002007008,0.8613861386138614,0.6796875,0.759825327510917,46.539780974853784
0000271_06601_d_0000405.jpg,105,YOLOv13-X,YOLOv13-L,0,0.900990099009901,0.8666666666666667,0.8834951456310681,68.21971002500504,0.93,0.8857142857142857,0.9073170731707316,0.7551020408163265,0.7047619047619048,0.7290640394088671,39.53459899639711,0.9042553191489362,0.8095238095238095,0.8542713567839195,21.704186976421624,0.93,0.8857142857142857,0.9073170731707316,30.53613699739799,0.900990099009901,0.8666666666666667,0.8834951456310681,33.95218902733177
0000271_06801_d_0000406.jpg,95,YOLOv13-L,YOLOv13-X,0,0.8170731707317073,0.7052631578947368,0.7570621468926554,75.1952970167622,0.8181818181818182,0.7578947368421053,0.7868852459016393,0.8289473684210527,0.6631578947368421,0.736842105263158,25.088844005949795,0.8048780487804879,0.6947368421052632,0.7457627118644067,21.81714598555118,0.8170731707317073,0.7052631578947368,0.7570621468926554,25.213442975655198,0.8181818181818182,0.7578947368421053,0.7868852459016393,28.94739795010537
0000271_07001_d_0000407.jpg,58,YOLOv13-L,YOLOv13-L,1,0.7073170731707317,0.5,0.5858585858585859,47.613778966479,0.7073170731707317,0.5,0.5858585858585859,0.6904761904761905,0.5,0.58,20.77928197104484,0.65,0.4482758620689655,0.5306122448979592,19.551294040866196,0.7073170731707317,0.5,0.5858585858585859,52.088463969994336,0.7,0.4827586206896552,0.5714285714285714,59.13617496844381
0000271_07201_d_0000408.jpg,25,YOLOv13-L,YOLOv13-S,0,0.6666666666666666,0.48,0.5581395348837209,70.42663800530136,0.9166666666666666,0.44,0.5945945945945945,0.75,0.48,0.5853658536585366,31.037077016662806,0.9166666666666666,0.44,0.5945945945945945,22.28123997338116,0.6666666666666666,0.48,0.5581395348837209,30.812972981948406,0.6875,0.44,0.5365853658536586,25.52914503030479
0000271_07401_d_0000409.jpg,42,YOLOv13-L,YOLOv13-S,0,0.7777777777777778,0.6666666666666666,0.717948717948718,83.56528100557625,0.9,0.6428571428571429,0.75,0.8064516129032258,0.5952380952380952,0.684931506849315,41.3846829906106,0.9,0.6428571428571429,0.75,41.66404699208215,0.7777777777777778,0.6666666666666666,0.717948717948718,58.0030019627884,0.8709677419354839,0.6428571428571429,0.7397260273972603,57.60804400779307
0000273_05601_d_0000466.jpg,32,YOLOv13-L,YOLOv13-X,0,0.6153846153846154,0.5,0.5517241379310345,73.7915959325619,0.7333333333333333,0.6875,0.7096774193548386,0.47619047619047616,0.3125,0.37735849056603776,37.613110966049135,0.6666666666666666,0.4375,0.5283018867924528,18.14689999446273,0.6153846153846154,0.5,0.5517241379310345,60.14443497406319,0.7333333333333333,0.6875,0.7096774193548386,26.468024007044733
0000276_00001_d_0000507.jpg,55,YOLOv13-X,YOLOv13-X,1,0.7027027027027027,0.4727272727272727,0.5652173913043479,98.4994390164502,0.7027027027027027,0.4727272727272727,0.5652173913043479,0.6285714285714286,0.4,0.488888888888889,41.91092599648982,0.6153846153846154,0.43636363636363634,0.5106382978723405,17.70917500834912,0.6341463414634146,0.4727272727272727,0.5416666666666666,29.97340599540621,0.7027027027027027,0.4727272727272727,0.5652173913043479,32.50655101146549
0000276_00401_d_0000509.jpg,62,YOLOv13-X,YOLOv13-X,1,0.8285714285714286,0.46774193548387094,0.5979381443298969,56.577906012535095,0.8285714285714286,0.46774193548387094,0.5979381443298969,0.7931034482758621,0.3709677419354839,0.5054945054945055,22.529600013513118,0.8,0.45161290322580644,0.577319587628866,18.291888991370797,0.75,0.3870967741935484,0.5106382978723403,33.32096996018663,0.8285714285714286,0.46774193548387094,0.5979381443298969,30.854993034154177
0000276_00601_d_0000510.jpg,37,YOLOv13-L,YOLOv13-L,1,0.8260869565217391,0.5135135135135135,0.6333333333333333,76.96641999064013,0.8260869565217391,0.5135135135135135,0.6333333333333333,0.8095238095238095,0.4594594594594595,0.5862068965517242,39.87379698082805,0.85,0.4594594594594595,0.5964912280701754,17.45701103936881,0.8260869565217391,0.5135135135135135,0.6333333333333333,31.20083501562476,0.75,0.4864864864864865,0.5901639344262296,33.91025302698836
0000276_01001_d_0000512.jpg,42,YOLOv13-L,YOLOv13-X,0,0.5909090909090909,0.30952380952380953,0.40625000000000006,61.36894499650225,0.7692307692307693,0.47619047619047616,0.588235294117647,0.7142857142857143,0.23809523809523808,0.35714285714285715,21.68363699456677,0.7647058823529411,0.30952380952380953,0.4406779661016949,39.47378997690976,0.5909090909090909,0.30952380952380953,0.40625000000000006,56.657060980796814,0.7692307692307693,0.47619047619047616,0.588235294117647,41.51696199551225
0000276_01201_d_0000513.jpg,29,YOLOv13-L,YOLOv13-X,0,0.6818181818181818,0.5172413793103449,0.5882352941176471,56.898952985648066,0.68,0.5862068965517241,0.6296296296296295,0.6666666666666666,0.3448275862068966,0.4545454545454545,21.375191980041564,0.7777777777777778,0.4827586206896552,0.5957446808510638,25.0443079858087,0.6818181818181818,0.5172413793103449,0.5882352941176471,33.910537022165954,0.68,0.5862068965517241,0.6296296296296295,42.83942899201065
0000276_01401_d_0000514.jpg,25,YOLOv13-L,YOLOv13-L,1,0.8333333333333334,0.4,0.5405405405405406,48.538568953517824,0.8333333333333334,0.4,0.5405405405405406,0.6666666666666666,0.24,0.3529411764705882,20.825716957915574,0.7272727272727273,0.32,0.4444444444444444,15.69870498497039,0.8333333333333334,0.4,0.5405405405405406,33.06534100556746,0.7142857142857143,0.4,0.5128205128205129,55.99754297873005
0000276_01801_d_0000516.jpg,21,YOLOv13-N,YOLOv13-N,1,0.7142857142857143,0.23809523809523808,0.35714285714285715,20.513376977760345,0.7142857142857143,0.23809523809523808,0.35714285714285715,0.7142857142857143,0.23809523809523808,0.35714285714285715,20.513376977760345,0.45454545454545453,0.23809523809523808,0.31249999999999994,18.496864999178797,0.45454545454545453,0.23809523809523808,0.31249999999999994,28.938991017639637,0.4444444444444444,0.19047619047619047,0.26666666666666666,26.32359997369349
0000276_02001_d_0000517.jpg,15,YOLOv13-L,YOLOv13-L,1,0.45454545454545453,0.3333333333333333,0.3846153846153846,48.58146299375221,0.45454545454545453,0.3333333333333333,0.3846153846153846,0.3333333333333333,0.2,0.25,22.06269296584651,0.3333333333333333,0.2,0.25,28.362007986288518,0.45454545454545453,0.3333333333333333,0.3846153846153846,39.194376033265144,0.45454545454545453,0.3333333333333333,0.3846153846153846,30.272320029325783
0000276_02201_d_0000518.jpg,41,YOLOv13-L,YOLOv13-X,0,1.0,0.43902439024390244,0.6101694915254238,46.03823699289933,0.9523809523809523,0.4878048780487805,0.6451612903225806,0.9333333333333333,0.34146341463414637,0.5,20.378743996843696,0.9444444444444444,0.4146341463414634,0.576271186440678,16.978639003355056,1.0,0.43902439024390244,0.6101694915254238,30.69981199223548,0.9523809523809523,0.4878048780487805,0.6451612903225806,26.02395898429677
0000276_02401_d_0000519.jpg,48,YOLOv13-L,YOLOv13-L,1,0.8421052631578947,0.3333333333333333,0.4776119402985075,81.93465898511931,0.8421052631578947,0.3333333333333333,0.4776119402985075,0.8461538461538461,0.22916666666666666,0.360655737704918,41.71609302284196,0.8333333333333334,0.20833333333333334,0.33333333333333337,21.83107298333198,0.8421052631578947,0.3333333333333333,0.4776119402985075,39.35340896714479,1.0,0.2916666666666667,0.45161290322580644,33.333404979202896
0000276_02601_d_0000520.jpg,32,YOLOv13-L,YOLOv13-S,0,0.7222222222222222,0.40625,0.52,52.15995491016656,0.7,0.4375,0.5384615384615384,0.631578947368421,0.375,0.47058823529411764,21.14134095609188,0.7,0.4375,0.5384615384615384,33.388252020813525,0.7222222222222222,0.40625,0.52,21.97717601666227,0.631578947368421,0.375,0.47058823529411764,26.65158099262044
0000276_02801_d_0000521.jpg,37,YOLOv13-L,YOLOv13-X,0,0.7142857142857143,0.40540540540540543,0.5172413793103449,53.47742303274572,0.8235294117647058,0.3783783783783784,0.5185185185185186,0.6666666666666666,0.21621621621621623,0.326530612244898,23.950860020704567,0.625,0.2702702702702703,0.3773584905660377,19.73129197722301,0.7142857142857143,0.40540540540540543,0.5172413793103449,44.99339300673455,0.8235294117647058,0.3783783783783784,0.5185185185185186,38.716335024219006
0000276_03001_d_0000522.jpg,38,YOLOv13-L,YOLOv13-L,1,0.8947368421052632,0.4473684210526316,0.5964912280701755,47.60035703657195,0.8947368421052632,0.4473684210526316,0.5964912280701755,0.7894736842105263,0.39473684210526316,0.5263157894736843,24.148458032868803,0.75,0.39473684210526316,0.5172413793103448,16.329603968188167,0.8947368421052632,0.4473684210526316,0.5964912280701755,35.54510104004294,0.7391304347826086,0.4473684210526316,0.5573770491803278,50.49450899241492
0000276_03201_d_0000523.jpg,60,YOLOv13-L,YOLOv13-X,0,0.5,0.21666666666666667,0.3023255813953488,48.96745696896687,0.5652173913043478,0.21666666666666667,0.3132530120481928,0.5555555555555556,0.16666666666666666,0.2564102564102564,20.343096985016018,0.4166666666666667,0.16666666666666666,0.23809523809523808,24.43840994965285,0.5,0.21666666666666667,0.3023255813953488,29.264791985042393,0.5652173913043478,0.21666666666666667,0.3132530120481928,32.88451500702649
0000276_03401_d_0000524.jpg,61,YOLOv13-L,YOLOv13-L,1,0.6666666666666666,0.36065573770491804,0.4680851063829787,53.736596019007266,0.6666666666666666,0.36065573770491804,0.4680851063829787,0.68,0.2786885245901639,0.3953488372093023,20.653863030020148,0.6785714285714286,0.3114754098360656,0.42696629213483145,36.78769699763507,0.6666666666666666,0.36065573770491804,0.4680851063829787,48.17573202308267,0.6666666666666666,0.32786885245901637,0.4395604395604395,60.28152699582279
0000276_03601_d_0000525.jpg,46,YOLOv13-X,YOLOv13-X,1,0.7368421052631579,0.6086956521739131,0.6666666666666666,70.73614705586806,0.7368421052631579,0.6086956521739131,0.6666666666666666,0.6363636363636364,0.45652173913043476,0.5316455696202532,40.746105019934475,0.78125,0.5434782608695652,0.641025641025641,19.27430700743571,0.6097560975609756,0.5434782608695652,0.5747126436781609,55.89064001105726,0.7368421052631579,0.6086956521739131,0.6666666666666666,60.77923596603796
0000276_03801_d_0000526.jpg,64,YOLOv13-X,YOLOv13-L,0,0.78,0.609375,0.6842105263157895,58.32326196832582,0.7735849056603774,0.640625,0.7008547008547009,0.7567567567567568,0.4375,0.5544554455445544,31.332361977547407,0.8125,0.40625,0.5416666666666666,19.334649958182126,0.7735849056603774,0.640625,0.7008547008547009,31.014422012958676,0.78,0.609375,0.6842105263157895,30.224126006942242
0000276_04001_d_0000527.jpg,54,YOLOv13-X,YOLOv13-X,1,0.6875,0.4074074074074074,0.5116279069767441,73.08814796851948,0.6875,0.4074074074074074,0.5116279069767441,0.46153846153846156,0.1111111111111111,0.17910447761194032,30.94292595051229,0.5925925925925926,0.2962962962962963,0.3950617283950617,36.809045006521046,0.68,0.3148148148148148,0.43037974683544306,53.74230502638966,0.6875,0.4074074074074074,0.5116279069767441,60.59664400527254
0000276_04201_d_0000528.jpg,59,YOLOv13-L,YOLOv13-X,0,0.8245614035087719,0.7966101694915254,0.8103448275862069,74.75612498819828,0.8867924528301887,0.7966101694915254,0.8392857142857143,0.6727272727272727,0.6271186440677966,0.6491228070175439,32.78810397023335,0.7833333333333333,0.7966101694915254,0.7899159663865546,21.705814986489713,0.8245614035087719,0.7966101694915254,0.8103448275862069,62.12388799758628,0.8867924528301887,0.7966101694915254,0.8392857142857143,30.53048299625516
0000276_04401_d_0000529.jpg,40,YOLOv13-L,YOLOv13-L,1,0.8571428571428571,0.9,0.8780487804878048,54.7331310226582,0.8571428571428571,0.9,0.8780487804878048,0.7111111111111111,0.8,0.7529411764705882,26.26364800380543,0.7727272727272727,0.85,0.8095238095238095,39.01235095690936,0.8571428571428571,0.9,0.8780487804878048,58.86027601081878,0.8536585365853658,0.875,0.8641975308641976,38.80634799133986
0000276_04601_d_0000530.jpg,10,YOLOv13-L,YOLOv13-L,1,0.6666666666666666,0.4,0.5,44.810693070758134,0.6666666666666666,0.4,0.5,0.6,0.3,0.4,20.330896019004285,0.5714285714285714,0.4,0.47058823529411764,37.67464199336246,0.6666666666666666,0.4,0.5,52.810091990977526,0.5714285714285714,0.4,0.47058823529411764,25.48460999969393
0000276_04801_d_0000531.jpg,10,YOLOv13-L,YOLOv13-S,0,0.7142857142857143,0.5,0.588235294117647,80.39787405868992,1.0,0.5,0.6666666666666666,0.8333333333333334,0.5,0.625,41.74825601512566,1.0,0.5,0.6666666666666666,21.824119961820543,0.7142857142857143,0.5,0.588235294117647,31.474359042476863,0.8333333333333334,0.5,0.625,30.377749004401267
0000276_05001_d_0000532.jpg,7,YOLOv13-L,YOLOv13-X,0,0.8571428571428571,0.8571428571428571,0.8571428571428571,87.5331120332703,1.0,1.0,1.0,1.0,0.7142857142857143,0.8333333333333333,41.571031033527106,1.0,0.7142857142857143,0.8333333333333333,26.798581995535642,0.8571428571428571,0.8571428571428571,0.8571428571428571,33.66850398015231,1.0,1.0,1.0,23.92981300363317
0000276_05201_d_0000533.jpg,6,YOLOv13-N,YOLOv13-X,0,0.8,0.6666666666666666,0.7272727272727272,24.63527797954157,0.8333333333333334,0.8333333333333334,0.8333333333333334,0.8,0.6666666666666666,0.7272727272727272,24.63527797954157,0.5,0.5,0.5,19.01092001935467,0.8,0.6666666666666666,0.7272727272727272,34.123723045922816,0.8333333333333334,0.8333333333333334,0.8333333333333334,30.027198023162782
0000276_05601_d_0000535.jpg,10,YOLOv13-L,YOLOv13-N,0,0.0,0.0,0.0,67.6537369727157,0.0,0.0,0.0,0.0,0.0,0.0,42.97251900425181,0.0,0.0,0.0,25.496644026134163,0.0,0.0,0.0,29.16373999323696,0.0,0.0,0.0,31.91714797867462
0000276_05801_d_0000536.jpg,7,YOLOv13-N,YOLOv13-L,0,1.0,0.14285714285714285,0.25,21.039084007497877,0.6666666666666666,0.5714285714285714,0.6153846153846153,1.0,0.14285714285714285,0.25,21.039084007497877,1.0,0.14285714285714285,0.25,14.44391900440678,0.6666666666666666,0.5714285714285714,0.6153846153846153,24.325225967913866,1.0,0.2857142857142857,0.4444444444444445,31.333021994214505
0000276_06001_d_0000537.jpg,14,YOLOv13-S,YOLOv13-L,0,0.625,0.35714285714285715,0.45454545454545453,45.56676198262721,0.8571428571428571,0.42857142857142855,0.5714285714285714,0.8,0.2857142857142857,0.4210526315789473,21.309793984983116,0.625,0.35714285714285715,0.45454545454545453,33.48987299250439,0.8571428571428571,0.42857142857142855,0.5714285714285714,25.837952038273215,0.8571428571428571,0.42857142857142855,0.5714285714285714,58.566070976667106
0000277_00001_d_0000539.jpg,85,YOLOv13-X,YOLOv13-X,1,0.6024096385542169,0.5882352941176471,0.5952380952380952,46.52960901148617,0.6024096385542169,0.5882352941176471,0.5952380952380952,0.4868421052631579,0.43529411764705883,0.45962732919254656,17.512857040856034,0.6081081081081081,0.5294117647058824,0.5660377358490566,20.1483559794724,0.5730337078651685,0.6,0.5862068965517241,33.376862993463874,0.6024096385542169,0.5882352941176471,0.5952380952380952,37.66229597385973
0000277_00201_d_0000540.jpg,83,YOLOv13-X,YOLOv13-L,0,0.6666666666666666,0.6024096385542169,0.6329113924050633,57.21619899850339,0.7101449275362319,0.5903614457831325,0.6447368421052632,0.7,0.5060240963855421,0.5874125874125874,20.88836900657043,0.6575342465753424,0.5783132530120482,0.6153846153846153,28.67484698072076,0.7101449275362319,0.5903614457831325,0.6447368421052632,48.17137896316126,0.6666666666666666,0.6024096385542169,0.6329113924050633,40.15618801349774
0000277_00401_d_0000541.jpg,117,YOLOv13-X,YOLOv13-X,1,0.7547169811320755,0.3418803418803419,0.47058823529411775,55.96111802151427,0.7547169811320755,0.3418803418803419,0.47058823529411775,0.6744186046511628,0.24786324786324787,0.3625,18.91120005166158,0.7446808510638298,0.29914529914529914,0.4268292682926829,17.90572697063908,0.6909090909090909,0.3247863247863248,0.44186046511627913,37.41868102224544,0.7547169811320755,0.3418803418803419,0.47058823529411775,36.29545000148937
0000277_01401_d_0000546.jpg,78,YOLOv13-X,YOLOv13-X,1,0.7301587301587301,0.5897435897435898,0.6524822695035462,57.36198101658374,0.7301587301587301,0.5897435897435898,0.6524822695035462,0.6607142857142857,0.47435897435897434,0.5522388059701493,33.743245992809534,0.578125,0.47435897435897434,0.5211267605633803,20.1306389644742,0.6615384615384615,0.5512820512820513,0.6013986013986014,31.345480994787067,0.7301587301587301,0.5897435897435898,0.6524822695035462,31.415587989613414
0000277_01601_d_0000547.jpg,78,YOLOv13-X,YOLOv13-X,1,0.7796610169491526,0.5897435897435898,0.6715328467153285,46.170072979293764,0.7796610169491526,0.5897435897435898,0.6715328467153285,0.6833333333333333,0.5256410256410257,0.5942028985507246,19.49469599639997,0.647887323943662,0.5897435897435898,0.6174496644295302,41.79929004749283,0.6865671641791045,0.5897435897435898,0.6344827586206897,48.673644952941686,0.7796610169491526,0.5897435897435898,0.6715328467153285,32.69518300658092
0000277_01801_d_0000548.jpg,101,YOLOv13-L,YOLOv13-X,0,0.647887323943662,0.45544554455445546,0.5348837209302326,67.07589904544875,0.676056338028169,0.4752475247524752,0.5581395348837209,0.578125,0.36633663366336633,0.4484848484848485,26.347185019403696,0.5555555555555556,0.3465346534653465,0.4268292682926829,21.284668997395784,0.647887323943662,0.45544554455445546,0.5348837209302326,32.01506700133905,0.676056338028169,0.4752475247524752,0.5581395348837209,30.854995013214648
0000277_02001_d_0000549.jpg,83,YOLOv13-L,YOLOv13-L,1,0.890625,0.6867469879518072,0.7755102040816326,72.31816503917798,0.890625,0.6867469879518072,0.7755102040816326,0.7666666666666667,0.5542168674698795,0.6433566433566433,41.66227503446862,0.8305084745762712,0.5903614457831325,0.6901408450704225,18.78576196031645,0.890625,0.6867469879518072,0.7755102040816326,31.62041201721877,0.8125,0.6265060240963856,0.7074829931972789,35.648906021378934
0000277_02201_d_0000550.jpg,68,YOLOv13-L,YOLOv13-X,0,0.7258064516129032,0.6617647058823529,0.6923076923076922,50.687634968198836,0.7833333333333333,0.6911764705882353,0.7343749999999999,0.7924528301886793,0.6176470588235294,0.6942148760330579,14.672755962237716,0.71875,0.6764705882352942,0.696969696969697,42.29304601904005,0.7258064516129032,0.6617647058823529,0.6923076923076922,38.23195997392759,0.7833333333333333,0.6911764705882353,0.7343749999999999,53.80407202756032
0000277_02401_d_0000551.jpg,90,YOLOv13-X,YOLOv13-S,0,0.6714285714285714,0.5222222222222223,0.5875,55.579548061359674,0.7384615384615385,0.5333333333333333,0.6193548387096774,0.7368421052631579,0.4666666666666667,0.5714285714285714,19.503809046000242,0.7384615384615385,0.5333333333333333,0.6193548387096774,30.97681503277272,0.6619718309859155,0.5222222222222223,0.5838509316770187,30.321153986733407,0.6714285714285714,0.5222222222222223,0.5875,29.078262974508107
0000277_02601_d_0000552.jpg,121,YOLOv13-X,YOLOv13-X,1,0.75,0.4214876033057851,0.5396825396825398,57.56468197796494,0.75,0.4214876033057851,0.5396825396825398,0.671875,0.35537190082644626,0.46486486486486484,20.657418994233012,0.6666666666666666,0.34710743801652894,0.45652173913043476,22.295850969385356,0.6578947368421053,0.4132231404958678,0.5076142131979696,42.889334028586745,0.75,0.4214876033057851,0.5396825396825398,25.460120989009738
0000277_03201_d_0000554.jpg,85,YOLOv13-X,YOLOv13-X,1,0.8076923076923077,0.49411764705882355,0.6131386861313869,66.51044596219435,0.8076923076923077,0.49411764705882355,0.6131386861313869,0.6326530612244898,0.36470588235294116,0.4626865671641791,35.19814496394247,0.74,0.43529411764705883,0.5481481481481482,22.823215986136347,0.7547169811320755,0.47058823529411764,0.5797101449275363,31.982149987015873,0.8076923076923077,0.49411764705882355,0.6131386861313869,31.75816696602851
0000277_03401_d_0000555.jpg,103,YOLOv13-X,YOLOv13-X,1,0.8620689655172413,0.4854368932038835,0.6211180124223602,47.664080979302526,0.8620689655172413,0.4854368932038835,0.6211180124223602,0.7142857142857143,0.4368932038834951,0.5421686746987951,21.17423200979829,0.7333333333333333,0.42718446601941745,0.5398773006134969,17.521583999041468,0.7794117647058824,0.5145631067961165,0.6198830409356724,59.00239199399948,0.8620689655172413,0.4854368932038835,0.6211180124223602,32.52496797358617
0000277_03601_d_0000556.jpg,59,YOLOv13-X,YOLOv13-X,1,0.746031746031746,0.7966101694915254,0.7704918032786885,50.78372196294367,0.746031746031746,0.7966101694915254,0.7704918032786885,0.625,0.6779661016949152,0.6504065040650406,20.289453968871385,0.6666666666666666,0.711864406779661,0.6885245901639344,30.29755799798295,0.7272727272727273,0.8135593220338984,0.768,30.544916982762516,0.746031746031746,0.7966101694915254,0.7704918032786885,34.57547101425007
0000277_04001_d_0000558.jpg,74,YOLOv13-X,YOLOv13-X,1,0.7761194029850746,0.7027027027027027,0.7375886524822697,57.01630801195279,0.7761194029850746,0.7027027027027027,0.7375886524822697,0.6716417910447762,0.6081081081081081,0.6382978723404256,28.583417006302625,0.6417910447761194,0.581081081081081,0.6099290780141844,20.26002499042079,0.7222222222222222,0.7027027027027027,0.7123287671232876,32.450626022182405,0.7761194029850746,0.7027027027027027,0.7375886524822697,31.361945962999016
0000277_04201_d_0000559.jpg,67,YOLOv13-L,YOLOv13-X,0,0.8,0.7164179104477612,0.7559055118110236,45.18128506606445,0.8620689655172413,0.746268656716418,0.7999999999999999,0.8085106382978723,0.5671641791044776,0.6666666666666666,22.823966050054878,0.7678571428571429,0.6417910447761194,0.6991869918699187,29.444187006447464,0.8,0.7164179104477612,0.7559055118110236,32.339879020582885,0.8620689655172413,0.746268656716418,0.7999999999999999,27.708273963071406
0000277_04401_d_0000560.jpg,70,YOLOv13-X,YOLOv13-X,1,0.8305084745762712,0.7,0.7596899224806201,49.886226013768464,0.8305084745762712,0.7,0.7596899224806201,0.7321428571428571,0.5857142857142857,0.6507936507936508,21.177901013288647,0.7454545454545455,0.5857142857142857,0.656,19.46789398789406,0.7540983606557377,0.6571428571428571,0.7022900763358779,34.49789801379666,0.8305084745762712,0.7,0.7596899224806201,30.405693978536874
0000277_04601_d_0000561.jpg,95,YOLOv13-X,YOLOv13-X,1,0.8,0.5894736842105263,0.6787878787878788,59.84782602172345,0.8,0.5894736842105263,0.6787878787878788,0.704225352112676,0.5263157894736842,0.6024096385542169,21.577681007329375,0.7424242424242424,0.5157894736842106,0.6086956521739131,21.020447020418942,0.7971014492753623,0.5789473684210527,0.6707317073170732,47.12689301231876,0.8,0.5894736842105263,0.6787878787878788,31.65012301178649
0000277_05001_d_0000562.jpg,97,YOLOv13-X,YOLOv13-X,1,0.7439024390243902,0.6288659793814433,0.6815642458100558,51.780036999844015,0.7439024390243902,0.6288659793814433,0.6815642458100558,0.7307692307692307,0.5876288659793815,0.6514285714285714,20.229213987477124,0.7671232876712328,0.5773195876288659,0.6588235294117646,42.66144800931215,0.725,0.5979381443298969,0.655367231638418,44.61494099814445,0.7439024390243902,0.6288659793814433,0.6815642458100558,59.78123395470902
0000280_00001_d_0000612.jpg,87,YOLOv13-X,YOLOv13-X,1,0.6986301369863014,0.5862068965517241,0.6375,54.912793973926455,0.6986301369863014,0.5862068965517241,0.6375,0.5833333333333334,0.40229885057471265,0.4761904761904762,21.033229015301913,0.676923076923077,0.5057471264367817,0.5789473684210527,18.18586903391406,0.6410256410256411,0.5747126436781609,0.6060606060606061,57.12023499654606,0.6986301369863014,0.5862068965517241,0.6375,30.92825401108712
0000280_00201_d_0000613.jpg,47,YOLOv13-X,YOLOv13-S,0,0.6274509803921569,0.6808510638297872,0.6530612244897959,49.49036298785359,0.6956521739130435,0.6808510638297872,0.6881720430107526,0.7297297297297297,0.574468085106383,0.6428571428571429,21.580673987045884,0.6956521739130435,0.6808510638297872,0.6881720430107526,26.78641997044906,0.625,0.6382978723404256,0.631578947368421,62.791475967969745,0.6274509803921569,0.6808510638297872,0.6530612244897959,32.49749797396362
0000280_00401_d_0000614.jpg,59,YOLOv13-L,YOLOv13-X,0,0.6274509803921569,0.5423728813559322,0.5818181818181818,67.4499289598316,0.6226415094339622,0.559322033898305,0.5892857142857142,0.5789473684210527,0.3728813559322034,0.45360824742268047,21.276707004290074,0.6756756756756757,0.423728813559322,0.5208333333333334,23.384073982015252,0.6274509803921569,0.5423728813559322,0.5818181818181818,57.95381002826616,0.6226415094339622,0.559322033898305,0.5892857142857142,29.344330017920583
0000280_00601_d_0000615.jpg,74,YOLOv13-X,YOLOv13-L,0,0.6739130434782609,0.4189189189189189,0.5166666666666667,46.56442697159946,0.7380952380952381,0.4189189189189189,0.5344827586206897,0.7931034482758621,0.3108108108108108,0.44660194174757284,21.182344993576407,0.8484848484848485,0.3783783783783784,0.5233644859813085,20.102664013393223,0.7380952380952381,0.4189189189189189,0.5344827586206897,28.31412199884653,0.6739130434782609,0.4189189189189189,0.5166666666666667,55.26904796715826
0000280_00801_d_0000616.jpg,70,YOLOv13-X,YOLOv13-S,0,0.6551724137931034,0.5428571428571428,0.5937499999999999,51.15339998155832,0.6851851851851852,0.5285714285714286,0.5967741935483871,0.7441860465116279,0.45714285714285713,0.5663716814159292,22.06881099846214,0.6851851851851852,0.5285714285714286,0.5967741935483871,18.03534204373136,0.6031746031746031,0.5428571428571428,0.5714285714285714,32.14789798948914,0.6551724137931034,0.5428571428571428,0.5937499999999999,32.19066798919812
0000280_01001_d_0000617.jpg,125,YOLOv13-L,YOLOv13-L,1,0.7619047619047619,0.384,0.5106382978723404,49.0177990286611,0.7619047619047619,0.384,0.5106382978723404,0.65,0.312,0.42162162162162165,21.23223803937435,0.7049180327868853,0.344,0.46236559139784944,21.433550980873406,0.7619047619047619,0.384,0.5106382978723404,42.749297979753464,0.6944444444444444,0.4,0.5076142131979695,29.710929957218468
0000280_01201_d_0000618.jpg,134,YOLOv13-L,YOLOv13-L,1,0.726027397260274,0.39552238805970147,0.5120772946859903,56.66932399617508,0.726027397260274,0.39552238805970147,0.5120772946859903,0.6981132075471698,0.27611940298507465,0.3957219251336898,21.123648970387876,0.7333333333333333,0.3283582089552239,0.45360824742268047,27.087091002613306,0.726027397260274,0.39552238805970147,0.5120772946859903,47.75613301899284,0.7285714285714285,0.3805970149253731,0.5,60.779755003750324
0000280_01401_d_0000619.jpg,110,YOLOv13-X,YOLOv13-X,1,0.8311688311688312,0.5818181818181818,0.6844919786096256,47.53073205938563,0.8311688311688312,0.5818181818181818,0.6844919786096256,0.7454545454545455,0.37272727272727274,0.496969696969697,20.411388017237186,0.803030303030303,0.4818181818181818,0.6022727272727273,21.825309959240258,0.8051948051948052,0.5636363636363636,0.6631016042780749,32.96161798061803,0.8311688311688312,0.5818181818181818,0.6844919786096256,60.55913801537827
0000280_01601_d_0000620.jpg,103,YOLOv13-X,YOLOv13-X,1,0.8194444444444444,0.5728155339805825,0.6742857142857143,45.77786795562133,0.8194444444444444,0.5728155339805825,0.6742857142857143,0.8135593220338984,0.46601941747572817,0.5925925925925927,21.01783495163545,0.8307692307692308,0.5242718446601942,0.6428571428571429,19.993292982690036,0.8260869565217391,0.5533980582524272,0.6627906976744187,27.096593054011464,0.8194444444444444,0.5728155339805825,0.6742857142857143,34.032709954772145
0000280_01801_d_0000621.jpg,90,YOLOv13-X,YOLOv13-L,0,0.7962962962962963,0.4777777777777778,0.5972222222222222,60.944745026063174,0.8275862068965517,0.5333333333333333,0.6486486486486487,0.75,0.43333333333333335,0.5492957746478874,22.3824999993667,0.8148148148148148,0.4888888888888889,0.611111111111111,35.7476610224694,0.8275862068965517,0.5333333333333333,0.6486486486486487,48.14064799575135,0.7962962962962963,0.4777777777777778,0.5972222222222222,43.52467000717297
0000280_02001_d_0000622.jpg,66,YOLOv13-X,YOLOv13-X,1,0.8979591836734694,0.6666666666666666,0.7652173913043478,63.80140705732629,0.8979591836734694,0.6666666666666666,0.7652173913043478,0.8181818181818182,0.5454545454545454,0.6545454545454545,31.518370029516518,0.7916666666666666,0.5757575757575758,0.6666666666666667,19.00580700021237,0.8301886792452831,0.6666666666666666,0.7394957983193277,25.757285009603947,0.8979591836734694,0.6666666666666666,0.7652173913043478,32.22308598924428
0000280_02201_d_0000623.jpg,80,YOLOv13-L,YOLOv13-X,0,0.8571428571428571,0.6,0.7058823529411764,47.82582796178758,0.875,0.6125,0.7205882352941178,0.8,0.45,0.5760000000000001,20.794857991859317,0.7843137254901961,0.5,0.6106870229007634,40.190036001149565,0.8571428571428571,0.6,0.7058823529411764,27.181158016901463,0.875,0.6125,0.7205882352941178,33.41735398862511
0000280_02401_d_0000624.jpg,92,YOLOv13-L,YOLOv13-L,1,0.5769230769230769,0.32608695652173914,0.41666666666666663,56.571876048110425,0.5769230769230769,0.32608695652173914,0.41666666666666663,0.55,0.2391304347826087,0.33333333333333337,24.778229999355972,0.5681818181818182,0.2717391304347826,0.3676470588235294,39.79933401569724,0.5769230769230769,0.32608695652173914,0.41666666666666663,34.209061006549746,0.627906976744186,0.29347826086956524,0.4,20.572067005559802
0000280_02601_d_0000625.jpg,73,YOLOv13-X,YOLOv13-X,1,0.9387755102040817,0.6301369863013698,0.7540983606557377,52.38873098278418,0.9387755102040817,0.6301369863013698,0.7540983606557377,0.8717948717948718,0.4657534246575342,0.6071428571428571,21.435278991702944,0.9069767441860465,0.5342465753424658,0.6724137931034483,15.622159000486135,0.9375,0.6164383561643836,0.743801652892562,36.63980501005426,0.9387755102040817,0.6301369863013698,0.7540983606557377,24.235852994024754
0000280_02801_d_0000626.jpg,55,YOLOv13-L,YOLOv13-N,0,0.7083333333333334,0.6181818181818182,0.6601941747572815,48.87801402946934,0.75,0.6,0.6666666666666665,0.75,0.6,0.6666666666666665,21.165625017601997,0.6956521739130435,0.5818181818181818,0.6336633663366337,19.869103969540447,0.7083333333333334,0.6181818181818182,0.6601941747572815,54.958591994363815,0.6938775510204082,0.6181818181818182,0.6538461538461539,48.22730500018224
0000280_03001_d_0000627.jpg,88,YOLOv13-X,YOLOv13-L,0,0.76,0.4318181818181818,0.5507246376811594,62.548014044295996,0.7592592592592593,0.4659090909090909,0.5774647887323944,0.6808510638297872,0.36363636363636365,0.4740740740740741,20.24973602965474,0.723404255319149,0.38636363636363635,0.5037037037037038,16.943319991696626,0.7592592592592593,0.4659090909090909,0.5774647887323944,55.059350037481636,0.76,0.4318181818181818,0.5507246376811594,20.792592025827616
0000280_03201_d_0000628.jpg,82,YOLOv13-X,YOLOv13-X,1,0.7833333333333333,0.573170731707317,0.6619718309859154,79.76200699340552,0.7833333333333333,0.573170731707317,0.6619718309859154,0.7192982456140351,0.5,0.5899280575539568,33.048154960852116,0.8571428571428571,0.5121951219512195,0.6412213740458015,21.418028976768255,0.734375,0.573170731707317,0.6438356164383561,43.597787036560476,0.7833333333333333,0.573170731707317,0.6619718309859154,47.02704900410026
0000280_03401_d_0000629.jpg,83,YOLOv13-X,YOLOv13-L,0,0.7777777777777778,0.5060240963855421,0.6131386861313868,49.95399503968656,0.75,0.5421686746987951,0.6293706293706293,0.72,0.43373493975903615,0.5413533834586466,22.74526102701202,0.8235294117647058,0.5060240963855421,0.6268656716417911,32.068139989860356,0.75,0.5421686746987951,0.6293706293706293,32.589622016530484,0.7777777777777778,0.5060240963855421,0.6131386861313868,33.16512500168756
0000283_00401_d_0000676.jpg,6,YOLOv13-L,YOLOv13-N,0,0.8,0.6666666666666666,0.7272727272727272,60.47039199620485,1.0,0.6666666666666666,0.8,1.0,0.6666666666666666,0.8,28.364800033159554,0.8,0.6666666666666666,0.7272727272727272,21.33989502908662,0.8,0.6666666666666666,0.7272727272727272,61.88839999958873,0.6,0.5,0.5454545454545454,49.26754301413894
0000283_00601_d_0000677.jpg,9,YOLOv13-L,YOLOv13-S,0,0.8,0.4444444444444444,0.5714285714285714,73.82291898829862,0.8,0.4444444444444444,0.5714285714285714,0.6,0.3333333333333333,0.42857142857142855,42.31443500611931,0.8,0.4444444444444444,0.5714285714285714,23.03694700822234,0.8,0.4444444444444444,0.5714285714285714,19.64069000678137,0.8,0.4444444444444444,0.5714285714285714,60.69822103017941
0000283_00801_d_0000678.jpg,8,YOLOv13-X,YOLOv13-N,0,0.6666666666666666,0.25,0.36363636363636365,61.933886958286166,1.0,0.25,0.4,1.0,0.25,0.4,24.38950299983844,1.0,0.25,0.4,34.91390001727268,1.0,0.25,0.4,34.98374798800796,0.6666666666666666,0.25,0.36363636363636365,43.798232974950224
0000283_01001_d_0000679.jpg,4,YOLOv13-N,YOLOv13-N,1,1.0,1.0,1.0,30.287902045529336,1.0,1.0,1.0,1.0,1.0,1.0,30.287902045529336,1.0,1.0,1.0,27.4072129977867,1.0,1.0,1.0,29.95415299665183,0.75,0.75,0.75,47.482232039328665
0000287_00001_d_0000759.jpg,52,YOLOv13-L,YOLOv13-X,0,0.7021276595744681,0.6346153846153846,0.6666666666666666,54.80460205581039,0.7083333333333334,0.6538461538461539,0.68,0.7352941176470589,0.4807692307692308,0.5813953488372092,20.25062101893127,0.6744186046511628,0.5576923076923077,0.6105263157894736,38.62775897141546,0.7021276595744681,0.6346153846153846,0.6666666666666666,26.756079983897507,0.7083333333333334,0.6538461538461539,0.68,44.946730020456016
0000287_00201_d_0000760.jpg,51,YOLOv13-L,YOLOv13-L,1,0.8,0.7058823529411765,0.7500000000000001,69.28064895328134,0.8,0.7058823529411765,0.7500000000000001,0.90625,0.5686274509803921,0.6987951807228915,28.502380999270827,0.8378378378378378,0.6078431372549019,0.7045454545454545,20.1323619694449,0.8,0.7058823529411765,0.7500000000000001,30.792761011980474,0.8,0.7058823529411765,0.7500000000000001,34.93688500020653
0000287_00401_d_0000761.jpg,44,YOLOv13-L,YOLOv13-L,1,0.72,0.8181818181818182,0.7659574468085107,55.52598700160161,0.72,0.8181818181818182,0.7659574468085107,0.7567567567567568,0.6363636363636364,0.691358024691358,23.200851981528103,0.775,0.7045454545454546,0.7380952380952381,21.296944993082434,0.72,0.8181818181818182,0.7659574468085107,19.244670984335244,0.7391304347826086,0.7727272727272727,0.7555555555555555,55.91985100181773
0000287_00601_d_0000762.jpg,93,YOLOv13-X,YOLOv13-L,0,0.6470588235294118,0.3548387096774194,0.4583333333333333,56.58511503133923,0.673469387755102,0.3548387096774194,0.4647887323943662,0.6521739130434783,0.3225806451612903,0.43165467625899284,33.56163203716278,0.6666666666666666,0.3225806451612903,0.4347826086956521,38.21072599384934,0.673469387755102,0.3548387096774194,0.4647887323943662,31.220495991874486,0.6470588235294118,0.3548387096774194,0.4583333333333333,33.53794600116089
0000287_00801_d_0000763.jpg,58,YOLOv13-X,YOLOv13-L,0,0.7192982456140351,0.7068965517241379,0.7130434782608696,77.09059299668297,0.7454545454545455,0.7068965517241379,0.7256637168141592,0.6153846153846154,0.5517241379310345,0.5818181818181819,42.796648980583996,0.7222222222222222,0.6724137931034483,0.6964285714285714,21.41931199003011,0.7454545454545455,0.7068965517241379,0.7256637168141592,27.02024398604408,0.7192982456140351,0.7068965517241379,0.7130434782608696,49.08834694651887
0000287_01001_d_0000764.jpg,71,YOLOv13-X,YOLOv13-X,1,0.5531914893617021,0.36619718309859156,0.4406779661016949,54.029899998568,0.5531914893617021,0.36619718309859156,0.4406779661016949,0.46938775510204084,0.323943661971831,0.38333333333333336,17.718076007440686,0.4318181818181818,0.2676056338028169,0.3304347826086957,39.425213006325066,0.5333333333333333,0.3380281690140845,0.4137931034482758,29.85578397056088,0.5531914893617021,0.36619718309859156,0.4406779661016949,58.676735032349825
0000287_01201_d_0000765.jpg,68,YOLOv13-X,YOLOv13-X,1,0.7321428571428571,0.6029411764705882,0.6612903225806451,80.59603598667309,0.7321428571428571,0.6029411764705882,0.6612903225806451,0.5957446808510638,0.4117647058823529,0.4869565217391305,34.60676298709586,0.7083333333333334,0.5,0.5862068965517241,20.98836697405204,0.6333333333333333,0.5588235294117647,0.59375,27.726502972655,0.7321428571428571,0.6029411764705882,0.6612903225806451,53.48330899141729
0000287_01401_d_0000766.jpg,68,YOLOv13-L,YOLOv13-X,0,0.6666666666666666,0.5,0.5714285714285715,63.84625902865082,0.76,0.5588235294117647,0.6440677966101696,0.7714285714285715,0.39705882352941174,0.5242718446601942,20.31182497739792,0.7555555555555555,0.5,0.6017699115044248,21.93768898723647,0.6666666666666666,0.5,0.5714285714285715,31.327228993177414,0.76,0.5588235294117647,0.6440677966101696,33.64561399212107
0000287_01601_d_0000767.jpg,74,YOLOv13-L,YOLOv13-L,1,0.7906976744186046,0.4594594594594595,0.5811965811965812,62.85998394014314,0.7906976744186046,0.4594594594594595,0.5811965811965812,0.7096774193548387,0.2972972972972973,0.41904761904761906,21.15334797417745,0.6744186046511628,0.3918918918918919,0.49572649572649563,27.502009004820138,0.7906976744186046,0.4594594594594595,0.5811965811965812,32.09076100029051,0.75,0.44594594594594594,0.559322033898305,43.53444103617221
0000287_01801_d_0000768.jpg,56,YOLOv13-X,YOLOv13-X,1,0.7551020408163265,0.6607142857142857,0.7047619047619047,71.99813303304836,0.7551020408163265,0.6607142857142857,0.7047619047619047,0.6857142857142857,0.42857142857142855,0.5274725274725274,39.62311503710225,0.6956521739130435,0.5714285714285714,0.6274509803921569,20.680702989920974,0.660377358490566,0.625,0.6422018348623852,40.25337001075968,0.7551020408163265,0.6607142857142857,0.7047619047619047,61.147905013058335
0000287_02001_d_0000769.jpg,44,YOLOv13-L,YOLOv13-L,1,0.8648648648648649,0.7272727272727273,0.7901234567901235,73.86590394889936,0.8648648648648649,0.7272727272727273,0.7901234567901235,0.7714285714285715,0.6136363636363636,0.6835443037974683,29.565637989435345,0.90625,0.6590909090909091,0.763157894736842,37.70859900396317,0.8648648648648649,0.7272727272727273,0.7901234567901235,44.71752198878676,0.8857142857142857,0.7045454545454546,0.7848101265822784,32.44848997564986
0000287_02201_d_0000770.jpg,27,YOLOv13-N,YOLOv13-L,0,0.9230769230769231,0.4444444444444444,0.6,21.42739499686286,0.875,0.5185185185185185,0.6511627906976744,0.9230769230769231,0.4444444444444444,0.6,21.42739499686286,0.8461538461538461,0.4074074074074074,0.5499999999999999,29.07256199978292,0.875,0.5185185185185185,0.6511627906976744,55.76660198858008,0.7058823529411765,0.4444444444444444,0.5454545454545455,43.41864597517997
0000287_02401_d_0000771.jpg,18,YOLOv13-S,YOLOv13-X,0,0.6842105263157895,0.7222222222222222,0.7027027027027027,49.92801701882854,0.7777777777777778,0.7777777777777778,0.7777777777777778,0.75,0.6666666666666666,0.7058823529411765,32.812575984280556,0.6842105263157895,0.7222222222222222,0.7027027027027027,18.11957499012351,0.7222222222222222,0.7222222222222222,0.7222222222222222,24.17741500539705,0.7777777777777778,0.7777777777777778,0.7777777777777778,19.313953001983464
0000287_02601_d_0000772.jpg,44,YOLOv13-L,YOLOv13-L,1,0.8518518518518519,0.5227272727272727,0.647887323943662,55.16977299703285,0.8518518518518519,0.5227272727272727,0.647887323943662,0.7058823529411765,0.2727272727272727,0.39344262295081966,20.929010002873838,0.6333333333333333,0.4318181818181818,0.5135135135135135,40.15579301631078,0.8518518518518519,0.5227272727272727,0.647887323943662,41.84106399770826,0.8695652173913043,0.45454545454545453,0.5970149253731344,60.096733970567584
0000287_02801_d_0000773.jpg,60,YOLOv13-X,YOLOv13-X,1,0.84,0.7,0.7636363636363636,60.05425797775388,0.84,0.7,0.7636363636363636,0.7631578947368421,0.48333333333333334,0.5918367346938777,26.37006400618702,0.75,0.6,0.6666666666666665,21.9534479547292,0.8222222222222222,0.6166666666666667,0.7047619047619048,36.838186031673104,0.84,0.7,0.7636363636363636,27.787668979726732
0000287_03001_d_0000774.jpg,18,YOLOv13-L,YOLOv13-X,0,0.7142857142857143,0.8333333333333334,0.7692307692307692,62.33789602993056,0.7894736842105263,0.8333333333333334,0.8108108108108109,0.75,0.8333333333333334,0.7894736842105262,22.32747001107782,0.75,0.8333333333333334,0.7894736842105262,27.75242499774322,0.7142857142857143,0.8333333333333334,0.7692307692307692,39.12764001870528,0.7894736842105263,0.8333333333333334,0.8108108108108109,30.74313298566267
0000287_03401_d_0000776.jpg,56,YOLOv13-L,YOLOv13-X,0,0.75,0.8035714285714286,0.7758620689655172,87.3115899739787,0.7903225806451613,0.875,0.8305084745762712,0.82,0.7321428571428571,0.7735849056603773,42.7391339908354,0.7924528301886793,0.75,0.7706422018348623,22.01449399581179,0.75,0.8035714285714286,0.7758620689655172,20.1466929866001,0.7903225806451613,0.875,0.8305084745762712,43.87831600615755
0000287_04601_d_0000780.jpg,88,YOLOv13-X,YOLOv13-X,1,0.8333333333333334,0.5681818181818182,0.6756756756756758,43.027962965425104,0.8333333333333334,0.5681818181818182,0.6756756756756758,0.8679245283018868,0.5227272727272727,0.6524822695035462,14.124003995675594,0.8103448275862069,0.5340909090909091,0.6438356164383561,23.269293014891446,0.8448275862068966,0.5568181818181818,0.6712328767123287,40.60875903815031,0.8333333333333334,0.5681818181818182,0.6756756756756758,35.67806800128892
0000287_04801_d_0000781.jpg,53,YOLOv13-L,YOLOv13-X,0,0.7111111111111111,0.6037735849056604,0.6530612244897959,51.26266600564122,0.7333333333333333,0.6226415094339622,0.673469387755102,0.6944444444444444,0.4716981132075472,0.5617977528089889,21.682663005776703,0.75,0.5094339622641509,0.6067415730337078,19.69395997002721,0.7111111111111111,0.6037735849056604,0.6530612244897959,31.196670955978334,0.7333333333333333,0.6226415094339622,0.673469387755102,27.88651699665934
0000287_05001_d_0000782.jpg,62,YOLOv13-L,YOLOv13-X,0,0.7619047619047619,0.5161290322580645,0.6153846153846153,47.671431966591626,0.75,0.532258064516129,0.6226415094339622,0.7837837837837838,0.46774193548387094,0.5858585858585857,17.661613994278014,0.775,0.5,0.607843137254902,19.238998997025192,0.7619047619047619,0.5161290322580645,0.6153846153846153,32.318782003130764,0.75,0.532258064516129,0.6226415094339622,38.12436602311209
0000289_00001_d_0000811.jpg,41,YOLOv13-X,YOLOv13-L,0,0.7297297297297297,0.6585365853658537,0.6923076923076923,57.009180018212646,0.7073170731707317,0.7073170731707317,0.7073170731707317,0.75,0.5121951219512195,0.6086956521739131,25.708609027788043,0.6571428571428571,0.5609756097560976,0.605263157894737,16.78041002014652,0.7073170731707317,0.7073170731707317,0.7073170731707317,38.52805896895006,0.7297297297297297,0.6585365853658537,0.6923076923076923,27.46645698789507
0000289_00201_d_0000812.jpg,43,YOLOv13-X,YOLOv13-X,1,0.7692307692307693,0.6976744186046512,0.7317073170731708,51.6315060085617,0.7692307692307693,0.6976744186046512,0.7317073170731708,0.6060606060606061,0.46511627906976744,0.5263157894736842,21.066070010419935,0.5476190476190477,0.5348837209302325,0.5411764705882354,27.696917997673154,0.6956521739130435,0.7441860465116279,0.7191011235955057,48.20274596568197,0.7692307692307693,0.6976744186046512,0.7317073170731708,32.85663796123117
0000289_00401_d_0000813.jpg,53,YOLOv13-L,YOLOv13-X,0,0.7142857142857143,0.660377358490566,0.6862745098039216,57.64825898222625,0.75,0.6792452830188679,0.712871287128713,0.6326530612244898,0.5849056603773585,0.6078431372549019,17.52727699931711,0.6226415094339622,0.6226415094339622,0.6226415094339622,21.18388400413096,0.7142857142857143,0.660377358490566,0.6862745098039216,28.400890005286783,0.75,0.6792452830188679,0.712871287128713,26.81794500676915
0000289_00601_d_0000814.jpg,43,YOLOv13-L,YOLOv13-L,1,0.7575757575757576,0.5813953488372093,0.6578947368421053,72.15008104685694,0.7575757575757576,0.5813953488372093,0.6578947368421053,0.6666666666666666,0.46511627906976744,0.547945205479452,41.47044103592634,0.6666666666666666,0.5581395348837209,0.6075949367088608,19.474272965453565,0.7575757575757576,0.5813953488372093,0.6578947368421053,28.899230004753917,0.7931034482758621,0.5348837209302325,0.6388888888888888,30.284255044534802
0000289_00801_d_0000815.jpg,39,YOLOv13-L,YOLOv13-L,1,0.8214285714285714,0.5897435897435898,0.6865671641791046,58.6765970219858,0.8214285714285714,0.5897435897435898,0.6865671641791046,0.782608695652174,0.46153846153846156,0.5806451612903226,21.4479350252077,0.6333333333333333,0.48717948717948717,0.5507246376811593,19.00510798441246,0.8214285714285714,0.5897435897435898,0.6865671641791046,28.366489976178855,0.7142857142857143,0.5128205128205128,0.5970149253731343,37.52737503964454
0000289_01001_d_0000816.jpg,33,YOLOv13-L,YOLOv13-L,1,0.8333333333333334,0.7575757575757576,0.7936507936507938,90.05962603259832,0.8333333333333334,0.7575757575757576,0.7936507936507938,0.6333333333333333,0.5757575757575758,0.6031746031746033,36.481613002251834,0.7142857142857143,0.6060606060606061,0.6557377049180327,29.677092970814556,0.8333333333333334,0.7575757575757576,0.7936507936507938,31.065719958860427,0.6666666666666666,0.7272727272727273,0.6956521739130435,34.96540599735454
0000289_01201_d_0000817.jpg,43,YOLOv13-X,YOLOv13-X,1,0.696969696969697,0.5348837209302325,0.6052631578947368,54.528221022337675,0.696969696969697,0.5348837209302325,0.6052631578947368,0.525,0.4883720930232558,0.5060240963855422,19.850777985993773,0.5862068965517241,0.3953488372093023,0.4722222222222222,21.598902996629477,0.625,0.46511627906976744,0.5333333333333334,28.82361802039668,0.696969696969697,0.5348837209302325,0.6052631578947368,25.96849197288975
0000289_01401_d_0000818.jpg,39,YOLOv13-X,YOLOv13-L,0,0.6904761904761905,0.7435897435897436,0.7160493827160495,81.22430002549663,0.725,0.7435897435897436,0.7341772151898733,0.6666666666666666,0.5128205128205128,0.5797101449275363,41.327272017952055,0.5945945945945946,0.5641025641025641,0.5789473684210528,21.881414984818548,0.725,0.7435897435897436,0.7341772151898733,50.62642798293382,0.6904761904761905,0.7435897435897436,0.7160493827160495,41.070848994422704
0000289_01601_d_0000819.jpg,44,YOLOv13-L,YOLOv13-L,1,0.7647058823529411,0.5909090909090909,0.6666666666666667,72.85855594091117,0.7647058823529411,0.5909090909090909,0.6666666666666667,0.6111111111111112,0.5,0.55,41.01698496378958,0.6666666666666666,0.5454545454545454,0.6,22.41966698784381,0.7647058823529411,0.5909090909090909,0.6666666666666667,49.30924205109477,0.6341463414634146,0.5909090909090909,0.611764705882353,33.236482995562255
0000289_02001_d_0000821.jpg,43,YOLOv13-L,YOLOv13-X,0,0.8205128205128205,0.7441860465116279,0.7804878048780488,53.70962497545406,0.8048780487804879,0.7674418604651163,0.7857142857142858,0.7631578947368421,0.6744186046511628,0.7160493827160495,21.82991901645437,0.8055555555555556,0.6744186046511628,0.7341772151898734,38.956256001256406,0.8205128205128205,0.7441860465116279,0.7804878048780488,30.76245100237429,0.8048780487804879,0.7674418604651163,0.7857142857142858,58.07849997654557
0000289_02201_d_0000822.jpg,29,YOLOv13-L,YOLOv13-X,0,0.8260869565217391,0.6551724137931034,0.7307692307692308,62.94767901999876,0.8695652173913043,0.6896551724137931,0.7692307692307693,0.68,0.5862068965517241,0.6296296296296295,30.40550200967118,0.76,0.6551724137931034,0.7037037037037037,19.10301501629874,0.8260869565217391,0.6551724137931034,0.7307692307692308,51.894102012738585,0.8695652173913043,0.6896551724137931,0.7692307692307693,53.841687040403485
0000289_02401_d_0000823.jpg,49,YOLOv13-L,YOLOv13-L,1,0.7755102040816326,0.7755102040816326,0.7755102040816326,78.90541706001386,0.7755102040816326,0.7755102040816326,0.7755102040816326,0.631578947368421,0.4897959183673469,0.5517241379310346,37.778247031383216,0.6666666666666666,0.6122448979591837,0.6382978723404255,16.988140007015318,0.7755102040816326,0.7755102040816326,0.7755102040816326,31.561166048049927,0.7358490566037735,0.7959183673469388,0.7647058823529412,31.801808974705637
0000289_02601_d_0000824.jpg,58,YOLOv13-L,YOLOv13-X,0,0.803921568627451,0.7068965517241379,0.7522935779816514,46.56748496927321,0.8541666666666666,0.7068965517241379,0.7735849056603773,0.7647058823529411,0.4482758620689655,0.5652173913043479,22.37442001933232,0.8461538461538461,0.5689655172413793,0.6804123711340206,30.64535598969087,0.803921568627451,0.7068965517241379,0.7522935779816514,57.25109501508996,0.8541666666666666,0.7068965517241379,0.7735849056603773,40.42799596209079
0000289_03001_d_0000826.jpg,61,YOLOv13-X,YOLOv13-X,1,0.7551020408163265,0.6065573770491803,0.6727272727272727,52.32802499085665,0.7551020408163265,0.6065573770491803,0.6727272727272727,0.7297297297297297,0.4426229508196721,0.5510204081632653,22.632821986917406,0.6521739130434783,0.4918032786885246,0.5607476635514019,27.74374996079132,0.7307692307692307,0.6229508196721312,0.672566371681416,46.94281902629882,0.7551020408163265,0.6065573770491803,0.6727272727272727,59.192320972215384
0000289_03201_d_0000827.jpg,80,YOLOv13-L,YOLOv13-X,0,0.7142857142857143,0.5,0.588235294117647,64.71549900015816,0.7272727272727273,0.5,0.5925925925925926,0.6744186046511628,0.3625,0.4715447154471545,20.67072899080813,0.6792452830188679,0.45,0.5413533834586466,21.92775101866573,0.7142857142857143,0.5,0.588235294117647,29.067052993923426,0.7272727272727273,0.5,0.5925925925925926,28.068000043276697
0000289_03401_d_0000828.jpg,54,YOLOv13-L,YOLOv13-L,1,0.7115384615384616,0.6851851851851852,0.6981132075471698,87.34979503788054,0.7115384615384616,0.6851851851851852,0.6981132075471698,0.717948717948718,0.5185185185185185,0.6021505376344085,41.87856800854206,0.7073170731707317,0.5370370370370371,0.6105263157894738,21.44079201389104,0.7115384615384616,0.6851851851851852,0.6981132075471698,26.78474801359698,0.6101694915254238,0.6666666666666666,0.6371681415929203,28.02313701249659
0000289_03601_d_0000829.jpg,77,YOLOv13-X,YOLOv13-X,1,0.6739130434782609,0.4025974025974026,0.5040650406504066,44.972792034968734,0.6739130434782609,0.4025974025974026,0.5040650406504066,0.5,0.2597402597402597,0.34188034188034183,20.513691008090973,0.6578947368421053,0.3246753246753247,0.43478260869565216,25.628848001360893,0.6521739130434783,0.38961038961038963,0.4878048780487804,61.28989299759269,0.6739130434782609,0.4025974025974026,0.5040650406504066,31.64050995837897
0000289_03801_d_0000830.jpg,100,YOLOv13-L,YOLOv13-X,0,0.627906976744186,0.27,0.37762237762237766,56.03404389694333,0.6304347826086957,0.29,0.3972602739726027,0.6,0.21,0.3111111111111111,25.55495494743809,0.5945945945945946,0.22,0.32116788321167883,16.759749967604876,0.627906976744186,0.27,0.37762237762237766,42.159570031799376,0.6304347826086957,0.29,0.3972602739726027,31.138728954829276
0000289_04001_d_0000831.jpg,80,YOLOv13-L,YOLOv13-L,1,0.6571428571428571,0.575,0.6133333333333333,65.26486697839573,0.6571428571428571,0.575,0.6133333333333333,0.6,0.3,0.4,38.1233969819732,0.6274509803921569,0.4,0.4885496183206107,15.962046978529543,0.6571428571428571,0.575,0.6133333333333333,32.201655965764076,0.6774193548387096,0.525,0.5915492957746479,46.20805400190875
0000289_04201_d_0000832.jpg,88,YOLOv13-X,YOLOv13-X,1,0.6933333333333334,0.5909090909090909,0.638036809815951,57.488563004881144,0.6933333333333334,0.5909090909090909,0.638036809815951,0.6153846153846154,0.36363636363636365,0.4571428571428572,32.55101601826027,0.5542168674698795,0.5227272727272727,0.5380116959064327,25.56070702848956,0.6172839506172839,0.5681818181818182,0.591715976331361,39.58161501213908,0.6933333333333334,0.5909090909090909,0.638036809815951,29.615830979309976
0000289_04401_d_0000833.jpg,100,YOLOv13-X,YOLOv13-X,1,0.7553191489361702,0.71,0.731958762886598,59.13064506603405,0.7553191489361702,0.71,0.731958762886598,0.7049180327868853,0.43,0.5341614906832297,20.73191903764382,0.6666666666666666,0.6,0.631578947368421,35.043245006818324,0.6777777777777778,0.61,0.6421052631578946,31.383496010676026,0.7553191489361702,0.71,0.731958762886598,39.69038400100544
0000289_04601_d_0000834.jpg,93,YOLOv13-X,YOLOv13-X,1,0.7954545454545454,0.7526881720430108,0.7734806629834253,46.07963596936315,0.7954545454545454,0.7526881720430108,0.7734806629834253,0.7125,0.6129032258064516,0.6589595375722543,15.973933972418308,0.6777777777777778,0.6559139784946236,0.6666666666666666,37.6972520025447,0.6774193548387096,0.6774193548387096,0.6774193548387096,38.67861401522532,0.7954545454545454,0.7526881720430108,0.7734806629834253,27.097630023490638
0000289_04801_d_0000835.jpg,71,YOLOv13-X,YOLOv13-L,0,0.7678571428571429,0.6056338028169014,0.6771653543307087,52.53363796509802,0.82,0.5774647887323944,0.6776859504132231,0.7021276595744681,0.4647887323943662,0.559322033898305,21.009383955970407,0.7307692307692307,0.5352112676056338,0.6178861788617886,18.335779022891074,0.82,0.5774647887323944,0.6776859504132231,42.1024399693124,0.7678571428571429,0.6056338028169014,0.6771653543307087,31.78534802282229
0000289_05001_d_0000836.jpg,65,YOLOv13-L,YOLOv13-X,0,0.7419354838709677,0.7076923076923077,0.7244094488188977,80.81470103934407,0.7384615384615385,0.7384615384615385,0.7384615384615385,0.7446808510638298,0.5384615384615384,0.625,42.7303520264104,0.711864406779661,0.6461538461538462,0.6774193548387097,14.147334033623338,0.7419354838709677,0.7076923076923077,0.7244094488188977,31.344906019512564,0.7384615384615385,0.7384615384615385,0.7384615384615385,22.04906498081982
0000289_05201_d_0000837.jpg,79,YOLOv13-L,YOLOv13-X,0,0.7575757575757576,0.6329113924050633,0.6896551724137931,67.14150699554011,0.7727272727272727,0.6455696202531646,0.7034482758620689,0.8,0.45569620253164556,0.5806451612903226,33.403327979613096,0.6935483870967742,0.5443037974683544,0.6099290780141844,42.1304699848406,0.7575757575757576,0.6329113924050633,0.6896551724137931,38.201390998438,0.7727272727272727,0.6455696202531646,0.7034482758620689,43.26398199191317
0000289_05401_d_0000838.jpg,81,YOLOv13-X,YOLOv13-X,1,0.6363636363636364,0.6049382716049383,0.6202531645569621,59.04259695671499,0.6363636363636364,0.6049382716049383,0.6202531645569621,0.5466666666666666,0.5061728395061729,0.5256410256410257,33.61354296794161,0.5180722891566265,0.5308641975308642,0.524390243902439,22.19731395598501,0.5903614457831325,0.6049382716049383,0.5975609756097562,60.94385200412944,0.6363636363636364,0.6049382716049383,0.6202531645569621,46.54958797618747
0000289_05601_d_0000839.jpg,107,YOLOv13-X,YOLOv13-L,0,0.7045454545454546,0.5794392523364486,0.635897435897436,73.45628296025097,0.810126582278481,0.5981308411214953,0.6881720430107526,0.6666666666666666,0.3925233644859813,0.49411764705882355,32.85463497741148,0.675,0.5046728971962616,0.5775401069518715,40.30968499137089,0.810126582278481,0.5981308411214953,0.6881720430107526,33.97358994698152,0.7045454545454546,0.5794392523364486,0.635897435897436,43.05827902862802
0000289_05801_d_0000840.jpg,78,YOLOv13-L,YOLOv13-X,0,0.6376811594202898,0.5641025641025641,0.5986394557823129,59.335132013075054,0.6716417910447762,0.5769230769230769,0.6206896551724138,0.6226415094339622,0.4230769230769231,0.5038167938931297,33.086138020735234,0.6,0.5,0.5454545454545454,22.713234997354448,0.6376811594202898,0.5641025641025641,0.5986394557823129,59.64124598540366,0.6716417910447762,0.5769230769230769,0.6206896551724138,48.145412001758814
0000289_06001_d_0000841.jpg,80,YOLOv13-X,YOLOv13-X,1,0.796875,0.6375,0.7083333333333333,64.31903800694272,0.796875,0.6375,0.7083333333333333,0.7843137254901961,0.5,0.6106870229007634,36.3638200215064,0.7213114754098361,0.55,0.624113475177305,29.182335012592375,0.7777777777777778,0.6125,0.6853146853146853,53.09790698811412,0.796875,0.6375,0.7083333333333333,42.46695799520239
0000289_06201_d_0000842.jpg,79,YOLOv13-X,YOLOv13-X,1,0.8688524590163934,0.6708860759493671,0.7571428571428572,65.16659504268318,0.8688524590163934,0.6708860759493671,0.7571428571428572,0.7818181818181819,0.5443037974683544,0.6417910447761194,36.86443599872291,0.7627118644067796,0.569620253164557,0.6521739130434783,41.660556045826524,0.8548387096774194,0.6708860759493671,0.7517730496453902,48.863517004065216,0.8688524590163934,0.6708860759493671,0.7571428571428572,20.616902969777584
0000289_06401_d_0000843.jpg,79,YOLOv13-L,YOLOv13-X,0,0.6323529411764706,0.5443037974683544,0.5850340136054422,51.08195904176682,0.7,0.5316455696202531,0.6043165467625898,0.6808510638297872,0.4050632911392405,0.5079365079365079,20.37008700426668,0.625,0.4430379746835443,0.5185185185185185,39.22716499073431,0.6323529411764706,0.5443037974683544,0.5850340136054422,46.77686397917569,0.7,0.5316455696202531,0.6043165467625898,56.29578098887578
0000289_06601_d_0000844.jpg,88,YOLOv13-L,YOLOv13-L,1,0.8305084745762712,0.5568181818181818,0.6666666666666666,47.41862398805097,0.8305084745762712,0.5568181818181818,0.6666666666666666,0.8125,0.4431818181818182,0.573529411764706,21.31015103077516,0.7894736842105263,0.5113636363636364,0.6206896551724137,19.26449203165248,0.8305084745762712,0.5568181818181818,0.6666666666666666,32.33420505421236,0.7868852459016393,0.5454545454545454,0.6442953020134228,43.10507996706292
0000289_06801_d_0000845.jpg,98,YOLOv13-L,YOLOv13-X,0,0.726027397260274,0.5408163265306123,0.6198830409356725,46.417032019235194,0.7571428571428571,0.5408163265306123,0.6309523809523809,0.782608695652174,0.3673469387755102,0.5,17.87472201976925,0.7966101694915254,0.47959183673469385,0.5987261146496815,20.54937998764217,0.726027397260274,0.5408163265306123,0.6198830409356725,45.57727900100872,0.7571428571428571,0.5408163265306123,0.6309523809523809,38.32675999728963
0000289_07001_d_0000846.jpg,74,YOLOv13-L,YOLOv13-X,0,0.7954545454545454,0.47297297297297297,0.5932203389830508,56.076174951158464,0.8478260869565217,0.527027027027027,0.6499999999999999,0.9032258064516129,0.3783783783783784,0.5333333333333333,23.21162197040394,0.8378378378378378,0.4189189189189189,0.5585585585585585,22.086159035097808,0.7954545454545454,0.47297297297297297,0.5932203389830508,55.59721897589043,0.8478260869565217,0.527027027027027,0.6499999999999999,35.48524301731959
0000289_07201_d_0000847.jpg,40,YOLOv13-L,YOLOv13-S,0,0.75,0.6,0.6666666666666665,74.00639599654824,0.8387096774193549,0.65,0.7323943661971831,0.7692307692307693,0.5,0.6060606060606061,42.80583601212129,0.8387096774193549,0.65,0.7323943661971831,27.254995016846806,0.75,0.6,0.6666666666666665,28.068805986549705,0.6904761904761905,0.725,0.7073170731707318,34.87482899799943
0000290_04001_d_0000867.jpg,79,YOLOv13-L,YOLOv13-X,0,0.8656716417910447,0.7341772151898734,0.7945205479452054,53.07374004041776,0.8939393939393939,0.7468354430379747,0.8137931034482758,0.8064516129032258,0.6329113924050633,0.7092198581560284,20.612510037608445,0.835820895522388,0.7088607594936709,0.7671232876712328,16.16693299729377,0.8656716417910447,0.7341772151898734,0.7945205479452054,58.69885301217437,0.8939393939393939,0.7468354430379747,0.8137931034482758,60.539289959706366
0000291_00001_d_0000868.jpg,178,YOLOv13-L,YOLOv13-X,0,0.3953488372093023,0.19101123595505617,0.25757575757575757,62.64451006427407,0.5238095238095238,0.24719101123595505,0.3358778625954198,0.5,0.1348314606741573,0.21238938053097345,21.665669046342373,0.4307692307692308,0.15730337078651685,0.23045267489711938,20.104589988477528,0.3953488372093023,0.19101123595505617,0.25757575757575757,36.75681597087532,0.5238095238095238,0.24719101123595505,0.3358778625954198,38.75521302688867
0000291_00201_d_0000869.jpg,113,YOLOv13-L,YOLOv13-X,0,0.618421052631579,0.415929203539823,0.4973544973544974,85.19996301038191,0.7083333333333334,0.45132743362831856,0.5513513513513514,0.5,0.22123893805309736,0.3067484662576687,39.620001043658704,0.6065573770491803,0.3274336283185841,0.42528735632183906,30.909614986740053,0.618421052631579,0.415929203539823,0.4973544973544974,33.879494993016124,0.7083333333333334,0.45132743362831856,0.5513513513513514,28.79151701927185
0000291_00401_d_0000870.jpg,166,YOLOv13-X,YOLOv13-X,1,0.6046511627906976,0.3132530120481928,0.41269841269841273,53.726960031781346,0.6046511627906976,0.3132530120481928,0.41269841269841273,0.46774193548387094,0.1746987951807229,0.2543859649122807,20.21330303978175,0.5308641975308642,0.25903614457831325,0.3481781376518219,22.13036298053339,0.5280898876404494,0.28313253012048195,0.3686274509803922,37.95183700276539,0.6046511627906976,0.3132530120481928,0.41269841269841273,23.55918596731499
0000291_00601_d_0000871.jpg,120,YOLOv13-X,YOLOv13-X,1,0.6989247311827957,0.5416666666666666,0.6103286384976525,78.48307501990348,0.6989247311827957,0.5416666666666666,0.6103286384976525,0.6031746031746031,0.31666666666666665,0.4153005464480874,38.15837297588587,0.6296296296296297,0.425,0.5074626865671642,21.877117978874594,0.6666666666666666,0.55,0.6027397260273972,33.49419200094417,0.6989247311827957,0.5416666666666666,0.6103286384976525,33.5641999845393
0000291_01001_d_0000873.jpg,159,YOLOv13-X,YOLOv13-X,1,0.6862745098039216,0.44025157232704404,0.5363984674329502,57.95532901538536,0.6862745098039216,0.44025157232704404,0.5363984674329502,0.5373134328358209,0.22641509433962265,0.3185840707964602,20.918724010698497,0.5955056179775281,0.3333333333333333,0.42741935483870963,37.88583498680964,0.6422018348623854,0.44025157232704404,0.5223880597014926,58.477682003285736,0.6862745098039216,0.44025157232704404,0.5363984674329502,40.20084097282961
0000291_01201_d_0000874.jpg,212,YOLOv13-X,YOLOv13-X,1,0.6438356164383562,0.44339622641509435,0.5251396648044692,45.93114700401202,0.6438356164383562,0.44339622641509435,0.5251396648044692,0.5288461538461539,0.25943396226415094,0.34810126582278483,19.002393004484475,0.5298507462686567,0.33490566037735847,0.4104046242774566,42.13580099167302,0.6275862068965518,0.42924528301886794,0.5098039215686275,50.69267004728317,0.6438356164383562,0.44339622641509435,0.5251396648044692,56.97493301704526
0000291_01401_d_0000875.jpg,154,YOLOv13-X,YOLOv13-L,0,0.6363636363636364,0.4090909090909091,0.49802371541501983,58.54250304400921,0.7010309278350515,0.44155844155844154,0.5418326693227091,0.5294117647058824,0.2922077922077922,0.3765690376569037,25.322468020021915,0.7078651685393258,0.4090909090909091,0.5185185185185185,44.08427100861445,0.7010309278350515,0.44155844155844154,0.5418326693227091,48.4575440059416,0.6363636363636364,0.4090909090909091,0.49802371541501983,33.59586902661249
0000291_01601_d_0000876.jpg,87,YOLOv13-L,YOLOv13-L,1,0.6805555555555556,0.5632183908045977,0.6163522012578615,81.23832504497841,0.6805555555555556,0.5632183908045977,0.6163522012578615,0.5555555555555556,0.40229885057471265,0.4666666666666666,41.775308025535196,0.5974025974025974,0.5287356321839081,0.5609756097560975,40.43996101245284,0.6805555555555556,0.5632183908045977,0.6163522012578615,39.55171798588708,0.6527777777777778,0.5402298850574713,0.5911949685534591,37.81767998589203
0000291_01801_d_0000877.jpg,113,YOLOv13-L,YOLOv13-S,0,0.4797297297297297,0.6283185840707964,0.5440613026819923,55.11245899833739,0.5555555555555556,0.6194690265486725,0.5857740585774059,0.504424778761062,0.504424778761062,0.504424778761062,22.35851698787883,0.5555555555555556,0.6194690265486725,0.5857740585774059,20.344892982393503,0.4797297297297297,0.6283185840707964,0.5440613026819923,31.7147450405173,0.5144927536231884,0.6283185840707964,0.5657370517928287,32.21166197909042
0000291_02001_d_0000878.jpg,172,YOLOv13-L,YOLOv13-X,0,0.5918367346938775,0.5058139534883721,0.5454545454545454,65.79692999366671,0.6716417910447762,0.5232558139534884,0.5882352941176472,0.6320754716981132,0.38953488372093026,0.48201438848920863,38.59389299759641,0.6076923076923076,0.45930232558139533,0.5231788079470198,23.26424402417615,0.5918367346938775,0.5058139534883721,0.5454545454545454,30.61080601764843,0.6716417910447762,0.5232558139534884,0.5882352941176472,30.440599017310888
0000291_02201_d_0000879.jpg,149,YOLOv13-L,YOLOv13-X,0,0.5833333333333334,0.5167785234899329,0.5480427046263346,46.893746010027826,0.6124031007751938,0.5302013422818792,0.5683453237410072,0.525,0.4228187919463087,0.46840148698884754,21.05419704457745,0.5609756097560976,0.46308724832214765,0.5073529411764707,22.048440005164593,0.5833333333333334,0.5167785234899329,0.5480427046263346,32.282398955430835,0.6124031007751938,0.5302013422818792,0.5683453237410072,31.138952006585896
0000291_02601_d_0000881.jpg,178,YOLOv13-X,YOLOv13-X,1,0.6666666666666666,0.5617977528089888,0.6097560975609757,59.18779002968222,0.6666666666666666,0.5617977528089888,0.6097560975609757,0.5597014925373134,0.42134831460674155,0.48076923076923067,34.18350900756195,0.6598639455782312,0.5449438202247191,0.5969230769230769,38.02622196963057,0.6303030303030303,0.5842696629213483,0.6064139941690961,21.601327985990793,0.6666666666666666,0.5617977528089888,0.6097560975609757,37.64344204682857
0000291_03201_d_0000884.jpg,229,YOLOv13-X,YOLOv13-X,1,0.7012195121951219,0.5021834061135371,0.5852417302798981,56.48476502392441,0.7012195121951219,0.5021834061135371,0.5852417302798981,0.5658914728682171,0.31877729257641924,0.4078212290502793,30.667426995933056,0.6,0.43231441048034935,0.5025380710659899,15.116284019313753,0.6470588235294118,0.48034934497816595,0.5513784461152883,31.796350027434528,0.7012195121951219,0.5021834061135371,0.5852417302798981,32.362259982619435
0000291_03401_d_0000885.jpg,187,YOLOv13-L,YOLOv13-X,0,0.6666666666666666,0.5347593582887701,0.5934718100890207,68.41207499383017,0.6933333333333334,0.5561497326203209,0.6172106824925816,0.7294117647058823,0.3315508021390374,0.4558823529411764,35.839689953718334,0.6902654867256637,0.41711229946524064,0.5199999999999999,22.75143697625026,0.6666666666666666,0.5347593582887701,0.5934718100890207,27.00296597322449,0.6933333333333334,0.5561497326203209,0.6172106824925816,32.71625499473885
0000291_03601_d_0000886.jpg,112,YOLOv13-X,YOLOv13-X,1,0.42962962962962964,0.5178571428571429,0.46963562753036436,68.06130596669391,0.42962962962962964,0.5178571428571429,0.46963562753036436,0.4383561643835616,0.2857142857142857,0.34594594594594597,21.740318974480033,0.36082474226804123,0.3125,0.33492822966507174,21.873149962630123,0.38461538461538464,0.44642857142857145,0.41322314049586784,21.556539984885603,0.42962962962962964,0.5178571428571429,0.46963562753036436,48.61097101820633
0000291_03801_d_0000887.jpg,191,YOLOv13-X,YOLOv13-X,1,0.6518518518518519,0.4607329842931937,0.5398773006134969,72.72075599757954,0.6518518518518519,0.4607329842931937,0.5398773006134969,0.4461538461538462,0.1518324607329843,0.22656249999999997,42.58914402453229,0.4782608695652174,0.23036649214659685,0.31095406360424027,27.866057003848255,0.6134453781512605,0.38219895287958117,0.4709677419354839,31.379971012938768,0.6518518518518519,0.4607329842931937,0.5398773006134969,48.0964970192872
0000291_04001_d_0000888.jpg,108,YOLOv13-X,YOLOv13-X,1,0.5307692307692308,0.6388888888888888,0.5798319327731093,75.96018200274557,0.5307692307692308,0.6388888888888888,0.5798319327731093,0.4845360824742268,0.4351851851851852,0.4585365853658536,42.41063701920211,0.5233644859813084,0.5185185185185185,0.5209302325581395,42.276021966245025,0.5565217391304348,0.5925925925925926,0.5739910313901346,45.28388299513608,0.5307692307692308,0.6388888888888888,0.5798319327731093,32.18114603077993
0000291_04201_d_0000889.jpg,111,YOLOv13-X,YOLOv13-X,1,0.6698113207547169,0.6396396396396397,0.6543778801843319,74.60833905497566,0.6698113207547169,0.6396396396396397,0.6543778801843319,0.49122807017543857,0.5045045045045045,0.4977777777777777,41.70824703760445,0.6355140186915887,0.6126126126126126,0.6238532110091742,25.544339034240693,0.5905511811023622,0.6756756756756757,0.630252100840336,32.144704018719494,0.6698113207547169,0.6396396396396397,0.6543778801843319,40.54538201307878
0000291_04401_d_0000890.jpg,126,YOLOv13-X,YOLOv13-X,1,0.7017543859649122,0.6349206349206349,0.6666666666666666,68.49812204018235,0.7017543859649122,0.6349206349206349,0.6666666666666666,0.5084745762711864,0.47619047619047616,0.4918032786885246,31.173104012850672,0.6355140186915887,0.5396825396825397,0.5836909871244635,14.144507003948092,0.6324786324786325,0.5873015873015873,0.6090534979423867,29.466239968314767,0.7017543859649122,0.6349206349206349,0.6666666666666666,61.089057999197394
0000291_05001_d_0000892.jpg,135,YOLOv13-X,YOLOv13-X,1,0.6792452830188679,0.5333333333333333,0.5975103734439834,48.62464900361374,0.6792452830188679,0.5333333333333333,0.5975103734439834,0.5520833333333334,0.3925925925925926,0.4588744588744589,19.276209990493953,0.6509433962264151,0.5111111111111111,0.5726141078838174,25.634249963331968,0.6186440677966102,0.5407407407407407,0.5770750988142292,30.49027599627152,0.6792452830188679,0.5333333333333333,0.5975103734439834,38.93940302077681
0000291_05201_d_0000893.jpg,207,YOLOv13-X,YOLOv13-X,1,0.659217877094972,0.5700483091787439,0.6113989637305699,57.6606480171904,0.659217877094972,0.5700483091787439,0.6113989637305699,0.5766423357664233,0.38164251207729466,0.4593023255813953,22.819525038357824,0.6242038216560509,0.47342995169082125,0.5384615384615384,21.93630998954177,0.6111111111111112,0.5314009661835749,0.5684754521963824,28.180876979604363,0.659217877094972,0.5700483091787439,0.6113989637305699,36.04468499543145
0000293_03601_d_0000940.jpg,117,YOLOv13-X,YOLOv13-L,0,0.7532467532467533,0.49572649572649574,0.5979381443298969,53.608504007570446,0.7922077922077922,0.5213675213675214,0.6288659793814434,0.75,0.38461538461538464,0.5084745762711865,21.273549005854875,0.8253968253968254,0.4444444444444444,0.5777777777777777,44.65586901642382,0.7922077922077922,0.5213675213675214,0.6288659793814434,49.92399999173358,0.7532467532467533,0.49572649572649574,0.5979381443298969,62.74213001597673
0000295_00000_d_0000021.jpg,130,YOLOv13-X,YOLOv13-X,1,0.8253968253968254,0.4,0.5388601036269429,58.070036000572145,0.8253968253968254,0.4,0.5388601036269429,0.7241379310344828,0.3230769230769231,0.44680851063829785,26.709083002060652,0.7457627118644068,0.3384615384615385,0.46560846560846564,39.125292969401926,0.8,0.36923076923076925,0.5052631578947369,50.72343396022916,0.8253968253968254,0.4,0.5388601036269429,38.15611597383395
0000295_00200_d_0000022.jpg,78,YOLOv13-X,YOLOv13-L,0,0.6823529411764706,0.7435897435897436,0.7116564417177913,52.47425503330305,0.7307692307692307,0.7307692307692307,0.7307692307692306,0.5208333333333334,0.6410256410256411,0.5747126436781609,25.774278037715703,0.6179775280898876,0.7051282051282052,0.6586826347305389,36.94888501195237,0.7307692307692307,0.7307692307692307,0.7307692307692306,34.49740703217685,0.6823529411764706,0.7435897435897436,0.7116564417177913,31.334736966528
0000295_00600_d_0000024.jpg,186,YOLOv13-X,YOLOv13-X,1,0.8117647058823529,0.3709677419354839,0.5092250922509226,51.782656053546816,0.8117647058823529,0.3709677419354839,0.5092250922509226,0.8235294117647058,0.3010752688172043,0.44094488188976383,21.22856501955539,0.7567567567567568,0.3010752688172043,0.4307692307692308,22.77863904600963,0.7931034482758621,0.3709677419354839,0.5054945054945055,28.073674999177456,0.8117647058823529,0.3709677419354839,0.5092250922509226,31.947059964295477
0000295_00800_d_0000025.jpg,147,YOLOv13-X,YOLOv13-X,1,0.69,0.46938775510204084,0.5587044534412955,73.62297101644799,0.69,0.46938775510204084,0.5587044534412955,0.7777777777777778,0.38095238095238093,0.5114155251141552,41.41089000040665,0.6703296703296703,0.41496598639455784,0.5126050420168067,22.613658977206796,0.6095238095238096,0.43537414965986393,0.5079365079365079,32.30591001920402,0.69,0.46938775510204084,0.5587044534412955,40.449047985021025
0000295_01000_d_0000026.jpg,251,YOLOv13-X,YOLOv13-X,1,0.8260869565217391,0.30278884462151395,0.44314868804664725,73.99933505803347,0.8260869565217391,0.30278884462151395,0.44314868804664725,0.8378378378378378,0.24701195219123506,0.3815384615384615,42.06831502960995,0.8024691358024691,0.2589641434262948,0.39156626506024095,41.14037804538384,0.7894736842105263,0.29880478087649404,0.43352601156069365,55.35536800744012,0.8260869565217391,0.30278884462151395,0.44314868804664725,32.53112704260275
0000295_01200_d_0000027.jpg,200,YOLOv13-X,YOLOv13-X,1,0.6198347107438017,0.375,0.4672897196261683,70.56235405616462,0.6198347107438017,0.375,0.4672897196261683,0.6551724137931034,0.285,0.397212543554007,34.106362028978765,0.6388888888888888,0.345,0.448051948051948,43.16566197667271,0.5983606557377049,0.365,0.453416149068323,31.592244980856776,0.6198347107438017,0.375,0.4672897196261683,34.107421990484
0000295_01400_d_0000028.jpg,189,YOLOv13-X,YOLOv13-L,0,0.7593984962406015,0.5343915343915344,0.6273291925465838,78.33306503016502,0.7803030303030303,0.544973544973545,0.6417445482866043,0.5772357723577236,0.37566137566137564,0.45512820512820507,30.373480985872447,0.7063492063492064,0.4708994708994709,0.5650793650793651,39.07106997212395,0.7803030303030303,0.544973544973545,0.6417445482866043,60.58728200150654,0.7593984962406015,0.5343915343915344,0.6273291925465838,29.582774033769965
0000295_01600_d_0000029.jpg,138,YOLOv13-X,YOLOv13-X,1,0.6962962962962963,0.6811594202898551,0.6886446886446886,55.83216197555885,0.6962962962962963,0.6811594202898551,0.6886446886446886,0.628099173553719,0.5507246376811594,0.5868725868725869,21.168994018808007,0.6842105263157895,0.6594202898550725,0.6715867158671587,27.2393369814381,0.6764705882352942,0.6666666666666666,0.6715328467153284,30.061670986469835,0.6962962962962963,0.6811594202898551,0.6886446886446886,22.872576024383307
0000295_01800_d_0000030.jpg,306,YOLOv13-X,YOLOv13-X,1,0.7716049382716049,0.4084967320261438,0.5341880341880342,68.48094699671492,0.7716049382716049,0.4084967320261438,0.5341880341880342,0.6758620689655173,0.3202614379084967,0.43458980044345896,39.081274007912725,0.6866666666666666,0.3366013071895425,0.4517543859649123,22.39747904241085,0.7741935483870968,0.39215686274509803,0.5206073752711496,25.862362992484123,0.7716049382716049,0.4084967320261438,0.5341880341880342,59.06037800014019
0000295_02000_d_0000031.jpg,311,YOLOv13-X,YOLOv13-X,1,0.8518518518518519,0.4437299035369775,0.5835095137420718,52.3808219586499,0.8518518518518519,0.4437299035369775,0.5835095137420718,0.6928104575163399,0.3408360128617363,0.45689655172413796,23.256115964613855,0.7159763313609467,0.3890675241157556,0.5041666666666667,36.94070299388841,0.8170731707317073,0.43086816720257237,0.5642105263157895,33.79852697253227,0.8518518518518519,0.4437299035369775,0.5835095137420718,38.76945801312104
0000295_02200_d_0000032.jpg,193,YOLOv13-X,YOLOv13-X,1,0.5873015873015873,0.5751295336787565,0.5811518324607331,58.04390198318288,0.5873015873015873,0.5751295336787565,0.5811518324607331,0.6506849315068494,0.49222797927461137,0.5604719764011798,28.31565897213295,0.6158536585365854,0.5233160621761658,0.5658263305322129,39.23681698506698,0.6,0.5595854922279793,0.579088471849866,56.02855596225709,0.5873015873015873,0.5751295336787565,0.5811518324607331,34.001972002442926
0000295_02400_d_0000033.jpg,317,YOLOv13-X,YOLOv13-X,1,0.6699507389162561,0.42902208201892744,0.523076923076923,77.17005896847695,0.6699507389162561,0.42902208201892744,0.523076923076923,0.6575342465753424,0.3028391167192429,0.4146868250539957,31.51508397422731,0.6298342541436464,0.35962145110410093,0.4578313253012048,19.976057985331863,0.6261682242990654,0.4227129337539432,0.5047080979284368,52.52073903102428,0.6699507389162561,0.42902208201892744,0.523076923076923,63.17444803426042
0000295_02900_d_0000034.jpg,212,YOLOv13-X,YOLOv13-L,0,0.8345864661654135,0.5235849056603774,0.6434782608695652,48.622116970364004,0.8527131782945736,0.5188679245283019,0.6451612903225806,0.7913043478260869,0.42924528301886794,0.5565749235474007,22.48456998495385,0.8,0.4716981132075472,0.5934718100890208,22.21152000129223,0.8527131782945736,0.5188679245283019,0.6451612903225806,53.37445100303739,0.8345864661654135,0.5235849056603774,0.6434782608695652,45.7785670296289
0000296_00601_d_0000038.jpg,91,YOLOv13-X,YOLOv13-L,0,0.7142857142857143,0.5494505494505495,0.6211180124223603,49.101619981229305,0.6842105263157895,0.5714285714285714,0.622754491017964,0.7872340425531915,0.4065934065934066,0.536231884057971,22.017162991687655,0.7457627118644068,0.4835164835164835,0.5866666666666667,31.87203302513808,0.6842105263157895,0.5714285714285714,0.622754491017964,33.29262899933383,0.7142857142857143,0.5494505494505495,0.6211180124223603,30.819877982139587
0000296_01001_d_0000040.jpg,181,YOLOv13-L,YOLOv13-X,0,0.7163120567375887,0.5580110497237569,0.6273291925465839,57.819056091830134,0.7894736842105263,0.580110497237569,0.6687898089171974,0.6814159292035398,0.425414364640884,0.5238095238095238,22.025998041499406,0.7007874015748031,0.49171270718232046,0.577922077922078,22.218543977942318,0.7163120567375887,0.5580110497237569,0.6273291925465839,34.49080802965909,0.7894736842105263,0.580110497237569,0.6687898089171974,29.050318989902735
0000300_03201_d_0000154.jpg,66,YOLOv13-X,YOLOv13-L,0,0.7818181818181819,0.6515151515151515,0.7107438016528926,60.05585298407823,0.8214285714285714,0.696969696969697,0.7540983606557378,0.6226415094339622,0.5,0.5546218487394957,27.69859496038407,0.7446808510638298,0.5303030303030303,0.6194690265486724,31.690258998423815,0.8214285714285714,0.696969696969697,0.7540983606557378,60.37167797330767,0.7818181818181819,0.6515151515151515,0.7107438016528926,31.8180900067091
0000301_00001_d_0000156.jpg,96,YOLOv13-L,YOLOv13-L,1,0.8,0.5416666666666666,0.6459627329192547,48.951941018458456,0.8,0.5416666666666666,0.6459627329192547,0.6923076923076923,0.375,0.48648648648648646,21.52012102305889,0.7049180327868853,0.4479166666666667,0.5477707006369427,22.76993205305189,0.8,0.5416666666666666,0.6459627329192547,46.15109600126743,0.78125,0.5208333333333334,0.625,32.7616409631446
0000301_00201_d_0000157.jpg,90,YOLOv13-L,YOLOv13-S,0,0.8,0.4888888888888889,0.6068965517241379,54.32129604741931,0.8333333333333334,0.5,0.625,0.7254901960784313,0.4111111111111111,0.524822695035461,18.74974003294483,0.8333333333333334,0.5,0.625,37.39989100722596,0.8,0.4888888888888889,0.6068965517241379,32.40022104000673,0.7586206896551724,0.4888888888888889,0.5945945945945945,31.528222025372088
0000301_01001_d_0000161.jpg,64,YOLOv13-L,YOLOv13-L,1,0.7317073170731707,0.46875,0.5714285714285714,71.46197103429586,0.7317073170731707,0.46875,0.5714285714285714,0.6551724137931034,0.296875,0.4086021505376344,23.235526983626187,0.6944444444444444,0.390625,0.5,20.366623008158058,0.7317073170731707,0.46875,0.5714285714285714,30.26616998249665,0.65,0.40625,0.5000000000000001,32.63578104088083
0000301_01201_d_0000162.jpg,61,YOLOv13-L,YOLOv13-L,1,0.6888888888888889,0.5081967213114754,0.5849056603773585,50.7192830555141,0.6888888888888889,0.5081967213114754,0.5849056603773585,0.46808510638297873,0.36065573770491804,0.40740740740740744,20.954269042704254,0.625,0.4098360655737705,0.4950495049504951,18.31163401948288,0.6888888888888889,0.5081967213114754,0.5849056603773585,58.943989977706224,0.6595744680851063,0.5081967213114754,0.5740740740740742,49.767517019063234
0000303_03401_d_0000200.jpg,82,YOLOv13-X,YOLOv13-X,1,0.8125,0.47560975609756095,0.6,55.579997948370874,0.8125,0.47560975609756095,0.6,0.7777777777777778,0.34146341463414637,0.4745762711864407,22.536308970302343,0.8823529411764706,0.36585365853658536,0.5172413793103449,23.489585029892623,0.8,0.3902439024390244,0.5245901639344263,32.03144401777536,0.8125,0.47560975609756095,0.6,32.55344700301066
0000308_04401_d_0000327.jpg,98,YOLOv13-L,YOLOv13-L,1,0.735632183908046,0.6530612244897959,0.6918918918918919,47.959959018044174,0.735632183908046,0.6530612244897959,0.6918918918918919,0.8253968253968254,0.5306122448979592,0.6459627329192548,17.332992982119322,0.7692307692307693,0.6122448979591837,0.6818181818181818,20.923441974446177,0.735632183908046,0.6530612244897959,0.6918918918918919,26.50328999152407,0.759493670886076,0.6122448979591837,0.6779661016949152,26.688613987062126
0000312_00001_d_0000414.jpg,112,YOLOv13-L,YOLOv13-X,0,0.8191489361702128,0.6875,0.7475728155339806,62.00747104594484,0.8333333333333334,0.7142857142857143,0.7692307692307692,0.717391304347826,0.5892857142857143,0.6470588235294118,22.470923024229705,0.7368421052631579,0.625,0.6763285024154588,21.94589702412486,0.8191489361702128,0.6875,0.7475728155339806,23.199526011012495,0.8333333333333334,0.7142857142857143,0.7692307692307692,22.064941003918648
0000312_00201_d_0000415.jpg,108,YOLOv13-L,YOLOv13-X,0,0.851063829787234,0.7407407407407407,0.7920792079207921,55.004541005473584,0.8155339805825242,0.7777777777777778,0.7962085308056872,0.7613636363636364,0.6203703703703703,0.6836734693877551,21.202464995440096,0.8314606741573034,0.6851851851851852,0.751269035532995,31.359412998426706,0.851063829787234,0.7407407407407407,0.7920792079207921,32.59952197549865,0.8155339805825242,0.7777777777777778,0.7962085308056872,42.573364975396544
0000312_00601_d_0000417.jpg,59,YOLOv13-L,YOLOv13-X,0,0.8444444444444444,0.6440677966101694,0.7307692307692307,52.604827971663326,0.9148936170212766,0.7288135593220338,0.8113207547169811,0.8611111111111112,0.5254237288135594,0.6526315789473686,19.68083396786824,0.7872340425531915,0.6271186440677966,0.6981132075471698,16.861786018125713,0.8444444444444444,0.6440677966101694,0.7307692307692307,30.236724007409066,0.9148936170212766,0.7288135593220338,0.8113207547169811,31.997135025449097
0000312_01001_d_0000419.jpg,80,YOLOv13-L,YOLOv13-X,0,0.7183098591549296,0.6375,0.6754966887417218,58.37911803973839,0.7611940298507462,0.6375,0.6938775510204082,0.8103448275862069,0.5875,0.6811594202898551,21.414266026113182,0.7538461538461538,0.6125,0.6758620689655173,20.275735994800925,0.7183098591549296,0.6375,0.6754966887417218,31.381640990730375,0.7611940298507462,0.6375,0.6938775510204082,31.154130992945284
0000312_01201_d_0000420.jpg,82,YOLOv13-L,YOLOv13-X,0,0.7662337662337663,0.7195121951219512,0.7421383647798743,74.77433700114489,0.7763157894736842,0.7195121951219512,0.7468354430379746,0.7205882352941176,0.5975609756097561,0.6533333333333333,38.82598801283166,0.782608695652174,0.6585365853658537,0.7152317880794703,17.877682053949684,0.7662337662337663,0.7195121951219512,0.7421383647798743,31.01040201727301,0.7763157894736842,0.7195121951219512,0.7468354430379746,55.91200297931209
0000312_02201_d_0000425.jpg,78,YOLOv13-X,YOLOv13-X,1,0.7638888888888888,0.7051282051282052,0.7333333333333334,52.89879598421976,0.7638888888888888,0.7051282051282052,0.7333333333333334,0.6911764705882353,0.6025641025641025,0.6438356164383562,19.300348008982837,0.7323943661971831,0.6666666666666666,0.697986577181208,22.21377700334415,0.7605633802816901,0.6923076923076923,0.7248322147651006,29.642456967849284,0.7638888888888888,0.7051282051282052,0.7333333333333334,31.682365981396288
0000312_02401_d_0000426.jpg,80,YOLOv13-L,YOLOv13-S,0,0.819672131147541,0.625,0.7092198581560285,49.24389399820939,0.8727272727272727,0.6,0.711111111111111,0.7540983606557377,0.575,0.652482269503546,22.093887033406645,0.8727272727272727,0.6,0.711111111111111,17.85255200229585,0.819672131147541,0.625,0.7092198581560285,28.724329953547567,0.7761194029850746,0.65,0.7074829931972789,26.10939700389281
0000312_04201_d_0000435.jpg,80,YOLOv13-L,YOLOv13-L,1,0.8208955223880597,0.6875,0.7482993197278912,89.02369404677302,0.8208955223880597,0.6875,0.7482993197278912,0.8103448275862069,0.5875,0.6811594202898551,37.783808016683906,0.8307692307692308,0.675,0.7448275862068966,21.182256983593106,0.8208955223880597,0.6875,0.7482993197278912,32.50949096400291,0.7605633802816901,0.675,0.7152317880794701,39.38753000693396
0000313_06401_d_0000468.jpg,91,YOLOv13-X,YOLOv13-X,1,0.7446808510638298,0.38461538461538464,0.5072463768115941,54.74739498458803,0.7446808510638298,0.38461538461538464,0.5072463768115941,0.8125,0.2857142857142857,0.42276422764227645,33.25054998276755,0.7435897435897436,0.31868131868131866,0.4461538461538461,18.296745023690164,0.717391304347826,0.3626373626373626,0.4817518248175182,53.799096029251814,0.7446808510638298,0.38461538461538464,0.5072463768115941,32.7361460076645
0000313_06601_d_0000469.jpg,165,YOLOv13-X,YOLOv13-L,0,0.7536231884057971,0.3151515151515151,0.4444444444444444,52.781845966819674,0.7746478873239436,0.3333333333333333,0.46610169491525416,0.6981132075471698,0.22424242424242424,0.3394495412844037,22.749511001165956,0.7076923076923077,0.2787878787878788,0.4,22.378211957402527,0.7746478873239436,0.3333333333333333,0.46610169491525416,64.40419499995187,0.7536231884057971,0.3151515151515151,0.4444444444444444,37.34884300502017
0000313_07001_d_0000471.jpg,5,YOLOv13-N,YOLOv13-X,0,1.0,0.2,0.33333333333333337,21.479610993992537,1.0,1.0,1.0,1.0,0.2,0.33333333333333337,21.479610993992537,1.0,0.2,0.33333333333333337,20.617239992134273,0.75,0.6,0.6666666666666665,30.824716028291732,1.0,1.0,1.0,30.364901991561055
0000315_01601_d_0000509.jpg,98,YOLOv13-X,YOLOv13-L,0,0.6666666666666666,0.46938775510204084,0.5508982035928144,47.962015960365534,0.7377049180327869,0.45918367346938777,0.5660377358490566,0.62,0.3163265306122449,0.41891891891891897,21.427395986393094,0.6379310344827587,0.37755102040816324,0.4743589743589743,35.68621602607891,0.7377049180327869,0.45918367346938777,0.5660377358490566,38.51089300587773,0.6666666666666666,0.46938775510204084,0.5508982035928144,44.55534799490124
0000316_00001_d_0000519.jpg,69,YOLOv13-X,YOLOv13-X,1,0.875,0.30434782608695654,0.4516129032258065,65.79432898433879,0.875,0.30434782608695654,0.4516129032258065,0.5263157894736842,0.14492753623188406,0.2272727272727273,33.05186296347529,0.7058823529411765,0.17391304347826086,0.27906976744186046,16.768308996688575,0.696969696969697,0.3333333333333333,0.45098039215686275,39.27858400857076,0.875,0.30434782608695654,0.4516129032258065,33.63208600785583
0000316_00201_d_0000520.jpg,54,YOLOv13-X,YOLOv13-L,0,0.7586206896551724,0.4074074074074074,0.5301204819277108,53.39383002137765,0.8275862068965517,0.4444444444444444,0.5783132530120482,0.5357142857142857,0.2777777777777778,0.36585365853658536,24.214986013248563,0.6571428571428571,0.42592592592592593,0.5168539325842697,27.450399997178465,0.8275862068965517,0.4444444444444444,0.5783132530120482,29.91571300663054,0.7586206896551724,0.4074074074074074,0.5301204819277108,31.756884010974318
0000316_00401_d_0000521.jpg,23,YOLOv13-L,YOLOv13-L,1,0.75,0.391304347826087,0.5142857142857143,49.214044003747404,0.75,0.391304347826087,0.5142857142857143,0.5882352941176471,0.43478260869565216,0.5,18.934805993922055,0.5625,0.391304347826087,0.46153846153846156,20.306312013417482,0.75,0.391304347826087,0.5142857142857143,40.56385200237855,0.6,0.391304347826087,0.47368421052631576,30.752104008570313
0000316_00601_d_0000522.jpg,35,YOLOv13-X,YOLOv13-X,1,0.7647058823529411,0.37142857142857144,0.5,67.0406449935399,0.7647058823529411,0.37142857142857144,0.5,0.6111111111111112,0.3142857142857143,0.41509433962264153,40.50910798832774,0.75,0.34285714285714286,0.47058823529411753,20.13622800586745,0.7222222222222222,0.37142857142857144,0.490566037735849,31.477493001148105,0.7647058823529411,0.37142857142857144,0.5,30.959362979047
0000316_00801_d_0000523.jpg,27,YOLOv13-L,YOLOv13-S,0,0.35714285714285715,0.37037037037037035,0.36363636363636365,64.07017400488257,0.42857142857142855,0.3333333333333333,0.375,0.4375,0.25925925925925924,0.3255813953488372,21.513931977096945,0.42857142857142855,0.3333333333333333,0.375,21.5905939694494,0.35714285714285715,0.37037037037037035,0.36363636363636365,32.37225004704669,0.32142857142857145,0.3333333333333333,0.32727272727272727,32.58455405011773
0000316_01001_d_0000524.jpg,18,YOLOv13-L,YOLOv13-L,1,0.7857142857142857,0.6111111111111112,0.6875000000000001,57.98958003288135,0.7857142857142857,0.6111111111111112,0.6875000000000001,0.5714285714285714,0.2222222222222222,0.32,30.123781005386263,0.5833333333333334,0.3888888888888889,0.4666666666666666,36.94106300827116,0.7857142857142857,0.6111111111111112,0.6875000000000001,42.12662001373246,0.5714285714285714,0.4444444444444444,0.5,43.330913002137095
0000316_01201_d_0000525.jpg,43,YOLOv13-X,YOLOv13-X,1,0.7647058823529411,0.6046511627906976,0.6753246753246753,77.68540194956586,0.7647058823529411,0.6046511627906976,0.6753246753246753,0.7307692307692307,0.4418604651162791,0.5507246376811594,38.40065997792408,0.696969696969697,0.5348837209302325,0.6052631578947368,25.602454028557986,0.7297297297297297,0.627906976744186,0.675,31.553832988720387,0.7647058823529411,0.6046511627906976,0.6753246753246753,30.858871003147215
0000316_01401_d_0000526.jpg,34,YOLOv13-X,YOLOv13-L,0,0.7647058823529411,0.7647058823529411,0.7647058823529412,46.88535496825352,0.7647058823529411,0.7647058823529411,0.7647058823529412,0.6666666666666666,0.5882352941176471,0.625,17.295225989073515,0.7272727272727273,0.7058823529411765,0.7164179104477613,22.09306397708133,0.7647058823529411,0.7647058823529411,0.7647058823529412,31.52924298774451,0.7647058823529411,0.7647058823529411,0.7647058823529412,31.103738001547754
0000316_01601_d_0000527.jpg,29,YOLOv13-L,YOLOv13-L,1,0.7916666666666666,0.6551724137931034,0.7169811320754716,65.10111602256075,0.7916666666666666,0.6551724137931034,0.7169811320754716,0.5789473684210527,0.3793103448275862,0.45833333333333337,39.50086503755301,0.782608695652174,0.6206896551724138,0.6923076923076923,20.60637896647677,0.7916666666666666,0.6551724137931034,0.7169811320754716,33.238456991966814,0.6538461538461539,0.5862068965517241,0.6181818181818182,32.81884000170976
0000316_01801_d_0000528.jpg,11,YOLOv13-L,YOLOv13-S,0,0.8888888888888888,0.7272727272727273,0.7999999999999999,61.20714597636834,0.8181818181818182,0.8181818181818182,0.8181818181818182,0.8,0.7272727272727273,0.761904761904762,32.242554996628314,0.8181818181818182,0.8181818181818182,0.8181818181818182,18.414397025480866,0.8888888888888888,0.7272727272727273,0.7999999999999999,44.35975500382483,0.8888888888888888,0.7272727272727273,0.7999999999999999,34.25415902165696
0000316_02001_d_0000529.jpg,9,YOLOv13-S,YOLOv13-S,1,0.8,0.4444444444444444,0.5714285714285714,36.8172429734841,0.8,0.4444444444444444,0.5714285714285714,0.6,0.3333333333333333,0.42857142857142855,18.944182025734335,0.8,0.4444444444444444,0.5714285714285714,18.028794031124562,0.8,0.4444444444444444,0.5714285714285714,42.955390992574394,0.5,0.5555555555555556,0.5263157894736842,56.0540709993802
0000316_02201_d_0000530.jpg,7,YOLOv13-L,YOLOv13-S,0,0.875,1.0,0.9333333333333333,66.82904798071831,0.875,1.0,0.9333333333333333,0.8571428571428571,0.8571428571428571,0.8571428571428571,22.99334399867803,0.875,1.0,0.9333333333333333,26.48707799380645,0.875,1.0,0.9333333333333333,31.314536987338215,0.8571428571428571,0.8571428571428571,0.8571428571428571,46.47749103605747
0000323_02601_d_0000645.jpg,91,YOLOv13-X,YOLOv13-X,1,0.8472222222222222,0.6703296703296703,0.7484662576687117,61.16380903404206,0.8472222222222222,0.6703296703296703,0.7484662576687117,0.7166666666666667,0.4725274725274725,0.5695364238410596,33.9807600248605,0.7567567567567568,0.6153846153846154,0.6787878787878788,31.427802983671427,0.8333333333333334,0.6593406593406593,0.736196319018405,33.53092400357127,0.8472222222222222,0.6703296703296703,0.7484662576687117,30.114925000816584
0000327_00001_d_0000711.jpg,70,YOLOv13-X,YOLOv13-L,0,0.8148148148148148,0.6285714285714286,0.7096774193548386,53.85868297889829,0.8301886792452831,0.6285714285714286,0.7154471544715448,0.7692307692307693,0.5714285714285714,0.6557377049180327,21.519244997762144,0.7222222222222222,0.5571428571428572,0.6290322580645162,34.822547051589936,0.8301886792452831,0.6285714285714286,0.7154471544715448,36.90299502341077,0.8148148148148148,0.6285714285714286,0.7096774193548386,30.365511018317193
0000327_00201_d_0000712.jpg,60,YOLOv13-L,YOLOv13-L,1,0.875,0.7,0.7777777777777777,63.14068607753143,0.875,0.7,0.7777777777777777,0.7254901960784313,0.6166666666666667,0.6666666666666666,19.01014003669843,0.78,0.65,0.709090909090909,31.288677011616528,0.875,0.7,0.7777777777777777,45.42536300141364,0.6909090909090909,0.6333333333333333,0.6608695652173913,34.6755720092915
0000327_00401_d_0000713.jpg,64,YOLOv13-X,YOLOv13-X,1,0.8297872340425532,0.609375,0.7027027027027027,61.814230983145535,0.8297872340425532,0.609375,0.7027027027027027,0.7209302325581395,0.484375,0.5794392523364486,26.48940496146679,0.7272727272727273,0.5,0.5925925925925926,18.891197978518903,0.782608695652174,0.5625,0.6545454545454547,31.781247991602868,0.8297872340425532,0.609375,0.7027027027027027,55.19495700718835
0000327_00601_d_0000714.jpg,84,YOLOv13-L,YOLOv13-L,1,0.7027027027027027,0.6190476190476191,0.6582278481012659,65.73540600948036,0.7027027027027027,0.6190476190476191,0.6582278481012659,0.7,0.5,0.5833333333333334,30.715083004906774,0.734375,0.5595238095238095,0.6351351351351351,30.2203840110451,0.7027027027027027,0.6190476190476191,0.6582278481012659,28.13808899372816,0.6891891891891891,0.6071428571428571,0.6455696202531644,34.508571960031986
0000327_00801_d_0000715.jpg,84,YOLOv13-X,YOLOv13-X,1,0.8354430379746836,0.7857142857142857,0.8098159509202455,72.21679703798145,0.8354430379746836,0.7857142857142857,0.8098159509202455,0.717948717948718,0.6666666666666666,0.691358024691358,40.50858604023233,0.8108108108108109,0.7142857142857143,0.759493670886076,22.77167100692168,0.8076923076923077,0.75,0.7777777777777779,45.103102980647236,0.8354430379746836,0.7857142857142857,0.8098159509202455,38.881910033524036
0000327_01001_d_0000716.jpg,83,YOLOv13-L,YOLOv13-X,0,0.8059701492537313,0.6506024096385542,0.7200000000000001,41.21196496998891,0.8235294117647058,0.6746987951807228,0.7417218543046358,0.7164179104477612,0.5783132530120482,0.64,19.553566991817206,0.8307692307692308,0.6506024096385542,0.7297297297297298,21.16850600577891,0.8059701492537313,0.6506024096385542,0.7200000000000001,32.406218990217894,0.8235294117647058,0.6746987951807228,0.7417218543046358,27.712849027011544
0000327_01201_d_0000717.jpg,69,YOLOv13-L,YOLOv13-X,0,0.7419354838709677,0.6666666666666666,0.7022900763358778,70.82410698058084,0.765625,0.7101449275362319,0.736842105263158,0.75,0.6521739130434783,0.6976744186046512,38.645255961455405,0.6825396825396826,0.6231884057971014,0.6515151515151516,18.086352036334574,0.7419354838709677,0.6666666666666666,0.7022900763358778,30.226285045500845,0.765625,0.7101449275362319,0.736842105263158,55.90786400716752
0000327_01401_d_0000718.jpg,93,YOLOv13-X,YOLOv13-X,1,0.8245614035087719,0.5053763440860215,0.6266666666666667,57.19853506889194,0.8245614035087719,0.5053763440860215,0.6266666666666667,0.7924528301886793,0.45161290322580644,0.5753424657534246,27.689666021615267,0.7818181818181819,0.46236559139784944,0.5810810810810811,14.105433016084135,0.7931034482758621,0.4946236559139785,0.609271523178808,46.2847970193252,0.8245614035087719,0.5053763440860215,0.6266666666666667,41.04679997544736
0000327_01801_d_0000720.jpg,62,YOLOv13-X,YOLOv13-L,0,0.7872340425531915,0.5967741935483871,0.6788990825688074,51.46625702036545,0.78,0.6290322580645161,0.6964285714285714,0.6304347826086957,0.46774193548387094,0.5370370370370371,21.658470039255917,0.717391304347826,0.532258064516129,0.6111111111111109,20.182941982056946,0.78,0.6290322580645161,0.6964285714285714,31.22390405042097,0.7872340425531915,0.5967741935483871,0.6788990825688074,31.61444200668484
0000327_02601_d_0000724.jpg,57,YOLOv13-X,YOLOv13-X,1,0.7450980392156863,0.6666666666666666,0.7037037037037038,72.17337301699445,0.7450980392156863,0.6666666666666666,0.7037037037037038,0.5238095238095238,0.38596491228070173,0.4444444444444444,39.12370803300291,0.6415094339622641,0.5964912280701754,0.6181818181818182,18.96548899821937,0.72,0.631578947368421,0.6728971962616822,45.84749200148508,0.7450980392156863,0.6666666666666666,0.7037037037037038,22.67047599889338
0000327_02801_d_0000725.jpg,73,YOLOv13-X,YOLOv13-L,0,0.9183673469387755,0.6164383561643836,0.7377049180327868,65.61904103728011,0.9090909090909091,0.684931506849315,0.78125,0.7959183673469388,0.5342465753424658,0.6393442622950819,40.75580701464787,0.8333333333333334,0.547945205479452,0.6611570247933883,25.35425400128588,0.9090909090909091,0.684931506849315,0.78125,32.453988038469106,0.9183673469387755,0.6164383561643836,0.7377049180327868,51.6627180040814
0000327_03001_d_0000726.jpg,75,YOLOv13-X,YOLOv13-X,1,0.8837209302325582,0.5066666666666667,0.6440677966101697,73.62467999337241,0.8837209302325582,0.5066666666666667,0.6440677966101697,0.8048780487804879,0.44,0.5689655172413793,34.91676796693355,0.8421052631578947,0.4266666666666667,0.5663716814159292,31.46415203809738,0.8636363636363636,0.5066666666666667,0.638655462184874,21.475718007422984,0.8837209302325582,0.5066666666666667,0.6440677966101697,51.857215992640704
0000327_03201_d_0000727.jpg,110,YOLOv13-X,YOLOv13-L,0,0.6571428571428571,0.20909090909090908,0.3172413793103448,68.98812600411475,0.6486486486486487,0.21818181818181817,0.326530612244898,0.4838709677419355,0.13636363636363635,0.2127659574468085,21.153235982637852,0.6,0.19090909090909092,0.2896551724137931,14.161636994685978,0.6486486486486487,0.21818181818181817,0.326530612244898,50.435380020644516,0.6571428571428571,0.20909090909090908,0.3172413793103448,32.890568021684885
0000327_03401_d_0000728.jpg,75,YOLOv13-X,YOLOv13-X,1,0.7142857142857143,0.4666666666666667,0.5645161290322581,77.65936100622639,0.7142857142857143,0.4666666666666667,0.5645161290322581,0.6666666666666666,0.26666666666666666,0.3809523809523809,33.21527602383867,0.6666666666666666,0.32,0.43243243243243246,30.259911029133946,0.725,0.38666666666666666,0.5043478260869565,39.73344399128109,0.7142857142857143,0.4666666666666667,0.5645161290322581,32.488219963852316
0000327_03601_d_0000729.jpg,60,YOLOv13-X,YOLOv13-X,1,0.75,0.65,0.6964285714285715,49.40164799336344,0.75,0.65,0.6964285714285715,0.7777777777777778,0.4666666666666667,0.5833333333333334,20.413640013430268,0.7391304347826086,0.5666666666666667,0.6415094339622641,42.07501595374197,0.7090909090909091,0.65,0.6782608695652174,33.240890013985336,0.75,0.65,0.6964285714285715,59.34831901686266
0000327_03801_d_0000730.jpg,103,YOLOv13-X,YOLOv13-X,1,0.84,0.6116504854368932,0.7078651685393258,68.29616200411692,0.84,0.6116504854368932,0.7078651685393258,0.7049180327868853,0.4174757281553398,0.524390243902439,29.31699500186369,0.7464788732394366,0.5145631067961165,0.6091954022988505,18.76151899341494,0.759493670886076,0.5825242718446602,0.6593406593406593,26.0220339987427,0.84,0.6116504854368932,0.7078651685393258,43.85737399570644
0000327_04001_d_0000731.jpg,136,YOLOv13-X,YOLOv13-X,1,0.7808219178082192,0.41911764705882354,0.5454545454545455,56.43500597216189,0.7808219178082192,0.41911764705882354,0.5454545454545455,0.6774193548387096,0.3088235294117647,0.42424242424242425,22.082896961364895,0.7903225806451613,0.3602941176470588,0.4949494949494949,22.29154499946162,0.72,0.39705882352941174,0.5118483412322274,34.40609201788902,0.7808219178082192,0.41911764705882354,0.5454545454545455,32.05966099631041
0000327_04201_d_0000732.jpg,110,YOLOv13-X,YOLOv13-X,1,0.7710843373493976,0.5818181818181818,0.6632124352331606,72.15879100840539,0.7710843373493976,0.5818181818181818,0.6632124352331606,0.6428571428571429,0.4090909090909091,0.5000000000000001,41.320596006698906,0.6666666666666666,0.4727272727272727,0.553191489361702,17.543544992804527,0.6818181818181818,0.5454545454545454,0.6060606060606061,65.15330402180552,0.7710843373493976,0.5818181818181818,0.6632124352331606,23.874568985775113
0000330_00001_d_0000800.jpg,80,YOLOv13-X,YOLOv13-X,1,0.8709677419354839,0.675,0.7605633802816901,59.53011300880462,0.8709677419354839,0.675,0.7605633802816901,0.8125,0.4875,0.6093749999999999,20.203426014631987,0.7627118644067796,0.5625,0.6474820143884892,36.94528801133856,0.7936507936507936,0.625,0.6993006993006993,46.02898802841082,0.8709677419354839,0.675,0.7605633802816901,30.133318970911205
0000330_00201_d_0000801.jpg,130,YOLOv13-X,YOLOv13-X,1,0.6779661016949152,0.3076923076923077,0.4232804232804233,73.35517898900434,0.6779661016949152,0.3076923076923077,0.4232804232804233,0.5740740740740741,0.23846153846153847,0.33695652173913043,41.326502978336066,0.631578947368421,0.27692307692307694,0.3850267379679144,41.591086017433554,0.6307692307692307,0.3153846153846154,0.4205128205128205,49.19019399676472,0.6779661016949152,0.3076923076923077,0.4232804232804233,32.317664998117834
0000330_00401_d_0000802.jpg,112,YOLOv13-L,YOLOv13-X,0,0.7538461538461538,0.4375,0.5536723163841808,75.01445198431611,0.7910447761194029,0.4732142857142857,0.5921787709497206,0.8444444444444444,0.3392857142857143,0.48407643312101917,43.07140898890793,0.7719298245614035,0.39285714285714285,0.5207100591715976,30.766017036512494,0.7538461538461538,0.4375,0.5536723163841808,31.280000985134393,0.7910447761194029,0.4732142857142857,0.5921787709497206,28.966002981178463
0000330_00601_d_0000803.jpg,94,YOLOv13-X,YOLOv13-X,1,0.7833333333333333,0.5,0.6103896103896105,59.81574999168515,0.7833333333333333,0.5,0.6103896103896105,0.7115384615384616,0.39361702127659576,0.5068493150684932,21.5694599901326,0.7924528301886793,0.44680851063829785,0.5714285714285714,19.081337028183043,0.7894736842105263,0.4787234042553192,0.5960264900662251,28.40803103754297,0.7833333333333333,0.5,0.6103896103896105,30.489473952911794
0000330_00801_d_0000804.jpg,93,YOLOv13-X,YOLOv13-L,0,0.7611940298507462,0.5483870967741935,0.6375,59.03701001079753,0.7571428571428571,0.5698924731182796,0.6503067484662578,0.7101449275362319,0.5268817204301075,0.6049382716049383,35.93056998215616,0.7285714285714285,0.5483870967741935,0.6257668711656441,18.39812600519508,0.7571428571428571,0.5698924731182796,0.6503067484662578,31.52718098135665,0.7611940298507462,0.5483870967741935,0.6375,45.28449598001316
0000330_01001_d_0000805.jpg,93,YOLOv13-X,YOLOv13-L,0,0.7833333333333333,0.5053763440860215,0.6143790849673203,73.27041699318215,0.7777777777777778,0.5268817204301075,0.6282051282051282,0.6842105263157895,0.41935483870967744,0.5200000000000001,41.410389996599406,0.6833333333333333,0.44086021505376344,0.5359477124183006,39.8693680181168,0.7777777777777778,0.5268817204301075,0.6282051282051282,37.458374979905784,0.7833333333333333,0.5053763440860215,0.6143790849673203,29.50793004129082
0000330_01201_d_0000806.jpg,110,YOLOv13-X,YOLOv13-X,1,0.8307692307692308,0.4909090909090909,0.6171428571428572,58.406314987223595,0.8307692307692308,0.4909090909090909,0.6171428571428572,0.7407407407407407,0.36363636363636365,0.48780487804878053,22.064112999942154,0.8823529411764706,0.4090909090909091,0.5590062111801242,33.53797399904579,0.8153846153846154,0.4818181818181818,0.6057142857142858,61.93755904678255,0.8307692307692308,0.4909090909090909,0.6171428571428572,38.18549000425264
0000330_01401_d_0000807.jpg,161,YOLOv13-X,YOLOv13-L,0,0.822429906542056,0.546583850931677,0.6567164179104478,63.398830010555685,0.8256880733944955,0.5590062111801242,0.6666666666666667,0.8,0.4472049689440994,0.5737051792828686,30.709578015375882,0.78,0.484472049689441,0.5977011494252874,21.974088973365724,0.8256880733944955,0.5590062111801242,0.6666666666666667,30.61480401083827,0.822429906542056,0.546583850931677,0.6567164179104478,55.67356600658968
0000330_01601_d_0000808.jpg,99,YOLOv13-X,YOLOv13-X,1,0.873015873015873,0.5555555555555556,0.6790123456790124,63.10627399943769,0.873015873015873,0.5555555555555556,0.6790123456790124,0.75,0.45454545454545453,0.5660377358490566,41.121133021079004,0.7741935483870968,0.48484848484848486,0.5962732919254659,19.571259035728872,0.8115942028985508,0.5656565656565656,0.6666666666666666,26.490366959478706,0.873015873015873,0.5555555555555556,0.6790123456790124,33.14647701336071
0000330_01801_d_0000809.jpg,64,YOLOv13-X,YOLOv13-X,1,0.8275862068965517,0.75,0.7868852459016394,47.3388199461624,0.8275862068965517,0.75,0.7868852459016394,0.782608695652174,0.5625,0.6545454545454547,19.50712996767834,0.8125,0.609375,0.6964285714285714,36.52583999792114,0.7288135593220338,0.671875,0.6991869918699187,42.62841900344938,0.8275862068965517,0.75,0.7868852459016394,31.187918037176132
0000330_02001_d_0000810.jpg,57,YOLOv13-L,YOLOv13-X,0,0.8333333333333334,0.6140350877192983,0.7070707070707071,65.81516098231077,0.8333333333333334,0.7017543859649122,0.7619047619047619,0.8409090909090909,0.6491228070175439,0.7326732673267327,37.829459994100034,0.7777777777777778,0.6140350877192983,0.6862745098039216,19.71642195712775,0.8333333333333334,0.6140350877192983,0.7070707070707071,55.6716849678196,0.8333333333333334,0.7017543859649122,0.7619047619047619,37.27211500518024
0000330_02201_d_0000811.jpg,44,YOLOv13-X,YOLOv13-L,0,0.7073170731707317,0.6590909090909091,0.6823529411764706,67.58279202040285,0.7368421052631579,0.6363636363636364,0.6829268292682926,0.7105263157894737,0.6136363636363636,0.6585365853658537,22.055573004763573,0.7272727272727273,0.5454545454545454,0.6233766233766234,21.246278018224984,0.7368421052631579,0.6363636363636364,0.6829268292682926,31.768708024173975,0.7073170731707317,0.6590909090909091,0.6823529411764706,32.38970704842359
0000330_02801_d_0000814.jpg,45,YOLOv13-X,YOLOv13-X,1,0.7551020408163265,0.8222222222222222,0.7872340425531914,65.17524702940136,0.7551020408163265,0.8222222222222222,0.7872340425531914,0.6585365853658537,0.6,0.627906976744186,19.967894011642784,0.7857142857142857,0.7333333333333333,0.7586206896551724,20.9123520180583,0.673469387755102,0.7333333333333333,0.702127659574468,50.32974894857034,0.7551020408163265,0.8222222222222222,0.7872340425531914,42.362965003121644
0000330_03001_d_0000815.jpg,45,YOLOv13-X,YOLOv13-X,1,0.8333333333333334,0.7777777777777778,0.8045977011494253,69.61553107248619,0.8333333333333334,0.7777777777777778,0.8045977011494253,0.7435897435897436,0.6444444444444445,0.6904761904761906,20.587776030879468,0.8611111111111112,0.6888888888888889,0.7654320987654321,33.67107798112556,0.7727272727272727,0.7555555555555555,0.7640449438202247,61.814957996830344,0.8333333333333334,0.7777777777777778,0.8045977011494253,55.80755200935528
0000330_03201_d_0000816.jpg,69,YOLOv13-L,YOLOv13-S,0,0.6756756756756757,0.7246376811594203,0.6993006993006994,55.615924997255206,0.7868852459016393,0.6956521739130435,0.7384615384615385,0.8,0.5797101449275363,0.6722689075630253,32.91671600891277,0.7868852459016393,0.6956521739130435,0.7384615384615385,31.748667999636382,0.6756756756756757,0.7246376811594203,0.6993006993006994,43.374873988796026,0.7,0.7101449275362319,0.7050359712230215,33.22424599900842
0000330_04001_d_0000820.jpg,38,YOLOv13-L,YOLOv13-L,1,0.7948717948717948,0.8157894736842105,0.8051948051948051,48.517134971916676,0.7948717948717948,0.8157894736842105,0.8051948051948051,0.7073170731707317,0.7631578947368421,0.7341772151898733,21.686168969608843,0.7435897435897436,0.7631578947368421,0.7532467532467534,20.077013003174216,0.7948717948717948,0.8157894736842105,0.8051948051948051,31.151174975093454,0.7894736842105263,0.7894736842105263,0.7894736842105263,30.055753013584763
0000330_04201_d_0000821.jpg,162,YOLOv13-X,YOLOv13-X,1,0.7798165137614679,0.5246913580246914,0.6273062730627306,59.54743199981749,0.7798165137614679,0.5246913580246914,0.6273062730627306,0.6413043478260869,0.36419753086419754,0.4645669291338582,19.36214801389724,0.7727272727272727,0.41975308641975306,0.544,20.913450978696346,0.7226890756302521,0.5308641975308642,0.6120996441281139,31.403614033479244,0.7798165137614679,0.5246913580246914,0.6273062730627306,33.18708902224898
0000330_04401_d_0000822.jpg,38,YOLOv13-L,YOLOv13-L,1,0.7419354838709677,0.6052631578947368,0.6666666666666666,47.7592219831422,0.7419354838709677,0.6052631578947368,0.6666666666666666,0.5862068965517241,0.4473684210526316,0.5074626865671642,21.42142498632893,0.6774193548387096,0.5526315789473685,0.6086956521739131,20.760687009897083,0.7419354838709677,0.6052631578947368,0.6666666666666666,32.503104011993855,0.696969696969697,0.6052631578947368,0.6478873239436619,31.95669496199116
0000330_04601_d_0000823.jpg,62,YOLOv13-X,YOLOv13-L,0,0.7111111111111111,0.5161290322580645,0.5981308411214953,53.3714639605023,0.75,0.5806451612903226,0.6545454545454547,0.7777777777777778,0.45161290322580644,0.5714285714285714,20.690863952040672,0.7441860465116279,0.5161290322580645,0.6095238095238095,22.785870009101927,0.75,0.5806451612903226,0.6545454545454547,60.52085000555962,0.7111111111111111,0.5161290322580645,0.5981308411214953,29.23577802721411
0000333_00001_d_0000001.jpg,68,YOLOv13-L,YOLOv13-X,0,0.5757575757575758,0.5588235294117647,0.5671641791044776,58.248910994734615,0.640625,0.6029411764705882,0.6212121212121211,0.6078431372549019,0.45588235294117646,0.5210084033613445,20.30769200064242,0.6206896551724138,0.5294117647058824,0.5714285714285715,14.626669988501817,0.5757575757575758,0.5588235294117647,0.5671641791044776,32.26914402330294,0.640625,0.6029411764705882,0.6212121212121211,29.766493011265993
0000333_01765_d_0000010.jpg,120,YOLOv13-L,YOLOv13-X,0,0.8333333333333334,0.4583333333333333,0.5913978494623655,73.12070403713733,0.9166666666666666,0.4583333333333333,0.611111111111111,0.8518518518518519,0.38333333333333336,0.5287356321839081,39.06141099287197,0.8688524590163934,0.44166666666666665,0.585635359116022,24.697933986317366,0.8333333333333334,0.4583333333333333,0.5913978494623655,36.233610997442156,0.9166666666666666,0.4583333333333333,0.611111111111111,23.246212978847325
0000333_01961_d_0000011.jpg,65,YOLOv13-L,YOLOv13-X,0,0.8867924528301887,0.7230769230769231,0.7966101694915254,63.9976070378907,0.9245283018867925,0.7538461538461538,0.8305084745762712,0.8958333333333334,0.6615384615384615,0.7610619469026548,33.55086804367602,0.8363636363636363,0.7076923076923077,0.7666666666666666,18.906257988419384,0.8867924528301887,0.7230769230769231,0.7966101694915254,37.624579039402306,0.9245283018867925,0.7538461538461538,0.8305084745762712,51.768534001894295
0000333_02157_d_0000012.jpg,67,YOLOv13-L,YOLOv13-X,0,0.8888888888888888,0.7164179104477612,0.793388429752066,48.71873004594818,0.8928571428571429,0.746268656716418,0.8130081300813009,0.851063829787234,0.5970149253731343,0.7017543859649124,20.17073903698474,0.8627450980392157,0.6567164179104478,0.7457627118644067,30.882947030477226,0.8888888888888888,0.7164179104477612,0.793388429752066,59.49362099636346,0.8928571428571429,0.746268656716418,0.8130081300813009,31.975297024473548
0000333_02353_d_0000013.jpg,70,YOLOv13-L,YOLOv13-L,1,0.9534883720930233,0.5857142857142857,0.7256637168141594,68.35031695663929,0.9534883720930233,0.5857142857142857,0.7256637168141594,0.9024390243902439,0.5285714285714286,0.6666666666666666,20.211475959513336,0.9047619047619048,0.5428571428571428,0.6785714285714285,18.884674995206296,0.9534883720930233,0.5857142857142857,0.7256637168141594,28.278801997657865,0.975609756097561,0.5714285714285714,0.7207207207207207,32.406174985226244
0000333_02549_d_0000014.jpg,91,YOLOv13-L,YOLOv13-L,1,0.82,0.45054945054945056,0.5815602836879432,67.41120299557224,0.82,0.45054945054945056,0.5815602836879432,0.7291666666666666,0.38461538461538464,0.5035971223021583,37.99189400160685,0.7708333333333334,0.4065934065934066,0.5323741007194245,27.93650096282363,0.82,0.45054945054945056,0.5815602836879432,19.655927026178688,0.7169811320754716,0.4175824175824176,0.5277777777777778,30.079756979830563
0000333_02745_d_0000015.jpg,52,YOLOv13-L,YOLOv13-X,0,0.8823529411764706,0.5769230769230769,0.6976744186046512,66.32134801475331,0.8421052631578947,0.6153846153846154,0.7111111111111111,0.8235294117647058,0.5384615384615384,0.6511627906976744,40.243227034807205,0.8529411764705882,0.5576923076923077,0.6744186046511628,19.750710984226316,0.8823529411764706,0.5769230769230769,0.6976744186046512,26.687120960559696,0.8421052631578947,0.6153846153846154,0.7111111111111111,31.4334980212152
0000333_02941_d_0000016.jpg,44,YOLOv13-L,YOLOv13-S,0,0.8666666666666667,0.5909090909090909,0.7027027027027029,76.652864983771,0.8666666666666667,0.5909090909090909,0.7027027027027029,0.8571428571428571,0.5454545454545454,0.6666666666666665,40.683718980289996,0.8666666666666667,0.5909090909090909,0.7027027027027029,19.802749971859157,0.8666666666666667,0.5909090909090909,0.7027027027027029,44.89549802383408,0.7878787878787878,0.5909090909090909,0.6753246753246752,57.85245297010988
0000333_03137_d_0000017.jpg,39,YOLOv13-L,YOLOv13-S,0,0.7777777777777778,0.5384615384615384,0.6363636363636364,58.736979961395264,0.84,0.5384615384615384,0.6562499999999999,0.7692307692307693,0.5128205128205128,0.6153846153846154,33.381515997461975,0.84,0.5384615384615384,0.6562499999999999,31.651979021262378,0.7777777777777778,0.5384615384615384,0.6363636363636364,53.47446701489389,0.84,0.5384615384615384,0.6562499999999999,44.74878899054602
0000333_03333_d_0000018.jpg,62,YOLOv13-L,YOLOv13-L,1,0.9038461538461539,0.7580645161290323,0.8245614035087719,72.16130296001211,0.9038461538461539,0.7580645161290323,0.8245614035087719,0.7818181818181819,0.6935483870967742,0.7350427350427351,40.3062459663488,0.8461538461538461,0.7096774193548387,0.7719298245614036,41.20971797965467,0.9038461538461539,0.7580645161290323,0.8245614035087719,34.76625104667619,0.8846153846153846,0.7419354838709677,0.8070175438596492,30.328988970723003
0000333_03529_d_0000019.jpg,95,YOLOv13-L,YOLOv13-X,0,0.7391304347826086,0.5368421052631579,0.6219512195121951,48.00252598943189,0.7910447761194029,0.5578947368421052,0.654320987654321,0.7758620689655172,0.47368421052631576,0.588235294117647,23.375560995191336,0.7419354838709677,0.4842105263157895,0.5859872611464969,16.597912006545812,0.7391304347826086,0.5368421052631579,0.6219512195121951,31.620958994608372,0.7910447761194029,0.5578947368421052,0.654320987654321,31.31557599408552
0000333_03725_d_0000020.jpg,83,YOLOv13-L,YOLOv13-L,1,0.75,0.5783132530120482,0.6530612244897958,66.04804599191993,0.75,0.5783132530120482,0.6530612244897958,0.6984126984126984,0.5301204819277109,0.6027397260273972,30.00447800150141,0.7413793103448276,0.5180722891566265,0.6099290780141845,24.960319977253675,0.75,0.5783132530120482,0.6530612244897958,41.32379504153505,0.7301587301587301,0.5542168674698795,0.6301369863013699,37.452885997481644
0000335_00001_d_0000043.jpg,41,YOLOv13-L,YOLOv13-X,0,0.8,0.6829268292682927,0.736842105263158,69.09636000636965,0.9375,0.7317073170731707,0.821917808219178,0.8333333333333334,0.6097560975609756,0.7042253521126761,41.670941980555654,0.8787878787878788,0.7073170731707317,0.7837837837837839,37.07518597366288,0.8,0.6829268292682927,0.736842105263158,59.099534002598375,0.9375,0.7317073170731707,0.821917808219178,61.61114404676482
0000335_00197_d_0000044.jpg,37,YOLOv13-X,YOLOv13-X,1,0.7142857142857143,0.5405405405405406,0.6153846153846154,55.27965899091214,0.7142857142857143,0.5405405405405406,0.6153846153846154,0.76,0.5135135135135135,0.6129032258064517,19.107561965938658,0.7037037037037037,0.5135135135135135,0.59375,29.869088029954582,0.5588235294117647,0.5135135135135135,0.5352112676056339,33.5147250443697,0.7142857142857143,0.5405405405405406,0.6153846153846154,56.43602495547384
0000335_00393_d_0000045.jpg,34,YOLOv13-L,YOLOv13-X,0,0.71875,0.6764705882352942,0.696969696969697,77.03471602872014,0.8,0.7058823529411765,0.7500000000000001,0.6923076923076923,0.5294117647058824,0.5999999999999999,30.87252500699833,0.7692307692307693,0.5882352941176471,0.6666666666666667,17.078092962037772,0.71875,0.6764705882352942,0.696969696969697,32.158886024262756,0.8,0.7058823529411765,0.7500000000000001,27.19493198674172
0000335_00589_d_0000046.jpg,21,YOLOv13-L,YOLOv13-X,0,0.9,0.8571428571428571,0.8780487804878048,58.655995002482086,0.9047619047619048,0.9047619047619048,0.9047619047619048,0.8421052631578947,0.7619047619047619,0.8,22.030010004527867,0.75,0.7142857142857143,0.7317073170731706,40.187870035879314,0.9,0.8571428571428571,0.8780487804878048,64.26752998959273,0.9047619047619048,0.9047619047619048,0.9047619047619048,54.474178003147244
0000335_00785_d_0000047.jpg,34,YOLOv13-L,YOLOv13-X,0,0.8148148148148148,0.6470588235294118,0.7213114754098361,69.00455703726038,0.875,0.6176470588235294,0.7241379310344829,0.7307692307692307,0.5588235294117647,0.6333333333333334,33.54218101594597,0.7777777777777778,0.6176470588235294,0.6885245901639345,34.78210995672271,0.8148148148148148,0.6470588235294118,0.7213114754098361,48.17424202337861,0.875,0.6176470588235294,0.7241379310344829,30.350427026860416
0000335_00981_d_0000048.jpg,78,YOLOv13-X,YOLOv13-X,1,0.8125,0.3333333333333333,0.4727272727272727,56.264722952619195,0.8125,0.3333333333333333,0.4727272727272727,0.8636363636363636,0.24358974358974358,0.38000000000000006,26.23343898449093,0.8148148148148148,0.28205128205128205,0.41904761904761906,43.227647023741156,0.8571428571428571,0.3076923076923077,0.45283018867924535,42.06506803166121,0.8125,0.3333333333333333,0.4727272727272727,40.17948097316548
0000335_01765_d_0000052.jpg,61,YOLOv13-X,YOLOv13-X,1,0.8936170212765957,0.6885245901639344,0.7777777777777777,73.82791704731062,0.8936170212765957,0.6885245901639344,0.7777777777777777,0.8048780487804879,0.5409836065573771,0.6470588235294118,36.73053003149107,0.8604651162790697,0.6065573770491803,0.7115384615384615,17.686892009805888,0.8163265306122449,0.6557377049180327,0.7272727272727273,36.32799198385328,0.8936170212765957,0.6885245901639344,0.7777777777777777,49.866322020534426
0000335_01961_d_0000053.jpg,69,YOLOv13-X,YOLOv13-L,0,0.875,0.6086956521739131,0.717948717948718,46.924441994633526,0.8823529411764706,0.6521739130434783,0.75,0.8378378378378378,0.4492753623188406,0.5849056603773585,21.729658998083323,0.8541666666666666,0.5942028985507246,0.7008547008547009,22.470191004686058,0.8823529411764706,0.6521739130434783,0.75,31.9196839700453,0.875,0.6086956521739131,0.717948717948718,41.8464140384458
0000335_02353_d_0000055.jpg,82,YOLOv13-X,YOLOv13-X,1,0.8823529411764706,0.5487804878048781,0.6766917293233083,49.206789990421385,0.8823529411764706,0.5487804878048781,0.6766917293233083,0.8,0.3902439024390244,0.5245901639344263,21.309836010914296,0.8461538461538461,0.4024390243902439,0.5454545454545454,18.513847957365215,0.803921568627451,0.5,0.6165413533834586,61.994199990294874,0.8823529411764706,0.5487804878048781,0.6766917293233083,30.647810024674982
0000335_02549_d_0000056.jpg,87,YOLOv13-X,YOLOv13-X,1,0.8695652173913043,0.45977011494252873,0.6015037593984962,62.579034944064915,0.8695652173913043,0.45977011494252873,0.6015037593984962,0.7954545454545454,0.40229885057471265,0.5343511450381679,21.679225959815085,0.851063829787234,0.45977011494252873,0.5970149253731344,13.030444970354438,0.82,0.47126436781609193,0.5985401459854015,33.64131000125781,0.8695652173913043,0.45977011494252873,0.6015037593984962,36.960628000088036
0000335_02745_d_0000057.jpg,99,YOLOv13-X,YOLOv13-X,1,0.8771929824561403,0.5050505050505051,0.641025641025641,53.30127303022891,0.8771929824561403,0.5050505050505051,0.641025641025641,0.7924528301886793,0.42424242424242425,0.5526315789473685,19.090467016212642,0.8363636363636363,0.46464646464646464,0.5974025974025974,21.030969044659287,0.875,0.494949494949495,0.6322580645161291,33.976712031289935,0.8771929824561403,0.5050505050505051,0.641025641025641,55.03688397584483
0000335_03137_d_0000059.jpg,103,YOLOv13-X,YOLOv13-L,0,0.8823529411764706,0.4368932038834951,0.5844155844155844,70.82242600154132,0.8679245283018868,0.44660194174757284,0.5897435897435898,0.7037037037037037,0.36893203883495146,0.48407643312101906,22.351999999955297,0.8,0.42718446601941745,0.5569620253164557,20.99835401168093,0.8679245283018868,0.44660194174757284,0.5897435897435898,30.048988992348313,0.8823529411764706,0.4368932038834951,0.5844155844155844,59.257031010929495
0000335_03333_d_0000060.jpg,40,YOLOv13-L,YOLOv13-X,0,0.8292682926829268,0.85,0.8395061728395061,51.8225790001452,0.868421052631579,0.825,0.8461538461538461,0.7567567567567568,0.7,0.7272727272727273,23.355859972070903,0.7560975609756098,0.775,0.7654320987654322,20.013231958728284,0.8292682926829268,0.85,0.8395061728395061,26.772166951559484,0.868421052631579,0.825,0.8461538461538461,35.08132102433592
0000335_03725_d_0000062.jpg,27,YOLOv13-L,YOLOv13-L,1,0.88,0.8148148148148148,0.8461538461538461,81.85926004080102,0.88,0.8148148148148148,0.8461538461538461,0.875,0.7777777777777778,0.823529411764706,41.02042503654957,0.8461538461538461,0.8148148148148148,0.830188679245283,20.071375009138137,0.88,0.8148148148148148,0.8461538461538461,29.04286398552358,0.8461538461538461,0.8148148148148148,0.830188679245283,45.89159198803827
0000335_03921_d_0000063.jpg,44,YOLOv13-L,YOLOv13-L,1,0.9047619047619048,0.8636363636363636,0.8837209302325582,77.74086995050311,0.9047619047619048,0.8636363636363636,0.8837209302325582,0.8717948717948718,0.7727272727272727,0.8192771084337349,41.04931198526174,0.8571428571428571,0.8181818181818182,0.8372093023255814,17.7130340016447,0.9047619047619048,0.8636363636363636,0.8837209302325582,41.72820900566876,0.9,0.8181818181818182,0.8571428571428572,41.766513022594154
0000335_04117_d_0000064.jpg,28,YOLOv13-L,YOLOv13-X,0,0.8666666666666667,0.9285714285714286,0.896551724137931,49.19600300490856,0.896551724137931,0.9285714285714286,0.912280701754386,0.8846153846153846,0.8214285714285714,0.8518518518518519,21.359178994316608,0.8571428571428571,0.8571428571428571,0.8571428571428571,37.52127103507519,0.8666666666666667,0.9285714285714286,0.896551724137931,34.20238703256473,0.896551724137931,0.9285714285714286,0.912280701754386,28.745631978381425
0000335_04313_d_0000065.jpg,38,YOLOv13-L,YOLOv13-X,0,0.8888888888888888,0.8421052631578947,0.8648648648648649,80.06988803390414,0.9142857142857143,0.8421052631578947,0.8767123287671234,0.8787878787878788,0.7631578947368421,0.8169014084507042,35.345714015420526,0.8823529411764706,0.7894736842105263,0.8333333333333333,21.59543999005109,0.8888888888888888,0.8421052631578947,0.8648648648648649,31.498536001890898,0.9142857142857143,0.8421052631578947,0.8767123287671234,45.638412004336715
0000335_05097_d_0000069.jpg,20,YOLOv13-L,YOLOv13-S,0,0.7647058823529411,0.65,0.7027027027027027,51.82728200452402,0.8823529411764706,0.75,0.8108108108108107,0.8125,0.65,0.7222222222222223,21.134036011062562,0.8823529411764706,0.75,0.8108108108108107,18.746858986560255,0.7647058823529411,0.65,0.7027027027027027,19.128754967823625,0.7647058823529411,0.65,0.7027027027027027,30.727724020835012
0000335_05685_d_0000072.jpg,15,YOLOv13-S,YOLOv13-L,0,0.9285714285714286,0.8666666666666667,0.896551724137931,44.51044008601457,0.875,0.9333333333333333,0.9032258064516129,0.8666666666666667,0.8666666666666667,0.8666666666666667,21.997766045387834,0.9285714285714286,0.8666666666666667,0.896551724137931,20.48072003526613,0.875,0.9333333333333333,0.9032258064516129,28.480920009315014,0.8,0.8,0.8000000000000002,50.08199100848287
0000335_06469_d_0000076.jpg,8,YOLOv13-N,YOLOv13-X,0,0.8333333333333334,0.625,0.7142857142857143,38.33718301029876,0.8571428571428571,0.75,0.7999999999999999,0.8333333333333334,0.625,0.7142857142857143,38.33718301029876,0.6666666666666666,0.75,0.7058823529411765,25.333971017971635,0.75,0.75,0.75,33.94327202113345,0.8571428571428571,0.75,0.7999999999999999,39.63215899420902
0000335_06665_d_0000077.jpg,21,YOLOv13-L,YOLOv13-X,0,0.8181818181818182,0.8571428571428571,0.8372093023255814,70.32481802161783,1.0,0.9523809523809523,0.975609756097561,0.8421052631578947,0.7619047619047619,0.8,31.257891037967056,0.9047619047619048,0.9047619047619048,0.9047619047619048,16.625443007797003,0.8181818181818182,0.8571428571428571,0.8372093023255814,31.807153020054102,1.0,0.9523809523809523,0.975609756097561,30.401177995372564
0000335_06861_d_0000078.jpg,24,YOLOv13-L,YOLOv13-X,0,0.7692307692307693,0.8333333333333334,0.8,59.69560594530776,0.875,0.875,0.875,0.9090909090909091,0.8333333333333334,0.8695652173913043,21.763370954431593,0.9090909090909091,0.8333333333333334,0.8695652173913043,30.670797976199538,0.7692307692307693,0.8333333333333334,0.8,33.02877797977999,0.875,0.875,0.875,33.63471903139725
0000342_00393_d_0000244.jpg,133,YOLOv13-X,YOLOv13-X,1,0.8461538461538461,0.49624060150375937,0.6255924170616114,69.24466002965346,0.8461538461538461,0.49624060150375937,0.6255924170616114,0.6268656716417911,0.3157894736842105,0.42,32.72569598630071,0.7361111111111112,0.39849624060150374,0.5170731707317073,40.75802699662745,0.775,0.46616541353383456,0.5821596244131455,42.55103401374072,0.8461538461538461,0.49624060150375937,0.6255924170616114,30.58095701271668
0000345_07057_d_0000345.jpg,108,YOLOv13-L,YOLOv13-X,0,0.8,0.48148148148148145,0.6011560693641619,49.08401507418603,0.7971014492753623,0.5092592592592593,0.6214689265536724,0.6964285714285714,0.3611111111111111,0.47560975609756095,21.14362403517589,0.7627118644067796,0.4166666666666667,0.5389221556886227,17.217855027411133,0.8,0.48148148148148145,0.6011560693641619,35.818240023218095,0.7971014492753623,0.5092592592592593,0.6214689265536724,32.462153991218656
0000346_00001_d_0000346.jpg,82,YOLOv13-L,YOLOv13-L,1,0.7692307692307693,0.7317073170731707,0.7499999999999999,51.99360003462061,0.7692307692307693,0.7317073170731707,0.7499999999999999,0.7101449275362319,0.5975609756097561,0.6490066225165563,23.396407021209598,0.7571428571428571,0.6463414634146342,0.6973684210526315,42.24854399217293,0.7692307692307693,0.7317073170731707,0.7499999999999999,32.103378034662455,0.75,0.6951219512195121,0.721518987341772,30.14234302099794
0000346_01961_d_0000356.jpg,71,YOLOv13-L,YOLOv13-X,0,0.6440677966101694,0.5352112676056338,0.5846153846153846,56.21324700769037,0.6727272727272727,0.5211267605633803,0.5873015873015874,0.5714285714285714,0.4507042253521127,0.5039370078740156,22.07594900391996,0.6607142857142857,0.5211267605633803,0.5826771653543307,22.215056989807636,0.6440677966101694,0.5352112676056338,0.5846153846153846,31.263910001143813,0.6727272727272727,0.5211267605633803,0.5873015873015874,32.89919096278027
0000346_02549_d_0000359.jpg,59,YOLOv13-X,YOLOv13-X,1,0.7142857142857143,0.7627118644067796,0.7377049180327869,75.85214101709425,0.7142857142857143,0.7627118644067796,0.7377049180327869,0.6842105263157895,0.6610169491525424,0.6724137931034484,41.79684305563569,0.6363636363636364,0.711864406779661,0.672,25.79269901616499,0.6515151515151515,0.7288135593220338,0.688,55.32601702725515,0.7142857142857143,0.7627118644067796,0.7377049180327869,33.81944401189685
0000346_03921_d_0000366.jpg,50,YOLOv13-L,YOLOv13-X,0,0.6346153846153846,0.66,0.6470588235294118,52.629047946538776,0.6730769230769231,0.7,0.6862745098039216,0.6666666666666666,0.6,0.631578947368421,22.7174119791016,0.6976744186046512,0.6,0.6451612903225806,25.41713695973158,0.6346153846153846,0.66,0.6470588235294118,28.87127100257203,0.6730769230769231,0.7,0.6862745098039216,26.924734003841877
0000346_07057_d_0000382.jpg,87,YOLOv13-X,YOLOv13-X,1,0.8840579710144928,0.7011494252873564,0.782051282051282,46.14102601772174,0.8840579710144928,0.7011494252873564,0.782051282051282,0.6625,0.6091954022988506,0.6347305389221558,22.67050201771781,0.8309859154929577,0.6781609195402298,0.7468354430379747,35.93948303023353,0.8571428571428571,0.6896551724137931,0.7643312101910829,45.55840202374384,0.8840579710144928,0.7011494252873564,0.782051282051282,27.97301596729085
0000348_00589_d_0000409.jpg,34,YOLOv13-L,YOLOv13-L,1,0.6774193548387096,0.6176470588235294,0.6461538461538462,71.57864497276023,0.6774193548387096,0.6176470588235294,0.6461538461538462,0.64,0.47058823529411764,0.5423728813559322,41.68301494792104,0.6333333333333333,0.5588235294117647,0.59375,20.30124398879707,0.6774193548387096,0.6176470588235294,0.6461538461538462,33.11589499935508,0.6896551724137931,0.5882352941176471,0.6349206349206349,31.703483022283763
0000348_03333_d_0000423.jpg,15,YOLOv13-S,YOLOv13-X,0,0.7692307692307693,0.6666666666666666,0.7142857142857142,46.43485601991415,0.8125,0.8666666666666667,0.8387096774193549,0.9090909090909091,0.6666666666666666,0.7692307692307692,19.931164977606386,0.7692307692307693,0.6666666666666666,0.7142857142857142,17.181382048875093,0.7647058823529411,0.8666666666666667,0.8125,26.21718100272119,0.8125,0.8666666666666667,0.8387096774193549,30.378229974303395
0000356_00589_d_0000632.jpg,121,YOLOv13-X,YOLOv13-X,1,0.7920792079207921,0.6611570247933884,0.7207207207207208,52.446368033997715,0.7920792079207921,0.6611570247933884,0.7207207207207208,0.7432432432432432,0.45454545454545453,0.5641025641025641,18.767553032375872,0.7368421052631579,0.5785123966942148,0.6481481481481481,22.89514901349321,0.7821782178217822,0.6528925619834711,0.7117117117117117,30.35849699517712,0.7920792079207921,0.6611570247933884,0.7207207207207208,33.2496429909952
0000356_01177_d_0000635.jpg,88,YOLOv13-L,YOLOv13-X,0,0.7073170731707317,0.6590909090909091,0.6823529411764706,52.846810955088586,0.7564102564102564,0.6704545454545454,0.7108433734939757,0.7115384615384616,0.42045454545454547,0.5285714285714285,23.317969986237586,0.6811594202898551,0.5340909090909091,0.5987261146496815,29.033117985818535,0.7073170731707317,0.6590909090909091,0.6823529411764706,31.826026970520616,0.7564102564102564,0.6704545454545454,0.7108433734939757,32.23545599030331
0000356_01569_d_0000637.jpg,100,YOLOv13-X,YOLOv13-X,1,0.7424242424242424,0.49,0.5903614457831325,46.80502897826955,0.7424242424242424,0.49,0.5903614457831325,0.49206349206349204,0.31,0.38036809815950917,20.89579898165539,0.6142857142857143,0.43,0.5058823529411766,18.353966996073723,0.6153846153846154,0.4,0.4848484848484849,36.49958403548226,0.7424242424242424,0.49,0.5903614457831325,28.752644022461027
0000356_01765_d_0000638.jpg,84,YOLOv13-L,YOLOv13-X,0,0.7777777777777778,0.5833333333333334,0.6666666666666666,50.22698995890096,0.8032786885245902,0.5833333333333334,0.6758620689655173,0.8095238095238095,0.40476190476190477,0.5396825396825397,21.57421497395262,0.6666666666666666,0.5,0.5714285714285715,26.384400960523635,0.7777777777777778,0.5833333333333334,0.6666666666666666,30.90270300162956,0.8032786885245902,0.5833333333333334,0.6758620689655173,29.886025993619114
0000356_01961_d_0000639.jpg,111,YOLOv13-X,YOLOv13-L,0,0.6956521739130435,0.43243243243243246,0.5333333333333333,50.491758971475065,0.7230769230769231,0.42342342342342343,0.5340909090909091,0.6,0.32432432432432434,0.4210526315789474,20.66419494803995,0.5857142857142857,0.36936936936936937,0.4530386740331492,17.318640020675957,0.7230769230769231,0.42342342342342343,0.5340909090909091,46.95412202272564,0.6956521739130435,0.43243243243243246,0.5333333333333333,33.480881014838815
0000356_02157_d_0000640.jpg,54,YOLOv13-X,YOLOv13-X,1,0.6129032258064516,0.7037037037037037,0.6551724137931035,53.2541909487918,0.6129032258064516,0.7037037037037037,0.6551724137931035,0.4838709677419355,0.5555555555555556,0.5172413793103449,21.4920139987953,0.5423728813559322,0.5925925925925926,0.5663716814159292,18.487683031708002,0.5441176470588235,0.6851851851851852,0.6065573770491803,58.907811995595694,0.6129032258064516,0.7037037037037037,0.6551724137931035,57.46243504108861
0000356_02353_d_0000641.jpg,106,YOLOv13-X,YOLOv13-X,1,0.7571428571428571,0.5,0.6022727272727273,58.678789995610714,0.7571428571428571,0.5,0.6022727272727273,0.6101694915254238,0.33962264150943394,0.43636363636363634,24.79276101803407,0.6615384615384615,0.4056603773584906,0.5029239766081871,25.556046050041914,0.7142857142857143,0.4716981132075472,0.5681818181818181,30.56047804420814,0.7571428571428571,0.5,0.6022727272727273,31.714286014903337
0000356_02745_d_0000643.jpg,97,YOLOv13-X,YOLOv13-X,1,0.8088235294117647,0.5670103092783505,0.6666666666666666,82.4524000636302,0.8088235294117647,0.5670103092783505,0.6666666666666666,0.6756756756756757,0.25773195876288657,0.3731343283582089,40.45021103229374,0.54,0.27835051546391754,0.36734693877551017,16.142259002663195,0.7384615384615385,0.4948453608247423,0.5925925925925927,32.09310700185597,0.8088235294117647,0.5670103092783505,0.6666666666666666,32.19133702805266
0000356_02941_d_0000644.jpg,108,YOLOv13-X,YOLOv13-X,1,0.5,0.3333333333333333,0.4,65.11950498679653,0.5,0.3333333333333333,0.4,0.40540540540540543,0.1388888888888889,0.20689655172413796,38.362608989700675,0.4423076923076923,0.21296296296296297,0.2875,18.854295019991696,0.5079365079365079,0.2962962962962963,0.3742690058479532,31.75432898569852,0.5,0.3333333333333333,0.4,30.169045960064977
0000356_03333_d_0000646.jpg,80,YOLOv13-X,YOLOv13-X,1,0.7611940298507462,0.6375,0.6938775510204082,94.79688300052658,0.7611940298507462,0.6375,0.6938775510204082,0.7037037037037037,0.475,0.5671641791044776,41.96521098492667,0.6896551724137931,0.5,0.5797101449275363,30.90239001903683,0.639344262295082,0.4875,0.5531914893617021,32.55852096481249,0.7611940298507462,0.6375,0.6938775510204082,60.02406997140497
0000356_03529_d_0000647.jpg,81,YOLOv13-X,YOLOv13-X,1,0.7125,0.7037037037037037,0.7080745341614907,71.2563669658266,0.7125,0.7037037037037037,0.7080745341614907,0.5714285714285714,0.49382716049382713,0.5298013245033113,35.70345096522942,0.7066666666666667,0.654320987654321,0.6794871794871794,20.303718047216535,0.6744186046511628,0.7160493827160493,0.6946107784431137,37.33997797826305,0.7125,0.7037037037037037,0.7080745341614907,41.42374900402501
0000356_03725_d_0000648.jpg,94,YOLOv13-X,YOLOv13-L,0,0.7543859649122807,0.4574468085106383,0.5695364238410595,59.22509101219475,0.7719298245614035,0.46808510638297873,0.5827814569536424,0.6222222222222222,0.2978723404255319,0.4028776978417266,20.660078967921436,0.578125,0.39361702127659576,0.4683544303797469,22.318768955301493,0.7719298245614035,0.46808510638297873,0.5827814569536424,40.07584601640701,0.7543859649122807,0.4574468085106383,0.5695364238410595,29.204678954556584
0000356_03921_d_0000649.jpg,72,YOLOv13-X,YOLOv13-X,1,0.6615384615384615,0.5972222222222222,0.6277372262773723,52.67781298607588,0.6615384615384615,0.5972222222222222,0.6277372262773723,0.6612903225806451,0.5694444444444444,0.6119402985074627,21.98003401281312,0.6428571428571429,0.5,0.5625000000000001,29.53400299884379,0.6964285714285714,0.5416666666666666,0.6093749999999999,17.791417019907385,0.6615384615384615,0.5972222222222222,0.6277372262773723,45.8975060028024
0000356_04117_d_0000650.jpg,93,YOLOv13-X,YOLOv13-L,0,0.7719298245614035,0.4731182795698925,0.5866666666666667,59.0524350409396,0.9038461538461539,0.5053763440860215,0.6482758620689656,0.7254901960784313,0.3978494623655914,0.5138888888888888,22.01292902464047,0.7924528301886793,0.45161290322580644,0.5753424657534246,18.997643026523292,0.9038461538461539,0.5053763440860215,0.6482758620689656,28.217938030138612,0.7719298245614035,0.4731182795698925,0.5866666666666667,52.687502990011126
0000356_04313_d_0000651.jpg,99,YOLOv13-X,YOLOv13-L,0,0.7285714285714285,0.5151515151515151,0.603550295857988,49.07437501242384,0.7941176470588235,0.5454545454545454,0.6467065868263473,0.7037037037037037,0.3838383838383838,0.4967320261437908,25.35477397032082,0.7424242424242424,0.494949494949495,0.5939393939393939,27.82329497858882,0.7941176470588235,0.5454545454545454,0.6467065868263473,31.18901897687465,0.7285714285714285,0.5151515151515151,0.603550295857988,33.69291604030877
0000356_04705_d_0000653.jpg,70,YOLOv13-X,YOLOv13-X,1,0.7352941176470589,0.7142857142857143,0.7246376811594202,65.08800998562947,0.7352941176470589,0.7142857142857143,0.7246376811594202,0.6,0.4714285714285714,0.528,35.50683701178059,0.6515151515151515,0.6142857142857143,0.6323529411764707,21.858058986254036,0.6533333333333333,0.7,0.6758620689655173,36.1226350069046,0.7352941176470589,0.7142857142857143,0.7246376811594202,61.12662696978077
0000356_04901_d_0000654.jpg,102,YOLOv13-X,YOLOv13-X,1,0.746268656716418,0.49019607843137253,0.591715976331361,61.01795093854889,0.746268656716418,0.49019607843137253,0.591715976331361,0.6481481481481481,0.3431372549019608,0.4487179487179487,32.65730798011646,0.6206896551724138,0.35294117647058826,0.45000000000000007,22.524357016664,0.6716417910447762,0.4411764705882353,0.5325443786982248,58.9835979626514,0.746268656716418,0.49019607843137253,0.591715976331361,33.778565004467964
0000356_05097_d_0000655.jpg,114,YOLOv13-X,YOLOv13-X,1,0.7702702702702703,0.5,0.6063829787234043,64.93815605062991,0.7702702702702703,0.5,0.6063829787234043,0.6851851851851852,0.32456140350877194,0.4404761904761905,29.848201025743037,0.7647058823529411,0.45614035087719296,0.5714285714285713,22.518073965329677,0.7283950617283951,0.5175438596491229,0.6051282051282051,51.064827013760805,0.7702702702702703,0.5,0.6063829787234043,59.34765498386696
0000358_03333_d_0000697.jpg,93,YOLOv13-X,YOLOv13-X,1,0.8727272727272727,0.5161290322580645,0.6486486486486487,60.881942976266146,0.8727272727272727,0.5161290322580645,0.6486486486486487,0.7708333333333334,0.3978494623655914,0.524822695035461,20.211883005686104,0.78,0.41935483870967744,0.5454545454545455,42.51496400684118,0.8035714285714286,0.4838709677419355,0.6040268456375839,47.037151001859456,0.8727272727272727,0.5161290322580645,0.6486486486486487,40.27928598225117
0000359_00393_d_0000701.jpg,39,YOLOv13-L,YOLOv13-L,1,0.7777777777777778,0.717948717948718,0.7466666666666666,60.63485599588603,0.7777777777777778,0.717948717948718,0.7466666666666666,0.7692307692307693,0.5128205128205128,0.6153846153846154,38.796025968622416,0.7692307692307693,0.5128205128205128,0.6153846153846154,14.822391967754811,0.7777777777777778,0.717948717948718,0.7466666666666666,57.82188498415053,0.8333333333333334,0.6410256410256411,0.7246376811594204,37.72940399358049
0000359_00589_d_0000702.jpg,39,YOLOv13-L,YOLOv13-X,0,0.6976744186046512,0.7692307692307693,0.7317073170731708,82.23298605298623,0.7692307692307693,0.7692307692307693,0.7692307692307693,0.7567567567567568,0.717948717948718,0.736842105263158,40.77940102433786,0.6590909090909091,0.7435897435897436,0.6987951807228915,28.434862033464015,0.6976744186046512,0.7692307692307693,0.7317073170731708,30.434547050390393,0.7692307692307693,0.7692307692307693,0.7692307692307693,19.898638012818992
0000359_00785_d_0000703.jpg,30,YOLOv13-L,YOLOv13-S,0,0.6153846153846154,0.8,0.6956521739130435,101.32987605175003,0.7575757575757576,0.8333333333333334,0.7936507936507938,0.6052631578947368,0.7666666666666667,0.676470588235294,42.7440190105699,0.7575757575757576,0.8333333333333334,0.7936507936507938,13.288368994835764,0.6153846153846154,0.8,0.6956521739130435,58.43293201178312,0.696969696969697,0.7666666666666667,0.7301587301587302,35.48689599847421
0000359_00981_d_0000704.jpg,33,YOLOv13-L,YOLOv13-L,1,0.5833333333333334,0.8484848484848485,0.691358024691358,64.19642298715189,0.5833333333333334,0.8484848484848485,0.691358024691358,0.4482758620689655,0.7878787878787878,0.5714285714285714,40.448457992170006,0.5,0.8181818181818182,0.6206896551724137,20.223725005052984,0.5833333333333334,0.8484848484848485,0.691358024691358,44.5977839990519,0.574468085106383,0.8181818181818182,0.675,45.62000004807487
0000359_01177_d_0000705.jpg,59,YOLOv13-X,YOLOv13-X,1,0.6811594202898551,0.7966101694915254,0.7343750000000001,85.70315601537004,0.6811594202898551,0.7966101694915254,0.7343750000000001,0.5454545454545454,0.711864406779661,0.6176470588235294,41.52762598823756,0.5641025641025641,0.7457627118644068,0.6423357664233577,21.12974104238674,0.6571428571428571,0.7796610169491526,0.7131782945736433,30.62936500646174,0.6811594202898551,0.7966101694915254,0.7343750000000001,42.829365003854036
0000359_01373_d_0000706.jpg,12,YOLOv13-S,YOLOv13-S,1,0.9166666666666666,0.9166666666666666,0.9166666666666666,61.1046869889833,0.9166666666666666,0.9166666666666666,0.9166666666666666,0.7692307692307693,0.8333333333333334,0.8,28.292328992392868,0.9166666666666666,0.9166666666666666,0.9166666666666666,36.07722703600302,0.8461538461538461,0.9166666666666666,0.8799999999999999,43.0606430163607,0.7857142857142857,0.9166666666666666,0.8461538461538461,58.36258799536154
0000359_01961_d_0000707.jpg,18,YOLOv13-L,YOLOv13-L,1,0.8235294117647058,0.7777777777777778,0.7999999999999999,86.20328502729535,0.8235294117647058,0.7777777777777778,0.7999999999999999,0.65,0.7222222222222222,0.6842105263157895,39.43743900163099,0.6521739130434783,0.8333333333333334,0.7317073170731708,28.58565200585872,0.8235294117647058,0.7777777777777778,0.7999999999999999,58.85329598095268,0.7777777777777778,0.7777777777777778,0.7777777777777778,31.591214006766677
0000359_02353_d_0000708.jpg,31,YOLOv13-L,YOLOv13-L,1,0.7391304347826086,0.5483870967741935,0.6296296296296297,76.74905896419659,0.7391304347826086,0.5483870967741935,0.6296296296296297,0.6842105263157895,0.41935483870967744,0.5200000000000001,20.08329698583111,0.6818181818181818,0.4838709677419355,0.5660377358490567,40.63144599786028,0.7391304347826086,0.5483870967741935,0.6296296296296297,56.473448988981545,0.8,0.5161290322580645,0.6274509803921569,42.43326000869274
0000359_02549_d_0000709.jpg,21,YOLOv13-L,YOLOv13-X,0,0.9444444444444444,0.8095238095238095,0.8717948717948718,52.7669980074279,1.0,0.9047619047619048,0.9500000000000001,0.9444444444444444,0.8095238095238095,0.8717948717948718,20.406166033353657,0.9473684210526315,0.8571428571428571,0.9,38.44298695912585,0.9444444444444444,0.8095238095238095,0.8717948717948718,60.65551599022001,1.0,0.9047619047619048,0.9500000000000001,59.96711098123342
0000359_03333_d_0000711.jpg,13,YOLOv13-L,YOLOv13-L,1,0.7692307692307693,0.7692307692307693,0.7692307692307693,72.05997599521652,0.7692307692307693,0.7692307692307693,0.7692307692307693,0.7142857142857143,0.7692307692307693,0.7407407407407408,34.02266500052065,0.75,0.6923076923076923,0.7199999999999999,20.267668005544692,0.7692307692307693,0.7692307692307693,0.7692307692307693,38.703222991898656,0.7692307692307693,0.7692307692307693,0.7692307692307693,36.952672991901636
0000359_03529_d_0000712.jpg,16,YOLOv13-L,YOLOv13-X,0,0.7058823529411765,0.75,0.7272727272727272,63.36563505465165,0.8,0.75,0.7741935483870969,0.5294117647058824,0.5625,0.5454545454545455,20.93329804483801,0.631578947368421,0.75,0.6857142857142857,29.985086992383003,0.7058823529411765,0.75,0.7272727272727272,55.44664099579677,0.8,0.75,0.7741935483870969,26.275145006366074
0000360_00001_d_0000713.jpg,80,YOLOv13-X,YOLOv13-L,0,0.7666666666666667,0.575,0.6571428571428571,80.87066496955231,0.746268656716418,0.625,0.6802721088435375,0.6842105263157895,0.4875,0.5693430656934307,41.23495798557997,0.7924528301886793,0.525,0.631578947368421,15.494150982704014,0.746268656716418,0.625,0.6802721088435375,29.481228964868933,0.7666666666666667,0.575,0.6571428571428571,33.0568189965561
0000360_00197_d_0000714.jpg,79,YOLOv13-X,YOLOv13-L,0,0.7164179104477612,0.6075949367088608,0.6575342465753424,58.91526397317648,0.7384615384615385,0.6075949367088608,0.6666666666666666,0.6727272727272727,0.46835443037974683,0.5522388059701493,30.374701018445194,0.7454545454545455,0.5189873417721519,0.6119402985074627,22.491880983579904,0.7384615384615385,0.6075949367088608,0.6666666666666666,42.69036801997572,0.7164179104477612,0.6075949367088608,0.6575342465753424,33.8947840500623
0000360_00393_d_0000715.jpg,79,YOLOv13-X,YOLOv13-X,1,0.7704918032786885,0.5949367088607594,0.6714285714285714,56.19790800847113,0.7704918032786885,0.5949367088607594,0.6714285714285714,0.8,0.45569620253164556,0.5806451612903226,21.654620999470353,0.8,0.5063291139240507,0.6201550387596899,30.892334005329758,0.7457627118644068,0.5569620253164557,0.6376811594202898,53.66581497946754,0.7704918032786885,0.5949367088607594,0.6714285714285714,34.4466480310075
0000360_00589_d_0000716.jpg,60,YOLOv13-X,YOLOv13-L,0,0.7450980392156863,0.6333333333333333,0.6846846846846847,76.00974605884403,0.7755102040816326,0.6333333333333333,0.6972477064220183,0.6521739130434783,0.5,0.5660377358490566,42.674715048633516,0.7333333333333333,0.55,0.6285714285714286,42.10757400142029,0.7755102040816326,0.6333333333333333,0.6972477064220183,32.13947301264852,0.7450980392156863,0.6333333333333333,0.6846846846846847,31.592360988724977
0000360_00785_d_0000717.jpg,59,YOLOv13-L,YOLOv13-L,1,0.6842105263157895,0.6610169491525424,0.6724137931034484,55.63380994135514,0.6842105263157895,0.6610169491525424,0.6724137931034484,0.5116279069767442,0.3728813559322034,0.43137254901960786,21.825763978995383,0.6041666666666666,0.4915254237288136,0.5420560747663552,21.394605981186032,0.6842105263157895,0.6610169491525424,0.6724137931034484,29.956337006296962,0.6481481481481481,0.5932203389830508,0.6194690265486725,52.48891800874844
0000360_00981_d_0000718.jpg,65,YOLOv13-X,YOLOv13-L,0,0.7,0.6461538461538462,0.6719999999999999,65.01559499884024,0.7678571428571429,0.6615384615384615,0.7107438016528925,0.717391304347826,0.5076923076923077,0.5945945945945945,23.35870999377221,0.7307692307692307,0.5846153846153846,0.6495726495726495,19.786874996498227,0.7678571428571429,0.6615384615384615,0.7107438016528925,44.766188017092645,0.7,0.6461538461538462,0.6719999999999999,46.44609399838373
0000360_02353_d_0000725.jpg,72,YOLOv13-L,YOLOv13-X,0,0.78125,0.6944444444444444,0.7352941176470588,70.90949197299778,0.8064516129032258,0.6944444444444444,0.746268656716418,0.7959183673469388,0.5416666666666666,0.6446280991735536,28.238151979167014,0.7857142857142857,0.6111111111111112,0.6875000000000001,20.177364989649504,0.78125,0.6944444444444444,0.7352941176470588,33.85910700308159,0.8064516129032258,0.6944444444444444,0.746268656716418,59.30009001167491
0000360_02745_d_0000727.jpg,81,YOLOv13-L,YOLOv13-X,0,0.8076923076923077,0.5185185185185185,0.6315789473684211,77.53510097973049,0.7931034482758621,0.5679012345679012,0.6618705035971224,0.6666666666666666,0.3950617283950617,0.49612403100775193,34.99913396080956,0.8113207547169812,0.5308641975308642,0.6417910447761194,16.718244994990528,0.8076923076923077,0.5185185185185185,0.6315789473684211,60.81150798127055,0.7931034482758621,0.5679012345679012,0.6618705035971224,56.366819015238434
0000360_02941_d_0000728.jpg,45,YOLOv13-L,YOLOv13-L,1,0.7111111111111111,0.7111111111111111,0.7111111111111111,54.82123198453337,0.7111111111111111,0.7111111111111111,0.7111111111111111,0.5869565217391305,0.6,0.5934065934065934,18.534981994889677,0.725,0.6444444444444445,0.6823529411764706,18.709838041104376,0.7111111111111111,0.7111111111111111,0.7111111111111111,51.46811599843204,0.7209302325581395,0.6888888888888889,0.7045454545454545,32.253368000965565
0000360_03137_d_0000729.jpg,56,YOLOv13-L,YOLOv13-X,0,0.7884615384615384,0.7321428571428571,0.7592592592592592,71.86013198224828,0.84,0.75,0.7924528301886793,0.8181818181818182,0.6428571428571429,0.7200000000000001,34.9034930113703,0.8666666666666667,0.6964285714285714,0.7722772277227722,21.272635960485786,0.7884615384615384,0.7321428571428571,0.7592592592592592,34.06667098170146,0.84,0.75,0.7924528301886793,37.49796998454258
0000360_03333_d_0000730.jpg,56,YOLOv13-L,YOLOv13-X,0,0.7083333333333334,0.6071428571428571,0.6538461538461539,56.58319598296657,0.7446808510638298,0.625,0.6796116504854368,0.6078431372549019,0.5535714285714286,0.5794392523364487,24.520879960618913,0.6976744186046512,0.5357142857142857,0.6060606060606061,19.694778020493686,0.7083333333333334,0.6071428571428571,0.6538461538461539,30.073585046920925,0.7446808510638298,0.625,0.6796116504854368,31.073007034137845
0000360_03529_d_0000731.jpg,31,YOLOv13-L,YOLOv13-L,1,0.92,0.7419354838709677,0.8214285714285714,49.86385506344959,0.92,0.7419354838709677,0.8214285714285714,0.7692307692307693,0.6451612903225806,0.7017543859649122,20.440931024495512,0.7407407407407407,0.6451612903225806,0.689655172413793,17.80468801734969,0.92,0.7419354838709677,0.8214285714285714,32.44113695109263,0.8518518518518519,0.7419354838709677,0.7931034482758621,30.70801799185574
0000360_03921_d_0000733.jpg,52,YOLOv13-X,YOLOv13-S,0,0.625,0.4807692307692308,0.5434782608695652,64.07548493007198,0.7142857142857143,0.4807692307692308,0.5747126436781609,0.6129032258064516,0.36538461538461536,0.45783132530120485,21.840786968823522,0.7142857142857143,0.4807692307692308,0.5747126436781609,20.31375700607896,0.7058823529411765,0.46153846153846156,0.558139534883721,30.58353700907901,0.625,0.4807692307692308,0.5434782608695652,33.472269016783684
0000360_04117_d_0000734.jpg,18,YOLOv13-S,YOLOv13-L,0,0.8333333333333334,0.8333333333333334,0.8333333333333334,56.41712492797524,0.9411764705882353,0.8888888888888888,0.9142857142857143,0.7333333333333333,0.6111111111111112,0.6666666666666666,39.71635096240789,0.8333333333333334,0.8333333333333334,0.8333333333333334,16.536273004021496,0.9411764705882353,0.8888888888888888,0.9142857142857143,29.242835007607937,0.8421052631578947,0.8888888888888888,0.8648648648648649,41.724634007550776
0000360_04705_d_0000737.jpg,9,YOLOv13-L,YOLOv13-N,0,0.8,0.8888888888888888,0.8421052631578948,53.17828297847882,0.75,1.0,0.8571428571428571,0.75,1.0,0.8571428571428571,25.55187902180478,0.8,0.8888888888888888,0.8421052631578948,22.731389035470784,0.8,0.8888888888888888,0.8421052631578948,17.38059998024255,0.7272727272727273,0.8888888888888888,0.7999999999999999,31.556778005324304
0000360_05293_d_0000740.jpg,70,YOLOv13-L,YOLOv13-X,0,0.82,0.5857142857142857,0.6833333333333333,69.20466799056157,0.8627450980392157,0.6285714285714286,0.7272727272727274,0.6923076923076923,0.5142857142857142,0.5901639344262295,41.333065018989146,0.7692307692307693,0.5714285714285714,0.6557377049180327,17.369654960930347,0.82,0.5857142857142857,0.6833333333333333,63.1655789911747,0.8627450980392157,0.6285714285714286,0.7272727272727274,49.85181399388239
0000360_05685_d_0000742.jpg,60,YOLOv13-X,YOLOv13-X,1,0.8571428571428571,0.7,0.7706422018348624,73.15335603198037,0.8571428571428571,0.7,0.7706422018348624,0.6511627906976745,0.4666666666666667,0.5436893203883496,38.53391803568229,0.7441860465116279,0.5333333333333333,0.6213592233009709,38.12671499326825,0.8723404255319149,0.6833333333333333,0.766355140186916,31.200911034829915,0.8571428571428571,0.7,0.7706422018348624,31.32992796599865
0000360_06273_d_0000745.jpg,17,YOLOv13-X,YOLOv13-X,1,0.56,0.8235294117647058,0.6666666666666666,52.38525097956881,0.56,0.8235294117647058,0.6666666666666666,0.38235294117647056,0.7647058823529411,0.5098039215686274,18.92438199138269,0.43333333333333335,0.7647058823529411,0.5531914893617021,39.17509404709563,0.4482758620689655,0.7647058823529411,0.5652173913043479,30.617144017014652,0.56,0.8235294117647058,0.6666666666666666,30.179911002051085
0000360_06665_d_0000747.jpg,48,YOLOv13-L,YOLOv13-X,0,0.8372093023255814,0.75,0.7912087912087912,55.999058997258544,0.8974358974358975,0.7291666666666666,0.8045977011494253,0.7297297297297297,0.5625,0.6352941176470588,21.595704020000994,0.7441860465116279,0.6666666666666666,0.7032967032967034,22.964679985307157,0.8372093023255814,0.75,0.7912087912087912,31.084054964594543,0.8974358974358975,0.7291666666666666,0.8045977011494253,32.580766011960804
0000360_06861_d_0000748.jpg,25,YOLOv13-L,YOLOv13-S,0,0.8846153846153846,0.92,0.9019607843137256,67.51602597068995,0.9230769230769231,0.96,0.9411764705882353,0.8888888888888888,0.96,0.923076923076923,21.47932897787541,0.9230769230769231,0.96,0.9411764705882353,21.678088000044227,0.8846153846153846,0.92,0.9019607843137256,30.707132013048977,0.8888888888888888,0.96,0.923076923076923,28.74399401480332
0000360_07057_d_0000749.jpg,15,YOLOv13-X,YOLOv13-L,0,0.5789473684210527,0.7333333333333333,0.6470588235294117,63.56109300395474,0.7222222222222222,0.8666666666666667,0.7878787878787877,0.3793103448275862,0.7333333333333333,0.5,35.63567000674084,0.5,0.6666666666666666,0.5714285714285715,18.374281004071236,0.7222222222222222,0.8666666666666667,0.7878787878787877,24.851830035913736,0.5789473684210527,0.7333333333333333,0.6470588235294117,48.54157700901851
0000360_07253_d_0000750.jpg,28,YOLOv13-L,YOLOv13-L,1,0.8,0.8571428571428571,0.8275862068965518,64.61384199792519,0.8,0.8571428571428571,0.8275862068965518,0.7586206896551724,0.7857142857142857,0.7719298245614034,19.84375499887392,0.6875,0.7857142857142857,0.7333333333333334,20.71902103489265,0.8,0.8571428571428571,0.8275862068965518,31.351149023976177,0.8214285714285714,0.8214285714285714,0.8214285714285714,30.607112974394113
0000360_07645_d_0000752.jpg,16,YOLOv13-L,YOLOv13-L,1,0.8421052631578947,1.0,0.9142857142857143,60.088549042120576,0.8421052631578947,1.0,0.9142857142857143,0.6190476190476191,0.8125,0.7027027027027026,19.673158007208258,0.8235294117647058,0.875,0.8484848484848485,20.1691230176948,0.8421052631578947,1.0,0.9142857142857143,31.135272001847625,0.8421052631578947,1.0,0.9142857142857143,27.648141025565565
0000364_00589_d_0000798.jpg,62,YOLOv13-L,YOLOv13-X,0,0.5357142857142857,0.4838709677419355,0.5084745762711865,50.50047702388838,0.6037735849056604,0.5161290322580645,0.5565217391304349,0.5588235294117647,0.3064516129032258,0.39583333333333337,19.500899012200534,0.5588235294117647,0.3064516129032258,0.39583333333333337,36.99556703213602,0.5357142857142857,0.4838709677419355,0.5084745762711865,60.007623047567904,0.6037735849056604,0.5161290322580645,0.5565217391304349,48.82607900071889
0000364_01177_d_0000799.jpg,80,YOLOv13-L,YOLOv13-L,1,0.6909090909090909,0.475,0.5629629629629629,47.41754103451967,0.6909090909090909,0.475,0.5629629629629629,0.6585365853658537,0.3375,0.4462809917355372,14.935871993657202,0.7567567567567568,0.35,0.4786324786324787,18.36351800011471,0.6909090909090909,0.475,0.5629629629629629,29.48845794890076,0.6610169491525424,0.4875,0.5611510791366906,30.647884006612003
0000364_01373_d_0000780.jpg,64,YOLOv13-L,YOLOv13-X,0,0.46296296296296297,0.390625,0.423728813559322,66.84231199324131,0.576271186440678,0.53125,0.5528455284552846,0.5,0.3125,0.38461538461538464,19.75157903507352,0.5681818181818182,0.390625,0.46296296296296297,17.283084976952523,0.46296296296296297,0.390625,0.423728813559322,48.46361401723698,0.576271186440678,0.53125,0.5528455284552846,51.384271995630115
0000364_01569_d_0000781.jpg,97,YOLOv13-X,YOLOv13-L,0,0.711864406779661,0.4329896907216495,0.5384615384615384,53.72179200639948,0.7704918032786885,0.4845360824742268,0.5949367088607594,0.7567567567567568,0.28865979381443296,0.41791044776119396,21.263286005705595,0.78,0.4020618556701031,0.5306122448979592,38.9746850123629,0.7704918032786885,0.4845360824742268,0.5949367088607594,57.600227009970695,0.711864406779661,0.4329896907216495,0.5384615384615384,40.89223500341177
0000364_01765_d_0000782.jpg,81,YOLOv13-X,YOLOv13-L,0,0.5441176470588235,0.4567901234567901,0.49664429530201337,61.08619901351631,0.5970149253731343,0.49382716049382713,0.5405405405405405,0.5217391304347826,0.2962962962962963,0.3779527559055118,29.52681004535407,0.6,0.4444444444444444,0.5106382978723405,17.559275962412357,0.5970149253731343,0.49382716049382713,0.5405405405405405,61.5936039830558,0.5441176470588235,0.4567901234567901,0.49664429530201337,45.05013395100832
