image,gt_instances,selected_model,oracle_precision,oracle_recall,oracle_f1,YOLOv13-N_tp,YOLOv13-N_fp,YOLOv13-N_fn,YOLOv13-N_precision,YOLOv13-N_recall,YOLOv13-N_f1,YOLOv13-N_predictions,YOLOv13-S_tp,YOLOv13-S_fp,YOLOv13-S_fn,YOLOv13-S_precision,YOLOv13-S_recall,YOLOv13-S_f1,YOLOv13-S_predictions,YOLOv13-L_tp,YOLOv13-L_fp,YOLOv13-L_fn,YOLOv13-L_precision,YOLOv13-L_recall,YOLOv13-L_f1,YOLOv13-L_predictions,YOLOv13-X_tp,YOLOv13-X_fp,YOLOv13-X_fn,YOLOv13-X_precision,YOLOv13-X_recall,YOLOv13-X_f1,YOLOv13-X_predictions
0000001_02999_d_0000005.jpg,127,YOLOv13-X,0.6716417910447762,0.3543307086614173,0.4639175257731959,30,24,97,0.5555555555555556,0.23622047244094488,0.3314917127071823,54,38,18,89,0.6785714285714286,0.2992125984251969,0.41530054644808745,56,44,19,83,0.6984126984126984,0.3464566929133858,0.4631578947368421,63,45,22,82,0.6716417910447762,0.3543307086614173,0.4639175257731959,67
0000001_03499_d_0000006.jpg,77,YOLOv13-X,0.675,0.35064935064935066,0.4615384615384615,21,12,56,0.6363636363636364,0.2727272727272727,0.3818181818181818,33,22,14,55,0.6111111111111112,0.2857142857142857,0.3893805309734514,36,25,19,52,0.5681818181818182,0.3246753246753247,0.4132231404958678,44,27,13,50,0.675,0.35064935064935066,0.4615384615384615,40
0000001_03999_d_0000007.jpg,48,YOLOv13-L,0.5531914893617021,0.5416666666666666,0.5473684210526316,15,11,33,0.5769230769230769,0.3125,0.4054054054054054,26,18,17,30,0.5142857142857142,0.375,0.43373493975903615,35,26,21,22,0.5531914893617021,0.5416666666666666,0.5473684210526316,47,26,23,22,0.5306122448979592,0.5416666666666666,0.5360824742268041,49
0000001_04527_d_0000008.jpg,115,YOLOv13-L,0.7454545454545455,0.3565217391304348,0.48235294117647054,11,14,104,0.44,0.09565217391304348,0.15714285714285714,25,31,14,84,0.6888888888888889,0.26956521739130435,0.3875,45,41,14,74,0.7454545454545455,0.3565217391304348,0.48235294117647054,55,36,16,79,0.6923076923076923,0.3130434782608696,0.4311377245508982,52
0000001_05249_d_0000009.jpg,113,YOLOv13-X,0.7477477477477478,0.7345132743362832,0.7410714285714286,68,36,45,0.6538461538461539,0.6017699115044248,0.6267281105990784,104,72,40,41,0.6428571428571429,0.6371681415929203,0.64,112,78,32,35,0.7090909090909091,0.6902654867256637,0.6995515695067264,110,83,28,30,0.7477477477477478,0.7345132743362832,0.7410714285714286,111
0000001_05499_d_0000010.jpg,140,YOLOv13-L,0.8461538461538461,0.6285714285714286,0.721311475409836,71,20,69,0.7802197802197802,0.5071428571428571,0.6147186147186148,91,74,13,66,0.8505747126436781,0.5285714285714286,0.6519823788546255,87,88,16,52,0.8461538461538461,0.6285714285714286,0.721311475409836,104,84,14,56,0.8571428571428571,0.6,0.7058823529411764,98
0000001_05999_d_0000011.jpg,115,YOLOv13-L,0.7466666666666667,0.48695652173913045,0.5894736842105264,44,27,71,0.6197183098591549,0.3826086956521739,0.47311827956989244,71,48,22,67,0.6857142857142857,0.41739130434782606,0.5189189189189188,70,56,19,59,0.7466666666666667,0.48695652173913045,0.5894736842105264,75,56,19,59,0.7466666666666667,0.48695652173913045,0.5894736842105264,75
0000001_07999_d_0000012.jpg,136,YOLOv13-L,0.6352941176470588,0.39705882352941174,0.4886877828054299,27,31,109,0.46551724137931033,0.19852941176470587,0.27835051546391754,58,36,28,100,0.5625,0.2647058823529412,0.36000000000000004,64,54,31,82,0.6352941176470588,0.39705882352941174,0.4886877828054299,85,55,35,81,0.6111111111111112,0.40441176470588236,0.4867256637168142,90
0000001_08414_d_0000013.jpg,164,YOLOv13-X,0.6415094339622641,0.4146341463414634,0.5037037037037037,40,22,124,0.6451612903225806,0.24390243902439024,0.35398230088495575,62,48,23,116,0.676056338028169,0.2926829268292683,0.40851063829787226,71,62,38,102,0.62,0.3780487804878049,0.46969696969696967,100,68,38,96,0.6415094339622641,0.4146341463414634,0.5037037037037037,106
0000021_00000_d_0000001.jpg,31,YOLOv13-L,0.5,0.25806451612903225,0.3404255319148936,5,8,26,0.38461538461538464,0.16129032258064516,0.22727272727272727,13,7,6,24,0.5384615384615384,0.22580645161290322,0.3181818181818182,13,8,8,23,0.5,0.25806451612903225,0.3404255319148936,16,7,8,24,0.4666666666666667,0.22580645161290322,0.3043478260869565,15
0000021_00500_d_0000002.jpg,17,YOLOv13-L,0.4666666666666667,0.4117647058823529,0.43749999999999994,4,6,13,0.4,0.23529411764705882,0.29629629629629634,10,6,6,11,0.5,0.35294117647058826,0.41379310344827586,12,7,8,10,0.4666666666666667,0.4117647058823529,0.43749999999999994,15,6,6,11,0.5,0.35294117647058826,0.41379310344827586,12
0000021_00800_d_0000003.jpg,7,YOLOv13-X,0.75,0.8571428571428571,0.7999999999999999,3,5,4,0.375,0.42857142857142855,0.39999999999999997,8,3,5,4,0.375,0.42857142857142855,0.39999999999999997,8,4,5,3,0.4444444444444444,0.5714285714285714,0.5,9,6,2,1,0.75,0.8571428571428571,0.7999999999999999,8
0000022_00000_d_0000004.jpg,41,YOLOv13-L,0.8108108108108109,0.7317073170731707,0.7692307692307694,17,10,24,0.6296296296296297,0.4146341463414634,0.5,27,21,11,20,0.65625,0.5121951219512195,0.5753424657534246,32,30,7,11,0.8108108108108109,0.7317073170731707,0.7692307692307694,37,26,10,15,0.7222222222222222,0.6341463414634146,0.6753246753246753,36
0000022_00500_d_0000005.jpg,32,YOLOv13-L,0.8181818181818182,0.84375,0.8307692307692308,19,9,13,0.6785714285714286,0.59375,0.6333333333333334,28,23,6,9,0.7931034482758621,0.71875,0.7540983606557378,29,27,6,5,0.8181818181818182,0.84375,0.8307692307692308,33,28,8,4,0.7777777777777778,0.875,0.823529411764706,36
0000022_01036_d_0000006.jpg,16,YOLOv13-X,0.6666666666666666,0.75,0.7058823529411765,7,4,9,0.6363636363636364,0.4375,0.5185185185185185,11,7,3,9,0.7,0.4375,0.5384615384615384,10,10,4,6,0.7142857142857143,0.625,0.6666666666666666,14,12,6,4,0.6666666666666666,0.75,0.7058823529411765,18
0000022_01251_d_0000007.jpg,12,YOLOv13-S,0.5294117647058824,0.75,0.6206896551724139,8,10,4,0.4444444444444444,0.6666666666666666,0.5333333333333333,18,9,8,3,0.5294117647058824,0.75,0.6206896551724139,17,8,13,4,0.38095238095238093,0.6666666666666666,0.4848484848484849,21,7,10,5,0.4117647058823529,0.5833333333333334,0.4827586206896552,17
0000023_00000_d_0000008.jpg,40,YOLOv13-L,0.7567567567567568,0.7,0.7272727272727273,17,10,23,0.6296296296296297,0.425,0.5074626865671642,27,20,12,20,0.625,0.5,0.5555555555555556,32,28,9,12,0.7567567567567568,0.7,0.7272727272727273,37,26,10,14,0.7222222222222222,0.65,0.6842105263157895,36
0000023_00300_d_0000009.jpg,30,YOLOv13-X,0.5,0.5,0.5,11,14,19,0.44,0.36666666666666664,0.4,25,11,11,19,0.5,0.36666666666666664,0.423076923076923,22,12,15,18,0.4444444444444444,0.4,0.4210526315789474,27,15,15,15,0.5,0.5,0.5,30
0000023_00868_d_0000010.jpg,20,YOLOv13-X,0.65,0.65,0.65,10,7,10,0.5882352941176471,0.5,0.5405405405405405,17,9,11,11,0.45,0.45,0.45,20,11,9,9,0.55,0.55,0.55,20,13,7,7,0.65,0.65,0.65,20
0000023_01233_d_0000011.jpg,14,YOLOv13-L,0.6,0.6428571428571429,0.6206896551724138,6,8,8,0.42857142857142855,0.42857142857142855,0.42857142857142855,14,8,9,6,0.47058823529411764,0.5714285714285714,0.5161290322580646,17,9,6,5,0.6,0.6428571428571429,0.6206896551724138,15,8,7,6,0.5333333333333333,0.5714285714285714,0.5517241379310344,15
0000024_00000_d_0000012.jpg,21,YOLOv13-X,0.5625,0.42857142857142855,0.4864864864864864,8,10,13,0.4444444444444444,0.38095238095238093,0.41025641025641024,18,9,11,12,0.45,0.42857142857142855,0.4390243902439024,20,9,10,12,0.47368421052631576,0.42857142857142855,0.45,19,9,7,12,0.5625,0.42857142857142855,0.4864864864864864,16
0000024_00500_d_0000013.jpg,10,YOLOv13-X,0.75,0.6,0.6666666666666665,4,5,6,0.4444444444444444,0.4,0.4210526315789474,9,3,6,7,0.3333333333333333,0.3,0.3157894736842105,9,3,7,7,0.3,0.3,0.3,10,6,2,4,0.75,0.6,0.6666666666666665,8
0000024_01000_d_0000014.jpg,12,YOLOv13-S,0.6666666666666666,0.3333333333333333,0.4444444444444444,3,3,9,0.5,0.25,0.3333333333333333,6,4,2,8,0.6666666666666666,0.3333333333333333,0.4444444444444444,6,3,4,9,0.42857142857142855,0.25,0.3157894736842105,7,3,2,9,0.6,0.25,0.35294117647058826,5
0000024_01543_d_0000015.jpg,8,YOLOv13-X,1.0,0.75,0.8571428571428571,6,1,2,0.8571428571428571,0.75,0.7999999999999999,7,5,1,3,0.8333333333333334,0.625,0.7142857142857143,6,6,2,2,0.75,0.75,0.75,8,6,0,2,1.0,0.75,0.8571428571428571,6
0000026_00000_d_0000024.jpg,8,YOLOv13-X,1.0,1.0,1.0,8,1,0,0.8888888888888888,1.0,0.9411764705882353,9,7,1,1,0.875,0.875,0.875,8,8,1,0,0.8888888888888888,1.0,0.9411764705882353,9,8,0,0,1.0,1.0,1.0,8
0000026_00500_d_0000025.jpg,15,YOLOv13-S,0.75,1.0,0.8571428571428571,14,4,1,0.7777777777777778,0.9333333333333333,0.8484848484848485,18,15,5,0,0.75,1.0,0.8571428571428571,20,13,7,2,0.65,0.8666666666666667,0.7428571428571429,20,14,6,1,0.7,0.9333333333333333,0.8,20
0000026_01000_d_0000026.jpg,25,YOLOv13-S,0.88,0.88,0.88,21,4,4,0.84,0.84,0.8399999999999999,25,22,3,3,0.88,0.88,0.88,25,23,5,2,0.8214285714285714,0.92,0.8679245283018867,28,23,5,2,0.8214285714285714,0.92,0.8679245283018867,28
0000026_01500_d_0000027.jpg,10,YOLOv13-L,0.8181818181818182,0.9,0.8571428571428572,9,3,1,0.75,0.9,0.8181818181818182,12,8,5,2,0.6153846153846154,0.8,0.6956521739130435,13,9,2,1,0.8181818181818182,0.9,0.8571428571428572,11,9,3,1,0.75,0.9,0.8181818181818182,12
0000026_02000_d_0000028.jpg,9,YOLOv13-N,0.9,1.0,0.9473684210526316,9,1,0,0.9,1.0,0.9473684210526316,10,8,4,1,0.6666666666666666,0.8888888888888888,0.761904761904762,12,8,3,1,0.7272727272727273,0.8888888888888888,0.7999999999999999,11,9,2,0,0.8181818181818182,1.0,0.9,11
0000026_02500_d_0000029.jpg,17,YOLOv13-X,0.9285714285714286,0.7647058823529411,0.8387096774193549,10,5,7,0.6666666666666666,0.5882352941176471,0.625,15,10,5,7,0.6666666666666666,0.5882352941176471,0.625,15,11,5,6,0.6875,0.6470588235294118,0.6666666666666667,16,13,1,4,0.9285714285714286,0.7647058823529411,0.8387096774193549,14
0000026_03000_d_0000030.jpg,13,YOLOv13-L,0.9285714285714286,1.0,0.962962962962963,12,0,1,1.0,0.9230769230769231,0.9600000000000001,12,12,1,1,0.9230769230769231,0.9230769230769231,0.9230769230769231,13,13,1,0,0.9285714285714286,1.0,0.962962962962963,14,12,1,1,0.9230769230769231,0.9230769230769231,0.9230769230769231,13
0000026_03500_d_0000031.jpg,23,YOLOv13-L,0.9565217391304348,0.9565217391304348,0.9565217391304348,20,0,3,1.0,0.8695652173913043,0.9302325581395349,20,22,2,1,0.9166666666666666,0.9565217391304348,0.9361702127659574,24,22,1,1,0.9565217391304348,0.9565217391304348,0.9565217391304348,23,22,1,1,0.9565217391304348,0.9565217391304348,0.9565217391304348,23
0000026_04000_d_0000032.jpg,14,YOLOv13-L,0.9333333333333333,1.0,0.9655172413793104,14,3,0,0.8235294117647058,1.0,0.9032258064516129,17,14,2,0,0.875,1.0,0.9333333333333333,16,14,1,0,0.9333333333333333,1.0,0.9655172413793104,15,14,1,0,0.9333333333333333,1.0,0.9655172413793104,15
0000026_04500_d_0000033.jpg,47,YOLOv13-L,0.7878787878787878,0.5531914893617021,0.65,23,9,24,0.71875,0.48936170212765956,0.5822784810126582,32,25,11,22,0.6944444444444444,0.5319148936170213,0.6024096385542169,36,26,7,21,0.7878787878787878,0.5531914893617021,0.65,33,25,5,22,0.8333333333333334,0.5319148936170213,0.6493506493506493,30
0000026_04978_d_0000034.jpg,45,YOLOv13-X,0.8611111111111112,0.6888888888888889,0.7654320987654321,25,5,20,0.8333333333333334,0.5555555555555556,0.6666666666666667,30,29,10,16,0.7435897435897436,0.6444444444444445,0.6904761904761906,39,28,6,17,0.8235294117647058,0.6222222222222222,0.7088607594936709,34,31,5,14,0.8611111111111112,0.6888888888888889,0.7654320987654321,36
0000055_00000_d_0000109.jpg,101,YOLOv13-L,0.7222222222222222,0.5148514851485149,0.6011560693641618,37,31,64,0.5441176470588235,0.36633663366336633,0.4378698224852071,68,42,11,59,0.7924528301886793,0.4158415841584158,0.5454545454545455,53,52,20,49,0.7222222222222222,0.5148514851485149,0.6011560693641618,72,50,19,51,0.7246376811594203,0.49504950495049505,0.5882352941176471,69
0000055_00714_d_0000110.jpg,85,YOLOv13-L,0.7230769230769231,0.5529411764705883,0.6266666666666667,36,33,49,0.5217391304347826,0.4235294117647059,0.4675324675324676,69,40,27,45,0.5970149253731343,0.47058823529411764,0.5263157894736841,67,47,18,38,0.7230769230769231,0.5529411764705883,0.6266666666666667,65,46,16,39,0.7419354838709677,0.5411764705882353,0.6258503401360543,62
0000069_00001_d_0000001.jpg,34,YOLOv13-X,0.8709677419354839,0.7941176470588235,0.8307692307692308,19,12,15,0.6129032258064516,0.5588235294117647,0.5846153846153845,31,20,9,14,0.6896551724137931,0.5882352941176471,0.6349206349206349,29,24,13,10,0.6486486486486487,0.7058823529411765,0.676056338028169,37,27,4,7,0.8709677419354839,0.7941176470588235,0.8307692307692308,31
0000069_00483_d_0000002.jpg,27,YOLOv13-X,0.7878787878787878,0.9629629629629629,0.8666666666666665,20,12,7,0.625,0.7407407407407407,0.6779661016949152,32,22,11,5,0.6666666666666666,0.8148148148148148,0.7333333333333333,33,24,10,3,0.7058823529411765,0.8888888888888888,0.7868852459016393,34,26,7,1,0.7878787878787878,0.9629629629629629,0.8666666666666665,33
0000069_00713_d_0000003.jpg,49,YOLOv13-X,0.7619047619047619,0.6530612244897959,0.7032967032967032,24,18,25,0.5714285714285714,0.4897959183673469,0.5274725274725275,42,30,15,19,0.6666666666666666,0.6122448979591837,0.6382978723404255,45,33,19,16,0.6346153846153846,0.673469387755102,0.6534653465346534,52,32,10,17,0.7619047619047619,0.6530612244897959,0.7032967032967032,42
0000069_01109_d_0000004.jpg,31,YOLOv13-L,0.625,0.6451612903225806,0.634920634920635,14,12,17,0.5384615384615384,0.45161290322580644,0.4912280701754386,26,17,9,14,0.6538461538461539,0.5483870967741935,0.5964912280701755,26,20,12,11,0.625,0.6451612903225806,0.634920634920635,32,19,13,12,0.59375,0.6129032258064516,0.6031746031746031,32
0000069_01878_d_0000005.jpg,36,YOLOv13-L,0.8108108108108109,0.8333333333333334,0.8219178082191781,29,11,7,0.725,0.8055555555555556,0.7631578947368423,40,27,9,9,0.75,0.75,0.75,36,30,7,6,0.8108108108108109,0.8333333333333334,0.8219178082191781,37,27,7,9,0.7941176470588235,0.75,0.7714285714285715,34
0000069_02163_d_0000006.jpg,49,YOLOv13-L,0.7380952380952381,0.6326530612244898,0.6813186813186813,21,16,28,0.5675675675675675,0.42857142857142855,0.4883720930232558,37,25,9,24,0.7352941176470589,0.5102040816326531,0.6024096385542169,34,31,11,18,0.7380952380952381,0.6326530612244898,0.6813186813186813,42,29,10,20,0.7435897435897436,0.5918367346938775,0.6590909090909091,39
0000069_02480_d_0000007.jpg,64,YOLOv13-X,0.7358490566037735,0.609375,0.6666666666666665,27,12,37,0.6923076923076923,0.421875,0.5242718446601942,39,33,15,31,0.6875,0.515625,0.5892857142857143,48,37,15,27,0.7115384615384616,0.578125,0.6379310344827586,52,39,14,25,0.7358490566037735,0.609375,0.6666666666666665,53
0000072_02834_d_0000003.jpg,73,YOLOv13-X,0.84,0.863013698630137,0.8513513513513513,54,26,19,0.675,0.7397260273972602,0.7058823529411764,80,57,15,16,0.7916666666666666,0.7808219178082192,0.7862068965517242,72,60,11,13,0.8450704225352113,0.821917808219178,0.8333333333333333,71,63,12,10,0.84,0.863013698630137,0.8513513513513513,75
0000076_02142_d_0000009.jpg,11,YOLOv13-S,0.9,0.8181818181818182,0.8571428571428572,9,3,2,0.75,0.8181818181818182,0.7826086956521738,12,9,1,2,0.9,0.8181818181818182,0.8571428571428572,10,8,1,3,0.8888888888888888,0.7272727272727273,0.7999999999999999,9,9,2,2,0.8181818181818182,0.8181818181818182,0.8181818181818182,11
0000081_00000_d_0000001.jpg,86,YOLOv13-X,0.40714285714285714,0.6627906976744186,0.504424778761062,48,80,38,0.375,0.5581395348837209,0.4485981308411215,128,52,101,34,0.33986928104575165,0.6046511627906976,0.4351464435146444,153,59,97,27,0.3782051282051282,0.686046511627907,0.48760330578512395,156,57,83,29,0.40714285714285714,0.6627906976744186,0.504424778761062,140
0000086_00000_d_0000001.jpg,37,YOLOv13-X,0.6428571428571429,0.7297297297297297,0.6835443037974683,23,18,14,0.5609756097560976,0.6216216216216216,0.5897435897435899,41,26,16,11,0.6190476190476191,0.7027027027027027,0.6582278481012659,42,28,18,9,0.6086956521739131,0.7567567567567568,0.674698795180723,46,27,15,10,0.6428571428571429,0.7297297297297297,0.6835443037974683,42
0000086_00592_d_0000002.jpg,65,YOLOv13-X,0.6825396825396826,0.6615384615384615,0.671875,30,18,35,0.625,0.46153846153846156,0.5309734513274336,48,38,12,27,0.76,0.5846153846153846,0.6608695652173914,50,39,20,26,0.6610169491525424,0.6,0.6290322580645161,59,43,20,22,0.6825396825396826,0.6615384615384615,0.671875,63
0000086_01084_d_0000003.jpg,146,YOLOv13-X,0.7289719626168224,0.5342465753424658,0.616600790513834,50,42,96,0.5434782608695652,0.3424657534246575,0.4201680672268907,92,69,31,77,0.69,0.4726027397260274,0.5609756097560976,100,79,44,67,0.6422764227642277,0.541095890410959,0.5873605947955391,123,78,29,68,0.7289719626168224,0.5342465753424658,0.616600790513834,107
0000086_01443_d_0000004.jpg,107,YOLOv13-X,0.6859504132231405,0.7757009345794392,0.7280701754385964,53,26,54,0.6708860759493671,0.4953271028037383,0.5698924731182796,79,67,46,40,0.5929203539823009,0.6261682242990654,0.6090909090909091,113,78,51,29,0.6046511627906976,0.7289719626168224,0.6610169491525423,129,83,38,24,0.6859504132231405,0.7757009345794392,0.7280701754385964,121
0000086_01954_d_0000005.jpg,173,YOLOv13-X,0.7391304347826086,0.4913294797687861,0.5902777777777777,52,35,121,0.5977011494252874,0.30057803468208094,0.4,87,70,28,103,0.7142857142857143,0.4046242774566474,0.5166051660516605,98,81,38,92,0.680672268907563,0.4682080924855491,0.5547945205479452,119,85,30,88,0.7391304347826086,0.4913294797687861,0.5902777777777777,115
0000103_00180_d_0000026.jpg,1,YOLOv13-S,1.0,1.0,1.0,1,1,0,0.5,1.0,0.6666666666666666,2,1,0,0,1.0,1.0,1.0,1,1,0,0,1.0,1.0,1.0,1,1,0,0,1.0,1.0,1.0,1
0000103_00502_d_0000027.jpg,3,YOLOv13-N,1.0,1.0,1.0,3,0,0,1.0,1.0,1.0,3,3,0,0,1.0,1.0,1.0,3,3,1,0,0.75,1.0,0.8571428571428571,4,2,1,1,0.6666666666666666,0.6666666666666666,0.6666666666666666,3
0000103_01734_d_0000028.jpg,4,YOLOv13-N,0.3,0.75,0.4285714285714285,3,7,1,0.3,0.75,0.4285714285714285,10,1,2,3,0.3333333333333333,0.25,0.28571428571428575,3,2,4,2,0.3333333333333333,0.5,0.4,6,1,2,3,0.3333333333333333,0.25,0.28571428571428575,3
0000103_02544_d_0000029.jpg,14,YOLOv13-L,0.5625,0.6428571428571429,0.6000000000000001,6,11,8,0.35294117647058826,0.42857142857142855,0.3870967741935484,17,5,8,9,0.38461538461538464,0.35714285714285715,0.3703703703703704,13,9,7,5,0.5625,0.6428571428571429,0.6000000000000001,16,7,9,7,0.4375,0.5,0.4666666666666667,16
0000103_02964_d_0000030.jpg,10,YOLOv13-L,0.5384615384615384,0.7,0.608695652173913,6,7,4,0.46153846153846156,0.6,0.5217391304347826,13,6,13,4,0.3157894736842105,0.6,0.41379310344827586,19,7,6,3,0.5384615384615384,0.7,0.608695652173913,13,4,9,6,0.3076923076923077,0.4,0.34782608695652173,13
0000103_03349_d_0000031.jpg,4,YOLOv13-X,0.8,1.0,0.888888888888889,4,2,0,0.6666666666666666,1.0,0.8,6,3,4,1,0.42857142857142855,0.75,0.5454545454545454,7,2,1,2,0.6666666666666666,0.5,0.5714285714285715,3,4,1,0,0.8,1.0,0.888888888888889,5
0000103_03738_d_0000032.jpg,3,YOLOv13-L,1.0,1.0,1.0,2,3,1,0.4,0.6666666666666666,0.5,5,3,1,0,0.75,1.0,0.8571428571428571,4,3,0,0,1.0,1.0,1.0,3,3,0,0,1.0,1.0,1.0,3
0000103_04122_d_0000033.jpg,4,YOLOv13-L,0.6666666666666666,1.0,0.8,2,2,2,0.5,0.5,0.5,4,3,1,1,0.75,0.75,0.75,4,4,2,0,0.6666666666666666,1.0,0.8,6,4,2,0,0.6666666666666666,1.0,0.8,6
0000103_04513_d_0000034.jpg,2,YOLOv13-N,1.0,1.0,1.0,2,0,0,1.0,1.0,1.0,2,2,0,0,1.0,1.0,1.0,2,2,0,0,1.0,1.0,1.0,2,2,0,0,1.0,1.0,1.0,2
0000103_04948_d_0000035.jpg,1,YOLOv13-N,0.0,0.0,0.0,0,1,1,0.0,0.0,0.0,1,0,1,1,0.0,0.0,0.0,1,0,1,1,0.0,0.0,0.0,1,0,1,1,0.0,0.0,0.0,1
0000115_00315_d_0000080.jpg,61,YOLOv13-X,0.8181818181818182,0.29508196721311475,0.4337349397590361,15,5,46,0.75,0.2459016393442623,0.3703703703703703,20,17,3,44,0.85,0.2786885245901639,0.41975308641975306,20,17,8,44,0.68,0.2786885245901639,0.3953488372093023,25,18,4,43,0.8181818181818182,0.29508196721311475,0.4337349397590361,22
0000115_00796_d_0000081.jpg,78,YOLOv13-X,0.7719298245614035,0.5641025641025641,0.6518518518518518,29,16,49,0.6444444444444445,0.3717948717948718,0.47154471544715454,45,32,17,46,0.6530612244897959,0.41025641025641024,0.5039370078740157,49,40,21,38,0.6557377049180327,0.5128205128205128,0.5755395683453238,61,44,13,34,0.7719298245614035,0.5641025641025641,0.6518518518518518,57
0000115_01031_d_0000082.jpg,63,YOLOv13-X,0.660377358490566,0.5555555555555556,0.6034482758620691,24,24,39,0.5,0.38095238095238093,0.4324324324324324,48,29,19,34,0.6041666666666666,0.4603174603174603,0.5225225225225225,48,36,22,27,0.6206896551724138,0.5714285714285714,0.5950413223140496,58,35,18,28,0.660377358490566,0.5555555555555556,0.6034482758620691,53
0000116_00351_d_0000083.jpg,74,YOLOv13-L,0.7719298245614035,0.5945945945945946,0.6717557251908397,35,15,39,0.7,0.47297297297297297,0.5645161290322581,50,40,15,34,0.7272727272727273,0.5405405405405406,0.6201550387596899,55,44,13,30,0.7719298245614035,0.5945945945945946,0.6717557251908397,57,44,18,30,0.7096774193548387,0.5945945945945946,0.6470588235294118,62
0000116_00819_d_0000084.jpg,36,YOLOv13-X,0.55,0.6111111111111112,0.5789473684210527,13,11,23,0.5416666666666666,0.3611111111111111,0.43333333333333335,24,17,16,19,0.5151515151515151,0.4722222222222222,0.49275362318840576,33,21,18,15,0.5384615384615384,0.5833333333333334,0.5599999999999999,39,22,18,14,0.55,0.6111111111111112,0.5789473684210527,40
0000116_01059_d_0000085.jpg,70,YOLOv13-X,0.7555555555555555,0.4857142857142857,0.5913043478260869,24,11,46,0.6857142857142857,0.34285714285714286,0.45714285714285724,35,29,17,41,0.6304347826086957,0.4142857142857143,0.5000000000000001,46,33,12,37,0.7333333333333333,0.4714285714285714,0.5739130434782609,45,34,11,36,0.7555555555555555,0.4857142857142857,0.5913043478260869,45
0000116_01338_d_0000086.jpg,54,YOLOv13-L,0.8,0.4444444444444444,0.5714285714285714,16,10,38,0.6153846153846154,0.2962962962962963,0.4,26,18,10,36,0.6428571428571429,0.3333333333333333,0.43902439024390244,28,24,6,30,0.8,0.4444444444444444,0.5714285714285714,30,22,4,32,0.8461538461538461,0.4074074074074074,0.5499999999999999,26
0000117_00112_d_0000087.jpg,129,YOLOv13-L,0.8513513513513513,0.4883720930232558,0.6206896551724138,43,24,86,0.6417910447761194,0.3333333333333333,0.43877551020408156,67,49,13,80,0.7903225806451613,0.3798449612403101,0.5130890052356021,62,63,11,66,0.8513513513513513,0.4883720930232558,0.6206896551724138,74,62,15,67,0.8051948051948052,0.4806201550387597,0.6019417475728156,77
0000117_01326_d_0000088.jpg,62,YOLOv13-L,0.5217391304347826,0.5806451612903226,0.549618320610687,22,49,40,0.30985915492957744,0.3548387096774194,0.33082706766917297,71,32,51,30,0.3855421686746988,0.5161290322580645,0.4413793103448276,83,36,33,26,0.5217391304347826,0.5806451612903226,0.549618320610687,69,37,37,25,0.5,0.5967741935483871,0.5441176470588236,74
0000117_01731_d_0000089.jpg,47,YOLOv13-S,0.7333333333333333,0.7021276595744681,0.7173913043478262,28,20,19,0.5833333333333334,0.5957446808510638,0.5894736842105263,48,33,12,14,0.7333333333333333,0.7021276595744681,0.7173913043478262,45,32,22,15,0.5925925925925926,0.6808510638297872,0.6336633663366336,54,36,23,11,0.6101694915254238,0.7659574468085106,0.679245283018868,59
0000117_02708_d_0000090.jpg,100,YOLOv13-X,0.6511627906976745,0.56,0.6021505376344087,31,25,69,0.5535714285714286,0.31,0.3974358974358974,56,40,27,60,0.5970149253731343,0.4,0.47904191616766467,67,51,28,49,0.6455696202531646,0.51,0.5698324022346368,79,56,30,44,0.6511627906976745,0.56,0.6021505376344087,86
0000117_03096_d_0000091.jpg,24,YOLOv13-S,0.29850746268656714,0.8333333333333334,0.4395604395604395,19,53,5,0.2638888888888889,0.7916666666666666,0.3958333333333333,72,20,47,4,0.29850746268656714,0.8333333333333334,0.4395604395604395,67,21,72,3,0.22580645161290322,0.875,0.358974358974359,93,23,68,1,0.25274725274725274,0.9583333333333334,0.39999999999999997,91
0000129_02411_d_0000138.jpg,186,YOLOv13-L,0.9186991869918699,0.6075268817204301,0.7313915857605178,101,22,85,0.8211382113821138,0.543010752688172,0.6537216828478963,123,107,14,79,0.8842975206611571,0.5752688172043011,0.6970684039087949,121,113,10,73,0.9186991869918699,0.6075268817204301,0.7313915857605178,123,109,12,77,0.9008264462809917,0.5860215053763441,0.7100977198697068,121
0000153_00001_d_0000001.jpg,55,YOLOv13-L,0.8181818181818182,0.4909090909090909,0.6136363636363636,22,9,33,0.7096774193548387,0.4,0.5116279069767441,31,24,4,31,0.8571428571428571,0.43636363636363634,0.5783132530120482,28,27,6,28,0.8181818181818182,0.4909090909090909,0.6136363636363636,33,24,9,31,0.7272727272727273,0.43636363636363634,0.5454545454545455,33
0000153_00401_d_0000001.jpg,59,YOLOv13-X,0.6976744186046512,0.5084745762711864,0.5882352941176471,24,20,35,0.5454545454545454,0.4067796610169492,0.46601941747572817,44,27,12,32,0.6923076923076923,0.4576271186440678,0.5510204081632654,39,26,13,33,0.6666666666666666,0.4406779661016949,0.5306122448979591,39,30,13,29,0.6976744186046512,0.5084745762711864,0.5882352941176471,43
0000153_00801_d_0000001.jpg,49,YOLOv13-S,0.6153846153846154,0.32653061224489793,0.42666666666666664,11,11,38,0.5,0.22448979591836735,0.30985915492957744,22,16,10,33,0.6153846153846154,0.32653061224489793,0.42666666666666664,26,17,17,32,0.5,0.3469387755102041,0.4096385542168675,34,16,16,33,0.5,0.32653061224489793,0.39506172839506176,32
0000153_01201_d_0000001.jpg,59,YOLOv13-X,0.6551724137931034,0.3220338983050847,0.43181818181818177,15,8,44,0.6521739130434783,0.2542372881355932,0.36585365853658536,23,17,8,42,0.68,0.288135593220339,0.40476190476190477,25,18,17,41,0.5142857142857142,0.3050847457627119,0.38297872340425526,35,19,10,40,0.6551724137931034,0.3220338983050847,0.43181818181818177,29
0000153_01601_d_0000001.jpg,63,YOLOv13-L,0.9259259259259259,0.3968253968253968,0.5555555555555555,20,8,43,0.7142857142857143,0.31746031746031744,0.43956043956043955,28,18,6,45,0.75,0.2857142857142857,0.4137931034482759,24,25,2,38,0.9259259259259259,0.3968253968253968,0.5555555555555555,27,24,3,39,0.8888888888888888,0.38095238095238093,0.5333333333333333,27
0000153_01801_d_0000001.jpg,55,YOLOv13-X,0.6451612903225806,0.36363636363636365,0.4651162790697675,16,10,39,0.6153846153846154,0.2909090909090909,0.3950617283950617,26,17,9,38,0.6538461538461539,0.3090909090909091,0.41975308641975306,26,19,10,36,0.6551724137931034,0.34545454545454546,0.4523809523809524,29,20,11,35,0.6451612903225806,0.36363636363636365,0.4651162790697675,31
0000154_00001_d_0000001.jpg,51,YOLOv13-X,0.6486486486486487,0.47058823529411764,0.5454545454545454,17,11,34,0.6071428571428571,0.3333333333333333,0.430379746835443,28,19,14,32,0.5757575757575758,0.37254901960784315,0.45238095238095244,33,24,16,27,0.6,0.47058823529411764,0.5274725274725275,40,24,13,27,0.6486486486486487,0.47058823529411764,0.5454545454545454,37
0000154_00401_d_0000001.jpg,60,YOLOv13-L,0.696969696969697,0.38333333333333336,0.4946236559139786,19,18,41,0.5135135135135135,0.31666666666666665,0.39175257731958757,37,21,16,39,0.5675675675675675,0.35,0.43298969072164945,37,23,10,37,0.696969696969697,0.38333333333333336,0.4946236559139786,33,22,12,38,0.6470588235294118,0.36666666666666664,0.46808510638297873,34
0000154_00801_d_0000001.jpg,72,YOLOv13-L,0.625,0.3472222222222222,0.44642857142857145,18,12,54,0.6,0.25,0.35294117647058826,30,23,13,49,0.6388888888888888,0.3194444444444444,0.4259259259259259,36,25,15,47,0.625,0.3472222222222222,0.44642857142857145,40,24,12,48,0.6666666666666666,0.3333333333333333,0.4444444444444444,36
0000154_01201_d_0000001.jpg,81,YOLOv13-L,0.7115384615384616,0.4567901234567901,0.5563909774436091,28,14,53,0.6666666666666666,0.345679012345679,0.4552845528455284,42,31,9,50,0.775,0.38271604938271603,0.512396694214876,40,37,15,44,0.7115384615384616,0.4567901234567901,0.5563909774436091,52,38,18,43,0.6785714285714286,0.4691358024691358,0.5547445255474452,56
0000154_01601_d_0000001.jpg,101,YOLOv13-X,0.7894736842105263,0.44554455445544555,0.569620253164557,34,14,67,0.7083333333333334,0.33663366336633666,0.45637583892617456,48,38,10,63,0.7916666666666666,0.37623762376237624,0.5100671140939597,48,44,12,57,0.7857142857142857,0.43564356435643564,0.5605095541401274,56,45,12,56,0.7894736842105263,0.44554455445544555,0.569620253164557,57
0000154_02001_d_0000001.jpg,83,YOLOv13-X,0.6619718309859155,0.5662650602409639,0.6103896103896105,33,20,50,0.6226415094339622,0.39759036144578314,0.4852941176470588,53,37,21,46,0.6379310344827587,0.4457831325301205,0.524822695035461,58,47,29,36,0.618421052631579,0.5662650602409639,0.5911949685534591,76,47,24,36,0.6619718309859155,0.5662650602409639,0.6103896103896105,71
0000155_00001_d_0000001.jpg,97,YOLOv13-X,0.676056338028169,0.4948453608247423,0.5714285714285714,43,22,54,0.6615384615384615,0.44329896907216493,0.5308641975308641,65,43,15,54,0.7413793103448276,0.44329896907216493,0.5548387096774193,58,45,20,52,0.6923076923076923,0.4639175257731959,0.5555555555555557,65,48,23,49,0.676056338028169,0.4948453608247423,0.5714285714285714,71
0000155_00401_d_0000001.jpg,122,YOLOv13-L,0.691358024691358,0.45901639344262296,0.5517241379310345,48,20,74,0.7058823529411765,0.39344262295081966,0.5052631578947367,68,43,21,79,0.671875,0.3524590163934426,0.46236559139784944,64,56,25,66,0.691358024691358,0.45901639344262296,0.5517241379310345,81,53,18,69,0.7464788732394366,0.4344262295081967,0.5492227979274611,71
0000155_00801_d_0000001.jpg,106,YOLOv13-X,0.75,0.5660377358490566,0.6451612903225807,46,19,60,0.7076923076923077,0.4339622641509434,0.5380116959064327,65,50,19,56,0.7246376811594203,0.4716981132075472,0.5714285714285714,69,59,23,47,0.7195121951219512,0.5566037735849056,0.6276595744680851,82,60,20,46,0.75,0.5660377358490566,0.6451612903225807,80
0000155_01201_d_0000001.jpg,94,YOLOv13-S,0.6949152542372882,0.43617021276595747,0.5359477124183007,34,16,60,0.68,0.3617021276595745,0.4722222222222222,50,41,18,53,0.6949152542372882,0.43617021276595747,0.5359477124183007,59,37,33,57,0.5285714285714286,0.39361702127659576,0.45121951219512196,70,40,23,54,0.6349206349206349,0.425531914893617,0.5095541401273885,63
0000155_01601_d_0000001.jpg,73,YOLOv13-X,0.8387096774193549,0.7123287671232876,0.7703703703703705,38,26,35,0.59375,0.5205479452054794,0.5547445255474454,64,45,11,28,0.8035714285714286,0.6164383561643836,0.6976744186046512,56,48,10,25,0.8275862068965517,0.6575342465753424,0.732824427480916,58,52,10,21,0.8387096774193549,0.7123287671232876,0.7703703703703705,62
0000155_01871_d_0000001.jpg,55,YOLOv13-X,0.6190476190476191,0.4727272727272727,0.5360824742268041,20,19,35,0.5128205128205128,0.36363636363636365,0.425531914893617,39,24,15,31,0.6153846153846154,0.43636363636363634,0.5106382978723405,39,24,22,31,0.5217391304347826,0.43636363636363634,0.4752475247524752,46,26,16,29,0.6190476190476191,0.4727272727272727,0.5360824742268041,42
0000162_00001_d_0000001.jpg,34,YOLOv13-S,0.9166666666666666,0.6470588235294118,0.7586206896551724,20,3,14,0.8695652173913043,0.5882352941176471,0.7017543859649124,23,22,2,12,0.9166666666666666,0.6470588235294118,0.7586206896551724,24,23,5,11,0.8214285714285714,0.6764705882352942,0.7419354838709677,28,22,4,12,0.8461538461538461,0.6470588235294118,0.7333333333333334,26
0000162_00401_d_0000001.jpg,45,YOLOv13-X,0.6764705882352942,0.5111111111111111,0.5822784810126582,19,8,26,0.7037037037037037,0.4222222222222222,0.5277777777777777,27,21,7,24,0.75,0.4666666666666667,0.5753424657534245,28,22,16,23,0.5789473684210527,0.4888888888888889,0.5301204819277109,38,23,11,22,0.6764705882352942,0.5111111111111111,0.5822784810126582,34
0000162_00801_d_0000001.jpg,30,YOLOv13-L,0.6538461538461539,0.5666666666666667,0.6071428571428571,10,12,20,0.45454545454545453,0.3333333333333333,0.3846153846153846,22,15,6,15,0.7142857142857143,0.5,0.588235294117647,21,17,9,13,0.6538461538461539,0.5666666666666667,0.6071428571428571,26,17,10,13,0.6296296296296297,0.5666666666666667,0.5964912280701755,27
0000162_01058_d_0000001.jpg,57,YOLOv13-L,0.5769230769230769,0.2631578947368421,0.3614457831325302,8,9,49,0.47058823529411764,0.14035087719298245,0.2162162162162162,17,12,10,45,0.5454545454545454,0.21052631578947367,0.3037974683544304,22,15,11,42,0.5769230769230769,0.2631578947368421,0.3614457831325302,26,12,11,45,0.5217391304347826,0.21052631578947367,0.3,23
0000163_00001_d_0000001.jpg,69,YOLOv13-X,0.7948717948717948,0.4492753623188406,0.574074074074074,29,9,40,0.7631578947368421,0.42028985507246375,0.5420560747663552,38,30,10,39,0.75,0.43478260869565216,0.5504587155963303,40,31,12,38,0.7209302325581395,0.4492753623188406,0.5535714285714285,43,31,8,38,0.7948717948717948,0.4492753623188406,0.574074074074074,39
0000163_00359_d_0000001.jpg,54,YOLOv13-X,0.8461538461538461,0.4074074074074074,0.5499999999999999,15,3,39,0.8333333333333334,0.2777777777777778,0.4166666666666667,18,17,5,37,0.7727272727272727,0.3148148148148148,0.4473684210526316,22,21,2,33,0.9130434782608695,0.3888888888888889,0.5454545454545454,23,22,4,32,0.8461538461538461,0.4074074074074074,0.5499999999999999,26
0000165_04325_d_0000105.jpg,29,YOLOv13-X,0.7083333333333334,0.5862068965517241,0.6415094339622641,12,7,17,0.631578947368421,0.41379310344827586,0.5,19,16,6,13,0.7272727272727273,0.5517241379310345,0.6274509803921569,22,15,7,14,0.6818181818181818,0.5172413793103449,0.5882352941176471,22,17,7,12,0.7083333333333334,0.5862068965517241,0.6415094339622641,24
0000166_00558_d_0000118.jpg,71,YOLOv13-L,0.56,0.39436619718309857,0.4628099173553719,22,15,49,0.5945945945945946,0.30985915492957744,0.40740740740740744,37,19,17,52,0.5277777777777778,0.2676056338028169,0.35514018691588783,36,28,22,43,0.56,0.39436619718309857,0.4628099173553719,50,22,16,49,0.5789473684210527,0.30985915492957744,0.40366972477064217,38
0000193_00000_d_0000103.jpg,63,YOLOv13-L,0.7884615384615384,0.6507936507936508,0.7130434782608696,28,7,35,0.8,0.4444444444444444,0.5714285714285714,35,34,8,29,0.8095238095238095,0.5396825396825397,0.6476190476190475,42,41,11,22,0.7884615384615384,0.6507936507936508,0.7130434782608696,52,38,13,25,0.7450980392156863,0.6031746031746031,0.6666666666666666,51
0000193_01497_d_0000111.jpg,87,YOLOv13-X,0.5981308411214953,0.735632183908046,0.6597938144329896,47,39,40,0.5465116279069767,0.5402298850574713,0.5433526011560693,86,47,38,40,0.5529411764705883,0.5402298850574713,0.5465116279069768,85,61,40,26,0.6039603960396039,0.7011494252873564,0.648936170212766,101,64,43,23,0.5981308411214953,0.735632183908046,0.6597938144329896,107
0000193_01705_d_0000112.jpg,134,YOLOv13-X,0.9066666666666666,0.5074626865671642,0.6507177033492824,51,22,83,0.6986301369863014,0.3805970149253731,0.4927536231884058,73,58,16,76,0.7837837837837838,0.43283582089552236,0.5576923076923076,74,71,19,63,0.7888888888888889,0.5298507462686567,0.6339285714285714,90,68,7,66,0.9066666666666666,0.5074626865671642,0.6507177033492824,75
0000193_01876_d_0000113.jpg,107,YOLOv13-X,0.765625,0.45794392523364486,0.5730994152046783,36,12,71,0.75,0.3364485981308411,0.464516129032258,48,40,17,67,0.7017543859649122,0.37383177570093457,0.4878048780487805,57,50,19,57,0.7246376811594203,0.4672897196261682,0.5681818181818182,69,49,15,58,0.765625,0.45794392523364486,0.5730994152046783,64
0000193_02029_d_0000114.jpg,93,YOLOv13-X,0.8028169014084507,0.6129032258064516,0.6951219512195121,38,18,55,0.6785714285714286,0.40860215053763443,0.5100671140939598,56,49,9,44,0.8448275862068966,0.5268817204301075,0.6490066225165563,58,50,13,43,0.7936507936507936,0.5376344086021505,0.6410256410256411,63,57,14,36,0.8028169014084507,0.6129032258064516,0.6951219512195121,71
0000193_02212_d_0000115.jpg,78,YOLOv13-L,0.5185185185185185,0.358974358974359,0.42424242424242425,18,17,60,0.5142857142857142,0.23076923076923078,0.3185840707964602,35,25,29,53,0.46296296296296297,0.32051282051282054,0.37878787878787884,54,28,26,50,0.5185185185185185,0.358974358974359,0.42424242424242425,54,30,40,48,0.42857142857142855,0.38461538461538464,0.4054054054054054,70
0000193_02416_d_0000116.jpg,50,YOLOv13-L,0.7878787878787878,0.52,0.6265060240963856,12,9,38,0.5714285714285714,0.24,0.33802816901408445,21,17,11,33,0.6071428571428571,0.34,0.43589743589743596,28,26,7,24,0.7878787878787878,0.52,0.6265060240963856,33,21,11,29,0.65625,0.42,0.5121951219512195,32
0000193_02606_d_0000117.jpg,49,YOLOv13-L,0.84,0.42857142857142855,0.5675675675675675,8,7,41,0.5333333333333333,0.16326530612244897,0.25,15,15,5,34,0.75,0.30612244897959184,0.43478260869565216,20,21,4,28,0.84,0.42857142857142855,0.5675675675675675,25,17,6,32,0.7391304347826086,0.3469387755102041,0.4722222222222222,23
0000193_02725_d_0000118.jpg,39,YOLOv13-L,0.7241379310344828,0.5384615384615384,0.6176470588235294,12,7,27,0.631578947368421,0.3076923076923077,0.41379310344827586,19,16,7,23,0.6956521739130435,0.41025641025641024,0.5161290322580646,23,21,8,18,0.7241379310344828,0.5384615384615384,0.6176470588235294,29,18,11,21,0.6206896551724138,0.46153846153846156,0.5294117647058824,29
0000194_00000_d_0000119.jpg,54,YOLOv13-X,0.6944444444444444,0.46296296296296297,0.5555555555555555,16,8,38,0.6666666666666666,0.2962962962962963,0.41025641025641024,24,21,8,33,0.7241379310344828,0.3888888888888889,0.5060240963855421,29,22,13,32,0.6285714285714286,0.4074074074074074,0.4943820224719101,35,25,11,29,0.6944444444444444,0.46296296296296297,0.5555555555555555,36
0000194_00200_d_0000120.jpg,76,YOLOv13-X,0.640625,0.5394736842105263,0.5857142857142857,21,10,55,0.6774193548387096,0.27631578947368424,0.39252336448598135,31,34,22,42,0.6071428571428571,0.4473684210526316,0.5151515151515151,56,40,23,36,0.6349206349206349,0.5263157894736842,0.5755395683453238,63,41,23,35,0.640625,0.5394736842105263,0.5857142857142857,64
0000194_00399_d_0000121.jpg,143,YOLOv13-X,0.8061224489795918,0.5524475524475524,0.6556016597510372,56,23,87,0.7088607594936709,0.3916083916083916,0.5045045045045046,79,58,23,85,0.7160493827160493,0.40559440559440557,0.5178571428571429,81,71,27,72,0.7244897959183674,0.4965034965034965,0.5892116182572615,98,79,19,64,0.8061224489795918,0.5524475524475524,0.6556016597510372,98
0000194_00625_d_0000122.jpg,83,YOLOv13-L,0.7857142857142857,0.6626506024096386,0.7189542483660131,39,16,44,0.7090909090909091,0.46987951807228917,0.5652173913043479,55,46,21,37,0.6865671641791045,0.5542168674698795,0.6133333333333333,67,55,15,28,0.7857142857142857,0.6626506024096386,0.7189542483660131,70,53,18,30,0.7464788732394366,0.6385542168674698,0.6883116883116883,71
0000194_00800_d_0000123.jpg,54,YOLOv13-L,0.6097560975609756,0.46296296296296297,0.5263157894736843,17,13,37,0.5666666666666667,0.3148148148148148,0.4047619047619047,30,18,20,36,0.47368421052631576,0.3333333333333333,0.391304347826087,38,25,16,29,0.6097560975609756,0.46296296296296297,0.5263157894736843,41,25,17,29,0.5952380952380952,0.46296296296296297,0.5208333333333334,42
0000194_00998_d_0000124.jpg,42,YOLOv13-L,0.8888888888888888,0.5714285714285714,0.6956521739130435,16,4,26,0.8,0.38095238095238093,0.5161290322580645,20,19,2,23,0.9047619047619048,0.4523809523809524,0.6031746031746031,21,24,3,18,0.8888888888888888,0.5714285714285714,0.6956521739130435,27,21,5,21,0.8076923076923077,0.5,0.6176470588235294,26
0000194_01192_d_0000125.jpg,23,YOLOv13-X,0.6538461538461539,0.7391304347826086,0.693877551020408,10,12,13,0.45454545454545453,0.43478260869565216,0.4444444444444445,22,12,10,11,0.5454545454545454,0.5217391304347826,0.5333333333333332,22,15,15,8,0.5,0.6521739130434783,0.5660377358490566,30,17,9,6,0.6538461538461539,0.7391304347826086,0.693877551020408,26
0000196_04512_d_0000144.jpg,69,YOLOv13-X,0.8,0.34782608695652173,0.48484848484848486,11,8,58,0.5789473684210527,0.15942028985507245,0.24999999999999997,19,13,15,56,0.4642857142857143,0.18840579710144928,0.26804123711340205,28,22,8,47,0.7333333333333333,0.3188405797101449,0.4444444444444444,30,24,6,45,0.8,0.34782608695652173,0.48484848484848486,30
0000199_01269_d_0000166.jpg,16,YOLOv13-S,0.8461538461538461,0.6875,0.7586206896551724,9,5,7,0.6428571428571429,0.5625,0.6000000000000001,14,11,2,5,0.8461538461538461,0.6875,0.7586206896551724,13,9,4,7,0.6923076923076923,0.5625,0.6206896551724138,13,11,5,5,0.6875,0.6875,0.6875,16
0000213_02500_d_0000240.jpg,94,YOLOv13-X,0.7959183673469388,0.4148936170212766,0.5454545454545454,25,18,69,0.5813953488372093,0.26595744680851063,0.36496350364963503,43,34,15,60,0.6938775510204082,0.3617021276595745,0.47552447552447547,49,38,13,56,0.7450980392156863,0.40425531914893614,0.5241379310344827,51,39,10,55,0.7959183673469388,0.4148936170212766,0.5454545454545454,49
0000213_02965_d_0000241.jpg,94,YOLOv13-X,0.6707317073170732,0.5851063829787234,0.6250000000000001,41,28,53,0.5942028985507246,0.43617021276595747,0.5030674846625767,69,49,27,45,0.6447368421052632,0.5212765957446809,0.5764705882352941,76,53,29,41,0.6463414634146342,0.5638297872340425,0.6022727272727272,82,55,27,39,0.6707317073170732,0.5851063829787234,0.6250000000000001,82
0000213_03478_d_0000242.jpg,115,YOLOv13-X,0.7553191489361702,0.6173913043478261,0.6794258373205742,59,34,56,0.6344086021505376,0.5130434782608696,0.5673076923076923,93,66,30,49,0.6875,0.5739130434782609,0.6255924170616114,96,69,33,46,0.6764705882352942,0.6,0.6359447004608295,102,71,23,44,0.7553191489361702,0.6173913043478261,0.6794258373205742,94
0000213_03920_d_0000243.jpg,164,YOLOv13-X,0.7014925373134329,0.573170731707317,0.6308724832214765,66,31,98,0.6804123711340206,0.4024390243902439,0.5057471264367815,97,81,38,83,0.680672268907563,0.49390243902439024,0.5724381625441697,119,88,55,76,0.6153846153846154,0.5365853658536586,0.5732899022801303,143,94,40,70,0.7014925373134329,0.573170731707317,0.6308724832214765,134
0000213_04405_d_0000244.jpg,106,YOLOv13-X,0.7,0.5283018867924528,0.6021505376344085,42,17,64,0.711864406779661,0.39622641509433965,0.5090909090909091,59,50,23,56,0.684931506849315,0.4716981132075472,0.5586592178770949,73,54,27,52,0.6666666666666666,0.5094339622641509,0.5775401069518716,81,56,24,50,0.7,0.5283018867924528,0.6021505376344085,80
0000213_04998_d_0000245.jpg,137,YOLOv13-L,0.7623762376237624,0.5620437956204379,0.6470588235294118,53,29,84,0.6463414634146342,0.38686131386861317,0.48401826484018273,82,63,26,74,0.7078651685393258,0.45985401459854014,0.5575221238938053,89,77,24,60,0.7623762376237624,0.5620437956204379,0.6470588235294118,101,80,36,57,0.6896551724137931,0.583941605839416,0.6324110671936759,116
0000213_05340_d_0000246.jpg,138,YOLOv13-X,0.7391304347826086,0.6159420289855072,0.6719367588932806,49,19,89,0.7205882352941176,0.35507246376811596,0.4757281553398059,68,61,26,77,0.7011494252873564,0.4420289855072464,0.5422222222222223,87,78,31,60,0.7155963302752294,0.5652173913043478,0.631578947368421,109,85,30,53,0.7391304347826086,0.6159420289855072,0.6719367588932806,115
0000213_05745_d_0000247.jpg,101,YOLOv13-X,0.8,0.7524752475247525,0.7755102040816327,51,12,50,0.8095238095238095,0.504950495049505,0.6219512195121951,63,64,17,37,0.7901234567901234,0.6336633663366337,0.7032967032967031,81,70,19,31,0.7865168539325843,0.693069306930693,0.736842105263158,89,76,19,25,0.8,0.7524752475247525,0.7755102040816327,95
0000215_00000_d_0000256.jpg,157,YOLOv13-X,0.5494505494505495,0.3184713375796178,0.40322580645161293,37,33,120,0.5285714285714286,0.2356687898089172,0.32599118942731276,70,45,27,112,0.625,0.28662420382165604,0.39301310043668125,72,48,37,109,0.5647058823529412,0.3057324840764331,0.39669421487603307,85,50,41,107,0.5494505494505495,0.3184713375796178,0.40322580645161293,91
0000215_00447_d_0000257.jpg,53,YOLOv13-L,0.6896551724137931,0.7547169811320755,0.7207207207207208,39,27,14,0.5909090909090909,0.7358490566037735,0.6554621848739496,66,40,29,13,0.5797101449275363,0.7547169811320755,0.6557377049180327,69,40,18,13,0.6896551724137931,0.7547169811320755,0.7207207207207208,58,40,21,13,0.6557377049180327,0.7547169811320755,0.7017543859649122,61
0000215_00909_d_0000258.jpg,93,YOLOv13-L,0.803030303030303,0.5698924731182796,0.6666666666666666,48,25,45,0.6575342465753424,0.5161290322580645,0.5783132530120482,73,50,16,43,0.7575757575757576,0.5376344086021505,0.6289308176100629,66,53,13,40,0.803030303030303,0.5698924731182796,0.6666666666666666,66,50,14,43,0.78125,0.5376344086021505,0.6369426751592356,64
0000215_01395_d_0000259.jpg,56,YOLOv13-X,0.7666666666666667,0.8214285714285714,0.793103448275862,44,15,12,0.7457627118644068,0.7857142857142857,0.7652173913043477,59,44,14,12,0.7586206896551724,0.7857142857142857,0.7719298245614034,58,45,15,11,0.75,0.8035714285714286,0.7758620689655172,60,46,14,10,0.7666666666666667,0.8214285714285714,0.793103448275862,60
0000215_01869_d_0000260.jpg,78,YOLOv13-L,0.7903225806451613,0.6282051282051282,0.7000000000000001,37,15,41,0.7115384615384616,0.47435897435897434,0.5692307692307692,52,43,19,35,0.6935483870967742,0.5512820512820513,0.6142857142857143,62,49,13,29,0.7903225806451613,0.6282051282051282,0.7000000000000001,62,48,16,30,0.75,0.6153846153846154,0.676056338028169,64
0000215_02319_d_0000261.jpg,107,YOLOv13-X,0.8032786885245902,0.45794392523364486,0.5833333333333334,42,18,65,0.7,0.3925233644859813,0.5029940119760479,60,45,14,62,0.7627118644067796,0.4205607476635514,0.5421686746987953,59,49,19,58,0.7205882352941176,0.45794392523364486,0.5599999999999999,68,49,12,58,0.8032786885245902,0.45794392523364486,0.5833333333333334,61
0000215_02667_d_0000262.jpg,83,YOLOv13-X,0.6382978723404256,0.7228915662650602,0.6779661016949153,49,33,34,0.5975609756097561,0.5903614457831325,0.593939393939394,82,53,27,30,0.6625,0.6385542168674698,0.6503067484662576,80,56,33,27,0.6292134831460674,0.6746987951807228,0.6511627906976744,89,60,34,23,0.6382978723404256,0.7228915662650602,0.6779661016949153,94
0000215_02932_d_0000263.jpg,48,YOLOv13-L,0.8222222222222222,0.7708333333333334,0.7956989247311829,29,8,19,0.7837837837837838,0.6041666666666666,0.6823529411764706,37,33,5,15,0.868421052631579,0.6875,0.7674418604651162,38,37,8,11,0.8222222222222222,0.7708333333333334,0.7956989247311829,45,33,11,15,0.75,0.6875,0.717391304347826,44
0000215_03226_d_0000264.jpg,23,YOLOv13-S,0.8421052631578947,0.6956521739130435,0.761904761904762,11,8,12,0.5789473684210527,0.4782608695652174,0.5238095238095238,19,16,3,7,0.8421052631578947,0.6956521739130435,0.761904761904762,19,17,5,6,0.7727272727272727,0.7391304347826086,0.7555555555555555,22,17,5,6,0.7727272727272727,0.7391304347826086,0.7555555555555555,22
0000216_00520_d_0000001.jpg,109,YOLOv13-X,0.8028169014084507,0.5229357798165137,0.6333333333333333,50,14,59,0.78125,0.45871559633027525,0.5780346820809249,64,53,12,56,0.8153846153846154,0.48623853211009177,0.6091954022988506,65,55,11,54,0.8333333333333334,0.5045871559633027,0.6285714285714286,66,57,14,52,0.8028169014084507,0.5229357798165137,0.6333333333333333,71
0000220_01242_d_0000004.jpg,37,YOLOv13-X,0.7619047619047619,0.43243243243243246,0.5517241379310345,13,2,24,0.8666666666666667,0.35135135135135137,0.5000000000000001,15,12,5,25,0.7058823529411765,0.32432432432432434,0.44444444444444453,17,15,5,22,0.75,0.40540540540540543,0.5263157894736842,20,16,5,21,0.7619047619047619,0.43243243243243246,0.5517241379310345,21
0000223_01802_d_0000005.jpg,64,YOLOv13-L,0.8604651162790697,0.578125,0.6915887850467289,23,14,41,0.6216216216216216,0.359375,0.4554455445544554,37,32,10,32,0.7619047619047619,0.5,0.6037735849056604,42,37,6,27,0.8604651162790697,0.578125,0.6915887850467289,43,36,7,28,0.8372093023255814,0.5625,0.6728971962616822,43
0000237_00001_d_0000001.jpg,15,YOLOv13-X,0.8571428571428571,0.4,0.5454545454545455,5,1,10,0.8333333333333334,0.3333333333333333,0.47619047619047616,6,4,2,11,0.6666666666666666,0.26666666666666666,0.3809523809523809,6,5,3,10,0.625,0.3333333333333333,0.43478260869565216,8,6,1,9,0.8571428571428571,0.4,0.5454545454545455,7
0000242_00001_d_0000001.jpg,42,YOLOv13-X,0.8125,0.6190476190476191,0.7027027027027026,17,9,25,0.6538461538461539,0.40476190476190477,0.5,26,22,6,20,0.7857142857142857,0.5238095238095238,0.6285714285714286,28,27,9,15,0.75,0.6428571428571429,0.6923076923076924,36,26,6,16,0.8125,0.6190476190476191,0.7027027027027026,32
0000242_00500_d_0000002.jpg,53,YOLOv13-X,0.7878787878787878,0.49056603773584906,0.6046511627906975,16,6,37,0.7272727272727273,0.3018867924528302,0.4266666666666667,22,22,10,31,0.6875,0.41509433962264153,0.5176470588235295,32,26,8,27,0.7647058823529411,0.49056603773584906,0.5977011494252874,34,26,7,27,0.7878787878787878,0.49056603773584906,0.6046511627906975,33
0000242_00627_d_0000003.jpg,45,YOLOv13-X,0.8181818181818182,0.6,0.6923076923076923,20,5,25,0.8,0.4444444444444444,0.5714285714285714,25,23,10,22,0.696969696969697,0.5111111111111111,0.5897435897435898,33,24,7,21,0.7741935483870968,0.5333333333333333,0.631578947368421,31,27,6,18,0.8181818181818182,0.6,0.6923076923076923,33
0000242_00843_d_0000004.jpg,2,YOLOv13-X,1.0,1.0,1.0,2,1,0,0.6666666666666666,1.0,0.8,3,2,1,0,0.6666666666666666,1.0,0.8,3,2,1,0,0.6666666666666666,1.0,0.8,3,2,0,0,1.0,1.0,1.0,2
0000242_00963_d_0000005.jpg,13,YOLOv13-L,0.5833333333333334,0.5384615384615384,0.5599999999999999,6,3,7,0.6666666666666666,0.46153846153846156,0.5454545454545455,9,5,6,8,0.45454545454545453,0.38461538461538464,0.41666666666666663,11,7,5,6,0.5833333333333334,0.5384615384615384,0.5599999999999999,12,7,6,6,0.5384615384615384,0.5384615384615384,0.5384615384615384,13
0000242_01139_d_0000006.jpg,72,YOLOv13-X,0.7291666666666666,0.4861111111111111,0.5833333333333334,27,16,45,0.627906976744186,0.375,0.46956521739130436,43,29,10,43,0.7435897435897436,0.4027777777777778,0.5225225225225226,39,33,17,39,0.66,0.4583333333333333,0.540983606557377,50,35,13,37,0.7291666666666666,0.4861111111111111,0.5833333333333334,48
0000242_01475_d_0000007.jpg,65,YOLOv13-L,0.8771929824561403,0.7692307692307693,0.819672131147541,41,10,24,0.803921568627451,0.6307692307692307,0.7068965517241379,51,46,11,19,0.8070175438596491,0.7076923076923077,0.7540983606557378,57,50,7,15,0.8771929824561403,0.7692307692307693,0.819672131147541,57,51,9,14,0.85,0.7846153846153846,0.816,60
0000242_01912_d_0000008.jpg,50,YOLOv13-L,0.9565217391304348,0.44,0.6027397260273973,18,5,32,0.782608695652174,0.36,0.4931506849315068,23,19,4,31,0.8260869565217391,0.38,0.5205479452054794,23,22,1,28,0.9565217391304348,0.44,0.6027397260273973,23,21,2,29,0.9130434782608695,0.42,0.5753424657534246,23
0000242_02400_d_0000009.jpg,34,YOLOv13-L,0.8333333333333334,0.7352941176470589,0.78125,18,6,16,0.75,0.5294117647058824,0.6206896551724139,24,24,6,10,0.8,0.7058823529411765,0.7500000000000001,30,25,5,9,0.8333333333333334,0.7352941176470589,0.78125,30,26,7,8,0.7878787878787878,0.7647058823529411,0.7761194029850745,33
0000242_02762_d_0000010.jpg,33,YOLOv13-S,0.9310344827586207,0.8181818181818182,0.8709677419354839,24,4,9,0.8571428571428571,0.7272727272727273,0.7868852459016394,28,27,2,6,0.9310344827586207,0.8181818181818182,0.8709677419354839,29,28,4,5,0.875,0.8484848484848485,0.8615384615384615,32,28,4,5,0.875,0.8484848484848485,0.8615384615384615,32
0000242_03199_d_0000011.jpg,9,YOLOv13-L,1.0,0.8888888888888888,0.9411764705882353,7,3,2,0.7,0.7777777777777778,0.7368421052631577,10,7,0,2,1.0,0.7777777777777778,0.8750000000000001,7,8,0,1,1.0,0.8888888888888888,0.9411764705882353,8,8,0,1,1.0,0.8888888888888888,0.9411764705882353,8
0000242_03668_d_0000012.jpg,41,YOLOv13-X,0.7857142857142857,0.5365853658536586,0.6376811594202899,17,3,24,0.85,0.4146341463414634,0.5573770491803278,20,20,4,21,0.8333333333333334,0.4878048780487805,0.6153846153846153,24,21,6,20,0.7777777777777778,0.5121951219512195,0.6176470588235294,27,22,6,19,0.7857142857142857,0.5365853658536586,0.6376811594202899,28
0000242_04116_d_0000013.jpg,8,YOLOv13-X,0.8333333333333334,0.625,0.7142857142857143,4,3,4,0.5714285714285714,0.5,0.5333333333333333,7,3,3,5,0.5,0.375,0.42857142857142855,6,4,3,4,0.5714285714285714,0.5,0.5333333333333333,7,5,1,3,0.8333333333333334,0.625,0.7142857142857143,6
0000242_04600_d_0000014.jpg,29,YOLOv13-S,0.71875,0.7931034482758621,0.7540983606557378,20,9,9,0.6896551724137931,0.6896551724137931,0.6896551724137931,29,23,9,6,0.71875,0.7931034482758621,0.7540983606557378,32,24,11,5,0.6857142857142857,0.8275862068965517,0.75,35,24,13,5,0.6486486486486487,0.8275862068965517,0.7272727272727273,37
0000242_05059_d_0000015.jpg,37,YOLOv13-L,0.875,0.3783783783783784,0.5283018867924528,9,3,28,0.75,0.24324324324324326,0.3673469387755103,12,10,2,27,0.8333333333333334,0.2702702702702703,0.4081632653061225,12,14,2,23,0.875,0.3783783783783784,0.5283018867924528,16,14,2,23,0.875,0.3783783783783784,0.5283018867924528,16
0000242_05570_d_0000016.jpg,32,YOLOv13-L,0.9,0.5625,0.6923076923076923,14,3,18,0.8235294117647058,0.4375,0.5714285714285714,17,14,5,18,0.7368421052631579,0.4375,0.5490196078431372,19,18,2,14,0.9,0.5625,0.6923076923076923,20,18,3,14,0.8571428571428571,0.5625,0.6792452830188678,21
0000242_06010_d_0000017.jpg,41,YOLOv13-X,0.9,0.21951219512195122,0.3529411764705882,6,1,35,0.8571428571428571,0.14634146341463414,0.25,7,6,0,35,1.0,0.14634146341463414,0.2553191489361702,6,8,2,33,0.8,0.1951219512195122,0.3137254901960785,10,9,1,32,0.9,0.21951219512195122,0.3529411764705882,10
0000242_06452_d_0000018.jpg,12,YOLOv13-X,0.8,0.6666666666666666,0.7272727272727272,5,3,7,0.625,0.4166666666666667,0.5,8,7,3,5,0.7,0.5833333333333334,0.6363636363636365,10,6,4,6,0.6,0.5,0.5454545454545454,10,8,2,4,0.8,0.6666666666666666,0.7272727272727272,10
0000244_00001_d_0000001.jpg,46,YOLOv13-X,0.717948717948718,0.6086956521739131,0.6588235294117647,20,7,26,0.7407407407407407,0.43478260869565216,0.5479452054794521,27,24,8,22,0.75,0.5217391304347826,0.6153846153846153,32,27,9,19,0.75,0.5869565217391305,0.6585365853658538,36,28,11,18,0.717948717948718,0.6086956521739131,0.6588235294117647,39
0000244_00500_d_0000002.jpg,32,YOLOv13-L,0.5384615384615384,0.4375,0.4827586206896552,11,11,21,0.5,0.34375,0.4074074074074074,22,12,10,20,0.5454545454545454,0.375,0.4444444444444444,22,14,12,18,0.5384615384615384,0.4375,0.4827586206896552,26,14,15,18,0.4827586206896552,0.4375,0.4590163934426229,29
0000244_01000_d_0000003.jpg,122,YOLOv13-X,0.7111111111111111,0.26229508196721313,0.3832335329341318,22,15,100,0.5945945945945946,0.18032786885245902,0.27672955974842767,37,24,15,98,0.6153846153846154,0.19672131147540983,0.2981366459627329,39,28,16,94,0.6363636363636364,0.22950819672131148,0.3373493975903614,44,32,13,90,0.7111111111111111,0.26229508196721313,0.3832335329341318,45
0000244_01500_d_0000004.jpg,96,YOLOv13-X,0.7647058823529411,0.40625,0.5306122448979592,24,27,72,0.47058823529411764,0.25,0.32653061224489793,51,33,21,63,0.6111111111111112,0.34375,0.44000000000000006,54,40,20,56,0.6666666666666666,0.4166666666666667,0.5128205128205129,60,39,12,57,0.7647058823529411,0.40625,0.5306122448979592,51
0000244_02000_d_0000005.jpg,129,YOLOv13-L,0.676056338028169,0.37209302325581395,0.48,41,22,88,0.6507936507936508,0.3178294573643411,0.42708333333333337,63,47,31,82,0.6025641025641025,0.3643410852713178,0.4541062801932367,78,48,23,81,0.676056338028169,0.37209302325581395,0.48,71,48,24,81,0.6666666666666666,0.37209302325581395,0.4776119402985074,72
0000244_02500_d_0000006.jpg,113,YOLOv13-X,0.7571428571428571,0.4690265486725664,0.5792349726775956,32,25,81,0.5614035087719298,0.2831858407079646,0.3764705882352941,57,45,31,68,0.5921052631578947,0.39823008849557523,0.47619047619047616,76,47,17,66,0.734375,0.415929203539823,0.5310734463276836,64,53,17,60,0.7571428571428571,0.4690265486725664,0.5792349726775956,70
0000244_03000_d_0000007.jpg,44,YOLOv13-X,0.8076923076923077,0.4772727272727273,0.6000000000000001,18,6,26,0.75,0.4090909090909091,0.5294117647058824,24,17,7,27,0.7083333333333334,0.38636363636363635,0.5,24,19,7,25,0.7307692307692307,0.4318181818181818,0.5428571428571428,26,21,5,23,0.8076923076923077,0.4772727272727273,0.6000000000000001,26
0000244_03500_d_0000008.jpg,146,YOLOv13-L,0.7627118644067796,0.3082191780821918,0.4390243902439025,20,13,126,0.6060606060606061,0.136986301369863,0.22346368715083798,33,36,17,110,0.6792452830188679,0.2465753424657534,0.36180904522613067,53,45,14,101,0.7627118644067796,0.3082191780821918,0.4390243902439025,59,46,24,100,0.6571428571428571,0.3150684931506849,0.4259259259259259,70
0000244_04000_d_0000009.jpg,56,YOLOv13-S,0.3493975903614458,0.5178571428571429,0.4172661870503598,24,51,32,0.32,0.42857142857142855,0.366412213740458,75,29,54,27,0.3493975903614458,0.5178571428571429,0.4172661870503598,83,26,62,30,0.29545454545454547,0.4642857142857143,0.36111111111111116,88,30,58,26,0.3409090909090909,0.5357142857142857,0.41666666666666663,88
0000244_04400_d_0000010.jpg,101,YOLOv13-X,0.7126436781609196,0.6138613861386139,0.6595744680851064,46,23,55,0.6666666666666666,0.45544554455445546,0.5411764705882353,69,55,28,46,0.6626506024096386,0.5445544554455446,0.5978260869565218,83,59,24,42,0.7108433734939759,0.5841584158415841,0.6413043478260868,83,62,25,39,0.7126436781609196,0.6138613861386139,0.6595744680851064,87
0000244_04900_d_0000011.jpg,106,YOLOv13-X,0.8842105263157894,0.7924528301886793,0.8358208955223881,65,24,41,0.7303370786516854,0.6132075471698113,0.6666666666666666,89,74,24,32,0.7551020408163265,0.6981132075471698,0.7254901960784315,98,85,13,21,0.8673469387755102,0.8018867924528302,0.8333333333333334,98,84,11,22,0.8842105263157894,0.7924528301886793,0.8358208955223881,95
0000244_05400_d_0000012.jpg,90,YOLOv13-S,0.7758620689655172,0.5,0.608108108108108,37,12,53,0.7551020408163265,0.4111111111111111,0.5323741007194244,49,45,13,45,0.7758620689655172,0.5,0.608108108108108,58,47,20,43,0.7014925373134329,0.5222222222222223,0.5987261146496816,67,49,23,41,0.6805555555555556,0.5444444444444444,0.6049382716049382,72
0000244_05900_d_0000013.jpg,66,YOLOv13-X,0.7142857142857143,0.45454545454545453,0.5555555555555556,24,8,42,0.75,0.36363636363636365,0.48979591836734687,32,27,8,39,0.7714285714285715,0.4090909090909091,0.5346534653465347,35,27,10,39,0.7297297297297297,0.4090909090909091,0.5242718446601942,37,30,12,36,0.7142857142857143,0.45454545454545453,0.5555555555555556,42
0000244_06388_d_0000014.jpg,46,YOLOv13-X,0.8285714285714286,0.6304347826086957,0.7160493827160495,20,6,26,0.7692307692307693,0.43478260869565216,0.5555555555555555,26,19,9,27,0.6785714285714286,0.41304347826086957,0.5135135135135135,28,24,10,22,0.7058823529411765,0.5217391304347826,0.6,34,29,6,17,0.8285714285714286,0.6304347826086957,0.7160493827160495,35
0000249_00001_d_0000001.jpg,80,YOLOv13-X,0.8444444444444444,0.475,0.608,32,11,48,0.7441860465116279,0.4,0.5203252032520326,43,34,13,46,0.723404255319149,0.425,0.5354330708661418,47,36,13,44,0.7346938775510204,0.45,0.5581395348837209,49,38,7,42,0.8444444444444444,0.475,0.608,45
0000249_00235_d_0000002.jpg,85,YOLOv13-X,0.66,0.38823529411764707,0.4888888888888889,25,18,60,0.5813953488372093,0.29411764705882354,0.39062500000000006,43,30,18,55,0.625,0.35294117647058826,0.4511278195488722,48,32,18,53,0.64,0.3764705882352941,0.47407407407407404,50,33,17,52,0.66,0.38823529411764707,0.4888888888888889,50
0000249_00603_d_0000003.jpg,48,YOLOv13-X,0.7391304347826086,0.3541666666666667,0.4788732394366197,13,8,35,0.6190476190476191,0.2708333333333333,0.37681159420289856,21,14,10,34,0.5833333333333334,0.2916666666666667,0.38888888888888895,24,16,8,32,0.6666666666666666,0.3333333333333333,0.4444444444444444,24,17,6,31,0.7391304347826086,0.3541666666666667,0.4788732394366197,23
0000249_01100_d_0000004.jpg,27,YOLOv13-X,0.6875,0.8148148148148148,0.7457627118644067,16,7,11,0.6956521739130435,0.5925925925925926,0.6399999999999999,23,18,11,9,0.6206896551724138,0.6666666666666666,0.6428571428571429,29,19,12,8,0.6129032258064516,0.7037037037037037,0.6551724137931035,31,22,10,5,0.6875,0.8148148148148148,0.7457627118644067,32
0000249_01514_d_0000005.jpg,51,YOLOv13-S,0.8536585365853658,0.6862745098039216,0.7608695652173912,27,5,24,0.84375,0.5294117647058824,0.6506024096385543,32,35,6,16,0.8536585365853658,0.6862745098039216,0.7608695652173912,41,35,7,16,0.8333333333333334,0.6862745098039216,0.7526881720430109,42,34,7,17,0.8292682926829268,0.6666666666666666,0.7391304347826086,41
0000249_01635_d_0000006.jpg,80,YOLOv13-L,0.8372093023255814,0.45,0.5853658536585366,27,9,53,0.75,0.3375,0.46551724137931044,36,33,8,47,0.8048780487804879,0.4125,0.5454545454545455,41,36,7,44,0.8372093023255814,0.45,0.5853658536585366,43,34,10,46,0.7727272727272727,0.425,0.5483870967741935,44
0000249_02073_d_0000007.jpg,67,YOLOv13-S,0.8076923076923077,0.31343283582089554,0.4516129032258065,14,6,53,0.7,0.208955223880597,0.3218390804597701,20,21,5,46,0.8076923076923077,0.31343283582089554,0.4516129032258065,26,20,3,47,0.8695652173913043,0.29850746268656714,0.4444444444444444,23,20,4,47,0.8333333333333334,0.29850746268656714,0.4395604395604395,24
0000249_02468_d_0000008.jpg,18,YOLOv13-X,0.47368421052631576,0.5,0.4864864864864865,5,8,13,0.38461538461538464,0.2777777777777778,0.3225806451612903,13,6,9,12,0.4,0.3333333333333333,0.3636363636363636,15,7,9,11,0.4375,0.3888888888888889,0.411764705882353,16,9,10,9,0.47368421052631576,0.5,0.4864864864864865,19
0000249_02900_d_0000009.jpg,101,YOLOv13-X,0.7727272727272727,0.504950495049505,0.6107784431137724,40,15,61,0.7272727272727273,0.39603960396039606,0.5128205128205128,55,44,19,57,0.6984126984126984,0.43564356435643564,0.5365853658536586,63,50,19,51,0.7246376811594203,0.49504950495049505,0.5882352941176471,69,51,15,50,0.7727272727272727,0.504950495049505,0.6107784431137724,66
0000249_03400_d_0000010.jpg,92,YOLOv13-X,0.7848101265822784,0.6739130434782609,0.7251461988304092,45,25,47,0.6428571428571429,0.4891304347826087,0.5555555555555556,70,51,23,41,0.6891891891891891,0.5543478260869565,0.6144578313253013,74,62,20,30,0.7560975609756098,0.6739130434782609,0.7126436781609194,82,62,17,30,0.7848101265822784,0.6739130434782609,0.7251461988304092,79
0000249_03900_d_0000011.jpg,85,YOLOv13-X,0.7450980392156863,0.4470588235294118,0.5588235294117647,26,16,59,0.6190476190476191,0.3058823529411765,0.40944881889763785,42,32,10,53,0.7619047619047619,0.3764705882352941,0.5039370078740157,42,36,10,49,0.782608695652174,0.4235294117647059,0.549618320610687,46,38,13,47,0.7450980392156863,0.4470588235294118,0.5588235294117647,51
0000253_00001_d_0000001.jpg,106,YOLOv13-L,0.8235294117647058,0.7924528301886793,0.8076923076923077,76,21,30,0.7835051546391752,0.7169811320754716,0.7487684729064039,97,81,22,25,0.7864077669902912,0.7641509433962265,0.7751196172248804,103,84,18,22,0.8235294117647058,0.7924528301886793,0.8076923076923077,102,83,25,23,0.7685185185185185,0.7830188679245284,0.7757009345794392,108
0000256_00715_d_0000019.jpg,90,YOLOv13-X,0.7333333333333333,0.4888888888888889,0.5866666666666667,33,28,57,0.5409836065573771,0.36666666666666664,0.4370860927152318,61,41,19,49,0.6833333333333333,0.45555555555555555,0.5466666666666666,60,43,19,47,0.6935483870967742,0.4777777777777778,0.5657894736842105,62,44,16,46,0.7333333333333333,0.4888888888888889,0.5866666666666667,60
0000256_02173_d_0000030.jpg,47,YOLOv13-X,0.6578947368421053,0.5319148936170213,0.5882352941176471,11,6,36,0.6470588235294118,0.23404255319148937,0.34375,17,15,10,32,0.6,0.3191489361702128,0.4166666666666667,25,22,12,25,0.6470588235294118,0.46808510638297873,0.54320987654321,34,25,13,22,0.6578947368421053,0.5319148936170213,0.5882352941176471,38
0000263_02401_d_0000179.jpg,17,YOLOv13-X,0.8823529411764706,0.8823529411764706,0.8823529411764706,13,2,4,0.8666666666666667,0.7647058823529411,0.8125,15,12,3,5,0.8,0.7058823529411765,0.7500000000000001,15,12,2,5,0.8571428571428571,0.7058823529411765,0.7741935483870968,14,15,2,2,0.8823529411764706,0.8823529411764706,0.8823529411764706,17
0000269_00001_d_0000348.jpg,128,YOLOv13-L,0.8032786885245902,0.3828125,0.5185185185185185,44,11,84,0.8,0.34375,0.48087431693989074,55,43,10,85,0.8113207547169812,0.3359375,0.4751381215469614,53,49,12,79,0.8032786885245902,0.3828125,0.5185185185185185,61,48,11,80,0.8135593220338984,0.375,0.5133689839572193,59
0000269_00201_d_0000349.jpg,47,YOLOv13-X,0.640625,0.8723404255319149,0.7387387387387387,37,29,10,0.5606060606060606,0.7872340425531915,0.6548672566371682,66,38,24,9,0.6129032258064516,0.8085106382978723,0.6972477064220183,62,39,31,8,0.5571428571428572,0.8297872340425532,0.6666666666666667,70,41,23,6,0.640625,0.8723404255319149,0.7387387387387387,64
0000269_00601_d_0000351.jpg,93,YOLOv13-X,0.8405797101449275,0.6236559139784946,0.7160493827160493,47,16,46,0.746031746031746,0.5053763440860215,0.6025641025641026,63,51,13,42,0.796875,0.5483870967741935,0.6496815286624203,64,55,17,38,0.7638888888888888,0.5913978494623656,0.6666666666666667,72,58,11,35,0.8405797101449275,0.6236559139784946,0.7160493827160493,69
0000271_00001_d_0000374.jpg,58,YOLOv13-X,0.7450980392156863,0.6551724137931034,0.6972477064220184,24,21,34,0.5333333333333333,0.41379310344827586,0.4660194174757281,45,35,13,23,0.7291666666666666,0.603448275862069,0.6603773584905661,48,39,19,19,0.6724137931034483,0.6724137931034483,0.6724137931034483,58,38,13,20,0.7450980392156863,0.6551724137931034,0.6972477064220184,51
0000271_00201_d_0000375.jpg,75,YOLOv13-L,0.6973684210526315,0.7066666666666667,0.7019867549668874,38,25,37,0.6031746031746031,0.5066666666666667,0.5507246376811594,63,46,19,29,0.7076923076923077,0.6133333333333333,0.657142857142857,65,53,23,22,0.6973684210526315,0.7066666666666667,0.7019867549668874,76,52,28,23,0.65,0.6933333333333334,0.670967741935484,80
0000271_00401_d_0000376.jpg,25,YOLOv13-X,0.55,0.44,0.48888888888888893,11,13,14,0.4583333333333333,0.44,0.4489795918367347,24,11,10,14,0.5238095238095238,0.44,0.4782608695652174,21,9,10,16,0.47368421052631576,0.36,0.40909090909090906,19,11,9,14,0.55,0.44,0.48888888888888893,20
0000271_00601_d_0000377.jpg,79,YOLOv13-X,0.6764705882352942,0.5822784810126582,0.6258503401360545,37,20,42,0.6491228070175439,0.46835443037974683,0.5441176470588235,57,40,24,39,0.625,0.5063291139240507,0.5594405594405595,64,44,27,35,0.6197183098591549,0.5569620253164557,0.5866666666666667,71,46,22,33,0.6764705882352942,0.5822784810126582,0.6258503401360545,68
0000271_00801_d_0000378.jpg,63,YOLOv13-X,0.4931506849315068,0.5714285714285714,0.5294117647058824,29,18,34,0.6170212765957447,0.4603174603174603,0.5272727272727272,47,32,33,31,0.49230769230769234,0.5079365079365079,0.5,65,35,37,28,0.4861111111111111,0.5555555555555556,0.5185185185185186,72,36,37,27,0.4931506849315068,0.5714285714285714,0.5294117647058824,73
0000271_01201_d_0000379.jpg,59,YOLOv13-X,0.6727272727272727,0.6271186440677966,0.6491228070175439,24,15,35,0.6153846153846154,0.4067796610169492,0.4897959183673469,39,26,19,33,0.5777777777777777,0.4406779661016949,0.5,45,32,17,27,0.6530612244897959,0.5423728813559322,0.5925925925925926,49,37,18,22,0.6727272727272727,0.6271186440677966,0.6491228070175439,55
0000271_01401_d_0000380.jpg,55,YOLOv13-X,0.72,0.6545454545454545,0.6857142857142857,30,14,25,0.6818181818181818,0.5454545454545454,0.6060606060606061,44,31,13,24,0.7045454545454546,0.5636363636363636,0.6262626262626263,44,36,18,19,0.6666666666666666,0.6545454545454545,0.6605504587155963,54,36,14,19,0.72,0.6545454545454545,0.6857142857142857,50
0000271_01601_d_0000381.jpg,48,YOLOv13-X,0.7380952380952381,0.6458333333333334,0.6888888888888889,18,9,30,0.6666666666666666,0.375,0.4800000000000001,27,22,14,26,0.6111111111111112,0.4583333333333333,0.5238095238095238,36,28,7,20,0.8,0.5833333333333334,0.674698795180723,35,31,11,17,0.7380952380952381,0.6458333333333334,0.6888888888888889,42
0000271_02401_d_0000385.jpg,84,YOLOv13-L,0.75,0.42857142857142855,0.5454545454545454,24,18,60,0.5714285714285714,0.2857142857142857,0.38095238095238093,42,27,21,57,0.5625,0.32142857142857145,0.40909090909090917,48,36,12,48,0.75,0.42857142857142855,0.5454545454545454,48,37,19,47,0.6607142857142857,0.44047619047619047,0.5285714285714285,56
0000271_02601_d_0000386.jpg,79,YOLOv13-L,0.734375,0.5949367088607594,0.6573426573426573,38,14,41,0.7307692307692307,0.4810126582278481,0.5801526717557252,52,38,14,41,0.7307692307692307,0.4810126582278481,0.5801526717557252,52,47,17,32,0.734375,0.5949367088607594,0.6573426573426573,64,45,19,34,0.703125,0.569620253164557,0.6293706293706295,64
0000271_03001_d_0000387.jpg,56,YOLOv13-X,0.6415094339622641,0.6071428571428571,0.6238532110091742,25,13,31,0.6578947368421053,0.44642857142857145,0.5319148936170213,38,29,17,27,0.6304347826086957,0.5178571428571429,0.5686274509803922,46,32,21,24,0.6037735849056604,0.5714285714285714,0.5871559633027522,53,34,19,22,0.6415094339622641,0.6071428571428571,0.6238532110091742,53
0000271_03801_d_0000391.jpg,57,YOLOv13-L,0.7291666666666666,0.6140350877192983,0.6666666666666667,24,16,33,0.6,0.42105263157894735,0.4948453608247421,40,27,17,30,0.6136363636363636,0.47368421052631576,0.5346534653465346,44,35,13,22,0.7291666666666666,0.6140350877192983,0.6666666666666667,48,33,16,24,0.673469387755102,0.5789473684210527,0.6226415094339622,49
0000271_04401_d_0000394.jpg,86,YOLOv13-X,0.8852459016393442,0.627906976744186,0.7346938775510204,42,11,44,0.7924528301886793,0.4883720930232558,0.60431654676259,53,45,11,41,0.8035714285714286,0.5232558139534884,0.6338028169014085,56,51,16,35,0.7611940298507462,0.5930232558139535,0.6666666666666667,67,54,7,32,0.8852459016393442,0.627906976744186,0.7346938775510204,61
0000271_04801_d_0000396.jpg,50,YOLOv13-L,0.8,0.56,0.6588235294117648,24,7,26,0.7741935483870968,0.48,0.5925925925925926,31,27,6,23,0.8181818181818182,0.54,0.6506024096385542,33,28,7,22,0.8,0.56,0.6588235294117648,35,24,10,26,0.7058823529411765,0.48,0.5714285714285713,34
0000271_05001_d_0000397.jpg,90,YOLOv13-L,0.6595744680851063,0.34444444444444444,0.4525547445255474,17,17,73,0.5,0.18888888888888888,0.27419354838709675,34,21,19,69,0.525,0.23333333333333334,0.3230769230769231,40,31,16,59,0.6595744680851063,0.34444444444444444,0.4525547445255474,47,29,16,61,0.6444444444444445,0.32222222222222224,0.42962962962962964,45
0000271_05201_d_0000398.jpg,70,YOLOv13-X,0.7794117647058824,0.7571428571428571,0.7681159420289856,38,19,32,0.6666666666666666,0.5428571428571428,0.5984251968503936,57,46,18,24,0.71875,0.6571428571428571,0.6865671641791045,64,50,13,20,0.7936507936507936,0.7142857142857143,0.7518796992481204,63,53,15,17,0.7794117647058824,0.7571428571428571,0.7681159420289856,68
0000271_05401_d_0000399.jpg,71,YOLOv13-X,0.7741935483870968,0.676056338028169,0.7218045112781956,37,13,34,0.74,0.5211267605633803,0.6115702479338843,50,43,13,28,0.7678571428571429,0.6056338028169014,0.6771653543307087,56,47,13,24,0.7833333333333333,0.6619718309859155,0.717557251908397,60,48,14,23,0.7741935483870968,0.676056338028169,0.7218045112781956,62
0000271_05601_d_0000400.jpg,86,YOLOv13-X,0.8783783783783784,0.7558139534883721,0.8125,45,14,41,0.7627118644067796,0.5232558139534884,0.6206896551724138,59,58,17,28,0.7733333333333333,0.6744186046511628,0.7204968944099379,75,63,13,23,0.8289473684210527,0.7325581395348837,0.7777777777777778,76,65,9,21,0.8783783783783784,0.7558139534883721,0.8125,74
0000271_05801_d_0000401.jpg,104,YOLOv13-L,0.8080808080808081,0.7692307692307693,0.7881773399014778,67,19,37,0.7790697674418605,0.6442307692307693,0.7052631578947369,86,73,19,31,0.7934782608695652,0.7019230769230769,0.7448979591836734,92,80,19,24,0.8080808080808081,0.7692307692307693,0.7881773399014778,99,80,22,24,0.7843137254901961,0.7692307692307693,0.7766990291262137,102
0000271_06001_d_0000402.jpg,158,YOLOv13-X,0.8833333333333333,0.6708860759493671,0.762589928057554,92,24,66,0.7931034482758621,0.5822784810126582,0.6715328467153284,116,98,25,60,0.7967479674796748,0.620253164556962,0.697508896797153,123,102,10,56,0.9107142857142857,0.6455696202531646,0.7555555555555556,112,106,14,52,0.8833333333333333,0.6708860759493671,0.762589928057554,120
0000271_06201_d_0000403.jpg,142,YOLOv13-L,0.7969924812030075,0.7464788732394366,0.7709090909090909,86,29,56,0.7478260869565218,0.6056338028169014,0.669260700389105,115,95,28,47,0.7723577235772358,0.6690140845070423,0.7169811320754719,123,106,27,36,0.7969924812030075,0.7464788732394366,0.7709090909090909,133,105,26,37,0.8015267175572519,0.7394366197183099,0.7692307692307692,131
0000271_06401_d_0000404.jpg,128,YOLOv13-L,0.8679245283018868,0.71875,0.7863247863247864,76,37,52,0.672566371681416,0.59375,0.6307053941908713,113,80,24,48,0.7692307692307693,0.625,0.6896551724137931,104,92,14,36,0.8679245283018868,0.71875,0.7863247863247864,106,87,14,41,0.8613861386138614,0.6796875,0.759825327510917,101
0000271_06601_d_0000405.jpg,105,YOLOv13-L,0.93,0.8857142857142857,0.9073170731707316,74,24,31,0.7551020408163265,0.7047619047619048,0.7290640394088671,98,85,9,20,0.9042553191489362,0.8095238095238095,0.8542713567839195,94,93,7,12,0.93,0.8857142857142857,0.9073170731707316,100,91,10,14,0.900990099009901,0.8666666666666667,0.8834951456310681,101
0000271_06801_d_0000406.jpg,95,YOLOv13-X,0.8181818181818182,0.7578947368421053,0.7868852459016393,63,13,32,0.8289473684210527,0.6631578947368421,0.736842105263158,76,66,16,29,0.8048780487804879,0.6947368421052632,0.7457627118644067,82,67,15,28,0.8170731707317073,0.7052631578947368,0.7570621468926554,82,72,16,23,0.8181818181818182,0.7578947368421053,0.7868852459016393,88
0000271_07001_d_0000407.jpg,58,YOLOv13-L,0.7073170731707317,0.5,0.5858585858585859,29,13,29,0.6904761904761905,0.5,0.58,42,26,14,32,0.65,0.4482758620689655,0.5306122448979592,40,29,12,29,0.7073170731707317,0.5,0.5858585858585859,41,28,12,30,0.7,0.4827586206896552,0.5714285714285714,40
0000271_07201_d_0000408.jpg,25,YOLOv13-S,0.9166666666666666,0.44,0.5945945945945945,12,4,13,0.75,0.48,0.5853658536585366,16,11,1,14,0.9166666666666666,0.44,0.5945945945945945,12,12,6,13,0.6666666666666666,0.48,0.5581395348837209,18,11,5,14,0.6875,0.44,0.5365853658536586,16
0000271_07401_d_0000409.jpg,42,YOLOv13-S,0.9,0.6428571428571429,0.75,25,6,17,0.8064516129032258,0.5952380952380952,0.684931506849315,31,27,3,15,0.9,0.6428571428571429,0.75,30,28,8,14,0.7777777777777778,0.6666666666666666,0.717948717948718,36,27,4,15,0.8709677419354839,0.6428571428571429,0.7397260273972603,31
0000273_05601_d_0000466.jpg,32,YOLOv13-X,0.7333333333333333,0.6875,0.7096774193548386,10,11,22,0.47619047619047616,0.3125,0.37735849056603776,21,14,7,18,0.6666666666666666,0.4375,0.5283018867924528,21,16,10,16,0.6153846153846154,0.5,0.5517241379310345,26,22,8,10,0.7333333333333333,0.6875,0.7096774193548386,30
0000276_00001_d_0000507.jpg,55,YOLOv13-X,0.7027027027027027,0.4727272727272727,0.5652173913043479,22,13,33,0.6285714285714286,0.4,0.488888888888889,35,24,15,31,0.6153846153846154,0.43636363636363634,0.5106382978723405,39,26,15,29,0.6341463414634146,0.4727272727272727,0.5416666666666666,41,26,11,29,0.7027027027027027,0.4727272727272727,0.5652173913043479,37
0000276_00401_d_0000509.jpg,62,YOLOv13-X,0.8285714285714286,0.46774193548387094,0.5979381443298969,23,6,39,0.7931034482758621,0.3709677419354839,0.5054945054945055,29,28,7,34,0.8,0.45161290322580644,0.577319587628866,35,24,8,38,0.75,0.3870967741935484,0.5106382978723403,32,29,6,33,0.8285714285714286,0.46774193548387094,0.5979381443298969,35
0000276_00601_d_0000510.jpg,37,YOLOv13-L,0.8260869565217391,0.5135135135135135,0.6333333333333333,17,4,20,0.8095238095238095,0.4594594594594595,0.5862068965517242,21,17,3,20,0.85,0.4594594594594595,0.5964912280701754,20,19,4,18,0.8260869565217391,0.5135135135135135,0.6333333333333333,23,18,6,19,0.75,0.4864864864864865,0.5901639344262296,24
0000276_01001_d_0000512.jpg,42,YOLOv13-X,0.7692307692307693,0.47619047619047616,0.588235294117647,10,4,32,0.7142857142857143,0.23809523809523808,0.35714285714285715,14,13,4,29,0.7647058823529411,0.30952380952380953,0.4406779661016949,17,13,9,29,0.5909090909090909,0.30952380952380953,0.40625000000000006,22,20,6,22,0.7692307692307693,0.47619047619047616,0.588235294117647,26
0000276_01201_d_0000513.jpg,29,YOLOv13-X,0.68,0.5862068965517241,0.6296296296296295,10,5,19,0.6666666666666666,0.3448275862068966,0.4545454545454545,15,14,4,15,0.7777777777777778,0.4827586206896552,0.5957446808510638,18,15,7,14,0.6818181818181818,0.5172413793103449,0.5882352941176471,22,17,8,12,0.68,0.5862068965517241,0.6296296296296295,25
0000276_01401_d_0000514.jpg,25,YOLOv13-L,0.8333333333333334,0.4,0.5405405405405406,6,3,19,0.6666666666666666,0.24,0.3529411764705882,9,8,3,17,0.7272727272727273,0.32,0.4444444444444444,11,10,2,15,0.8333333333333334,0.4,0.5405405405405406,12,10,4,15,0.7142857142857143,0.4,0.5128205128205129,14
0000276_01801_d_0000516.jpg,21,YOLOv13-N,0.7142857142857143,0.23809523809523808,0.35714285714285715,5,2,16,0.7142857142857143,0.23809523809523808,0.35714285714285715,7,5,6,16,0.45454545454545453,0.23809523809523808,0.31249999999999994,11,5,6,16,0.45454545454545453,0.23809523809523808,0.31249999999999994,11,4,5,17,0.4444444444444444,0.19047619047619047,0.26666666666666666,9
0000276_02001_d_0000517.jpg,15,YOLOv13-L,0.45454545454545453,0.3333333333333333,0.3846153846153846,3,6,12,0.3333333333333333,0.2,0.25,9,3,6,12,0.3333333333333333,0.2,0.25,9,5,6,10,0.45454545454545453,0.3333333333333333,0.3846153846153846,11,5,6,10,0.45454545454545453,0.3333333333333333,0.3846153846153846,11
0000276_02201_d_0000518.jpg,41,YOLOv13-X,0.9523809523809523,0.4878048780487805,0.6451612903225806,14,1,27,0.9333333333333333,0.34146341463414637,0.5,15,17,1,24,0.9444444444444444,0.4146341463414634,0.576271186440678,18,18,0,23,1.0,0.43902439024390244,0.6101694915254238,18,20,1,21,0.9523809523809523,0.4878048780487805,0.6451612903225806,21
0000276_02401_d_0000519.jpg,48,YOLOv13-L,0.8421052631578947,0.3333333333333333,0.4776119402985075,11,2,37,0.8461538461538461,0.22916666666666666,0.360655737704918,13,10,2,38,0.8333333333333334,0.20833333333333334,0.33333333333333337,12,16,3,32,0.8421052631578947,0.3333333333333333,0.4776119402985075,19,14,0,34,1.0,0.2916666666666667,0.45161290322580644,14
0000276_02601_d_0000520.jpg,32,YOLOv13-S,0.7,0.4375,0.5384615384615384,12,7,20,0.631578947368421,0.375,0.47058823529411764,19,14,6,18,0.7,0.4375,0.5384615384615384,20,13,5,19,0.7222222222222222,0.40625,0.52,18,12,7,20,0.631578947368421,0.375,0.47058823529411764,19
0000276_02801_d_0000521.jpg,37,YOLOv13-X,0.8235294117647058,0.3783783783783784,0.5185185185185186,8,4,29,0.6666666666666666,0.21621621621621623,0.326530612244898,12,10,6,27,0.625,0.2702702702702703,0.3773584905660377,16,15,6,22,0.7142857142857143,0.40540540540540543,0.5172413793103449,21,14,3,23,0.8235294117647058,0.3783783783783784,0.5185185185185186,17
0000276_03001_d_0000522.jpg,38,YOLOv13-L,0.8947368421052632,0.4473684210526316,0.5964912280701755,15,4,23,0.7894736842105263,0.39473684210526316,0.5263157894736843,19,15,5,23,0.75,0.39473684210526316,0.5172413793103448,20,17,2,21,0.8947368421052632,0.4473684210526316,0.5964912280701755,19,17,6,21,0.7391304347826086,0.4473684210526316,0.5573770491803278,23
0000276_03201_d_0000523.jpg,60,YOLOv13-X,0.5652173913043478,0.21666666666666667,0.3132530120481928,10,8,50,0.5555555555555556,0.16666666666666666,0.2564102564102564,18,10,14,50,0.4166666666666667,0.16666666666666666,0.23809523809523808,24,13,13,47,0.5,0.21666666666666667,0.3023255813953488,26,13,10,47,0.5652173913043478,0.21666666666666667,0.3132530120481928,23
0000276_03401_d_0000524.jpg,61,YOLOv13-L,0.6666666666666666,0.36065573770491804,0.4680851063829787,17,8,44,0.68,0.2786885245901639,0.3953488372093023,25,19,9,42,0.6785714285714286,0.3114754098360656,0.42696629213483145,28,22,11,39,0.6666666666666666,0.36065573770491804,0.4680851063829787,33,20,10,41,0.6666666666666666,0.32786885245901637,0.4395604395604395,30
0000276_03601_d_0000525.jpg,46,YOLOv13-X,0.7368421052631579,0.6086956521739131,0.6666666666666666,21,12,25,0.6363636363636364,0.45652173913043476,0.5316455696202532,33,25,7,21,0.78125,0.5434782608695652,0.641025641025641,32,25,16,21,0.6097560975609756,0.5434782608695652,0.5747126436781609,41,28,10,18,0.7368421052631579,0.6086956521739131,0.6666666666666666,38
0000276_03801_d_0000526.jpg,64,YOLOv13-L,0.7735849056603774,0.640625,0.7008547008547009,28,9,36,0.7567567567567568,0.4375,0.5544554455445544,37,26,6,38,0.8125,0.40625,0.5416666666666666,32,41,12,23,0.7735849056603774,0.640625,0.7008547008547009,53,39,11,25,0.78,0.609375,0.6842105263157895,50
0000276_04001_d_0000527.jpg,54,YOLOv13-X,0.6875,0.4074074074074074,0.5116279069767441,6,7,48,0.46153846153846156,0.1111111111111111,0.17910447761194032,13,16,11,38,0.5925925925925926,0.2962962962962963,0.3950617283950617,27,17,8,37,0.68,0.3148148148148148,0.43037974683544306,25,22,10,32,0.6875,0.4074074074074074,0.5116279069767441,32
0000276_04201_d_0000528.jpg,59,YOLOv13-X,0.8867924528301887,0.7966101694915254,0.8392857142857143,37,18,22,0.6727272727272727,0.6271186440677966,0.6491228070175439,55,47,13,12,0.7833333333333333,0.7966101694915254,0.7899159663865546,60,47,10,12,0.8245614035087719,0.7966101694915254,0.8103448275862069,57,47,6,12,0.8867924528301887,0.7966101694915254,0.8392857142857143,53
0000276_04401_d_0000529.jpg,40,YOLOv13-L,0.8571428571428571,0.9,0.8780487804878048,32,13,8,0.7111111111111111,0.8,0.7529411764705882,45,34,10,6,0.7727272727272727,0.85,0.8095238095238095,44,36,6,4,0.8571428571428571,0.9,0.8780487804878048,42,35,6,5,0.8536585365853658,0.875,0.8641975308641976,41
0000276_04601_d_0000530.jpg,10,YOLOv13-L,0.6666666666666666,0.4,0.5,3,2,7,0.6,0.3,0.4,5,4,3,6,0.5714285714285714,0.4,0.47058823529411764,7,4,2,6,0.6666666666666666,0.4,0.5,6,4,3,6,0.5714285714285714,0.4,0.47058823529411764,7
0000276_04801_d_0000531.jpg,10,YOLOv13-S,1.0,0.5,0.6666666666666666,5,1,5,0.8333333333333334,0.5,0.625,6,5,0,5,1.0,0.5,0.6666666666666666,5,5,2,5,0.7142857142857143,0.5,0.588235294117647,7,5,1,5,0.8333333333333334,0.5,0.625,6
0000276_05001_d_0000532.jpg,7,YOLOv13-X,1.0,1.0,1.0,5,0,2,1.0,0.7142857142857143,0.8333333333333333,5,5,0,2,1.0,0.7142857142857143,0.8333333333333333,5,6,1,1,0.8571428571428571,0.8571428571428571,0.8571428571428571,7,7,0,0,1.0,1.0,1.0,7
0000276_05201_d_0000533.jpg,6,YOLOv13-X,0.8333333333333334,0.8333333333333334,0.8333333333333334,4,1,2,0.8,0.6666666666666666,0.7272727272727272,5,3,3,3,0.5,0.5,0.5,6,4,1,2,0.8,0.6666666666666666,0.7272727272727272,5,5,1,1,0.8333333333333334,0.8333333333333334,0.8333333333333334,6
0000276_05601_d_0000535.jpg,10,YOLOv13-N,0.0,0.0,0.0,0,4,10,0.0,0.0,0.0,4,0,3,10,0.0,0.0,0.0,3,0,4,10,0.0,0.0,0.0,4,0,4,10,0.0,0.0,0.0,4
0000276_05801_d_0000536.jpg,7,YOLOv13-L,0.6666666666666666,0.5714285714285714,0.6153846153846153,1,0,6,1.0,0.14285714285714285,0.25,1,1,0,6,1.0,0.14285714285714285,0.25,1,4,2,3,0.6666666666666666,0.5714285714285714,0.6153846153846153,6,2,0,5,1.0,0.2857142857142857,0.4444444444444445,2
0000276_06001_d_0000537.jpg,14,YOLOv13-L,0.8571428571428571,0.42857142857142855,0.5714285714285714,4,1,10,0.8,0.2857142857142857,0.4210526315789473,5,5,3,9,0.625,0.35714285714285715,0.45454545454545453,8,6,1,8,0.8571428571428571,0.42857142857142855,0.5714285714285714,7,6,1,8,0.8571428571428571,0.42857142857142855,0.5714285714285714,7
0000277_00001_d_0000539.jpg,85,YOLOv13-X,0.6024096385542169,0.5882352941176471,0.5952380952380952,37,39,48,0.4868421052631579,0.43529411764705883,0.45962732919254656,76,45,29,40,0.6081081081081081,0.5294117647058824,0.5660377358490566,74,51,38,34,0.5730337078651685,0.6,0.5862068965517241,89,50,33,35,0.6024096385542169,0.5882352941176471,0.5952380952380952,83
0000277_00201_d_0000540.jpg,83,YOLOv13-L,0.7101449275362319,0.5903614457831325,0.6447368421052632,42,18,41,0.7,0.5060240963855421,0.5874125874125874,60,48,25,35,0.6575342465753424,0.5783132530120482,0.6153846153846153,73,49,20,34,0.7101449275362319,0.5903614457831325,0.6447368421052632,69,50,25,33,0.6666666666666666,0.6024096385542169,0.6329113924050633,75
0000277_00401_d_0000541.jpg,117,YOLOv13-X,0.7547169811320755,0.3418803418803419,0.47058823529411775,29,14,88,0.6744186046511628,0.24786324786324787,0.3625,43,35,12,82,0.7446808510638298,0.29914529914529914,0.4268292682926829,47,38,17,79,0.6909090909090909,0.3247863247863248,0.44186046511627913,55,40,13,77,0.7547169811320755,0.3418803418803419,0.47058823529411775,53
0000277_01401_d_0000546.jpg,78,YOLOv13-X,0.7301587301587301,0.5897435897435898,0.6524822695035462,37,19,41,0.6607142857142857,0.47435897435897434,0.5522388059701493,56,37,27,41,0.578125,0.47435897435897434,0.5211267605633803,64,43,22,35,0.6615384615384615,0.5512820512820513,0.6013986013986014,65,46,17,32,0.7301587301587301,0.5897435897435898,0.6524822695035462,63
0000277_01601_d_0000547.jpg,78,YOLOv13-X,0.7796610169491526,0.5897435897435898,0.6715328467153285,41,19,37,0.6833333333333333,0.5256410256410257,0.5942028985507246,60,46,25,32,0.647887323943662,0.5897435897435898,0.6174496644295302,71,46,21,32,0.6865671641791045,0.5897435897435898,0.6344827586206897,67,46,13,32,0.7796610169491526,0.5897435897435898,0.6715328467153285,59
0000277_01801_d_0000548.jpg,101,YOLOv13-X,0.676056338028169,0.4752475247524752,0.5581395348837209,37,27,64,0.578125,0.36633663366336633,0.4484848484848485,64,35,28,66,0.5555555555555556,0.3465346534653465,0.4268292682926829,63,46,25,55,0.647887323943662,0.45544554455445546,0.5348837209302326,71,48,23,53,0.676056338028169,0.4752475247524752,0.5581395348837209,71
0000277_02001_d_0000549.jpg,83,YOLOv13-L,0.890625,0.6867469879518072,0.7755102040816326,46,14,37,0.7666666666666667,0.5542168674698795,0.6433566433566433,60,49,10,34,0.8305084745762712,0.5903614457831325,0.6901408450704225,59,57,7,26,0.890625,0.6867469879518072,0.7755102040816326,64,52,12,31,0.8125,0.6265060240963856,0.7074829931972789,64
0000277_02201_d_0000550.jpg,68,YOLOv13-X,0.7833333333333333,0.6911764705882353,0.7343749999999999,42,11,26,0.7924528301886793,0.6176470588235294,0.6942148760330579,53,46,18,22,0.71875,0.6764705882352942,0.696969696969697,64,45,17,23,0.7258064516129032,0.6617647058823529,0.6923076923076922,62,47,13,21,0.7833333333333333,0.6911764705882353,0.7343749999999999,60
0000277_02401_d_0000551.jpg,90,YOLOv13-S,0.7384615384615385,0.5333333333333333,0.6193548387096774,42,15,48,0.7368421052631579,0.4666666666666667,0.5714285714285714,57,48,17,42,0.7384615384615385,0.5333333333333333,0.6193548387096774,65,47,24,43,0.6619718309859155,0.5222222222222223,0.5838509316770187,71,47,23,43,0.6714285714285714,0.5222222222222223,0.5875,70
0000277_02601_d_0000552.jpg,121,YOLOv13-X,0.75,0.4214876033057851,0.5396825396825398,43,21,78,0.671875,0.35537190082644626,0.46486486486486484,64,42,21,79,0.6666666666666666,0.34710743801652894,0.45652173913043476,63,50,26,71,0.6578947368421053,0.4132231404958678,0.5076142131979696,76,51,17,70,0.75,0.4214876033057851,0.5396825396825398,68
0000277_03201_d_0000554.jpg,85,YOLOv13-X,0.8076923076923077,0.49411764705882355,0.6131386861313869,31,18,54,0.6326530612244898,0.36470588235294116,0.4626865671641791,49,37,13,48,0.74,0.43529411764705883,0.5481481481481482,50,40,13,45,0.7547169811320755,0.47058823529411764,0.5797101449275363,53,42,10,43,0.8076923076923077,0.49411764705882355,0.6131386861313869,52
0000277_03401_d_0000555.jpg,103,YOLOv13-X,0.8620689655172413,0.4854368932038835,0.6211180124223602,45,18,58,0.7142857142857143,0.4368932038834951,0.5421686746987951,63,44,16,59,0.7333333333333333,0.42718446601941745,0.5398773006134969,60,53,15,50,0.7794117647058824,0.5145631067961165,0.6198830409356724,68,50,8,53,0.8620689655172413,0.4854368932038835,0.6211180124223602,58
0000277_03601_d_0000556.jpg,59,YOLOv13-X,0.746031746031746,0.7966101694915254,0.7704918032786885,40,24,19,0.625,0.6779661016949152,0.6504065040650406,64,42,21,17,0.6666666666666666,0.711864406779661,0.6885245901639344,63,48,18,11,0.7272727272727273,0.8135593220338984,0.768,66,47,16,12,0.746031746031746,0.7966101694915254,0.7704918032786885,63
0000277_04001_d_0000558.jpg,74,YOLOv13-X,0.7761194029850746,0.7027027027027027,0.7375886524822697,45,22,29,0.6716417910447762,0.6081081081081081,0.6382978723404256,67,43,24,31,0.6417910447761194,0.581081081081081,0.6099290780141844,67,52,20,22,0.7222222222222222,0.7027027027027027,0.7123287671232876,72,52,15,22,0.7761194029850746,0.7027027027027027,0.7375886524822697,67
0000277_04201_d_0000559.jpg,67,YOLOv13-X,0.8620689655172413,0.746268656716418,0.7999999999999999,38,9,29,0.8085106382978723,0.5671641791044776,0.6666666666666666,47,43,13,24,0.7678571428571429,0.6417910447761194,0.6991869918699187,56,48,12,19,0.8,0.7164179104477612,0.7559055118110236,60,50,8,17,0.8620689655172413,0.746268656716418,0.7999999999999999,58
0000277_04401_d_0000560.jpg,70,YOLOv13-X,0.8305084745762712,0.7,0.7596899224806201,41,15,29,0.7321428571428571,0.5857142857142857,0.6507936507936508,56,41,14,29,0.7454545454545455,0.5857142857142857,0.656,55,46,15,24,0.7540983606557377,0.6571428571428571,0.7022900763358779,61,49,10,21,0.8305084745762712,0.7,0.7596899224806201,59
0000277_04601_d_0000561.jpg,95,YOLOv13-X,0.8,0.5894736842105263,0.6787878787878788,50,21,45,0.704225352112676,0.5263157894736842,0.6024096385542169,71,49,17,46,0.7424242424242424,0.5157894736842106,0.6086956521739131,66,55,14,40,0.7971014492753623,0.5789473684210527,0.6707317073170732,69,56,14,39,0.8,0.5894736842105263,0.6787878787878788,70
0000277_05001_d_0000562.jpg,97,YOLOv13-X,0.7439024390243902,0.6288659793814433,0.6815642458100558,57,21,40,0.7307692307692307,0.5876288659793815,0.6514285714285714,78,56,17,41,0.7671232876712328,0.5773195876288659,0.6588235294117646,73,58,22,39,0.725,0.5979381443298969,0.655367231638418,80,61,21,36,0.7439024390243902,0.6288659793814433,0.6815642458100558,82
0000280_00001_d_0000612.jpg,87,YOLOv13-X,0.6986301369863014,0.5862068965517241,0.6375,35,25,52,0.5833333333333334,0.40229885057471265,0.4761904761904762,60,44,21,43,0.676923076923077,0.5057471264367817,0.5789473684210527,65,50,28,37,0.6410256410256411,0.5747126436781609,0.6060606060606061,78,51,22,36,0.6986301369863014,0.5862068965517241,0.6375,73
0000280_00201_d_0000613.jpg,47,YOLOv13-S,0.6956521739130435,0.6808510638297872,0.6881720430107526,27,10,20,0.7297297297297297,0.574468085106383,0.6428571428571429,37,32,14,15,0.6956521739130435,0.6808510638297872,0.6881720430107526,46,30,18,17,0.625,0.6382978723404256,0.631578947368421,48,32,19,15,0.6274509803921569,0.6808510638297872,0.6530612244897959,51
0000280_00401_d_0000614.jpg,59,YOLOv13-X,0.6226415094339622,0.559322033898305,0.5892857142857142,22,16,37,0.5789473684210527,0.3728813559322034,0.45360824742268047,38,25,12,34,0.6756756756756757,0.423728813559322,0.5208333333333334,37,32,19,27,0.6274509803921569,0.5423728813559322,0.5818181818181818,51,33,20,26,0.6226415094339622,0.559322033898305,0.5892857142857142,53
0000280_00601_d_0000615.jpg,74,YOLOv13-L,0.7380952380952381,0.4189189189189189,0.5344827586206897,23,6,51,0.7931034482758621,0.3108108108108108,0.44660194174757284,29,28,5,46,0.8484848484848485,0.3783783783783784,0.5233644859813085,33,31,11,43,0.7380952380952381,0.4189189189189189,0.5344827586206897,42,31,15,43,0.6739130434782609,0.4189189189189189,0.5166666666666667,46
0000280_00801_d_0000616.jpg,70,YOLOv13-S,0.6851851851851852,0.5285714285714286,0.5967741935483871,32,11,38,0.7441860465116279,0.45714285714285713,0.5663716814159292,43,37,17,33,0.6851851851851852,0.5285714285714286,0.5967741935483871,54,38,25,32,0.6031746031746031,0.5428571428571428,0.5714285714285714,63,38,20,32,0.6551724137931034,0.5428571428571428,0.5937499999999999,58
0000280_01001_d_0000617.jpg,125,YOLOv13-L,0.7619047619047619,0.384,0.5106382978723404,39,21,86,0.65,0.312,0.42162162162162165,60,43,18,82,0.7049180327868853,0.344,0.46236559139784944,61,48,15,77,0.7619047619047619,0.384,0.5106382978723404,63,50,22,75,0.6944444444444444,0.4,0.5076142131979695,72
0000280_01201_d_0000618.jpg,134,YOLOv13-L,0.726027397260274,0.39552238805970147,0.5120772946859903,37,16,97,0.6981132075471698,0.27611940298507465,0.3957219251336898,53,44,16,90,0.7333333333333333,0.3283582089552239,0.45360824742268047,60,53,20,81,0.726027397260274,0.39552238805970147,0.5120772946859903,73,51,19,83,0.7285714285714285,0.3805970149253731,0.5,70
0000280_01401_d_0000619.jpg,110,YOLOv13-X,0.8311688311688312,0.5818181818181818,0.6844919786096256,41,14,69,0.7454545454545455,0.37272727272727274,0.496969696969697,55,53,13,57,0.803030303030303,0.4818181818181818,0.6022727272727273,66,62,15,48,0.8051948051948052,0.5636363636363636,0.6631016042780749,77,64,13,46,0.8311688311688312,0.5818181818181818,0.6844919786096256,77
0000280_01601_d_0000620.jpg,103,YOLOv13-X,0.8194444444444444,0.5728155339805825,0.6742857142857143,48,11,55,0.8135593220338984,0.46601941747572817,0.5925925925925927,59,54,11,49,0.8307692307692308,0.5242718446601942,0.6428571428571429,65,57,12,46,0.8260869565217391,0.5533980582524272,0.6627906976744187,69,59,13,44,0.8194444444444444,0.5728155339805825,0.6742857142857143,72
0000280_01801_d_0000621.jpg,90,YOLOv13-L,0.8275862068965517,0.5333333333333333,0.6486486486486487,39,13,51,0.75,0.43333333333333335,0.5492957746478874,52,44,10,46,0.8148148148148148,0.4888888888888889,0.611111111111111,54,48,10,42,0.8275862068965517,0.5333333333333333,0.6486486486486487,58,43,11,47,0.7962962962962963,0.4777777777777778,0.5972222222222222,54
0000280_02001_d_0000622.jpg,66,YOLOv13-X,0.8979591836734694,0.6666666666666666,0.7652173913043478,36,8,30,0.8181818181818182,0.5454545454545454,0.6545454545454545,44,38,10,28,0.7916666666666666,0.5757575757575758,0.6666666666666667,48,44,9,22,0.8301886792452831,0.6666666666666666,0.7394957983193277,53,44,5,22,0.8979591836734694,0.6666666666666666,0.7652173913043478,49
0000280_02201_d_0000623.jpg,80,YOLOv13-X,0.875,0.6125,0.7205882352941178,36,9,44,0.8,0.45,0.5760000000000001,45,40,11,40,0.7843137254901961,0.5,0.6106870229007634,51,48,8,32,0.8571428571428571,0.6,0.7058823529411764,56,49,7,31,0.875,0.6125,0.7205882352941178,56
0000280_02401_d_0000624.jpg,92,YOLOv13-L,0.5769230769230769,0.32608695652173914,0.41666666666666663,22,18,70,0.55,0.2391304347826087,0.33333333333333337,40,25,19,67,0.5681818181818182,0.2717391304347826,0.3676470588235294,44,30,22,62,0.5769230769230769,0.32608695652173914,0.41666666666666663,52,27,16,65,0.627906976744186,0.29347826086956524,0.4,43
0000280_02601_d_0000625.jpg,73,YOLOv13-X,0.9387755102040817,0.6301369863013698,0.7540983606557377,34,5,39,0.8717948717948718,0.4657534246575342,0.6071428571428571,39,39,4,34,0.9069767441860465,0.5342465753424658,0.6724137931034483,43,45,3,28,0.9375,0.6164383561643836,0.743801652892562,48,46,3,27,0.9387755102040817,0.6301369863013698,0.7540983606557377,49
0000280_02801_d_0000626.jpg,55,YOLOv13-N,0.75,0.6,0.6666666666666665,33,11,22,0.75,0.6,0.6666666666666665,44,32,14,23,0.6956521739130435,0.5818181818181818,0.6336633663366337,46,34,14,21,0.7083333333333334,0.6181818181818182,0.6601941747572815,48,34,15,21,0.6938775510204082,0.6181818181818182,0.6538461538461539,49
0000280_03001_d_0000627.jpg,88,YOLOv13-L,0.7592592592592593,0.4659090909090909,0.5774647887323944,32,15,56,0.6808510638297872,0.36363636363636365,0.4740740740740741,47,34,13,54,0.723404255319149,0.38636363636363635,0.5037037037037038,47,41,13,47,0.7592592592592593,0.4659090909090909,0.5774647887323944,54,38,12,50,0.76,0.4318181818181818,0.5507246376811594,50
0000280_03201_d_0000628.jpg,82,YOLOv13-X,0.7833333333333333,0.573170731707317,0.6619718309859154,41,16,41,0.7192982456140351,0.5,0.5899280575539568,57,42,7,40,0.8571428571428571,0.5121951219512195,0.6412213740458015,49,47,17,35,0.734375,0.573170731707317,0.6438356164383561,64,47,13,35,0.7833333333333333,0.573170731707317,0.6619718309859154,60
0000280_03401_d_0000629.jpg,83,YOLOv13-L,0.75,0.5421686746987951,0.6293706293706293,36,14,47,0.72,0.43373493975903615,0.5413533834586466,50,42,9,41,0.8235294117647058,0.5060240963855421,0.6268656716417911,51,45,15,38,0.75,0.5421686746987951,0.6293706293706293,60,42,12,41,0.7777777777777778,0.5060240963855421,0.6131386861313868,54
0000283_00401_d_0000676.jpg,6,YOLOv13-N,1.0,0.6666666666666666,0.8,4,0,2,1.0,0.6666666666666666,0.8,4,4,1,2,0.8,0.6666666666666666,0.7272727272727272,5,4,1,2,0.8,0.6666666666666666,0.7272727272727272,5,3,2,3,0.6,0.5,0.5454545454545454,5
0000283_00601_d_0000677.jpg,9,YOLOv13-S,0.8,0.4444444444444444,0.5714285714285714,3,2,6,0.6,0.3333333333333333,0.42857142857142855,5,4,1,5,0.8,0.4444444444444444,0.5714285714285714,5,4,1,5,0.8,0.4444444444444444,0.5714285714285714,5,4,1,5,0.8,0.4444444444444444,0.5714285714285714,5
0000283_00801_d_0000678.jpg,8,YOLOv13-N,1.0,0.25,0.4,2,0,6,1.0,0.25,0.4,2,2,0,6,1.0,0.25,0.4,2,2,0,6,1.0,0.25,0.4,2,2,1,6,0.6666666666666666,0.25,0.36363636363636365,3
0000283_01001_d_0000679.jpg,4,YOLOv13-N,1.0,1.0,1.0,4,0,0,1.0,1.0,1.0,4,4,0,0,1.0,1.0,1.0,4,4,0,0,1.0,1.0,1.0,4,3,1,1,0.75,0.75,0.75,4
0000287_00001_d_0000759.jpg,52,YOLOv13-X,0.7083333333333334,0.6538461538461539,0.68,25,9,27,0.7352941176470589,0.4807692307692308,0.5813953488372092,34,29,14,23,0.6744186046511628,0.5576923076923077,0.6105263157894736,43,33,14,19,0.7021276595744681,0.6346153846153846,0.6666666666666666,47,34,14,18,0.7083333333333334,0.6538461538461539,0.68,48
0000287_00201_d_0000760.jpg,51,YOLOv13-L,0.8,0.7058823529411765,0.7500000000000001,29,3,22,0.90625,0.5686274509803921,0.6987951807228915,32,31,6,20,0.8378378378378378,0.6078431372549019,0.7045454545454545,37,36,9,15,0.8,0.7058823529411765,0.7500000000000001,45,36,9,15,0.8,0.7058823529411765,0.7500000000000001,45
0000287_00401_d_0000761.jpg,44,YOLOv13-L,0.72,0.8181818181818182,0.7659574468085107,28,9,16,0.7567567567567568,0.6363636363636364,0.691358024691358,37,31,9,13,0.775,0.7045454545454546,0.7380952380952381,40,36,14,8,0.72,0.8181818181818182,0.7659574468085107,50,34,12,10,0.7391304347826086,0.7727272727272727,0.7555555555555555,46
0000287_00601_d_0000762.jpg,93,YOLOv13-L,0.673469387755102,0.3548387096774194,0.4647887323943662,30,16,63,0.6521739130434783,0.3225806451612903,0.43165467625899284,46,30,15,63,0.6666666666666666,0.3225806451612903,0.4347826086956521,45,33,16,60,0.673469387755102,0.3548387096774194,0.4647887323943662,49,33,18,60,0.6470588235294118,0.3548387096774194,0.4583333333333333,51
0000287_00801_d_0000763.jpg,58,YOLOv13-L,0.7454545454545455,0.7068965517241379,0.7256637168141592,32,20,26,0.6153846153846154,0.5517241379310345,0.5818181818181819,52,39,15,19,0.7222222222222222,0.6724137931034483,0.6964285714285714,54,41,14,17,0.7454545454545455,0.7068965517241379,0.7256637168141592,55,41,16,17,0.7192982456140351,0.7068965517241379,0.7130434782608696,57
0000287_01001_d_0000764.jpg,71,YOLOv13-X,0.5531914893617021,0.36619718309859156,0.4406779661016949,23,26,48,0.46938775510204084,0.323943661971831,0.38333333333333336,49,19,25,52,0.4318181818181818,0.2676056338028169,0.3304347826086957,44,24,21,47,0.5333333333333333,0.3380281690140845,0.4137931034482758,45,26,21,45,0.5531914893617021,0.36619718309859156,0.4406779661016949,47
0000287_01201_d_0000765.jpg,68,YOLOv13-X,0.7321428571428571,0.6029411764705882,0.6612903225806451,28,19,40,0.5957446808510638,0.4117647058823529,0.4869565217391305,47,34,14,34,0.7083333333333334,0.5,0.5862068965517241,48,38,22,30,0.6333333333333333,0.5588235294117647,0.59375,60,41,15,27,0.7321428571428571,0.6029411764705882,0.6612903225806451,56
0000287_01401_d_0000766.jpg,68,YOLOv13-X,0.76,0.5588235294117647,0.6440677966101696,27,8,41,0.7714285714285715,0.39705882352941174,0.5242718446601942,35,34,11,34,0.7555555555555555,0.5,0.6017699115044248,45,34,17,34,0.6666666666666666,0.5,0.5714285714285715,51,38,12,30,0.76,0.5588235294117647,0.6440677966101696,50
0000287_01601_d_0000767.jpg,74,YOLOv13-L,0.7906976744186046,0.4594594594594595,0.5811965811965812,22,9,52,0.7096774193548387,0.2972972972972973,0.41904761904761906,31,29,14,45,0.6744186046511628,0.3918918918918919,0.49572649572649563,43,34,9,40,0.7906976744186046,0.4594594594594595,0.5811965811965812,43,33,11,41,0.75,0.44594594594594594,0.559322033898305,44
0000287_01801_d_0000768.jpg,56,YOLOv13-X,0.7551020408163265,0.6607142857142857,0.7047619047619047,24,11,32,0.6857142857142857,0.42857142857142855,0.5274725274725274,35,32,14,24,0.6956521739130435,0.5714285714285714,0.6274509803921569,46,35,18,21,0.660377358490566,0.625,0.6422018348623852,53,37,12,19,0.7551020408163265,0.6607142857142857,0.7047619047619047,49
0000287_02001_d_0000769.jpg,44,YOLOv13-L,0.8648648648648649,0.7272727272727273,0.7901234567901235,27,8,17,0.7714285714285715,0.6136363636363636,0.6835443037974683,35,29,3,15,0.90625,0.6590909090909091,0.763157894736842,32,32,5,12,0.8648648648648649,0.7272727272727273,0.7901234567901235,37,31,4,13,0.8857142857142857,0.7045454545454546,0.7848101265822784,35
0000287_02201_d_0000770.jpg,27,YOLOv13-L,0.875,0.5185185185185185,0.6511627906976744,12,1,15,0.9230769230769231,0.4444444444444444,0.6,13,11,2,16,0.8461538461538461,0.4074074074074074,0.5499999999999999,13,14,2,13,0.875,0.5185185185185185,0.6511627906976744,16,12,5,15,0.7058823529411765,0.4444444444444444,0.5454545454545455,17
0000287_02401_d_0000771.jpg,18,YOLOv13-X,0.7777777777777778,0.7777777777777778,0.7777777777777778,12,4,6,0.75,0.6666666666666666,0.7058823529411765,16,13,6,5,0.6842105263157895,0.7222222222222222,0.7027027027027027,19,13,5,5,0.7222222222222222,0.7222222222222222,0.7222222222222222,18,14,4,4,0.7777777777777778,0.7777777777777778,0.7777777777777778,18
0000287_02601_d_0000772.jpg,44,YOLOv13-L,0.8518518518518519,0.5227272727272727,0.647887323943662,12,5,32,0.7058823529411765,0.2727272727272727,0.39344262295081966,17,19,11,25,0.6333333333333333,0.4318181818181818,0.5135135135135135,30,23,4,21,0.8518518518518519,0.5227272727272727,0.647887323943662,27,20,3,24,0.8695652173913043,0.45454545454545453,0.5970149253731344,23
0000287_02801_d_0000773.jpg,60,YOLOv13-X,0.84,0.7,0.7636363636363636,29,9,31,0.7631578947368421,0.48333333333333334,0.5918367346938777,38,36,12,24,0.75,0.6,0.6666666666666665,48,37,8,23,0.8222222222222222,0.6166666666666667,0.7047619047619048,45,42,8,18,0.84,0.7,0.7636363636363636,50
0000287_03001_d_0000774.jpg,18,YOLOv13-X,0.7894736842105263,0.8333333333333334,0.8108108108108109,15,5,3,0.75,0.8333333333333334,0.7894736842105262,20,15,5,3,0.75,0.8333333333333334,0.7894736842105262,20,15,6,3,0.7142857142857143,0.8333333333333334,0.7692307692307692,21,15,4,3,0.7894736842105263,0.8333333333333334,0.8108108108108109,19
0000287_03401_d_0000776.jpg,56,YOLOv13-X,0.7903225806451613,0.875,0.8305084745762712,41,9,15,0.82,0.7321428571428571,0.7735849056603773,50,42,11,14,0.7924528301886793,0.75,0.7706422018348623,53,45,15,11,0.75,0.8035714285714286,0.7758620689655172,60,49,13,7,0.7903225806451613,0.875,0.8305084745762712,62
0000287_04601_d_0000780.jpg,88,YOLOv13-X,0.8333333333333334,0.5681818181818182,0.6756756756756758,46,7,42,0.8679245283018868,0.5227272727272727,0.6524822695035462,53,47,11,41,0.8103448275862069,0.5340909090909091,0.6438356164383561,58,49,9,39,0.8448275862068966,0.5568181818181818,0.6712328767123287,58,50,10,38,0.8333333333333334,0.5681818181818182,0.6756756756756758,60
0000287_04801_d_0000781.jpg,53,YOLOv13-X,0.7333333333333333,0.6226415094339622,0.673469387755102,25,11,28,0.6944444444444444,0.4716981132075472,0.5617977528089889,36,27,9,26,0.75,0.5094339622641509,0.6067415730337078,36,32,13,21,0.7111111111111111,0.6037735849056604,0.6530612244897959,45,33,12,20,0.7333333333333333,0.6226415094339622,0.673469387755102,45
0000287_05001_d_0000782.jpg,62,YOLOv13-X,0.75,0.532258064516129,0.6226415094339622,29,8,33,0.7837837837837838,0.46774193548387094,0.5858585858585857,37,31,9,31,0.775,0.5,0.607843137254902,40,32,10,30,0.7619047619047619,0.5161290322580645,0.6153846153846153,42,33,11,29,0.75,0.532258064516129,0.6226415094339622,44
0000289_00001_d_0000811.jpg,41,YOLOv13-L,0.7073170731707317,0.7073170731707317,0.7073170731707317,21,7,20,0.75,0.5121951219512195,0.6086956521739131,28,23,12,18,0.6571428571428571,0.5609756097560976,0.605263157894737,35,29,12,12,0.7073170731707317,0.7073170731707317,0.7073170731707317,41,27,10,14,0.7297297297297297,0.6585365853658537,0.6923076923076923,37
0000289_00201_d_0000812.jpg,43,YOLOv13-X,0.7692307692307693,0.6976744186046512,0.7317073170731708,20,13,23,0.6060606060606061,0.46511627906976744,0.5263157894736842,33,23,19,20,0.5476190476190477,0.5348837209302325,0.5411764705882354,42,32,14,11,0.6956521739130435,0.7441860465116279,0.7191011235955057,46,30,9,13,0.7692307692307693,0.6976744186046512,0.7317073170731708,39
0000289_00401_d_0000813.jpg,53,YOLOv13-X,0.75,0.6792452830188679,0.712871287128713,31,18,22,0.6326530612244898,0.5849056603773585,0.6078431372549019,49,33,20,20,0.6226415094339622,0.6226415094339622,0.6226415094339622,53,35,14,18,0.7142857142857143,0.660377358490566,0.6862745098039216,49,36,12,17,0.75,0.6792452830188679,0.712871287128713,48
0000289_00601_d_0000814.jpg,43,YOLOv13-L,0.7575757575757576,0.5813953488372093,0.6578947368421053,20,10,23,0.6666666666666666,0.46511627906976744,0.547945205479452,30,24,12,19,0.6666666666666666,0.5581395348837209,0.6075949367088608,36,25,8,18,0.7575757575757576,0.5813953488372093,0.6578947368421053,33,23,6,20,0.7931034482758621,0.5348837209302325,0.6388888888888888,29
0000289_00801_d_0000815.jpg,39,YOLOv13-L,0.8214285714285714,0.5897435897435898,0.6865671641791046,18,5,21,0.782608695652174,0.46153846153846156,0.5806451612903226,23,19,11,20,0.6333333333333333,0.48717948717948717,0.5507246376811593,30,23,5,16,0.8214285714285714,0.5897435897435898,0.6865671641791046,28,20,8,19,0.7142857142857143,0.5128205128205128,0.5970149253731343,28
0000289_01001_d_0000816.jpg,33,YOLOv13-L,0.8333333333333334,0.7575757575757576,0.7936507936507938,19,11,14,0.6333333333333333,0.5757575757575758,0.6031746031746033,30,20,8,13,0.7142857142857143,0.6060606060606061,0.6557377049180327,28,25,5,8,0.8333333333333334,0.7575757575757576,0.7936507936507938,30,24,12,9,0.6666666666666666,0.7272727272727273,0.6956521739130435,36
0000289_01201_d_0000817.jpg,43,YOLOv13-X,0.696969696969697,0.5348837209302325,0.6052631578947368,21,19,22,0.525,0.4883720930232558,0.5060240963855422,40,17,12,26,0.5862068965517241,0.3953488372093023,0.4722222222222222,29,20,12,23,0.625,0.46511627906976744,0.5333333333333334,32,23,10,20,0.696969696969697,0.5348837209302325,0.6052631578947368,33
0000289_01401_d_0000818.jpg,39,YOLOv13-L,0.725,0.7435897435897436,0.7341772151898733,20,10,19,0.6666666666666666,0.5128205128205128,0.5797101449275363,30,22,15,17,0.5945945945945946,0.5641025641025641,0.5789473684210528,37,29,11,10,0.725,0.7435897435897436,0.7341772151898733,40,29,13,10,0.6904761904761905,0.7435897435897436,0.7160493827160495,42
0000289_01601_d_0000819.jpg,44,YOLOv13-L,0.7647058823529411,0.5909090909090909,0.6666666666666667,22,14,22,0.6111111111111112,0.5,0.55,36,24,12,20,0.6666666666666666,0.5454545454545454,0.6,36,26,8,18,0.7647058823529411,0.5909090909090909,0.6666666666666667,34,26,15,18,0.6341463414634146,0.5909090909090909,0.611764705882353,41
0000289_02001_d_0000821.jpg,43,YOLOv13-X,0.8048780487804879,0.7674418604651163,0.7857142857142858,29,9,14,0.7631578947368421,0.6744186046511628,0.7160493827160495,38,29,7,14,0.8055555555555556,0.6744186046511628,0.7341772151898734,36,32,7,11,0.8205128205128205,0.7441860465116279,0.7804878048780488,39,33,8,10,0.8048780487804879,0.7674418604651163,0.7857142857142858,41
0000289_02201_d_0000822.jpg,29,YOLOv13-X,0.8695652173913043,0.6896551724137931,0.7692307692307693,17,8,12,0.68,0.5862068965517241,0.6296296296296295,25,19,6,10,0.76,0.6551724137931034,0.7037037037037037,25,19,4,10,0.8260869565217391,0.6551724137931034,0.7307692307692308,23,20,3,9,0.8695652173913043,0.6896551724137931,0.7692307692307693,23
0000289_02401_d_0000823.jpg,49,YOLOv13-L,0.7755102040816326,0.7755102040816326,0.7755102040816326,24,14,25,0.631578947368421,0.4897959183673469,0.5517241379310346,38,30,15,19,0.6666666666666666,0.6122448979591837,0.6382978723404255,45,38,11,11,0.7755102040816326,0.7755102040816326,0.7755102040816326,49,39,14,10,0.7358490566037735,0.7959183673469388,0.7647058823529412,53
0000289_02601_d_0000824.jpg,58,YOLOv13-X,0.8541666666666666,0.7068965517241379,0.7735849056603773,26,8,32,0.7647058823529411,0.4482758620689655,0.5652173913043479,34,33,6,25,0.8461538461538461,0.5689655172413793,0.6804123711340206,39,41,10,17,0.803921568627451,0.7068965517241379,0.7522935779816514,51,41,7,17,0.8541666666666666,0.7068965517241379,0.7735849056603773,48
0000289_03001_d_0000826.jpg,61,YOLOv13-X,0.7551020408163265,0.6065573770491803,0.6727272727272727,27,10,34,0.7297297297297297,0.4426229508196721,0.5510204081632653,37,30,16,31,0.6521739130434783,0.4918032786885246,0.5607476635514019,46,38,14,23,0.7307692307692307,0.6229508196721312,0.672566371681416,52,37,12,24,0.7551020408163265,0.6065573770491803,0.6727272727272727,49
0000289_03201_d_0000827.jpg,80,YOLOv13-X,0.7272727272727273,0.5,0.5925925925925926,29,14,51,0.6744186046511628,0.3625,0.4715447154471545,43,36,17,44,0.6792452830188679,0.45,0.5413533834586466,53,40,16,40,0.7142857142857143,0.5,0.588235294117647,56,40,15,40,0.7272727272727273,0.5,0.5925925925925926,55
0000289_03401_d_0000828.jpg,54,YOLOv13-L,0.7115384615384616,0.6851851851851852,0.6981132075471698,28,11,26,0.717948717948718,0.5185185185185185,0.6021505376344085,39,29,12,25,0.7073170731707317,0.5370370370370371,0.6105263157894738,41,37,15,17,0.7115384615384616,0.6851851851851852,0.6981132075471698,52,36,23,18,0.6101694915254238,0.6666666666666666,0.6371681415929203,59
0000289_03601_d_0000829.jpg,77,YOLOv13-X,0.6739130434782609,0.4025974025974026,0.5040650406504066,20,20,57,0.5,0.2597402597402597,0.34188034188034183,40,25,13,52,0.6578947368421053,0.3246753246753247,0.43478260869565216,38,30,16,47,0.6521739130434783,0.38961038961038963,0.4878048780487804,46,31,15,46,0.6739130434782609,0.4025974025974026,0.5040650406504066,46
0000289_03801_d_0000830.jpg,100,YOLOv13-X,0.6304347826086957,0.29,0.3972602739726027,21,14,79,0.6,0.21,0.3111111111111111,35,22,15,78,0.5945945945945946,0.22,0.32116788321167883,37,27,16,73,0.627906976744186,0.27,0.37762237762237766,43,29,17,71,0.6304347826086957,0.29,0.3972602739726027,46
0000289_04001_d_0000831.jpg,80,YOLOv13-L,0.6571428571428571,0.575,0.6133333333333333,24,16,56,0.6,0.3,0.4,40,32,19,48,0.6274509803921569,0.4,0.4885496183206107,51,46,24,34,0.6571428571428571,0.575,0.6133333333333333,70,42,20,38,0.6774193548387096,0.525,0.5915492957746479,62
0000289_04201_d_0000832.jpg,88,YOLOv13-X,0.6933333333333334,0.5909090909090909,0.638036809815951,32,20,56,0.6153846153846154,0.36363636363636365,0.4571428571428572,52,46,37,42,0.5542168674698795,0.5227272727272727,0.5380116959064327,83,50,31,38,0.6172839506172839,0.5681818181818182,0.591715976331361,81,52,23,36,0.6933333333333334,0.5909090909090909,0.638036809815951,75
0000289_04401_d_0000833.jpg,100,YOLOv13-X,0.7553191489361702,0.71,0.731958762886598,43,18,57,0.7049180327868853,0.43,0.5341614906832297,61,60,30,40,0.6666666666666666,0.6,0.631578947368421,90,61,29,39,0.6777777777777778,0.61,0.6421052631578946,90,71,23,29,0.7553191489361702,0.71,0.731958762886598,94
0000289_04601_d_0000834.jpg,93,YOLOv13-X,0.7954545454545454,0.7526881720430108,0.7734806629834253,57,23,36,0.7125,0.6129032258064516,0.6589595375722543,80,61,29,32,0.6777777777777778,0.6559139784946236,0.6666666666666666,90,63,30,30,0.6774193548387096,0.6774193548387096,0.6774193548387096,93,70,18,23,0.7954545454545454,0.7526881720430108,0.7734806629834253,88
0000289_04801_d_0000835.jpg,71,YOLOv13-L,0.82,0.5774647887323944,0.6776859504132231,33,14,38,0.7021276595744681,0.4647887323943662,0.559322033898305,47,38,14,33,0.7307692307692307,0.5352112676056338,0.6178861788617886,52,41,9,30,0.82,0.5774647887323944,0.6776859504132231,50,43,13,28,0.7678571428571429,0.6056338028169014,0.6771653543307087,56
0000289_05001_d_0000836.jpg,65,YOLOv13-X,0.7384615384615385,0.7384615384615385,0.7384615384615385,35,12,30,0.7446808510638298,0.5384615384615384,0.625,47,42,17,23,0.711864406779661,0.6461538461538462,0.6774193548387097,59,46,16,19,0.7419354838709677,0.7076923076923077,0.7244094488188977,62,48,17,17,0.7384615384615385,0.7384615384615385,0.7384615384615385,65
0000289_05201_d_0000837.jpg,79,YOLOv13-X,0.7727272727272727,0.6455696202531646,0.7034482758620689,36,9,43,0.8,0.45569620253164556,0.5806451612903226,45,43,19,36,0.6935483870967742,0.5443037974683544,0.6099290780141844,62,50,16,29,0.7575757575757576,0.6329113924050633,0.6896551724137931,66,51,15,28,0.7727272727272727,0.6455696202531646,0.7034482758620689,66
0000289_05401_d_0000838.jpg,81,YOLOv13-X,0.6363636363636364,0.6049382716049383,0.6202531645569621,41,34,40,0.5466666666666666,0.5061728395061729,0.5256410256410257,75,43,40,38,0.5180722891566265,0.5308641975308642,0.524390243902439,83,49,34,32,0.5903614457831325,0.6049382716049383,0.5975609756097562,83,49,28,32,0.6363636363636364,0.6049382716049383,0.6202531645569621,77
0000289_05601_d_0000839.jpg,107,YOLOv13-L,0.810126582278481,0.5981308411214953,0.6881720430107526,42,21,65,0.6666666666666666,0.3925233644859813,0.49411764705882355,63,54,26,53,0.675,0.5046728971962616,0.5775401069518715,80,64,15,43,0.810126582278481,0.5981308411214953,0.6881720430107526,79,62,26,45,0.7045454545454546,0.5794392523364486,0.635897435897436,88
0000289_05801_d_0000840.jpg,78,YOLOv13-X,0.6716417910447762,0.5769230769230769,0.6206896551724138,33,20,45,0.6226415094339622,0.4230769230769231,0.5038167938931297,53,39,26,39,0.6,0.5,0.5454545454545454,65,44,25,34,0.6376811594202898,0.5641025641025641,0.5986394557823129,69,45,22,33,0.6716417910447762,0.5769230769230769,0.6206896551724138,67
0000289_06001_d_0000841.jpg,80,YOLOv13-X,0.796875,0.6375,0.7083333333333333,40,11,40,0.7843137254901961,0.5,0.6106870229007634,51,44,17,36,0.7213114754098361,0.55,0.624113475177305,61,49,14,31,0.7777777777777778,0.6125,0.6853146853146853,63,51,13,29,0.796875,0.6375,0.7083333333333333,64
0000289_06201_d_0000842.jpg,79,YOLOv13-X,0.8688524590163934,0.6708860759493671,0.7571428571428572,43,12,36,0.7818181818181819,0.5443037974683544,0.6417910447761194,55,45,14,34,0.7627118644067796,0.569620253164557,0.6521739130434783,59,53,9,26,0.8548387096774194,0.6708860759493671,0.7517730496453902,62,53,8,26,0.8688524590163934,0.6708860759493671,0.7571428571428572,61
0000289_06401_d_0000843.jpg,79,YOLOv13-X,0.7,0.5316455696202531,0.6043165467625898,32,15,47,0.6808510638297872,0.4050632911392405,0.5079365079365079,47,35,21,44,0.625,0.4430379746835443,0.5185185185185185,56,43,25,36,0.6323529411764706,0.5443037974683544,0.5850340136054422,68,42,18,37,0.7,0.5316455696202531,0.6043165467625898,60
0000289_06601_d_0000844.jpg,88,YOLOv13-L,0.8305084745762712,0.5568181818181818,0.6666666666666666,39,9,49,0.8125,0.4431818181818182,0.573529411764706,48,45,12,43,0.7894736842105263,0.5113636363636364,0.6206896551724137,57,49,10,39,0.8305084745762712,0.5568181818181818,0.6666666666666666,59,48,13,40,0.7868852459016393,0.5454545454545454,0.6442953020134228,61
0000289_06801_d_0000845.jpg,98,YOLOv13-X,0.7571428571428571,0.5408163265306123,0.6309523809523809,36,10,62,0.782608695652174,0.3673469387755102,0.5,46,47,12,51,0.7966101694915254,0.47959183673469385,0.5987261146496815,59,53,20,45,0.726027397260274,0.5408163265306123,0.6198830409356725,73,53,17,45,0.7571428571428571,0.5408163265306123,0.6309523809523809,70
0000289_07001_d_0000846.jpg,74,YOLOv13-X,0.8478260869565217,0.527027027027027,0.6499999999999999,28,3,46,0.9032258064516129,0.3783783783783784,0.5333333333333333,31,31,6,43,0.8378378378378378,0.4189189189189189,0.5585585585585585,37,35,9,39,0.7954545454545454,0.47297297297297297,0.5932203389830508,44,39,7,35,0.8478260869565217,0.527027027027027,0.6499999999999999,46
0000289_07201_d_0000847.jpg,40,YOLOv13-S,0.8387096774193549,0.65,0.7323943661971831,20,6,20,0.7692307692307693,0.5,0.6060606060606061,26,26,5,14,0.8387096774193549,0.65,0.7323943661971831,31,24,8,16,0.75,0.6,0.6666666666666665,32,29,13,11,0.6904761904761905,0.725,0.7073170731707318,42
0000290_04001_d_0000867.jpg,79,YOLOv13-X,0.8939393939393939,0.7468354430379747,0.8137931034482758,50,12,29,0.8064516129032258,0.6329113924050633,0.7092198581560284,62,56,11,23,0.835820895522388,0.7088607594936709,0.7671232876712328,67,58,9,21,0.8656716417910447,0.7341772151898734,0.7945205479452054,67,59,7,20,0.8939393939393939,0.7468354430379747,0.8137931034482758,66
0000291_00001_d_0000868.jpg,178,YOLOv13-X,0.5238095238095238,0.24719101123595505,0.3358778625954198,24,24,154,0.5,0.1348314606741573,0.21238938053097345,48,28,37,150,0.4307692307692308,0.15730337078651685,0.23045267489711938,65,34,52,144,0.3953488372093023,0.19101123595505617,0.25757575757575757,86,44,40,134,0.5238095238095238,0.24719101123595505,0.3358778625954198,84
0000291_00201_d_0000869.jpg,113,YOLOv13-X,0.7083333333333334,0.45132743362831856,0.5513513513513514,25,25,88,0.5,0.22123893805309736,0.3067484662576687,50,37,24,76,0.6065573770491803,0.3274336283185841,0.42528735632183906,61,47,29,66,0.618421052631579,0.415929203539823,0.4973544973544974,76,51,21,62,0.7083333333333334,0.45132743362831856,0.5513513513513514,72
0000291_00401_d_0000870.jpg,166,YOLOv13-X,0.6046511627906976,0.3132530120481928,0.41269841269841273,29,33,137,0.46774193548387094,0.1746987951807229,0.2543859649122807,62,43,38,123,0.5308641975308642,0.25903614457831325,0.3481781376518219,81,47,42,119,0.5280898876404494,0.28313253012048195,0.3686274509803922,89,52,34,114,0.6046511627906976,0.3132530120481928,0.41269841269841273,86
0000291_00601_d_0000871.jpg,120,YOLOv13-X,0.6989247311827957,0.5416666666666666,0.6103286384976525,38,25,82,0.6031746031746031,0.31666666666666665,0.4153005464480874,63,51,30,69,0.6296296296296297,0.425,0.5074626865671642,81,66,33,54,0.6666666666666666,0.55,0.6027397260273972,99,65,28,55,0.6989247311827957,0.5416666666666666,0.6103286384976525,93
0000291_01001_d_0000873.jpg,159,YOLOv13-X,0.6862745098039216,0.44025157232704404,0.5363984674329502,36,31,123,0.5373134328358209,0.22641509433962265,0.3185840707964602,67,53,36,106,0.5955056179775281,0.3333333333333333,0.42741935483870963,89,70,39,89,0.6422018348623854,0.44025157232704404,0.5223880597014926,109,70,32,89,0.6862745098039216,0.44025157232704404,0.5363984674329502,102
0000291_01201_d_0000874.jpg,212,YOLOv13-X,0.6438356164383562,0.44339622641509435,0.5251396648044692,55,49,157,0.5288461538461539,0.25943396226415094,0.34810126582278483,104,71,63,141,0.5298507462686567,0.33490566037735847,0.4104046242774566,134,91,54,121,0.6275862068965518,0.42924528301886794,0.5098039215686275,145,94,52,118,0.6438356164383562,0.44339622641509435,0.5251396648044692,146
0000291_01401_d_0000875.jpg,154,YOLOv13-L,0.7010309278350515,0.44155844155844154,0.5418326693227091,45,40,109,0.5294117647058824,0.2922077922077922,0.3765690376569037,85,63,26,91,0.7078651685393258,0.4090909090909091,0.5185185185185185,89,68,29,86,0.7010309278350515,0.44155844155844154,0.5418326693227091,97,63,36,91,0.6363636363636364,0.4090909090909091,0.49802371541501983,99
0000291_01601_d_0000876.jpg,87,YOLOv13-L,0.6805555555555556,0.5632183908045977,0.6163522012578615,35,28,52,0.5555555555555556,0.40229885057471265,0.4666666666666666,63,46,31,41,0.5974025974025974,0.5287356321839081,0.5609756097560975,77,49,23,38,0.6805555555555556,0.5632183908045977,0.6163522012578615,72,47,25,40,0.6527777777777778,0.5402298850574713,0.5911949685534591,72
0000291_01801_d_0000877.jpg,113,YOLOv13-S,0.5555555555555556,0.6194690265486725,0.5857740585774059,57,56,56,0.504424778761062,0.504424778761062,0.504424778761062,113,70,56,43,0.5555555555555556,0.6194690265486725,0.5857740585774059,126,71,77,42,0.4797297297297297,0.6283185840707964,0.5440613026819923,148,71,67,42,0.5144927536231884,0.6283185840707964,0.5657370517928287,138
0000291_02001_d_0000878.jpg,172,YOLOv13-X,0.6716417910447762,0.5232558139534884,0.5882352941176472,67,39,105,0.6320754716981132,0.38953488372093026,0.48201438848920863,106,79,51,93,0.6076923076923076,0.45930232558139533,0.5231788079470198,130,87,60,85,0.5918367346938775,0.5058139534883721,0.5454545454545454,147,90,44,82,0.6716417910447762,0.5232558139534884,0.5882352941176472,134
0000291_02201_d_0000879.jpg,149,YOLOv13-X,0.6124031007751938,0.5302013422818792,0.5683453237410072,63,57,86,0.525,0.4228187919463087,0.46840148698884754,120,69,54,80,0.5609756097560976,0.46308724832214765,0.5073529411764707,123,77,55,72,0.5833333333333334,0.5167785234899329,0.5480427046263346,132,79,50,70,0.6124031007751938,0.5302013422818792,0.5683453237410072,129
0000291_02601_d_0000881.jpg,178,YOLOv13-X,0.6666666666666666,0.5617977528089888,0.6097560975609757,75,59,103,0.5597014925373134,0.42134831460674155,0.48076923076923067,134,97,50,81,0.6598639455782312,0.5449438202247191,0.5969230769230769,147,104,61,74,0.6303030303030303,0.5842696629213483,0.6064139941690961,165,100,50,78,0.6666666666666666,0.5617977528089888,0.6097560975609757,150
0000291_03201_d_0000884.jpg,229,YOLOv13-X,0.7012195121951219,0.5021834061135371,0.5852417302798981,73,56,156,0.5658914728682171,0.31877729257641924,0.4078212290502793,129,99,66,130,0.6,0.43231441048034935,0.5025380710659899,165,110,60,119,0.6470588235294118,0.48034934497816595,0.5513784461152883,170,115,49,114,0.7012195121951219,0.5021834061135371,0.5852417302798981,164
0000291_03401_d_0000885.jpg,187,YOLOv13-X,0.6933333333333334,0.5561497326203209,0.6172106824925816,62,23,125,0.7294117647058823,0.3315508021390374,0.4558823529411764,85,78,35,109,0.6902654867256637,0.41711229946524064,0.5199999999999999,113,100,50,87,0.6666666666666666,0.5347593582887701,0.5934718100890207,150,104,46,83,0.6933333333333334,0.5561497326203209,0.6172106824925816,150
0000291_03601_d_0000886.jpg,112,YOLOv13-X,0.42962962962962964,0.5178571428571429,0.46963562753036436,32,41,80,0.4383561643835616,0.2857142857142857,0.34594594594594597,73,35,62,77,0.36082474226804123,0.3125,0.33492822966507174,97,50,80,62,0.38461538461538464,0.44642857142857145,0.41322314049586784,130,58,77,54,0.42962962962962964,0.5178571428571429,0.46963562753036436,135
0000291_03801_d_0000887.jpg,191,YOLOv13-X,0.6518518518518519,0.4607329842931937,0.5398773006134969,29,36,162,0.4461538461538462,0.1518324607329843,0.22656249999999997,65,44,48,147,0.4782608695652174,0.23036649214659685,0.31095406360424027,92,73,46,118,0.6134453781512605,0.38219895287958117,0.4709677419354839,119,88,47,103,0.6518518518518519,0.4607329842931937,0.5398773006134969,135
0000291_04001_d_0000888.jpg,108,YOLOv13-X,0.5307692307692308,0.6388888888888888,0.5798319327731093,47,50,61,0.4845360824742268,0.4351851851851852,0.4585365853658536,97,56,51,52,0.5233644859813084,0.5185185185185185,0.5209302325581395,107,64,51,44,0.5565217391304348,0.5925925925925926,0.5739910313901346,115,69,61,39,0.5307692307692308,0.6388888888888888,0.5798319327731093,130
0000291_04201_d_0000889.jpg,111,YOLOv13-X,0.6698113207547169,0.6396396396396397,0.6543778801843319,56,58,55,0.49122807017543857,0.5045045045045045,0.4977777777777777,114,68,39,43,0.6355140186915887,0.6126126126126126,0.6238532110091742,107,75,52,36,0.5905511811023622,0.6756756756756757,0.630252100840336,127,71,35,40,0.6698113207547169,0.6396396396396397,0.6543778801843319,106
0000291_04401_d_0000890.jpg,126,YOLOv13-X,0.7017543859649122,0.6349206349206349,0.6666666666666666,60,58,66,0.5084745762711864,0.47619047619047616,0.4918032786885246,118,68,39,58,0.6355140186915887,0.5396825396825397,0.5836909871244635,107,74,43,52,0.6324786324786325,0.5873015873015873,0.6090534979423867,117,80,34,46,0.7017543859649122,0.6349206349206349,0.6666666666666666,114
0000291_05001_d_0000892.jpg,135,YOLOv13-X,0.6792452830188679,0.5333333333333333,0.5975103734439834,53,43,82,0.5520833333333334,0.3925925925925926,0.4588744588744589,96,69,37,66,0.6509433962264151,0.5111111111111111,0.5726141078838174,106,73,45,62,0.6186440677966102,0.5407407407407407,0.5770750988142292,118,72,34,63,0.6792452830188679,0.5333333333333333,0.5975103734439834,106
0000291_05201_d_0000893.jpg,207,YOLOv13-X,0.659217877094972,0.5700483091787439,0.6113989637305699,79,58,128,0.5766423357664233,0.38164251207729466,0.4593023255813953,137,98,59,109,0.6242038216560509,0.47342995169082125,0.5384615384615384,157,110,70,97,0.6111111111111112,0.5314009661835749,0.5684754521963824,180,118,61,89,0.659217877094972,0.5700483091787439,0.6113989637305699,179
0000293_03601_d_0000940.jpg,117,YOLOv13-L,0.7922077922077922,0.5213675213675214,0.6288659793814434,45,15,72,0.75,0.38461538461538464,0.5084745762711865,60,52,11,65,0.8253968253968254,0.4444444444444444,0.5777777777777777,63,61,16,56,0.7922077922077922,0.5213675213675214,0.6288659793814434,77,58,19,59,0.7532467532467533,0.49572649572649574,0.5979381443298969,77
0000295_00000_d_0000021.jpg,130,YOLOv13-X,0.8253968253968254,0.4,0.5388601036269429,42,16,88,0.7241379310344828,0.3230769230769231,0.44680851063829785,58,44,15,86,0.7457627118644068,0.3384615384615385,0.46560846560846564,59,48,12,82,0.8,0.36923076923076925,0.5052631578947369,60,52,11,78,0.8253968253968254,0.4,0.5388601036269429,63
0000295_00200_d_0000022.jpg,78,YOLOv13-L,0.7307692307692307,0.7307692307692307,0.7307692307692306,50,46,28,0.5208333333333334,0.6410256410256411,0.5747126436781609,96,55,34,23,0.6179775280898876,0.7051282051282052,0.6586826347305389,89,57,21,21,0.7307692307692307,0.7307692307692307,0.7307692307692306,78,58,27,20,0.6823529411764706,0.7435897435897436,0.7116564417177913,85
0000295_00600_d_0000024.jpg,186,YOLOv13-X,0.8117647058823529,0.3709677419354839,0.5092250922509226,56,12,130,0.8235294117647058,0.3010752688172043,0.44094488188976383,68,56,18,130,0.7567567567567568,0.3010752688172043,0.4307692307692308,74,69,18,117,0.7931034482758621,0.3709677419354839,0.5054945054945055,87,69,16,117,0.8117647058823529,0.3709677419354839,0.5092250922509226,85
0000295_00800_d_0000025.jpg,147,YOLOv13-X,0.69,0.46938775510204084,0.5587044534412955,56,16,91,0.7777777777777778,0.38095238095238093,0.5114155251141552,72,61,30,86,0.6703296703296703,0.41496598639455784,0.5126050420168067,91,64,41,83,0.6095238095238096,0.43537414965986393,0.5079365079365079,105,69,31,78,0.69,0.46938775510204084,0.5587044534412955,100
0000295_01000_d_0000026.jpg,251,YOLOv13-X,0.8260869565217391,0.30278884462151395,0.44314868804664725,62,12,189,0.8378378378378378,0.24701195219123506,0.3815384615384615,74,65,16,186,0.8024691358024691,0.2589641434262948,0.39156626506024095,81,75,20,176,0.7894736842105263,0.29880478087649404,0.43352601156069365,95,76,16,175,0.8260869565217391,0.30278884462151395,0.44314868804664725,92
0000295_01200_d_0000027.jpg,200,YOLOv13-X,0.6198347107438017,0.375,0.4672897196261683,57,30,143,0.6551724137931034,0.285,0.397212543554007,87,69,39,131,0.6388888888888888,0.345,0.448051948051948,108,73,49,127,0.5983606557377049,0.365,0.453416149068323,122,75,46,125,0.6198347107438017,0.375,0.4672897196261683,121
0000295_01400_d_0000028.jpg,189,YOLOv13-L,0.7803030303030303,0.544973544973545,0.6417445482866043,71,52,118,0.5772357723577236,0.37566137566137564,0.45512820512820507,123,89,37,100,0.7063492063492064,0.4708994708994709,0.5650793650793651,126,103,29,86,0.7803030303030303,0.544973544973545,0.6417445482866043,132,101,32,88,0.7593984962406015,0.5343915343915344,0.6273291925465838,133
0000295_01600_d_0000029.jpg,138,YOLOv13-X,0.6962962962962963,0.6811594202898551,0.6886446886446886,76,45,62,0.628099173553719,0.5507246376811594,0.5868725868725869,121,91,42,47,0.6842105263157895,0.6594202898550725,0.6715867158671587,133,92,44,46,0.6764705882352942,0.6666666666666666,0.6715328467153284,136,94,41,44,0.6962962962962963,0.6811594202898551,0.6886446886446886,135
0000295_01800_d_0000030.jpg,306,YOLOv13-X,0.7716049382716049,0.4084967320261438,0.5341880341880342,98,47,208,0.6758620689655173,0.3202614379084967,0.43458980044345896,145,103,47,203,0.6866666666666666,0.3366013071895425,0.4517543859649123,150,120,35,186,0.7741935483870968,0.39215686274509803,0.5206073752711496,155,125,37,181,0.7716049382716049,0.4084967320261438,0.5341880341880342,162
0000295_02000_d_0000031.jpg,311,YOLOv13-X,0.8518518518518519,0.4437299035369775,0.5835095137420718,106,47,205,0.6928104575163399,0.3408360128617363,0.45689655172413796,153,121,48,190,0.7159763313609467,0.3890675241157556,0.5041666666666667,169,134,30,177,0.8170731707317073,0.43086816720257237,0.5642105263157895,164,138,24,173,0.8518518518518519,0.4437299035369775,0.5835095137420718,162
0000295_02200_d_0000032.jpg,193,YOLOv13-X,0.5873015873015873,0.5751295336787565,0.5811518324607331,95,51,98,0.6506849315068494,0.49222797927461137,0.5604719764011798,146,101,63,92,0.6158536585365854,0.5233160621761658,0.5658263305322129,164,108,72,85,0.6,0.5595854922279793,0.579088471849866,180,111,78,82,0.5873015873015873,0.5751295336787565,0.5811518324607331,189
0000295_02400_d_0000033.jpg,317,YOLOv13-X,0.6699507389162561,0.42902208201892744,0.523076923076923,96,50,221,0.6575342465753424,0.3028391167192429,0.4146868250539957,146,114,67,203,0.6298342541436464,0.35962145110410093,0.4578313253012048,181,134,80,183,0.6261682242990654,0.4227129337539432,0.5047080979284368,214,136,67,181,0.6699507389162561,0.42902208201892744,0.523076923076923,203
0000295_02900_d_0000034.jpg,212,YOLOv13-L,0.8527131782945736,0.5188679245283019,0.6451612903225806,91,24,121,0.7913043478260869,0.42924528301886794,0.5565749235474007,115,100,25,112,0.8,0.4716981132075472,0.5934718100890208,125,110,19,102,0.8527131782945736,0.5188679245283019,0.6451612903225806,129,111,22,101,0.8345864661654135,0.5235849056603774,0.6434782608695652,133
0000296_00601_d_0000038.jpg,91,YOLOv13-L,0.6842105263157895,0.5714285714285714,0.622754491017964,37,10,54,0.7872340425531915,0.4065934065934066,0.536231884057971,47,44,15,47,0.7457627118644068,0.4835164835164835,0.5866666666666667,59,52,24,39,0.6842105263157895,0.5714285714285714,0.622754491017964,76,50,20,41,0.7142857142857143,0.5494505494505495,0.6211180124223603,70
0000296_01001_d_0000040.jpg,181,YOLOv13-X,0.7894736842105263,0.580110497237569,0.6687898089171974,77,36,104,0.6814159292035398,0.425414364640884,0.5238095238095238,113,89,38,92,0.7007874015748031,0.49171270718232046,0.577922077922078,127,101,40,80,0.7163120567375887,0.5580110497237569,0.6273291925465839,141,105,28,76,0.7894736842105263,0.580110497237569,0.6687898089171974,133
0000300_03201_d_0000154.jpg,66,YOLOv13-L,0.8214285714285714,0.696969696969697,0.7540983606557378,33,20,33,0.6226415094339622,0.5,0.5546218487394957,53,35,12,31,0.7446808510638298,0.5303030303030303,0.6194690265486724,47,46,10,20,0.8214285714285714,0.696969696969697,0.7540983606557378,56,43,12,23,0.7818181818181819,0.6515151515151515,0.7107438016528926,55
0000301_00001_d_0000156.jpg,96,YOLOv13-L,0.8,0.5416666666666666,0.6459627329192547,36,16,60,0.6923076923076923,0.375,0.48648648648648646,52,43,18,53,0.7049180327868853,0.4479166666666667,0.5477707006369427,61,52,13,44,0.8,0.5416666666666666,0.6459627329192547,65,50,14,46,0.78125,0.5208333333333334,0.625,64
0000301_00201_d_0000157.jpg,90,YOLOv13-S,0.8333333333333334,0.5,0.625,37,14,53,0.7254901960784313,0.4111111111111111,0.524822695035461,51,45,9,45,0.8333333333333334,0.5,0.625,54,44,11,46,0.8,0.4888888888888889,0.6068965517241379,55,44,14,46,0.7586206896551724,0.4888888888888889,0.5945945945945945,58
0000301_01001_d_0000161.jpg,64,YOLOv13-L,0.7317073170731707,0.46875,0.5714285714285714,19,10,45,0.6551724137931034,0.296875,0.4086021505376344,29,25,11,39,0.6944444444444444,0.390625,0.5,36,30,11,34,0.7317073170731707,0.46875,0.5714285714285714,41,26,14,38,0.65,0.40625,0.5000000000000001,40
0000301_01201_d_0000162.jpg,61,YOLOv13-L,0.6888888888888889,0.5081967213114754,0.5849056603773585,22,25,39,0.46808510638297873,0.36065573770491804,0.40740740740740744,47,25,15,36,0.625,0.4098360655737705,0.4950495049504951,40,31,14,30,0.6888888888888889,0.5081967213114754,0.5849056603773585,45,31,16,30,0.6595744680851063,0.5081967213114754,0.5740740740740742,47
0000303_03401_d_0000200.jpg,82,YOLOv13-X,0.8125,0.47560975609756095,0.6,28,8,54,0.7777777777777778,0.34146341463414637,0.4745762711864407,36,30,4,52,0.8823529411764706,0.36585365853658536,0.5172413793103449,34,32,8,50,0.8,0.3902439024390244,0.5245901639344263,40,39,9,43,0.8125,0.47560975609756095,0.6,48
0000308_04401_d_0000327.jpg,98,YOLOv13-L,0.735632183908046,0.6530612244897959,0.6918918918918919,52,11,46,0.8253968253968254,0.5306122448979592,0.6459627329192548,63,60,18,38,0.7692307692307693,0.6122448979591837,0.6818181818181818,78,64,23,34,0.735632183908046,0.6530612244897959,0.6918918918918919,87,60,19,38,0.759493670886076,0.6122448979591837,0.6779661016949152,79
0000312_00001_d_0000414.jpg,112,YOLOv13-X,0.8333333333333334,0.7142857142857143,0.7692307692307692,66,26,46,0.717391304347826,0.5892857142857143,0.6470588235294118,92,70,25,42,0.7368421052631579,0.625,0.6763285024154588,95,77,17,35,0.8191489361702128,0.6875,0.7475728155339806,94,80,16,32,0.8333333333333334,0.7142857142857143,0.7692307692307692,96
0000312_00201_d_0000415.jpg,108,YOLOv13-X,0.8155339805825242,0.7777777777777778,0.7962085308056872,67,21,41,0.7613636363636364,0.6203703703703703,0.6836734693877551,88,74,15,34,0.8314606741573034,0.6851851851851852,0.751269035532995,89,80,14,28,0.851063829787234,0.7407407407407407,0.7920792079207921,94,84,19,24,0.8155339805825242,0.7777777777777778,0.7962085308056872,103
0000312_00601_d_0000417.jpg,59,YOLOv13-X,0.9148936170212766,0.7288135593220338,0.8113207547169811,31,5,28,0.8611111111111112,0.5254237288135594,0.6526315789473686,36,37,10,22,0.7872340425531915,0.6271186440677966,0.6981132075471698,47,38,7,21,0.8444444444444444,0.6440677966101694,0.7307692307692307,45,43,4,16,0.9148936170212766,0.7288135593220338,0.8113207547169811,47
0000312_01001_d_0000419.jpg,80,YOLOv13-X,0.7611940298507462,0.6375,0.6938775510204082,47,11,33,0.8103448275862069,0.5875,0.6811594202898551,58,49,16,31,0.7538461538461538,0.6125,0.6758620689655173,65,51,20,29,0.7183098591549296,0.6375,0.6754966887417218,71,51,16,29,0.7611940298507462,0.6375,0.6938775510204082,67
0000312_01201_d_0000420.jpg,82,YOLOv13-X,0.7763157894736842,0.7195121951219512,0.7468354430379746,49,19,33,0.7205882352941176,0.5975609756097561,0.6533333333333333,68,54,15,28,0.782608695652174,0.6585365853658537,0.7152317880794703,69,59,18,23,0.7662337662337663,0.7195121951219512,0.7421383647798743,77,59,17,23,0.7763157894736842,0.7195121951219512,0.7468354430379746,76
0000312_02201_d_0000425.jpg,78,YOLOv13-X,0.7638888888888888,0.7051282051282052,0.7333333333333334,47,21,31,0.6911764705882353,0.6025641025641025,0.6438356164383562,68,52,19,26,0.7323943661971831,0.6666666666666666,0.697986577181208,71,54,17,24,0.7605633802816901,0.6923076923076923,0.7248322147651006,71,55,17,23,0.7638888888888888,0.7051282051282052,0.7333333333333334,72
0000312_02401_d_0000426.jpg,80,YOLOv13-S,0.8727272727272727,0.6,0.711111111111111,46,15,34,0.7540983606557377,0.575,0.652482269503546,61,48,7,32,0.8727272727272727,0.6,0.711111111111111,55,50,11,30,0.819672131147541,0.625,0.7092198581560285,61,52,15,28,0.7761194029850746,0.65,0.7074829931972789,67
0000312_04201_d_0000435.jpg,80,YOLOv13-L,0.8208955223880597,0.6875,0.7482993197278912,47,11,33,0.8103448275862069,0.5875,0.6811594202898551,58,54,11,26,0.8307692307692308,0.675,0.7448275862068966,65,55,12,25,0.8208955223880597,0.6875,0.7482993197278912,67,54,17,26,0.7605633802816901,0.675,0.7152317880794701,71
0000313_06401_d_0000468.jpg,91,YOLOv13-X,0.7446808510638298,0.38461538461538464,0.5072463768115941,26,6,65,0.8125,0.2857142857142857,0.42276422764227645,32,29,10,62,0.7435897435897436,0.31868131868131866,0.4461538461538461,39,33,13,58,0.717391304347826,0.3626373626373626,0.4817518248175182,46,35,12,56,0.7446808510638298,0.38461538461538464,0.5072463768115941,47
0000313_06601_d_0000469.jpg,165,YOLOv13-L,0.7746478873239436,0.3333333333333333,0.46610169491525416,37,16,128,0.6981132075471698,0.22424242424242424,0.3394495412844037,53,46,19,119,0.7076923076923077,0.2787878787878788,0.4,65,55,16,110,0.7746478873239436,0.3333333333333333,0.46610169491525416,71,52,17,113,0.7536231884057971,0.3151515151515151,0.4444444444444444,69
0000313_07001_d_0000471.jpg,5,YOLOv13-X,1.0,1.0,1.0,1,0,4,1.0,0.2,0.33333333333333337,1,1,0,4,1.0,0.2,0.33333333333333337,1,3,1,2,0.75,0.6,0.6666666666666665,4,5,0,0,1.0,1.0,1.0,5
0000315_01601_d_0000509.jpg,98,YOLOv13-L,0.7377049180327869,0.45918367346938777,0.5660377358490566,31,19,67,0.62,0.3163265306122449,0.41891891891891897,50,37,21,61,0.6379310344827587,0.37755102040816324,0.4743589743589743,58,45,16,53,0.7377049180327869,0.45918367346938777,0.5660377358490566,61,46,23,52,0.6666666666666666,0.46938775510204084,0.5508982035928144,69
0000316_00001_d_0000519.jpg,69,YOLOv13-X,0.875,0.30434782608695654,0.4516129032258065,10,9,59,0.5263157894736842,0.14492753623188406,0.2272727272727273,19,12,5,57,0.7058823529411765,0.17391304347826086,0.27906976744186046,17,23,10,46,0.696969696969697,0.3333333333333333,0.45098039215686275,33,21,3,48,0.875,0.30434782608695654,0.4516129032258065,24
0000316_00201_d_0000520.jpg,54,YOLOv13-L,0.8275862068965517,0.4444444444444444,0.5783132530120482,15,13,39,0.5357142857142857,0.2777777777777778,0.36585365853658536,28,23,12,31,0.6571428571428571,0.42592592592592593,0.5168539325842697,35,24,5,30,0.8275862068965517,0.4444444444444444,0.5783132530120482,29,22,7,32,0.7586206896551724,0.4074074074074074,0.5301204819277108,29
0000316_00401_d_0000521.jpg,23,YOLOv13-L,0.75,0.391304347826087,0.5142857142857143,10,7,13,0.5882352941176471,0.43478260869565216,0.5,17,9,7,14,0.5625,0.391304347826087,0.46153846153846156,16,9,3,14,0.75,0.391304347826087,0.5142857142857143,12,9,6,14,0.6,0.391304347826087,0.47368421052631576,15
0000316_00601_d_0000522.jpg,35,YOLOv13-X,0.7647058823529411,0.37142857142857144,0.5,11,7,24,0.6111111111111112,0.3142857142857143,0.41509433962264153,18,12,4,23,0.75,0.34285714285714286,0.47058823529411753,16,13,5,22,0.7222222222222222,0.37142857142857144,0.490566037735849,18,13,4,22,0.7647058823529411,0.37142857142857144,0.5,17
0000316_00801_d_0000523.jpg,27,YOLOv13-S,0.42857142857142855,0.3333333333333333,0.375,7,9,20,0.4375,0.25925925925925924,0.3255813953488372,16,9,12,18,0.42857142857142855,0.3333333333333333,0.375,21,10,18,17,0.35714285714285715,0.37037037037037035,0.36363636363636365,28,9,19,18,0.32142857142857145,0.3333333333333333,0.32727272727272727,28
0000316_01001_d_0000524.jpg,18,YOLOv13-L,0.7857142857142857,0.6111111111111112,0.6875000000000001,4,3,14,0.5714285714285714,0.2222222222222222,0.32,7,7,5,11,0.5833333333333334,0.3888888888888889,0.4666666666666666,12,11,3,7,0.7857142857142857,0.6111111111111112,0.6875000000000001,14,8,6,10,0.5714285714285714,0.4444444444444444,0.5,14
0000316_01201_d_0000525.jpg,43,YOLOv13-X,0.7647058823529411,0.6046511627906976,0.6753246753246753,19,7,24,0.7307692307692307,0.4418604651162791,0.5507246376811594,26,23,10,20,0.696969696969697,0.5348837209302325,0.6052631578947368,33,27,10,16,0.7297297297297297,0.627906976744186,0.675,37,26,8,17,0.7647058823529411,0.6046511627906976,0.6753246753246753,34
0000316_01401_d_0000526.jpg,34,YOLOv13-L,0.7647058823529411,0.7647058823529411,0.7647058823529412,20,10,14,0.6666666666666666,0.5882352941176471,0.625,30,24,9,10,0.7272727272727273,0.7058823529411765,0.7164179104477613,33,26,8,8,0.7647058823529411,0.7647058823529411,0.7647058823529412,34,26,8,8,0.7647058823529411,0.7647058823529411,0.7647058823529412,34
0000316_01601_d_0000527.jpg,29,YOLOv13-L,0.7916666666666666,0.6551724137931034,0.7169811320754716,11,8,18,0.5789473684210527,0.3793103448275862,0.45833333333333337,19,18,5,11,0.782608695652174,0.6206896551724138,0.6923076923076923,23,19,5,10,0.7916666666666666,0.6551724137931034,0.7169811320754716,24,17,9,12,0.6538461538461539,0.5862068965517241,0.6181818181818182,26
0000316_01801_d_0000528.jpg,11,YOLOv13-S,0.8181818181818182,0.8181818181818182,0.8181818181818182,8,2,3,0.8,0.7272727272727273,0.761904761904762,10,9,2,2,0.8181818181818182,0.8181818181818182,0.8181818181818182,11,8,1,3,0.8888888888888888,0.7272727272727273,0.7999999999999999,9,8,1,3,0.8888888888888888,0.7272727272727273,0.7999999999999999,9
0000316_02001_d_0000529.jpg,9,YOLOv13-S,0.8,0.4444444444444444,0.5714285714285714,3,2,6,0.6,0.3333333333333333,0.42857142857142855,5,4,1,5,0.8,0.4444444444444444,0.5714285714285714,5,4,1,5,0.8,0.4444444444444444,0.5714285714285714,5,5,5,4,0.5,0.5555555555555556,0.5263157894736842,10
0000316_02201_d_0000530.jpg,7,YOLOv13-S,0.875,1.0,0.9333333333333333,6,1,1,0.8571428571428571,0.8571428571428571,0.8571428571428571,7,7,1,0,0.875,1.0,0.9333333333333333,8,7,1,0,0.875,1.0,0.9333333333333333,8,6,1,1,0.8571428571428571,0.8571428571428571,0.8571428571428571,7
0000323_02601_d_0000645.jpg,91,YOLOv13-X,0.8472222222222222,0.6703296703296703,0.7484662576687117,43,17,48,0.7166666666666667,0.4725274725274725,0.5695364238410596,60,56,18,35,0.7567567567567568,0.6153846153846154,0.6787878787878788,74,60,12,31,0.8333333333333334,0.6593406593406593,0.736196319018405,72,61,11,30,0.8472222222222222,0.6703296703296703,0.7484662576687117,72
0000327_00001_d_0000711.jpg,70,YOLOv13-L,0.8301886792452831,0.6285714285714286,0.7154471544715448,40,12,30,0.7692307692307693,0.5714285714285714,0.6557377049180327,52,39,15,31,0.7222222222222222,0.5571428571428572,0.6290322580645162,54,44,9,26,0.8301886792452831,0.6285714285714286,0.7154471544715448,53,44,10,26,0.8148148148148148,0.6285714285714286,0.7096774193548386,54
0000327_00201_d_0000712.jpg,60,YOLOv13-L,0.875,0.7,0.7777777777777777,37,14,23,0.7254901960784313,0.6166666666666667,0.6666666666666666,51,39,11,21,0.78,0.65,0.709090909090909,50,42,6,18,0.875,0.7,0.7777777777777777,48,38,17,22,0.6909090909090909,0.6333333333333333,0.6608695652173913,55
0000327_00401_d_0000713.jpg,64,YOLOv13-X,0.8297872340425532,0.609375,0.7027027027027027,31,12,33,0.7209302325581395,0.484375,0.5794392523364486,43,32,12,32,0.7272727272727273,0.5,0.5925925925925926,44,36,10,28,0.782608695652174,0.5625,0.6545454545454547,46,39,8,25,0.8297872340425532,0.609375,0.7027027027027027,47
0000327_00601_d_0000714.jpg,84,YOLOv13-L,0.7027027027027027,0.6190476190476191,0.6582278481012659,42,18,42,0.7,0.5,0.5833333333333334,60,47,17,37,0.734375,0.5595238095238095,0.6351351351351351,64,52,22,32,0.7027027027027027,0.6190476190476191,0.6582278481012659,74,51,23,33,0.6891891891891891,0.6071428571428571,0.6455696202531644,74
0000327_00801_d_0000715.jpg,84,YOLOv13-X,0.8354430379746836,0.7857142857142857,0.8098159509202455,56,22,28,0.717948717948718,0.6666666666666666,0.691358024691358,78,60,14,24,0.8108108108108109,0.7142857142857143,0.759493670886076,74,63,15,21,0.8076923076923077,0.75,0.7777777777777779,78,66,13,18,0.8354430379746836,0.7857142857142857,0.8098159509202455,79
0000327_01001_d_0000716.jpg,83,YOLOv13-X,0.8235294117647058,0.6746987951807228,0.7417218543046358,48,19,35,0.7164179104477612,0.5783132530120482,0.64,67,54,11,29,0.8307692307692308,0.6506024096385542,0.7297297297297298,65,54,13,29,0.8059701492537313,0.6506024096385542,0.7200000000000001,67,56,12,27,0.8235294117647058,0.6746987951807228,0.7417218543046358,68
0000327_01201_d_0000717.jpg,69,YOLOv13-X,0.765625,0.7101449275362319,0.736842105263158,45,15,24,0.75,0.6521739130434783,0.6976744186046512,60,43,20,26,0.6825396825396826,0.6231884057971014,0.6515151515151516,63,46,16,23,0.7419354838709677,0.6666666666666666,0.7022900763358778,62,49,15,20,0.765625,0.7101449275362319,0.736842105263158,64
0000327_01401_d_0000718.jpg,93,YOLOv13-X,0.8245614035087719,0.5053763440860215,0.6266666666666667,42,11,51,0.7924528301886793,0.45161290322580644,0.5753424657534246,53,43,12,50,0.7818181818181819,0.46236559139784944,0.5810810810810811,55,46,12,47,0.7931034482758621,0.4946236559139785,0.609271523178808,58,47,10,46,0.8245614035087719,0.5053763440860215,0.6266666666666667,57
0000327_01801_d_0000720.jpg,62,YOLOv13-L,0.78,0.6290322580645161,0.6964285714285714,29,17,33,0.6304347826086957,0.46774193548387094,0.5370370370370371,46,33,13,29,0.717391304347826,0.532258064516129,0.6111111111111109,46,39,11,23,0.78,0.6290322580645161,0.6964285714285714,50,37,10,25,0.7872340425531915,0.5967741935483871,0.6788990825688074,47
0000327_02601_d_0000724.jpg,57,YOLOv13-X,0.7450980392156863,0.6666666666666666,0.7037037037037038,22,20,35,0.5238095238095238,0.38596491228070173,0.4444444444444444,42,34,19,23,0.6415094339622641,0.5964912280701754,0.6181818181818182,53,36,14,21,0.72,0.631578947368421,0.6728971962616822,50,38,13,19,0.7450980392156863,0.6666666666666666,0.7037037037037038,51
0000327_02801_d_0000725.jpg,73,YOLOv13-L,0.9090909090909091,0.684931506849315,0.78125,39,10,34,0.7959183673469388,0.5342465753424658,0.6393442622950819,49,40,8,33,0.8333333333333334,0.547945205479452,0.6611570247933883,48,50,5,23,0.9090909090909091,0.684931506849315,0.78125,55,45,4,28,0.9183673469387755,0.6164383561643836,0.7377049180327868,49
0000327_03001_d_0000726.jpg,75,YOLOv13-X,0.8837209302325582,0.5066666666666667,0.6440677966101697,33,8,42,0.8048780487804879,0.44,0.5689655172413793,41,32,6,43,0.8421052631578947,0.4266666666666667,0.5663716814159292,38,38,6,37,0.8636363636363636,0.5066666666666667,0.638655462184874,44,38,5,37,0.8837209302325582,0.5066666666666667,0.6440677966101697,43
0000327_03201_d_0000727.jpg,110,YOLOv13-L,0.6486486486486487,0.21818181818181817,0.326530612244898,15,16,95,0.4838709677419355,0.13636363636363635,0.2127659574468085,31,21,14,89,0.6,0.19090909090909092,0.2896551724137931,35,24,13,86,0.6486486486486487,0.21818181818181817,0.326530612244898,37,23,12,87,0.6571428571428571,0.20909090909090908,0.3172413793103448,35
0000327_03401_d_0000728.jpg,75,YOLOv13-X,0.7142857142857143,0.4666666666666667,0.5645161290322581,20,10,55,0.6666666666666666,0.26666666666666666,0.3809523809523809,30,24,12,51,0.6666666666666666,0.32,0.43243243243243246,36,29,11,46,0.725,0.38666666666666666,0.5043478260869565,40,35,14,40,0.7142857142857143,0.4666666666666667,0.5645161290322581,49
0000327_03601_d_0000729.jpg,60,YOLOv13-X,0.75,0.65,0.6964285714285715,28,8,32,0.7777777777777778,0.4666666666666667,0.5833333333333334,36,34,12,26,0.7391304347826086,0.5666666666666667,0.6415094339622641,46,39,16,21,0.7090909090909091,0.65,0.6782608695652174,55,39,13,21,0.75,0.65,0.6964285714285715,52
0000327_03801_d_0000730.jpg,103,YOLOv13-X,0.84,0.6116504854368932,0.7078651685393258,43,18,60,0.7049180327868853,0.4174757281553398,0.524390243902439,61,53,18,50,0.7464788732394366,0.5145631067961165,0.6091954022988505,71,60,19,43,0.759493670886076,0.5825242718446602,0.6593406593406593,79,63,12,40,0.84,0.6116504854368932,0.7078651685393258,75
0000327_04001_d_0000731.jpg,136,YOLOv13-X,0.7808219178082192,0.41911764705882354,0.5454545454545455,42,20,94,0.6774193548387096,0.3088235294117647,0.42424242424242425,62,49,13,87,0.7903225806451613,0.3602941176470588,0.4949494949494949,62,54,21,82,0.72,0.39705882352941174,0.5118483412322274,75,57,16,79,0.7808219178082192,0.41911764705882354,0.5454545454545455,73
0000327_04201_d_0000732.jpg,110,YOLOv13-X,0.7710843373493976,0.5818181818181818,0.6632124352331606,45,25,65,0.6428571428571429,0.4090909090909091,0.5000000000000001,70,52,26,58,0.6666666666666666,0.4727272727272727,0.553191489361702,78,60,28,50,0.6818181818181818,0.5454545454545454,0.6060606060606061,88,64,19,46,0.7710843373493976,0.5818181818181818,0.6632124352331606,83
0000330_00001_d_0000800.jpg,80,YOLOv13-X,0.8709677419354839,0.675,0.7605633802816901,39,9,41,0.8125,0.4875,0.6093749999999999,48,45,14,35,0.7627118644067796,0.5625,0.6474820143884892,59,50,13,30,0.7936507936507936,0.625,0.6993006993006993,63,54,8,26,0.8709677419354839,0.675,0.7605633802816901,62
0000330_00201_d_0000801.jpg,130,YOLOv13-X,0.6779661016949152,0.3076923076923077,0.4232804232804233,31,23,99,0.5740740740740741,0.23846153846153847,0.33695652173913043,54,36,21,94,0.631578947368421,0.27692307692307694,0.3850267379679144,57,41,24,89,0.6307692307692307,0.3153846153846154,0.4205128205128205,65,40,19,90,0.6779661016949152,0.3076923076923077,0.4232804232804233,59
0000330_00401_d_0000802.jpg,112,YOLOv13-X,0.7910447761194029,0.4732142857142857,0.5921787709497206,38,7,74,0.8444444444444444,0.3392857142857143,0.48407643312101917,45,44,13,68,0.7719298245614035,0.39285714285714285,0.5207100591715976,57,49,16,63,0.7538461538461538,0.4375,0.5536723163841808,65,53,14,59,0.7910447761194029,0.4732142857142857,0.5921787709497206,67
0000330_00601_d_0000803.jpg,94,YOLOv13-X,0.7833333333333333,0.5,0.6103896103896105,37,15,57,0.7115384615384616,0.39361702127659576,0.5068493150684932,52,42,11,52,0.7924528301886793,0.44680851063829785,0.5714285714285714,53,45,12,49,0.7894736842105263,0.4787234042553192,0.5960264900662251,57,47,13,47,0.7833333333333333,0.5,0.6103896103896105,60
0000330_00801_d_0000804.jpg,93,YOLOv13-L,0.7571428571428571,0.5698924731182796,0.6503067484662578,49,20,44,0.7101449275362319,0.5268817204301075,0.6049382716049383,69,51,19,42,0.7285714285714285,0.5483870967741935,0.6257668711656441,70,53,17,40,0.7571428571428571,0.5698924731182796,0.6503067484662578,70,51,16,42,0.7611940298507462,0.5483870967741935,0.6375,67
0000330_01001_d_0000805.jpg,93,YOLOv13-L,0.7777777777777778,0.5268817204301075,0.6282051282051282,39,18,54,0.6842105263157895,0.41935483870967744,0.5200000000000001,57,41,19,52,0.6833333333333333,0.44086021505376344,0.5359477124183006,60,49,14,44,0.7777777777777778,0.5268817204301075,0.6282051282051282,63,47,13,46,0.7833333333333333,0.5053763440860215,0.6143790849673203,60
0000330_01201_d_0000806.jpg,110,YOLOv13-X,0.8307692307692308,0.4909090909090909,0.6171428571428572,40,14,70,0.7407407407407407,0.36363636363636365,0.48780487804878053,54,45,6,65,0.8823529411764706,0.4090909090909091,0.5590062111801242,51,53,12,57,0.8153846153846154,0.4818181818181818,0.6057142857142858,65,54,11,56,0.8307692307692308,0.4909090909090909,0.6171428571428572,65
0000330_01401_d_0000807.jpg,161,YOLOv13-L,0.8256880733944955,0.5590062111801242,0.6666666666666667,72,18,89,0.8,0.4472049689440994,0.5737051792828686,90,78,22,83,0.78,0.484472049689441,0.5977011494252874,100,90,19,71,0.8256880733944955,0.5590062111801242,0.6666666666666667,109,88,19,73,0.822429906542056,0.546583850931677,0.6567164179104478,107
0000330_01601_d_0000808.jpg,99,YOLOv13-X,0.873015873015873,0.5555555555555556,0.6790123456790124,45,15,54,0.75,0.45454545454545453,0.5660377358490566,60,48,14,51,0.7741935483870968,0.48484848484848486,0.5962732919254659,62,56,13,43,0.8115942028985508,0.5656565656565656,0.6666666666666666,69,55,8,44,0.873015873015873,0.5555555555555556,0.6790123456790124,63
0000330_01801_d_0000809.jpg,64,YOLOv13-X,0.8275862068965517,0.75,0.7868852459016394,36,10,28,0.782608695652174,0.5625,0.6545454545454547,46,39,9,25,0.8125,0.609375,0.6964285714285714,48,43,16,21,0.7288135593220338,0.671875,0.6991869918699187,59,48,10,16,0.8275862068965517,0.75,0.7868852459016394,58
0000330_02001_d_0000810.jpg,57,YOLOv13-X,0.8333333333333334,0.7017543859649122,0.7619047619047619,37,7,20,0.8409090909090909,0.6491228070175439,0.7326732673267327,44,35,10,22,0.7777777777777778,0.6140350877192983,0.6862745098039216,45,35,7,22,0.8333333333333334,0.6140350877192983,0.7070707070707071,42,40,8,17,0.8333333333333334,0.7017543859649122,0.7619047619047619,48
0000330_02201_d_0000811.jpg,44,YOLOv13-L,0.7368421052631579,0.6363636363636364,0.6829268292682926,27,11,17,0.7105263157894737,0.6136363636363636,0.6585365853658537,38,24,9,20,0.7272727272727273,0.5454545454545454,0.6233766233766234,33,28,10,16,0.7368421052631579,0.6363636363636364,0.6829268292682926,38,29,12,15,0.7073170731707317,0.6590909090909091,0.6823529411764706,41
0000330_02801_d_0000814.jpg,45,YOLOv13-X,0.7551020408163265,0.8222222222222222,0.7872340425531914,27,14,18,0.6585365853658537,0.6,0.627906976744186,41,33,9,12,0.7857142857142857,0.7333333333333333,0.7586206896551724,42,33,16,12,0.673469387755102,0.7333333333333333,0.702127659574468,49,37,12,8,0.7551020408163265,0.8222222222222222,0.7872340425531914,49
0000330_03001_d_0000815.jpg,45,YOLOv13-X,0.8333333333333334,0.7777777777777778,0.8045977011494253,29,10,16,0.7435897435897436,0.6444444444444445,0.6904761904761906,39,31,5,14,0.8611111111111112,0.6888888888888889,0.7654320987654321,36,34,10,11,0.7727272727272727,0.7555555555555555,0.7640449438202247,44,35,7,10,0.8333333333333334,0.7777777777777778,0.8045977011494253,42
0000330_03201_d_0000816.jpg,69,YOLOv13-S,0.7868852459016393,0.6956521739130435,0.7384615384615385,40,10,29,0.8,0.5797101449275363,0.6722689075630253,50,48,13,21,0.7868852459016393,0.6956521739130435,0.7384615384615385,61,50,24,19,0.6756756756756757,0.7246376811594203,0.6993006993006994,74,49,21,20,0.7,0.7101449275362319,0.7050359712230215,70
0000330_04001_d_0000820.jpg,38,YOLOv13-L,0.7948717948717948,0.8157894736842105,0.8051948051948051,29,12,9,0.7073170731707317,0.7631578947368421,0.7341772151898733,41,29,10,9,0.7435897435897436,0.7631578947368421,0.7532467532467534,39,31,8,7,0.7948717948717948,0.8157894736842105,0.8051948051948051,39,30,8,8,0.7894736842105263,0.7894736842105263,0.7894736842105263,38
0000330_04201_d_0000821.jpg,162,YOLOv13-X,0.7798165137614679,0.5246913580246914,0.6273062730627306,59,33,103,0.6413043478260869,0.36419753086419754,0.4645669291338582,92,68,20,94,0.7727272727272727,0.41975308641975306,0.544,88,86,33,76,0.7226890756302521,0.5308641975308642,0.6120996441281139,119,85,24,77,0.7798165137614679,0.5246913580246914,0.6273062730627306,109
0000330_04401_d_0000822.jpg,38,YOLOv13-L,0.7419354838709677,0.6052631578947368,0.6666666666666666,17,12,21,0.5862068965517241,0.4473684210526316,0.5074626865671642,29,21,10,17,0.6774193548387096,0.5526315789473685,0.6086956521739131,31,23,8,15,0.7419354838709677,0.6052631578947368,0.6666666666666666,31,23,10,15,0.696969696969697,0.6052631578947368,0.6478873239436619,33
0000330_04601_d_0000823.jpg,62,YOLOv13-L,0.75,0.5806451612903226,0.6545454545454547,28,8,34,0.7777777777777778,0.45161290322580644,0.5714285714285714,36,32,11,30,0.7441860465116279,0.5161290322580645,0.6095238095238095,43,36,12,26,0.75,0.5806451612903226,0.6545454545454547,48,32,13,30,0.7111111111111111,0.5161290322580645,0.5981308411214953,45
0000333_00001_d_0000001.jpg,68,YOLOv13-X,0.640625,0.6029411764705882,0.6212121212121211,31,20,37,0.6078431372549019,0.45588235294117646,0.5210084033613445,51,36,22,32,0.6206896551724138,0.5294117647058824,0.5714285714285715,58,38,28,30,0.5757575757575758,0.5588235294117647,0.5671641791044776,66,41,23,27,0.640625,0.6029411764705882,0.6212121212121211,64
0000333_01765_d_0000010.jpg,120,YOLOv13-X,0.9166666666666666,0.4583333333333333,0.611111111111111,46,8,74,0.8518518518518519,0.38333333333333336,0.5287356321839081,54,53,8,67,0.8688524590163934,0.44166666666666665,0.585635359116022,61,55,11,65,0.8333333333333334,0.4583333333333333,0.5913978494623655,66,55,5,65,0.9166666666666666,0.4583333333333333,0.611111111111111,60
0000333_01961_d_0000011.jpg,65,YOLOv13-X,0.9245283018867925,0.7538461538461538,0.8305084745762712,43,5,22,0.8958333333333334,0.6615384615384615,0.7610619469026548,48,46,9,19,0.8363636363636363,0.7076923076923077,0.7666666666666666,55,47,6,18,0.8867924528301887,0.7230769230769231,0.7966101694915254,53,49,4,16,0.9245283018867925,0.7538461538461538,0.8305084745762712,53
0000333_02157_d_0000012.jpg,67,YOLOv13-X,0.8928571428571429,0.746268656716418,0.8130081300813009,40,7,27,0.851063829787234,0.5970149253731343,0.7017543859649124,47,44,7,23,0.8627450980392157,0.6567164179104478,0.7457627118644067,51,48,6,19,0.8888888888888888,0.7164179104477612,0.793388429752066,54,50,6,17,0.8928571428571429,0.746268656716418,0.8130081300813009,56
0000333_02353_d_0000013.jpg,70,YOLOv13-L,0.9534883720930233,0.5857142857142857,0.7256637168141594,37,4,33,0.9024390243902439,0.5285714285714286,0.6666666666666666,41,38,4,32,0.9047619047619048,0.5428571428571428,0.6785714285714285,42,41,2,29,0.9534883720930233,0.5857142857142857,0.7256637168141594,43,40,1,30,0.975609756097561,0.5714285714285714,0.7207207207207207,41
0000333_02549_d_0000014.jpg,91,YOLOv13-L,0.82,0.45054945054945056,0.5815602836879432,35,13,56,0.7291666666666666,0.38461538461538464,0.5035971223021583,48,37,11,54,0.7708333333333334,0.4065934065934066,0.5323741007194245,48,41,9,50,0.82,0.45054945054945056,0.5815602836879432,50,38,15,53,0.7169811320754716,0.4175824175824176,0.5277777777777778,53
0000333_02745_d_0000015.jpg,52,YOLOv13-X,0.8421052631578947,0.6153846153846154,0.7111111111111111,28,6,24,0.8235294117647058,0.5384615384615384,0.6511627906976744,34,29,5,23,0.8529411764705882,0.5576923076923077,0.6744186046511628,34,30,4,22,0.8823529411764706,0.5769230769230769,0.6976744186046512,34,32,6,20,0.8421052631578947,0.6153846153846154,0.7111111111111111,38
0000333_02941_d_0000016.jpg,44,YOLOv13-S,0.8666666666666667,0.5909090909090909,0.7027027027027029,24,4,20,0.8571428571428571,0.5454545454545454,0.6666666666666665,28,26,4,18,0.8666666666666667,0.5909090909090909,0.7027027027027029,30,26,4,18,0.8666666666666667,0.5909090909090909,0.7027027027027029,30,26,7,18,0.7878787878787878,0.5909090909090909,0.6753246753246752,33
0000333_03137_d_0000017.jpg,39,YOLOv13-S,0.84,0.5384615384615384,0.6562499999999999,20,6,19,0.7692307692307693,0.5128205128205128,0.6153846153846154,26,21,4,18,0.84,0.5384615384615384,0.6562499999999999,25,21,6,18,0.7777777777777778,0.5384615384615384,0.6363636363636364,27,21,4,18,0.84,0.5384615384615384,0.6562499999999999,25
0000333_03333_d_0000018.jpg,62,YOLOv13-L,0.9038461538461539,0.7580645161290323,0.8245614035087719,43,12,19,0.7818181818181819,0.6935483870967742,0.7350427350427351,55,44,8,18,0.8461538461538461,0.7096774193548387,0.7719298245614036,52,47,5,15,0.9038461538461539,0.7580645161290323,0.8245614035087719,52,46,6,16,0.8846153846153846,0.7419354838709677,0.8070175438596492,52
0000333_03529_d_0000019.jpg,95,YOLOv13-X,0.7910447761194029,0.5578947368421052,0.654320987654321,45,13,50,0.7758620689655172,0.47368421052631576,0.588235294117647,58,46,16,49,0.7419354838709677,0.4842105263157895,0.5859872611464969,62,51,18,44,0.7391304347826086,0.5368421052631579,0.6219512195121951,69,53,14,42,0.7910447761194029,0.5578947368421052,0.654320987654321,67
0000333_03725_d_0000020.jpg,83,YOLOv13-L,0.75,0.5783132530120482,0.6530612244897958,44,19,39,0.6984126984126984,0.5301204819277109,0.6027397260273972,63,43,15,40,0.7413793103448276,0.5180722891566265,0.6099290780141845,58,48,16,35,0.75,0.5783132530120482,0.6530612244897958,64,46,17,37,0.7301587301587301,0.5542168674698795,0.6301369863013699,63
0000335_00001_d_0000043.jpg,41,YOLOv13-X,0.9375,0.7317073170731707,0.821917808219178,25,5,16,0.8333333333333334,0.6097560975609756,0.7042253521126761,30,29,4,12,0.8787878787878788,0.7073170731707317,0.7837837837837839,33,28,7,13,0.8,0.6829268292682927,0.736842105263158,35,30,2,11,0.9375,0.7317073170731707,0.821917808219178,32
0000335_00197_d_0000044.jpg,37,YOLOv13-X,0.7142857142857143,0.5405405405405406,0.6153846153846154,19,6,18,0.76,0.5135135135135135,0.6129032258064517,25,19,8,18,0.7037037037037037,0.5135135135135135,0.59375,27,19,15,18,0.5588235294117647,0.5135135135135135,0.5352112676056339,34,20,8,17,0.7142857142857143,0.5405405405405406,0.6153846153846154,28
0000335_00393_d_0000045.jpg,34,YOLOv13-X,0.8,0.7058823529411765,0.7500000000000001,18,8,16,0.6923076923076923,0.5294117647058824,0.5999999999999999,26,20,6,14,0.7692307692307693,0.5882352941176471,0.6666666666666667,26,23,9,11,0.71875,0.6764705882352942,0.696969696969697,32,24,6,10,0.8,0.7058823529411765,0.7500000000000001,30
0000335_00589_d_0000046.jpg,21,YOLOv13-X,0.9047619047619048,0.9047619047619048,0.9047619047619048,16,3,5,0.8421052631578947,0.7619047619047619,0.8,19,15,5,6,0.75,0.7142857142857143,0.7317073170731706,20,18,2,3,0.9,0.8571428571428571,0.8780487804878048,20,19,2,2,0.9047619047619048,0.9047619047619048,0.9047619047619048,21
0000335_00785_d_0000047.jpg,34,YOLOv13-X,0.875,0.6176470588235294,0.7241379310344829,19,7,15,0.7307692307692307,0.5588235294117647,0.6333333333333334,26,21,6,13,0.7777777777777778,0.6176470588235294,0.6885245901639345,27,22,5,12,0.8148148148148148,0.6470588235294118,0.7213114754098361,27,21,3,13,0.875,0.6176470588235294,0.7241379310344829,24
0000335_00981_d_0000048.jpg,78,YOLOv13-X,0.8125,0.3333333333333333,0.4727272727272727,19,3,59,0.8636363636363636,0.24358974358974358,0.38000000000000006,22,22,5,56,0.8148148148148148,0.28205128205128205,0.41904761904761906,27,24,4,54,0.8571428571428571,0.3076923076923077,0.45283018867924535,28,26,6,52,0.8125,0.3333333333333333,0.4727272727272727,32
0000335_01765_d_0000052.jpg,61,YOLOv13-X,0.8936170212765957,0.6885245901639344,0.7777777777777777,33,8,28,0.8048780487804879,0.5409836065573771,0.6470588235294118,41,37,6,24,0.8604651162790697,0.6065573770491803,0.7115384615384615,43,40,9,21,0.8163265306122449,0.6557377049180327,0.7272727272727273,49,42,5,19,0.8936170212765957,0.6885245901639344,0.7777777777777777,47
0000335_01961_d_0000053.jpg,69,YOLOv13-L,0.8823529411764706,0.6521739130434783,0.75,31,6,38,0.8378378378378378,0.4492753623188406,0.5849056603773585,37,41,7,28,0.8541666666666666,0.5942028985507246,0.7008547008547009,48,45,6,24,0.8823529411764706,0.6521739130434783,0.75,51,42,6,27,0.875,0.6086956521739131,0.717948717948718,48
0000335_02353_d_0000055.jpg,82,YOLOv13-X,0.8823529411764706,0.5487804878048781,0.6766917293233083,32,8,50,0.8,0.3902439024390244,0.5245901639344263,40,33,6,49,0.8461538461538461,0.4024390243902439,0.5454545454545454,39,41,10,41,0.803921568627451,0.5,0.6165413533834586,51,45,6,37,0.8823529411764706,0.5487804878048781,0.6766917293233083,51
0000335_02549_d_0000056.jpg,87,YOLOv13-X,0.8695652173913043,0.45977011494252873,0.6015037593984962,35,9,52,0.7954545454545454,0.40229885057471265,0.5343511450381679,44,40,7,47,0.851063829787234,0.45977011494252873,0.5970149253731344,47,41,9,46,0.82,0.47126436781609193,0.5985401459854015,50,40,6,47,0.8695652173913043,0.45977011494252873,0.6015037593984962,46
0000335_02745_d_0000057.jpg,99,YOLOv13-X,0.8771929824561403,0.5050505050505051,0.641025641025641,42,11,57,0.7924528301886793,0.42424242424242425,0.5526315789473685,53,46,9,53,0.8363636363636363,0.46464646464646464,0.5974025974025974,55,49,7,50,0.875,0.494949494949495,0.6322580645161291,56,50,7,49,0.8771929824561403,0.5050505050505051,0.641025641025641,57
0000335_03137_d_0000059.jpg,103,YOLOv13-L,0.8679245283018868,0.44660194174757284,0.5897435897435898,38,16,65,0.7037037037037037,0.36893203883495146,0.48407643312101906,54,44,11,59,0.8,0.42718446601941745,0.5569620253164557,55,46,7,57,0.8679245283018868,0.44660194174757284,0.5897435897435898,53,45,6,58,0.8823529411764706,0.4368932038834951,0.5844155844155844,51
0000335_03333_d_0000060.jpg,40,YOLOv13-X,0.868421052631579,0.825,0.8461538461538461,28,9,12,0.7567567567567568,0.7,0.7272727272727273,37,31,10,9,0.7560975609756098,0.775,0.7654320987654322,41,34,7,6,0.8292682926829268,0.85,0.8395061728395061,41,33,5,7,0.868421052631579,0.825,0.8461538461538461,38
0000335_03725_d_0000062.jpg,27,YOLOv13-L,0.88,0.8148148148148148,0.8461538461538461,21,3,6,0.875,0.7777777777777778,0.823529411764706,24,22,4,5,0.8461538461538461,0.8148148148148148,0.830188679245283,26,22,3,5,0.88,0.8148148148148148,0.8461538461538461,25,22,4,5,0.8461538461538461,0.8148148148148148,0.830188679245283,26
0000335_03921_d_0000063.jpg,44,YOLOv13-L,0.9047619047619048,0.8636363636363636,0.8837209302325582,34,5,10,0.8717948717948718,0.7727272727272727,0.8192771084337349,39,36,6,8,0.8571428571428571,0.8181818181818182,0.8372093023255814,42,38,4,6,0.9047619047619048,0.8636363636363636,0.8837209302325582,42,36,4,8,0.9,0.8181818181818182,0.8571428571428572,40
0000335_04117_d_0000064.jpg,28,YOLOv13-X,0.896551724137931,0.9285714285714286,0.912280701754386,23,3,5,0.8846153846153846,0.8214285714285714,0.8518518518518519,26,24,4,4,0.8571428571428571,0.8571428571428571,0.8571428571428571,28,26,4,2,0.8666666666666667,0.9285714285714286,0.896551724137931,30,26,3,2,0.896551724137931,0.9285714285714286,0.912280701754386,29
0000335_04313_d_0000065.jpg,38,YOLOv13-X,0.9142857142857143,0.8421052631578947,0.8767123287671234,29,4,9,0.8787878787878788,0.7631578947368421,0.8169014084507042,33,30,4,8,0.8823529411764706,0.7894736842105263,0.8333333333333333,34,32,4,6,0.8888888888888888,0.8421052631578947,0.8648648648648649,36,32,3,6,0.9142857142857143,0.8421052631578947,0.8767123287671234,35
0000335_05097_d_0000069.jpg,20,YOLOv13-S,0.8823529411764706,0.75,0.8108108108108107,13,3,7,0.8125,0.65,0.7222222222222223,16,15,2,5,0.8823529411764706,0.75,0.8108108108108107,17,13,4,7,0.7647058823529411,0.65,0.7027027027027027,17,13,4,7,0.7647058823529411,0.65,0.7027027027027027,17
0000335_05685_d_0000072.jpg,15,YOLOv13-L,0.875,0.9333333333333333,0.9032258064516129,13,2,2,0.8666666666666667,0.8666666666666667,0.8666666666666667,15,13,1,2,0.9285714285714286,0.8666666666666667,0.896551724137931,14,14,2,1,0.875,0.9333333333333333,0.9032258064516129,16,12,3,3,0.8,0.8,0.8000000000000002,15
0000335_06469_d_0000076.jpg,8,YOLOv13-X,0.8571428571428571,0.75,0.7999999999999999,5,1,3,0.8333333333333334,0.625,0.7142857142857143,6,6,3,2,0.6666666666666666,0.75,0.7058823529411765,9,6,2,2,0.75,0.75,0.75,8,6,1,2,0.8571428571428571,0.75,0.7999999999999999,7
0000335_06665_d_0000077.jpg,21,YOLOv13-X,1.0,0.9523809523809523,0.975609756097561,16,3,5,0.8421052631578947,0.7619047619047619,0.8,19,19,2,2,0.9047619047619048,0.9047619047619048,0.9047619047619048,21,18,4,3,0.8181818181818182,0.8571428571428571,0.8372093023255814,22,20,0,1,1.0,0.9523809523809523,0.975609756097561,20
0000335_06861_d_0000078.jpg,24,YOLOv13-X,0.875,0.875,0.875,20,2,4,0.9090909090909091,0.8333333333333334,0.8695652173913043,22,20,2,4,0.9090909090909091,0.8333333333333334,0.8695652173913043,22,20,6,4,0.7692307692307693,0.8333333333333334,0.8,26,21,3,3,0.875,0.875,0.875,24
0000342_00393_d_0000244.jpg,133,YOLOv13-X,0.8461538461538461,0.49624060150375937,0.6255924170616114,42,25,91,0.6268656716417911,0.3157894736842105,0.42,67,53,19,80,0.7361111111111112,0.39849624060150374,0.5170731707317073,72,62,18,71,0.775,0.46616541353383456,0.5821596244131455,80,66,12,67,0.8461538461538461,0.49624060150375937,0.6255924170616114,78
0000345_07057_d_0000345.jpg,108,YOLOv13-X,0.7971014492753623,0.5092592592592593,0.6214689265536724,39,17,69,0.6964285714285714,0.3611111111111111,0.47560975609756095,56,45,14,63,0.7627118644067796,0.4166666666666667,0.5389221556886227,59,52,13,56,0.8,0.48148148148148145,0.6011560693641619,65,55,14,53,0.7971014492753623,0.5092592592592593,0.6214689265536724,69
0000346_00001_d_0000346.jpg,82,YOLOv13-L,0.7692307692307693,0.7317073170731707,0.7499999999999999,49,20,33,0.7101449275362319,0.5975609756097561,0.6490066225165563,69,53,17,29,0.7571428571428571,0.6463414634146342,0.6973684210526315,70,60,18,22,0.7692307692307693,0.7317073170731707,0.7499999999999999,78,57,19,25,0.75,0.6951219512195121,0.721518987341772,76
0000346_01961_d_0000356.jpg,71,YOLOv13-X,0.6727272727272727,0.5211267605633803,0.5873015873015874,32,24,39,0.5714285714285714,0.4507042253521127,0.5039370078740156,56,37,19,34,0.6607142857142857,0.5211267605633803,0.5826771653543307,56,38,21,33,0.6440677966101694,0.5352112676056338,0.5846153846153846,59,37,18,34,0.6727272727272727,0.5211267605633803,0.5873015873015874,55
0000346_02549_d_0000359.jpg,59,YOLOv13-X,0.7142857142857143,0.7627118644067796,0.7377049180327869,39,18,20,0.6842105263157895,0.6610169491525424,0.6724137931034484,57,42,24,17,0.6363636363636364,0.711864406779661,0.672,66,43,23,16,0.6515151515151515,0.7288135593220338,0.688,66,45,18,14,0.7142857142857143,0.7627118644067796,0.7377049180327869,63
0000346_03921_d_0000366.jpg,50,YOLOv13-X,0.6730769230769231,0.7,0.6862745098039216,30,15,20,0.6666666666666666,0.6,0.631578947368421,45,30,13,20,0.6976744186046512,0.6,0.6451612903225806,43,33,19,17,0.6346153846153846,0.66,0.6470588235294118,52,35,17,15,0.6730769230769231,0.7,0.6862745098039216,52
0000346_07057_d_0000382.jpg,87,YOLOv13-X,0.8840579710144928,0.7011494252873564,0.782051282051282,53,27,34,0.6625,0.6091954022988506,0.6347305389221558,80,59,12,28,0.8309859154929577,0.6781609195402298,0.7468354430379747,71,60,10,27,0.8571428571428571,0.6896551724137931,0.7643312101910829,70,61,8,26,0.8840579710144928,0.7011494252873564,0.782051282051282,69
0000348_00589_d_0000409.jpg,34,YOLOv13-L,0.6774193548387096,0.6176470588235294,0.6461538461538462,16,9,18,0.64,0.47058823529411764,0.5423728813559322,25,19,11,15,0.6333333333333333,0.5588235294117647,0.59375,30,21,10,13,0.6774193548387096,0.6176470588235294,0.6461538461538462,31,20,9,14,0.6896551724137931,0.5882352941176471,0.6349206349206349,29
0000348_03333_d_0000423.jpg,15,YOLOv13-X,0.8125,0.8666666666666667,0.8387096774193549,10,1,5,0.9090909090909091,0.6666666666666666,0.7692307692307692,11,10,3,5,0.7692307692307693,0.6666666666666666,0.7142857142857142,13,13,4,2,0.7647058823529411,0.8666666666666667,0.8125,17,13,3,2,0.8125,0.8666666666666667,0.8387096774193549,16
0000356_00589_d_0000632.jpg,121,YOLOv13-X,0.7920792079207921,0.6611570247933884,0.7207207207207208,55,19,66,0.7432432432432432,0.45454545454545453,0.5641025641025641,74,70,25,51,0.7368421052631579,0.5785123966942148,0.6481481481481481,95,79,22,42,0.7821782178217822,0.6528925619834711,0.7117117117117117,101,80,21,41,0.7920792079207921,0.6611570247933884,0.7207207207207208,101
0000356_01177_d_0000635.jpg,88,YOLOv13-X,0.7564102564102564,0.6704545454545454,0.7108433734939757,37,15,51,0.7115384615384616,0.42045454545454547,0.5285714285714285,52,47,22,41,0.6811594202898551,0.5340909090909091,0.5987261146496815,69,58,24,30,0.7073170731707317,0.6590909090909091,0.6823529411764706,82,59,19,29,0.7564102564102564,0.6704545454545454,0.7108433734939757,78
0000356_01569_d_0000637.jpg,100,YOLOv13-X,0.7424242424242424,0.49,0.5903614457831325,31,32,69,0.49206349206349204,0.31,0.38036809815950917,63,43,27,57,0.6142857142857143,0.43,0.5058823529411766,70,40,25,60,0.6153846153846154,0.4,0.4848484848484849,65,49,17,51,0.7424242424242424,0.49,0.5903614457831325,66
0000356_01765_d_0000638.jpg,84,YOLOv13-X,0.8032786885245902,0.5833333333333334,0.6758620689655173,34,8,50,0.8095238095238095,0.40476190476190477,0.5396825396825397,42,42,21,42,0.6666666666666666,0.5,0.5714285714285715,63,49,14,35,0.7777777777777778,0.5833333333333334,0.6666666666666666,63,49,12,35,0.8032786885245902,0.5833333333333334,0.6758620689655173,61
0000356_01961_d_0000639.jpg,111,YOLOv13-L,0.7230769230769231,0.42342342342342343,0.5340909090909091,36,24,75,0.6,0.32432432432432434,0.4210526315789474,60,41,29,70,0.5857142857142857,0.36936936936936937,0.4530386740331492,70,47,18,64,0.7230769230769231,0.42342342342342343,0.5340909090909091,65,48,21,63,0.6956521739130435,0.43243243243243246,0.5333333333333333,69
0000356_02157_d_0000640.jpg,54,YOLOv13-X,0.6129032258064516,0.7037037037037037,0.6551724137931035,30,32,24,0.4838709677419355,0.5555555555555556,0.5172413793103449,62,32,27,22,0.5423728813559322,0.5925925925925926,0.5663716814159292,59,37,31,17,0.5441176470588235,0.6851851851851852,0.6065573770491803,68,38,24,16,0.6129032258064516,0.7037037037037037,0.6551724137931035,62
0000356_02353_d_0000641.jpg,106,YOLOv13-X,0.7571428571428571,0.5,0.6022727272727273,36,23,70,0.6101694915254238,0.33962264150943394,0.43636363636363634,59,43,22,63,0.6615384615384615,0.4056603773584906,0.5029239766081871,65,50,20,56,0.7142857142857143,0.4716981132075472,0.5681818181818181,70,53,17,53,0.7571428571428571,0.5,0.6022727272727273,70
0000356_02745_d_0000643.jpg,97,YOLOv13-X,0.8088235294117647,0.5670103092783505,0.6666666666666666,25,12,72,0.6756756756756757,0.25773195876288657,0.3731343283582089,37,27,23,70,0.54,0.27835051546391754,0.36734693877551017,50,48,17,49,0.7384615384615385,0.4948453608247423,0.5925925925925927,65,55,13,42,0.8088235294117647,0.5670103092783505,0.6666666666666666,68
0000356_02941_d_0000644.jpg,108,YOLOv13-X,0.5,0.3333333333333333,0.4,15,22,93,0.40540540540540543,0.1388888888888889,0.20689655172413796,37,23,29,85,0.4423076923076923,0.21296296296296297,0.2875,52,32,31,76,0.5079365079365079,0.2962962962962963,0.3742690058479532,63,36,36,72,0.5,0.3333333333333333,0.4,72
0000356_03333_d_0000646.jpg,80,YOLOv13-X,0.7611940298507462,0.6375,0.6938775510204082,38,16,42,0.7037037037037037,0.475,0.5671641791044776,54,40,18,40,0.6896551724137931,0.5,0.5797101449275363,58,39,22,41,0.639344262295082,0.4875,0.5531914893617021,61,51,16,29,0.7611940298507462,0.6375,0.6938775510204082,67
0000356_03529_d_0000647.jpg,81,YOLOv13-X,0.7125,0.7037037037037037,0.7080745341614907,40,30,41,0.5714285714285714,0.49382716049382713,0.5298013245033113,70,53,22,28,0.7066666666666667,0.654320987654321,0.6794871794871794,75,58,28,23,0.6744186046511628,0.7160493827160493,0.6946107784431137,86,57,23,24,0.7125,0.7037037037037037,0.7080745341614907,80
0000356_03725_d_0000648.jpg,94,YOLOv13-L,0.7719298245614035,0.46808510638297873,0.5827814569536424,28,17,66,0.6222222222222222,0.2978723404255319,0.4028776978417266,45,37,27,57,0.578125,0.39361702127659576,0.4683544303797469,64,44,13,50,0.7719298245614035,0.46808510638297873,0.5827814569536424,57,43,14,51,0.7543859649122807,0.4574468085106383,0.5695364238410595,57
0000356_03921_d_0000649.jpg,72,YOLOv13-X,0.6615384615384615,0.5972222222222222,0.6277372262773723,41,21,31,0.6612903225806451,0.5694444444444444,0.6119402985074627,62,36,20,36,0.6428571428571429,0.5,0.5625000000000001,56,39,17,33,0.6964285714285714,0.5416666666666666,0.6093749999999999,56,43,22,29,0.6615384615384615,0.5972222222222222,0.6277372262773723,65
0000356_04117_d_0000650.jpg,93,YOLOv13-L,0.9038461538461539,0.5053763440860215,0.6482758620689656,37,14,56,0.7254901960784313,0.3978494623655914,0.5138888888888888,51,42,11,51,0.7924528301886793,0.45161290322580644,0.5753424657534246,53,47,5,46,0.9038461538461539,0.5053763440860215,0.6482758620689656,52,44,13,49,0.7719298245614035,0.4731182795698925,0.5866666666666667,57
0000356_04313_d_0000651.jpg,99,YOLOv13-L,0.7941176470588235,0.5454545454545454,0.6467065868263473,38,16,61,0.7037037037037037,0.3838383838383838,0.4967320261437908,54,49,17,50,0.7424242424242424,0.494949494949495,0.5939393939393939,66,54,14,45,0.7941176470588235,0.5454545454545454,0.6467065868263473,68,51,19,48,0.7285714285714285,0.5151515151515151,0.603550295857988,70
0000356_04705_d_0000653.jpg,70,YOLOv13-X,0.7352941176470589,0.7142857142857143,0.7246376811594202,33,22,37,0.6,0.4714285714285714,0.528,55,43,23,27,0.6515151515151515,0.6142857142857143,0.6323529411764707,66,49,26,21,0.6533333333333333,0.7,0.6758620689655173,75,50,18,20,0.7352941176470589,0.7142857142857143,0.7246376811594202,68
0000356_04901_d_0000654.jpg,102,YOLOv13-X,0.746268656716418,0.49019607843137253,0.591715976331361,35,19,67,0.6481481481481481,0.3431372549019608,0.4487179487179487,54,36,22,66,0.6206896551724138,0.35294117647058826,0.45000000000000007,58,45,22,57,0.6716417910447762,0.4411764705882353,0.5325443786982248,67,50,17,52,0.746268656716418,0.49019607843137253,0.591715976331361,67
0000356_05097_d_0000655.jpg,114,YOLOv13-X,0.7702702702702703,0.5,0.6063829787234043,37,17,77,0.6851851851851852,0.32456140350877194,0.4404761904761905,54,52,16,62,0.7647058823529411,0.45614035087719296,0.5714285714285713,68,59,22,55,0.7283950617283951,0.5175438596491229,0.6051282051282051,81,57,17,57,0.7702702702702703,0.5,0.6063829787234043,74
0000358_03333_d_0000697.jpg,93,YOLOv13-X,0.8727272727272727,0.5161290322580645,0.6486486486486487,37,11,56,0.7708333333333334,0.3978494623655914,0.524822695035461,48,39,11,54,0.78,0.41935483870967744,0.5454545454545455,50,45,11,48,0.8035714285714286,0.4838709677419355,0.6040268456375839,56,48,7,45,0.8727272727272727,0.5161290322580645,0.6486486486486487,55
0000359_00393_d_0000701.jpg,39,YOLOv13-L,0.7777777777777778,0.717948717948718,0.7466666666666666,20,6,19,0.7692307692307693,0.5128205128205128,0.6153846153846154,26,20,6,19,0.7692307692307693,0.5128205128205128,0.6153846153846154,26,28,8,11,0.7777777777777778,0.717948717948718,0.7466666666666666,36,25,5,14,0.8333333333333334,0.6410256410256411,0.7246376811594204,30
0000359_00589_d_0000702.jpg,39,YOLOv13-X,0.7692307692307693,0.7692307692307693,0.7692307692307693,28,9,11,0.7567567567567568,0.717948717948718,0.736842105263158,37,29,15,10,0.6590909090909091,0.7435897435897436,0.6987951807228915,44,30,13,9,0.6976744186046512,0.7692307692307693,0.7317073170731708,43,30,9,9,0.7692307692307693,0.7692307692307693,0.7692307692307693,39
0000359_00785_d_0000703.jpg,30,YOLOv13-S,0.7575757575757576,0.8333333333333334,0.7936507936507938,23,15,7,0.6052631578947368,0.7666666666666667,0.676470588235294,38,25,8,5,0.7575757575757576,0.8333333333333334,0.7936507936507938,33,24,15,6,0.6153846153846154,0.8,0.6956521739130435,39,23,10,7,0.696969696969697,0.7666666666666667,0.7301587301587302,33
0000359_00981_d_0000704.jpg,33,YOLOv13-L,0.5833333333333334,0.8484848484848485,0.691358024691358,26,32,7,0.4482758620689655,0.7878787878787878,0.5714285714285714,58,27,27,6,0.5,0.8181818181818182,0.6206896551724137,54,28,20,5,0.5833333333333334,0.8484848484848485,0.691358024691358,48,27,20,6,0.574468085106383,0.8181818181818182,0.675,47
0000359_01177_d_0000705.jpg,59,YOLOv13-X,0.6811594202898551,0.7966101694915254,0.7343750000000001,42,35,17,0.5454545454545454,0.711864406779661,0.6176470588235294,77,44,34,15,0.5641025641025641,0.7457627118644068,0.6423357664233577,78,46,24,13,0.6571428571428571,0.7796610169491526,0.7131782945736433,70,47,22,12,0.6811594202898551,0.7966101694915254,0.7343750000000001,69
0000359_01373_d_0000706.jpg,12,YOLOv13-S,0.9166666666666666,0.9166666666666666,0.9166666666666666,10,3,2,0.7692307692307693,0.8333333333333334,0.8,13,11,1,1,0.9166666666666666,0.9166666666666666,0.9166666666666666,12,11,2,1,0.8461538461538461,0.9166666666666666,0.8799999999999999,13,11,3,1,0.7857142857142857,0.9166666666666666,0.8461538461538461,14
0000359_01961_d_0000707.jpg,18,YOLOv13-L,0.8235294117647058,0.7777777777777778,0.7999999999999999,13,7,5,0.65,0.7222222222222222,0.6842105263157895,20,15,8,3,0.6521739130434783,0.8333333333333334,0.7317073170731708,23,14,3,4,0.8235294117647058,0.7777777777777778,0.7999999999999999,17,14,4,4,0.7777777777777778,0.7777777777777778,0.7777777777777778,18
0000359_02353_d_0000708.jpg,31,YOLOv13-L,0.7391304347826086,0.5483870967741935,0.6296296296296297,13,6,18,0.6842105263157895,0.41935483870967744,0.5200000000000001,19,15,7,16,0.6818181818181818,0.4838709677419355,0.5660377358490567,22,17,6,14,0.7391304347826086,0.5483870967741935,0.6296296296296297,23,16,4,15,0.8,0.5161290322580645,0.6274509803921569,20
0000359_02549_d_0000709.jpg,21,YOLOv13-X,1.0,0.9047619047619048,0.9500000000000001,17,1,4,0.9444444444444444,0.8095238095238095,0.8717948717948718,18,18,1,3,0.9473684210526315,0.8571428571428571,0.9,19,17,1,4,0.9444444444444444,0.8095238095238095,0.8717948717948718,18,19,0,2,1.0,0.9047619047619048,0.9500000000000001,19
0000359_03333_d_0000711.jpg,13,YOLOv13-L,0.7692307692307693,0.7692307692307693,0.7692307692307693,10,4,3,0.7142857142857143,0.7692307692307693,0.7407407407407408,14,9,3,4,0.75,0.6923076923076923,0.7199999999999999,12,10,3,3,0.7692307692307693,0.7692307692307693,0.7692307692307693,13,10,3,3,0.7692307692307693,0.7692307692307693,0.7692307692307693,13
0000359_03529_d_0000712.jpg,16,YOLOv13-X,0.8,0.75,0.7741935483870969,9,8,7,0.5294117647058824,0.5625,0.5454545454545455,17,12,7,4,0.631578947368421,0.75,0.6857142857142857,19,12,5,4,0.7058823529411765,0.75,0.7272727272727272,17,12,3,4,0.8,0.75,0.7741935483870969,15
0000360_00001_d_0000713.jpg,80,YOLOv13-L,0.746268656716418,0.625,0.6802721088435375,39,18,41,0.6842105263157895,0.4875,0.5693430656934307,57,42,11,38,0.7924528301886793,0.525,0.631578947368421,53,50,17,30,0.746268656716418,0.625,0.6802721088435375,67,46,14,34,0.7666666666666667,0.575,0.6571428571428571,60
0000360_00197_d_0000714.jpg,79,YOLOv13-L,0.7384615384615385,0.6075949367088608,0.6666666666666666,37,18,42,0.6727272727272727,0.46835443037974683,0.5522388059701493,55,41,14,38,0.7454545454545455,0.5189873417721519,0.6119402985074627,55,48,17,31,0.7384615384615385,0.6075949367088608,0.6666666666666666,65,48,19,31,0.7164179104477612,0.6075949367088608,0.6575342465753424,67
0000360_00393_d_0000715.jpg,79,YOLOv13-X,0.7704918032786885,0.5949367088607594,0.6714285714285714,36,9,43,0.8,0.45569620253164556,0.5806451612903226,45,40,10,39,0.8,0.5063291139240507,0.6201550387596899,50,44,15,35,0.7457627118644068,0.5569620253164557,0.6376811594202898,59,47,14,32,0.7704918032786885,0.5949367088607594,0.6714285714285714,61
0000360_00589_d_0000716.jpg,60,YOLOv13-L,0.7755102040816326,0.6333333333333333,0.6972477064220183,30,16,30,0.6521739130434783,0.5,0.5660377358490566,46,33,12,27,0.7333333333333333,0.55,0.6285714285714286,45,38,11,22,0.7755102040816326,0.6333333333333333,0.6972477064220183,49,38,13,22,0.7450980392156863,0.6333333333333333,0.6846846846846847,51
0000360_00785_d_0000717.jpg,59,YOLOv13-L,0.6842105263157895,0.6610169491525424,0.6724137931034484,22,21,37,0.5116279069767442,0.3728813559322034,0.43137254901960786,43,29,19,30,0.6041666666666666,0.4915254237288136,0.5420560747663552,48,39,18,20,0.6842105263157895,0.6610169491525424,0.6724137931034484,57,35,19,24,0.6481481481481481,0.5932203389830508,0.6194690265486725,54
0000360_00981_d_0000718.jpg,65,YOLOv13-L,0.7678571428571429,0.6615384615384615,0.7107438016528925,33,13,32,0.717391304347826,0.5076923076923077,0.5945945945945945,46,38,14,27,0.7307692307692307,0.5846153846153846,0.6495726495726495,52,43,13,22,0.7678571428571429,0.6615384615384615,0.7107438016528925,56,42,18,23,0.7,0.6461538461538462,0.6719999999999999,60
0000360_02353_d_0000725.jpg,72,YOLOv13-X,0.8064516129032258,0.6944444444444444,0.746268656716418,39,10,33,0.7959183673469388,0.5416666666666666,0.6446280991735536,49,44,12,28,0.7857142857142857,0.6111111111111112,0.6875000000000001,56,50,14,22,0.78125,0.6944444444444444,0.7352941176470588,64,50,12,22,0.8064516129032258,0.6944444444444444,0.746268656716418,62
0000360_02745_d_0000727.jpg,81,YOLOv13-X,0.7931034482758621,0.5679012345679012,0.6618705035971224,32,16,49,0.6666666666666666,0.3950617283950617,0.49612403100775193,48,43,10,38,0.8113207547169812,0.5308641975308642,0.6417910447761194,53,42,10,39,0.8076923076923077,0.5185185185185185,0.6315789473684211,52,46,12,35,0.7931034482758621,0.5679012345679012,0.6618705035971224,58
0000360_02941_d_0000728.jpg,45,YOLOv13-L,0.7111111111111111,0.7111111111111111,0.7111111111111111,27,19,18,0.5869565217391305,0.6,0.5934065934065934,46,29,11,16,0.725,0.6444444444444445,0.6823529411764706,40,32,13,13,0.7111111111111111,0.7111111111111111,0.7111111111111111,45,31,12,14,0.7209302325581395,0.6888888888888889,0.7045454545454545,43
0000360_03137_d_0000729.jpg,56,YOLOv13-X,0.84,0.75,0.7924528301886793,36,8,20,0.8181818181818182,0.6428571428571429,0.7200000000000001,44,39,6,17,0.8666666666666667,0.6964285714285714,0.7722772277227722,45,41,11,15,0.7884615384615384,0.7321428571428571,0.7592592592592592,52,42,8,14,0.84,0.75,0.7924528301886793,50
0000360_03333_d_0000730.jpg,56,YOLOv13-X,0.7446808510638298,0.625,0.6796116504854368,31,20,25,0.6078431372549019,0.5535714285714286,0.5794392523364487,51,30,13,26,0.6976744186046512,0.5357142857142857,0.6060606060606061,43,34,14,22,0.7083333333333334,0.6071428571428571,0.6538461538461539,48,35,12,21,0.7446808510638298,0.625,0.6796116504854368,47
0000360_03529_d_0000731.jpg,31,YOLOv13-L,0.92,0.7419354838709677,0.8214285714285714,20,6,11,0.7692307692307693,0.6451612903225806,0.7017543859649122,26,20,7,11,0.7407407407407407,0.6451612903225806,0.689655172413793,27,23,2,8,0.92,0.7419354838709677,0.8214285714285714,25,23,4,8,0.8518518518518519,0.7419354838709677,0.7931034482758621,27
0000360_03921_d_0000733.jpg,52,YOLOv13-S,0.7142857142857143,0.4807692307692308,0.5747126436781609,19,12,33,0.6129032258064516,0.36538461538461536,0.45783132530120485,31,25,10,27,0.7142857142857143,0.4807692307692308,0.5747126436781609,35,24,10,28,0.7058823529411765,0.46153846153846156,0.558139534883721,34,25,15,27,0.625,0.4807692307692308,0.5434782608695652,40
0000360_04117_d_0000734.jpg,18,YOLOv13-L,0.9411764705882353,0.8888888888888888,0.9142857142857143,11,4,7,0.7333333333333333,0.6111111111111112,0.6666666666666666,15,15,3,3,0.8333333333333334,0.8333333333333334,0.8333333333333334,18,16,1,2,0.9411764705882353,0.8888888888888888,0.9142857142857143,17,16,3,2,0.8421052631578947,0.8888888888888888,0.8648648648648649,19
0000360_04705_d_0000737.jpg,9,YOLOv13-N,0.75,1.0,0.8571428571428571,9,3,0,0.75,1.0,0.8571428571428571,12,8,2,1,0.8,0.8888888888888888,0.8421052631578948,10,8,2,1,0.8,0.8888888888888888,0.8421052631578948,10,8,3,1,0.7272727272727273,0.8888888888888888,0.7999999999999999,11
0000360_05293_d_0000740.jpg,70,YOLOv13-X,0.8627450980392157,0.6285714285714286,0.7272727272727274,36,16,34,0.6923076923076923,0.5142857142857142,0.5901639344262295,52,40,12,30,0.7692307692307693,0.5714285714285714,0.6557377049180327,52,41,9,29,0.82,0.5857142857142857,0.6833333333333333,50,44,7,26,0.8627450980392157,0.6285714285714286,0.7272727272727274,51
0000360_05685_d_0000742.jpg,60,YOLOv13-X,0.8571428571428571,0.7,0.7706422018348624,28,15,32,0.6511627906976745,0.4666666666666667,0.5436893203883496,43,32,11,28,0.7441860465116279,0.5333333333333333,0.6213592233009709,43,41,6,19,0.8723404255319149,0.6833333333333333,0.766355140186916,47,42,7,18,0.8571428571428571,0.7,0.7706422018348624,49
0000360_06273_d_0000745.jpg,17,YOLOv13-X,0.56,0.8235294117647058,0.6666666666666666,13,21,4,0.38235294117647056,0.7647058823529411,0.5098039215686274,34,13,17,4,0.43333333333333335,0.7647058823529411,0.5531914893617021,30,13,16,4,0.4482758620689655,0.7647058823529411,0.5652173913043479,29,14,11,3,0.56,0.8235294117647058,0.6666666666666666,25
0000360_06665_d_0000747.jpg,48,YOLOv13-X,0.8974358974358975,0.7291666666666666,0.8045977011494253,27,10,21,0.7297297297297297,0.5625,0.6352941176470588,37,32,11,16,0.7441860465116279,0.6666666666666666,0.7032967032967034,43,36,7,12,0.8372093023255814,0.75,0.7912087912087912,43,35,4,13,0.8974358974358975,0.7291666666666666,0.8045977011494253,39
0000360_06861_d_0000748.jpg,25,YOLOv13-S,0.9230769230769231,0.96,0.9411764705882353,24,3,1,0.8888888888888888,0.96,0.923076923076923,27,24,2,1,0.9230769230769231,0.96,0.9411764705882353,26,23,3,2,0.8846153846153846,0.92,0.9019607843137256,26,24,3,1,0.8888888888888888,0.96,0.923076923076923,27
0000360_07057_d_0000749.jpg,15,YOLOv13-L,0.7222222222222222,0.8666666666666667,0.7878787878787877,11,18,4,0.3793103448275862,0.7333333333333333,0.5,29,10,10,5,0.5,0.6666666666666666,0.5714285714285715,20,13,5,2,0.7222222222222222,0.8666666666666667,0.7878787878787877,18,11,8,4,0.5789473684210527,0.7333333333333333,0.6470588235294117,19
0000360_07253_d_0000750.jpg,28,YOLOv13-L,0.8,0.8571428571428571,0.8275862068965518,22,7,6,0.7586206896551724,0.7857142857142857,0.7719298245614034,29,22,10,6,0.6875,0.7857142857142857,0.7333333333333334,32,24,6,4,0.8,0.8571428571428571,0.8275862068965518,30,23,5,5,0.8214285714285714,0.8214285714285714,0.8214285714285714,28
0000360_07645_d_0000752.jpg,16,YOLOv13-L,0.8421052631578947,1.0,0.9142857142857143,13,8,3,0.6190476190476191,0.8125,0.7027027027027026,21,14,3,2,0.8235294117647058,0.875,0.8484848484848485,17,16,3,0,0.8421052631578947,1.0,0.9142857142857143,19,16,3,0,0.8421052631578947,1.0,0.9142857142857143,19
0000364_00589_d_0000798.jpg,62,YOLOv13-X,0.6037735849056604,0.5161290322580645,0.5565217391304349,19,15,43,0.5588235294117647,0.3064516129032258,0.39583333333333337,34,19,15,43,0.5588235294117647,0.3064516129032258,0.39583333333333337,34,30,26,32,0.5357142857142857,0.4838709677419355,0.5084745762711865,56,32,21,30,0.6037735849056604,0.5161290322580645,0.5565217391304349,53
0000364_01177_d_0000799.jpg,80,YOLOv13-L,0.6909090909090909,0.475,0.5629629629629629,27,14,53,0.6585365853658537,0.3375,0.4462809917355372,41,28,9,52,0.7567567567567568,0.35,0.4786324786324787,37,38,17,42,0.6909090909090909,0.475,0.5629629629629629,55,39,20,41,0.6610169491525424,0.4875,0.5611510791366906,59
0000364_01373_d_0000780.jpg,64,YOLOv13-X,0.576271186440678,0.53125,0.5528455284552846,20,20,44,0.5,0.3125,0.38461538461538464,40,25,19,39,0.5681818181818182,0.390625,0.46296296296296297,44,25,29,39,0.46296296296296297,0.390625,0.423728813559322,54,34,25,30,0.576271186440678,0.53125,0.5528455284552846,59
0000364_01569_d_0000781.jpg,97,YOLOv13-L,0.7704918032786885,0.4845360824742268,0.5949367088607594,28,9,69,0.7567567567567568,0.28865979381443296,0.41791044776119396,37,39,11,58,0.78,0.4020618556701031,0.5306122448979592,50,47,14,50,0.7704918032786885,0.4845360824742268,0.5949367088607594,61,42,17,55,0.711864406779661,0.4329896907216495,0.5384615384615384,59
0000364_01765_d_0000782.jpg,81,YOLOv13-L,0.5970149253731343,0.49382716049382713,0.5405405405405405,24,22,57,0.5217391304347826,0.2962962962962963,0.3779527559055118,46,36,24,45,0.6,0.4444444444444444,0.5106382978723405,60,40,27,41,0.5970149253731343,0.49382716049382713,0.5405405405405405,67,37,31,44,0.5441176470588235,0.4567901234567901,0.49664429530201337,68
