image,gt_instances,router_model,oracle_model,oracle_match,adaptive_precision,adaptive_recall,adaptive_f1,adaptive_latency_ms,oracle_precision,oracle_recall,oracle_f1,N_precision,N_recall,N_f1,N_latency_ms,S_precision,S_recall,S_f1,S_latency_ms,L_precision,L_recall,L_f1,L_latency_ms,X_precision,X_recall,X_f1,X_latency_ms,router_short,oracle_short,f1_regret,oracle_margin,gt_density_group
0000001_02999_d_0000005.jpg,127,YOLOv13-L,YOLOv13-X,0,0.6984126984126984,0.3464566929133858,0.4631578947368421,1788.3474879781716,0.6716417910447762,0.3543307086614173,0.4639175257731959,0.5555555555555556,0.2362204724409448,0.3314917127071823,1334.8180829780176,0.6785714285714286,0.2992125984251969,0.4153005464480874,263.4312509908341,0.6984126984126984,0.3464566929133858,0.4631578947368421,37.78875898569822,0.6716417910447762,0.3543307086614173,0.4639175257731959,563.5882050264627,L,X,0.0007596310363537917,0.0007596310363537917,100+
0000001_03499_d_0000006.jpg,77,YOLOv13-L,YOLOv13-X,0,0.5681818181818182,0.3246753246753247,0.4132231404958678,60.50806096754968,0.675,0.3506493506493506,0.4615384615384615,0.6363636363636364,0.2727272727272727,0.3818181818181818,27.34002098441124,0.6111111111111112,0.2857142857142857,0.3893805309734514,23.77210301347077,0.5681818181818182,0.3246753246753247,0.4132231404958678,37.01867797644809,0.675,0.3506493506493506,0.4615384615384615,35.09693196974695,L,X,0.04831532104259373,0.04831532104259373,51-100
0000001_03999_d_0000007.jpg,48,YOLOv13-X,YOLOv13-L,0,0.5306122448979592,0.5416666666666666,0.5360824742268041,95.05766804795712,0.5531914893617021,0.5416666666666666,0.5473684210526316,0.5769230769230769,0.3125,0.4054054054054054,45.37293303292245,0.5142857142857142,0.375,0.4337349397590361,44.377195998094976,0.5531914893617021,0.5416666666666666,0.5473684210526316,54.21080201631412,0.5306122448979592,0.5416666666666666,0.5360824742268041,35.432710021268576,X,L,0.011285946825827509,0.011285946825827509,21-50
0000001_04527_d_0000008.jpg,115,YOLOv13-X,YOLOv13-L,0,0.6923076923076923,0.3130434782608696,0.4311377245508982,56.22249795123935,0.7454545454545455,0.3565217391304348,0.4823529411764705,0.44,0.0956521739130434,0.1571428571428571,23.48520897794515,0.6888888888888889,0.2695652173913043,0.3875,24.998466949909925,0.7454545454545455,0.3565217391304348,0.4823529411764705,63.637368963100016,0.6923076923076923,0.3130434782608696,0.4311377245508982,61.517944966908544,X,L,0.05121521662557227,0.05121521662557227,100+
0000001_05249_d_0000009.jpg,113,YOLOv13-X,YOLOv13-X,1,0.7477477477477478,0.7345132743362832,0.7410714285714286,83.22539500659332,0.7477477477477478,0.7345132743362832,0.7410714285714286,0.6538461538461539,0.6017699115044248,0.6267281105990784,41.32582998136058,0.6428571428571429,0.6371681415929203,0.64,23.063249012921005,0.7090909090909091,0.6902654867256637,0.6995515695067264,39.4070339971222,0.7477477477477478,0.7345132743362832,0.7410714285714286,29.855171975214034,X,X,0.0,0.041519859064702236,100+
0000001_05499_d_0000010.jpg,140,YOLOv13-L,YOLOv13-L,1,0.8461538461538461,0.6285714285714286,0.721311475409836,65.49099000403658,0.8461538461538461,0.6285714285714286,0.721311475409836,0.7802197802197802,0.5071428571428571,0.6147186147186148,23.15683098277077,0.8505747126436781,0.5285714285714286,0.6519823788546255,25.01126698916778,0.8461538461538461,0.6285714285714286,0.721311475409836,43.66927698720247,0.8571428571428571,0.6,0.7058823529411764,30.78976704273373,L,L,0.0,0.015429122468659573,100+
0000001_05999_d_0000011.jpg,115,YOLOv13-X,YOLOv13-L,0,0.7466666666666667,0.4869565217391304,0.5894736842105264,78.52821197593585,0.7466666666666667,0.4869565217391304,0.5894736842105264,0.6197183098591549,0.3826086956521739,0.4731182795698924,38.6692329775542,0.6857142857142857,0.417391304347826,0.5189189189189188,25.727064989041537,0.7466666666666667,0.4869565217391304,0.5894736842105264,61.02619599550962,0.7466666666666667,0.4869565217391304,0.5894736842105264,54.595405992586166,X,L,0.0,0.0,100+
0000001_07999_d_0000012.jpg,136,YOLOv13-X,YOLOv13-L,0,0.6111111111111112,0.4044117647058823,0.4867256637168142,74.16787196416408,0.6352941176470588,0.3970588235294117,0.4886877828054299,0.4655172413793103,0.1985294117647058,0.2783505154639175,43.47074800170958,0.5625,0.2647058823529412,0.36,37.18072199262679,0.6352941176470588,0.3970588235294117,0.4886877828054299,64.83163399389014,0.6111111111111112,0.4044117647058823,0.4867256637168142,39.405458024702966,X,L,0.0019621190886157103,0.0019621190886157103,100+
0000001_08414_d_0000013.jpg,164,YOLOv13-X,YOLOv13-X,1,0.6415094339622641,0.4146341463414634,0.5037037037037037,49.4837470469065,0.6415094339622641,0.4146341463414634,0.5037037037037037,0.6451612903225806,0.2439024390243902,0.3539823008849557,22.937297995667905,0.676056338028169,0.2926829268292683,0.4085106382978722,39.45685102371499,0.62,0.3780487804878049,0.4696969696969696,57.2853020275943,0.6415094339622641,0.4146341463414634,0.5037037037037037,38.19807403488085,X,X,0.0,0.03400673400673404,100+
0000021_00000_d_0000001.jpg,31,YOLOv13-L,YOLOv13-L,1,0.5,0.2580645161290322,0.3404255319148936,44.00466399965808,0.5,0.2580645161290322,0.3404255319148936,0.3846153846153846,0.1612903225806451,0.2272727272727272,20.829810993745923,0.5384615384615384,0.2258064516129032,0.3181818181818182,30.248700990341604,0.5,0.2580645161290322,0.3404255319148936,28.75197201501578,0.4666666666666667,0.2258064516129032,0.3043478260869565,32.683068013284355,L,L,0.0,0.022243713733075432,21-50
0000021_00500_d_0000002.jpg,17,YOLOv13-L,YOLOv13-L,1,0.4666666666666667,0.4117647058823529,0.4374999999999999,57.41038505220786,0.4666666666666667,0.4117647058823529,0.4374999999999999,0.4,0.2352941176470588,0.2962962962962963,30.389624007511884,0.5,0.3529411764705882,0.4137931034482758,33.34420401370153,0.4666666666666667,0.4117647058823529,0.4374999999999999,28.75841298373416,0.5,0.3529411764705882,0.4137931034482758,28.166508011054248,L,L,0.0,0.023706896551724088,11-20
0000021_00800_d_0000003.jpg,7,YOLOv13-L,YOLOv13-X,0,0.4444444444444444,0.5714285714285714,0.5,56.2403509975411,0.75,0.8571428571428571,0.7999999999999999,0.375,0.4285714285714285,0.3999999999999999,19.86392796970904,0.375,0.4285714285714285,0.3999999999999999,16.635727952234447,0.4444444444444444,0.5714285714285714,0.5,17.787579039577395,0.75,0.8571428571428571,0.7999999999999999,33.98330899653956,L,X,0.29999999999999993,0.29999999999999993,6-10
0000022_00000_d_0000004.jpg,41,YOLOv13-X,YOLOv13-L,0,0.7222222222222222,0.6341463414634146,0.6753246753246753,55.29573297826573,0.8108108108108109,0.7317073170731707,0.7692307692307694,0.6296296296296297,0.4146341463414634,0.5,19.609025970567014,0.65625,0.5121951219512195,0.5753424657534246,39.37308501917869,0.8108108108108109,0.7317073170731707,0.7692307692307694,32.426643010694534,0.7222222222222222,0.6341463414634146,0.6753246753246753,41.53901699464768,X,L,0.09390609390609406,0.09390609390609406,21-50
0000022_00500_d_0000005.jpg,32,YOLOv13-X,YOLOv13-L,0,0.7777777777777778,0.875,0.823529411764706,46.23648099368438,0.8181818181818182,0.84375,0.8307692307692308,0.6785714285714286,0.59375,0.6333333333333334,20.31085401540622,0.7931034482758621,0.71875,0.7540983606557378,16.093446989543736,0.8181818181818182,0.84375,0.8307692307692308,31.49397694505751,0.7777777777777778,0.875,0.823529411764706,31.069831980858,X,L,0.007239819004524861,0.007239819004524861,21-50
0000022_01036_d_0000006.jpg,16,YOLOv13-L,YOLOv13-X,0,0.7142857142857143,0.625,0.6666666666666666,44.72121997969225,0.6666666666666666,0.75,0.7058823529411765,0.6363636363636364,0.4375,0.5185185185185185,16.51179400505498,0.7,0.4375,0.5384615384615384,17.52501301234588,0.7142857142857143,0.625,0.6666666666666666,27.91851502843201,0.6666666666666666,0.75,0.7058823529411765,27.30106300441548,L,X,0.03921568627450989,0.03921568627450989,11-20
0000022_01251_d_0000007.jpg,12,YOLOv13-L,YOLOv13-S,0,0.3809523809523809,0.6666666666666666,0.4848484848484849,59.56621596124023,0.5294117647058824,0.75,0.6206896551724139,0.4444444444444444,0.6666666666666666,0.5333333333333333,21.003992995247245,0.5294117647058824,0.75,0.6206896551724139,19.53828398836777,0.3809523809523809,0.6666666666666666,0.4848484848484849,31.549862993415445,0.4117647058823529,0.5833333333333334,0.4827586206896552,44.34668296016753,L,S,0.135841170323929,0.0873563218390806,11-20
0000023_00000_d_0000008.jpg,40,YOLOv13-X,YOLOv13-L,0,0.7222222222222222,0.65,0.6842105263157895,59.01744100265205,0.7567567567567568,0.7,0.7272727272727273,0.6296296296296297,0.425,0.5074626865671642,39.2950180103071,0.625,0.5,0.5555555555555556,15.186775010079144,0.7567567567567568,0.7,0.7272727272727273,27.399357000831515,0.7222222222222222,0.65,0.6842105263157895,30.48501495504752,X,L,0.0430622009569378,0.0430622009569378,21-50
0000023_00300_d_0000009.jpg,30,YOLOv13-X,YOLOv13-X,1,0.5,0.5,0.5,54.13807899458334,0.5,0.5,0.5,0.44,0.3666666666666666,0.4,15.98245999775827,0.5,0.3666666666666666,0.423076923076923,26.429819001350552,0.4444444444444444,0.4,0.4210526315789474,30.308129033073783,0.5,0.5,0.5,18.530831031966954,X,X,0.0,0.07692307692307698,21-50
0000023_00868_d_0000010.jpg,20,YOLOv13-L,YOLOv13-X,0,0.55,0.55,0.55,73.13756801886484,0.65,0.65,0.65,0.5882352941176471,0.5,0.5405405405405405,36.42903600120917,0.45,0.45,0.45,18.05100095225498,0.55,0.55,0.55,31.12836100626737,0.65,0.65,0.65,32.336339994799346,L,X,0.09999999999999998,0.09999999999999998,11-20
0000023_01233_d_0000011.jpg,14,YOLOv13-X,YOLOv13-L,0,0.5333333333333333,0.5714285714285714,0.5517241379310344,43.41177799506113,0.6,0.6428571428571429,0.6206896551724138,0.4285714285714285,0.4285714285714285,0.4285714285714285,20.85790800629184,0.4705882352941176,0.5714285714285714,0.5161290322580646,36.34027199586853,0.6,0.6428571428571429,0.6206896551724138,31.273574975784868,0.5333333333333333,0.5714285714285714,0.5517241379310344,26.71925100730732,X,L,0.06896551724137945,0.06896551724137945,11-20
0000024_00000_d_0000012.jpg,21,YOLOv13-X,YOLOv13-X,1,0.5625,0.4285714285714285,0.4864864864864864,48.03071398055181,0.5625,0.4285714285714285,0.4864864864864864,0.4444444444444444,0.3809523809523809,0.4102564102564102,20.16547799576074,0.45,0.4285714285714285,0.4390243902439024,19.107894971966743,0.4736842105263157,0.4285714285714285,0.45,29.192687012255192,0.5625,0.4285714285714285,0.4864864864864864,23.57475302414969,X,X,0.0,0.03648648648648639,21-50
0000024_00500_d_0000013.jpg,10,YOLOv13-L,YOLOv13-X,0,0.3,0.3,0.3,47.00186103582382,0.75,0.6,0.6666666666666665,0.4444444444444444,0.4,0.4210526315789474,18.13296804903075,0.3333333333333333,0.3,0.3157894736842105,20.9319069981575,0.3,0.3,0.3,43.13846002332866,0.75,0.6,0.6666666666666665,29.044077964499596,L,X,0.36666666666666653,0.24561403508771912,6-10
0000024_01000_d_0000014.jpg,12,YOLOv13-L,YOLOv13-S,0,0.4285714285714285,0.25,0.3157894736842105,83.80778302671388,0.6666666666666666,0.3333333333333333,0.4444444444444444,0.5,0.25,0.3333333333333333,39.24912301590666,0.6666666666666666,0.3333333333333333,0.4444444444444444,24.969359044916928,0.4285714285714285,0.25,0.3157894736842105,31.68620599899441,0.6,0.25,0.3529411764705882,31.27820196095854,L,S,0.1286549707602339,0.09150326797385622,11-20
0000024_01543_d_0000015.jpg,8,YOLOv13-S,YOLOv13-X,0,0.8333333333333334,0.625,0.7142857142857143,36.40332299983129,1.0,0.75,0.8571428571428571,0.8571428571428571,0.75,0.7999999999999999,18.46103998832405,0.8333333333333334,0.625,0.7142857142857143,17.716402013320476,0.75,0.75,0.75,32.31573599623516,1.0,0.75,0.8571428571428571,56.916233035735786,S,X,0.1428571428571428,0.05714285714285716,6-10
0000026_00000_d_0000024.jpg,8,YOLOv13-N,YOLOv13-X,0,0.8888888888888888,1.0,0.9411764705882352,32.52212901134044,1.0,1.0,1.0,0.8888888888888888,1.0,0.9411764705882352,32.52212901134044,0.875,0.875,0.875,22.492697986308485,0.8888888888888888,1.0,0.9411764705882352,24.770284013357013,1.0,1.0,1.0,47.85851197084412,N,X,0.05882352941176483,0.05882352941176483,6-10
0000026_00500_d_0000025.jpg,15,YOLOv13-S,YOLOv13-S,1,0.75,1.0,0.8571428571428571,48.23010694235563,0.75,1.0,0.8571428571428571,0.7777777777777778,0.9333333333333332,0.8484848484848485,28.15628895768896,0.75,1.0,0.8571428571428571,21.082166000269357,0.65,0.8666666666666667,0.7428571428571429,27.691681985743344,0.7,0.9333333333333332,0.8,30.84687900263816,S,S,0.0,0.008658008658008587,11-20
0000026_01000_d_0000026.jpg,25,YOLOv13-S,YOLOv13-S,1,0.88,0.88,0.88,61.25023606000468,0.88,0.88,0.88,0.84,0.84,0.8399999999999999,39.3272660439834,0.88,0.88,0.88,20.34356299554929,0.8214285714285714,0.92,0.8679245283018867,26.254615979269147,0.8214285714285714,0.92,0.8679245283018867,32.2779769776389,S,S,0.0,0.012075471698113294,21-50
0000026_01500_d_0000027.jpg,10,YOLOv13-N,YOLOv13-L,0,0.75,0.9,0.8181818181818182,21.10066299792379,0.8181818181818182,0.9,0.8571428571428572,0.75,0.9,0.8181818181818182,21.10066299792379,0.6153846153846154,0.8,0.6956521739130435,41.08918103156611,0.8181818181818182,0.9,0.8571428571428572,47.56731598172337,0.75,0.9,0.8181818181818182,32.88575599435717,N,L,0.038961038961038974,0.038961038961038974,6-10
0000026_02000_d_0000028.jpg,9,YOLOv13-N,YOLOv13-N,1,0.9,1.0,0.9473684210526316,21.11978700850159,0.9,1.0,0.9473684210526316,0.9,1.0,0.9473684210526316,21.11978700850159,0.6666666666666666,0.8888888888888888,0.761904761904762,24.48954898864031,0.7272727272727273,0.8888888888888888,0.7999999999999999,52.461925020907074,0.8181818181818182,1.0,0.9,37.45337500004098,N,N,0.0,0.047368421052631615,6-10
0000026_02500_d_0000029.jpg,17,YOLOv13-L,YOLOv13-X,0,0.6875,0.6470588235294118,0.6666666666666667,73.19584599463269,0.9285714285714286,0.7647058823529411,0.8387096774193549,0.6666666666666666,0.5882352941176471,0.625,41.883644997142255,0.6666666666666666,0.5882352941176471,0.625,20.431231008842587,0.6875,0.6470588235294118,0.6666666666666667,25.63143498264253,0.9285714285714286,0.7647058823529411,0.8387096774193549,60.20250596338883,L,X,0.17204301075268813,0.17204301075268813,11-20
0000026_03000_d_0000030.jpg,13,YOLOv13-N,YOLOv13-L,0,1.0,0.9230769230769232,0.96,40.66753201186657,0.9285714285714286,1.0,0.962962962962963,1.0,0.9230769230769232,0.96,40.66753201186657,0.9230769230769232,0.9230769230769232,0.9230769230769232,17.790434998460114,0.9285714285714286,1.0,0.962962962962963,33.73632597504184,0.9230769230769232,0.9230769230769232,0.9230769230769232,30.38925799774006,N,L,0.002962962962963056,0.002962962962963056,11-20
0000026_03500_d_0000031.jpg,23,YOLOv13-N,YOLOv13-L,0,1.0,0.8695652173913043,0.9302325581395348,21.736969996709377,0.9565217391304348,0.9565217391304348,0.9565217391304348,1.0,0.8695652173913043,0.9302325581395348,21.736969996709377,0.9166666666666666,0.9565217391304348,0.9361702127659574,20.246792992111292,0.9565217391304348,0.9565217391304348,0.9565217391304348,23.81558803608641,0.9565217391304348,0.9565217391304348,0.9565217391304348,20.223212020937357,N,L,0.026289180990900052,0.0,21-50
0000026_04000_d_0000032.jpg,14,YOLOv13-S,YOLOv13-L,0,0.875,1.0,0.9333333333333332,33.795279974583536,0.9333333333333332,1.0,0.9655172413793104,0.8235294117647058,1.0,0.9032258064516128,15.700358024332672,0.875,1.0,0.9333333333333332,17.178049020003527,0.9333333333333332,1.0,0.9655172413793104,27.37865800736472,0.9333333333333332,1.0,0.9655172413793104,32.41258399793878,S,L,0.03218390804597715,0.0,11-20
0000026_04500_d_0000033.jpg,47,YOLOv13-X,YOLOv13-L,0,0.8333333333333334,0.5319148936170213,0.6493506493506493,59.28873299853876,0.7878787878787878,0.5531914893617021,0.65,0.71875,0.4893617021276595,0.5822784810126582,21.17810398340225,0.6944444444444444,0.5319148936170213,0.6024096385542169,20.28634399175644,0.7878787878787878,0.5531914893617021,0.65,34.12914799991995,0.8333333333333334,0.5319148936170213,0.6493506493506493,33.85494003305212,X,L,0.0006493506493506773,0.0006493506493506773,21-50
0000026_04978_d_0000034.jpg,45,YOLOv13-L,YOLOv13-X,0,0.8235294117647058,0.6222222222222222,0.7088607594936709,59.149040083866566,0.8611111111111112,0.6888888888888889,0.7654320987654321,0.8333333333333334,0.5555555555555556,0.6666666666666667,20.864426041953266,0.7435897435897436,0.6444444444444445,0.6904761904761906,34.47616001358256,0.8235294117647058,0.6222222222222222,0.7088607594936709,48.76977601088584,0.8611111111111112,0.6888888888888889,0.7654320987654321,33.61405001487583,L,X,0.05657133927176117,0.05657133927176117,21-50
0000055_00000_d_0000109.jpg,101,YOLOv13-X,YOLOv13-L,0,0.7246376811594203,0.495049504950495,0.5882352941176471,50.90658506378532,0.7222222222222222,0.5148514851485149,0.6011560693641618,0.5441176470588235,0.3663366336633663,0.4378698224852071,19.51152103720233,0.7924528301886793,0.4158415841584158,0.5454545454545455,40.05772602977231,0.7222222222222222,0.5148514851485149,0.6011560693641618,32.255494967103004,0.7246376811594203,0.495049504950495,0.5882352941176471,32.32599498005584,X,L,0.012920775246514693,0.012920775246514693,100+
0000055_00714_d_0000110.jpg,85,YOLOv13-X,YOLOv13-L,0,0.7419354838709677,0.5411764705882353,0.6258503401360543,49.167372984811664,0.7230769230769231,0.5529411764705883,0.6266666666666667,0.5217391304347826,0.4235294117647059,0.4675324675324676,19.720274955034256,0.5970149253731343,0.4705882352941176,0.5263157894736841,15.392983972560614,0.7230769230769231,0.5529411764705883,0.6266666666666667,42.59348899358884,0.7419354838709677,0.5411764705882353,0.6258503401360543,26.926454971544445,X,L,0.0008163265306123657,0.0008163265306123657,51-100
0000069_00001_d_0000001.jpg,34,YOLOv13-L,YOLOv13-X,0,0.6486486486486487,0.7058823529411765,0.676056338028169,50.837692979257554,0.8709677419354839,0.7941176470588235,0.8307692307692308,0.6129032258064516,0.5588235294117647,0.5846153846153845,19.52628797153011,0.6896551724137931,0.5882352941176471,0.6349206349206349,14.08622699091211,0.6486486486486487,0.7058823529411765,0.676056338028169,32.61401201598346,0.8709677419354839,0.7941176470588235,0.8307692307692308,29.83650902751833,L,X,0.1547128927410618,0.1547128927410618,21-50
0000069_00483_d_0000002.jpg,27,YOLOv13-L,YOLOv13-X,0,0.7058823529411765,0.8888888888888888,0.7868852459016393,49.12367701763287,0.7878787878787878,0.9629629629629628,0.8666666666666665,0.625,0.7407407407407407,0.6779661016949152,17.7215370349586,0.6666666666666666,0.8148148148148148,0.7333333333333333,17.024789995048195,0.7058823529411765,0.8888888888888888,0.7868852459016393,51.45166098373011,0.7878787878787878,0.9629629629629628,0.8666666666666665,36.618440004531294,L,X,0.07978142076502714,0.07978142076502714,21-50
0000069_00713_d_0000003.jpg,49,YOLOv13-L,YOLOv13-X,0,0.6346153846153846,0.673469387755102,0.6534653465346534,51.47907801438123,0.7619047619047619,0.6530612244897959,0.7032967032967032,0.5714285714285714,0.4897959183673469,0.5274725274725275,20.77213098527864,0.6666666666666666,0.6122448979591837,0.6382978723404255,38.89382001943886,0.6346153846153846,0.673469387755102,0.6534653465346534,21.6941440012306,0.7619047619047619,0.6530612244897959,0.7032967032967032,44.729493965860456,L,X,0.04983135676204986,0.04983135676204986,21-50
0000069_01109_d_0000004.jpg,31,YOLOv13-L,YOLOv13-L,1,0.625,0.6451612903225806,0.634920634920635,56.64181301835925,0.625,0.6451612903225806,0.634920634920635,0.5384615384615384,0.4516129032258064,0.4912280701754386,21.7898539849557,0.6538461538461539,0.5483870967741935,0.5964912280701755,22.71447901148349,0.625,0.6451612903225806,0.634920634920635,30.59893299359828,0.59375,0.6129032258064516,0.6031746031746031,31.397242040839046,L,L,0.0,0.031746031746031855,21-50
0000069_01878_d_0000005.jpg,36,YOLOv13-X,YOLOv13-L,0,0.7941176470588235,0.75,0.7714285714285715,56.92906898912042,0.8108108108108109,0.8333333333333334,0.8219178082191781,0.725,0.8055555555555556,0.7631578947368423,21.269224991556257,0.75,0.75,0.75,20.37813200149685,0.8108108108108109,0.8333333333333334,0.8219178082191781,27.722289029043168,0.7941176470588235,0.75,0.7714285714285715,32.15200500562787,X,L,0.050489236790606684,0.050489236790606684,21-50
0000069_02163_d_0000006.jpg,49,YOLOv13-L,YOLOv13-L,1,0.7380952380952381,0.6326530612244898,0.6813186813186813,58.82189702242613,0.7380952380952381,0.6326530612244898,0.6813186813186813,0.5675675675675675,0.4285714285714285,0.4883720930232558,31.521045020781457,0.7352941176470589,0.5102040816326531,0.6024096385542169,17.495568958111107,0.7380952380952381,0.6326530612244898,0.6813186813186813,31.262404983863235,0.7435897435897436,0.5918367346938775,0.6590909090909091,47.803574008867145,L,L,0.0,0.02222777222777228,21-50
0000069_02480_d_0000007.jpg,64,YOLOv13-X,YOLOv13-X,1,0.7358490566037735,0.609375,0.6666666666666665,47.73783299606293,0.7358490566037735,0.609375,0.6666666666666665,0.6923076923076923,0.421875,0.5242718446601942,20.850465982221067,0.6875,0.515625,0.5892857142857143,41.74309002701193,0.7115384615384616,0.578125,0.6379310344827586,34.40816898364574,0.7358490566037735,0.609375,0.6666666666666665,31.064944982063025,X,X,0.0,0.028735632183907955,51-100
0000072_02834_d_0000003.jpg,73,YOLOv13-X,YOLOv13-X,1,0.84,0.863013698630137,0.8513513513513513,73.2668480486609,0.84,0.863013698630137,0.8513513513513513,0.675,0.7397260273972602,0.7058823529411764,42.11822804063559,0.7916666666666666,0.7808219178082192,0.7862068965517242,20.83035500254482,0.8450704225352113,0.821917808219178,0.8333333333333333,31.46874695084989,0.84,0.863013698630137,0.8513513513513513,33.55295298388228,X,X,0.0,0.018018018018018056,51-100
0000076_02142_d_0000009.jpg,11,YOLOv13-X,YOLOv13-S,0,0.8181818181818182,0.8181818181818182,0.8181818181818182,65.8745929831639,0.9,0.8181818181818182,0.8571428571428572,0.75,0.8181818181818182,0.7826086956521738,40.303780988324434,0.9,0.8181818181818182,0.8571428571428572,36.04728897335008,0.8888888888888888,0.7272727272727273,0.7999999999999999,42.65664401464164,0.8181818181818182,0.8181818181818182,0.8181818181818182,52.22884099930525,X,S,0.038961038961038974,0.038961038961038974,11-20
0000081_00000_d_0000001.jpg,86,YOLOv13-X,YOLOv13-X,1,0.4071428571428571,0.6627906976744186,0.504424778761062,67.29800201719627,0.4071428571428571,0.6627906976744186,0.504424778761062,0.375,0.5581395348837209,0.4485981308411215,33.35789201082662,0.3398692810457516,0.6046511627906976,0.4351464435146444,21.01520099677145,0.3782051282051282,0.686046511627907,0.4876033057851239,17.01631402829662,0.4071428571428571,0.6627906976744186,0.504424778761062,26.112047024071217,X,X,0.0,0.016821472975938057,51-100
0000086_00000_d_0000001.jpg,37,YOLOv13-L,YOLOv13-X,0,0.6086956521739131,0.7567567567567568,0.674698795180723,63.79272299818695,0.6428571428571429,0.7297297297297297,0.6835443037974683,0.5609756097560976,0.6216216216216216,0.5897435897435899,20.677233987953517,0.6190476190476191,0.7027027027027027,0.6582278481012659,33.51771703455597,0.6086956521739131,0.7567567567567568,0.674698795180723,49.982132972218096,0.6428571428571429,0.7297297297297297,0.6835443037974683,39.57139898557216,L,X,0.008845508616745379,0.008845508616745379,21-50
0000086_00592_d_0000002.jpg,65,YOLOv13-X,YOLOv13-X,1,0.6825396825396826,0.6615384615384615,0.671875,64.47006697999313,0.6825396825396826,0.6615384615384615,0.671875,0.625,0.4615384615384615,0.5309734513274336,31.29243099829182,0.76,0.5846153846153846,0.6608695652173914,17.00291398447007,0.6610169491525424,0.6,0.6290322580645161,32.8525910153985,0.6825396825396826,0.6615384615384615,0.671875,39.18137599248439,X,X,0.0,0.011005434782608625,51-100
0000086_01084_d_0000003.jpg,146,YOLOv13-X,YOLOv13-X,1,0.7289719626168224,0.5342465753424658,0.616600790513834,73.43928795307875,0.7289719626168224,0.5342465753424658,0.616600790513834,0.5434782608695652,0.3424657534246575,0.4201680672268907,41.3072009687312,0.69,0.4726027397260274,0.5609756097560976,39.45754101732746,0.6422764227642277,0.541095890410959,0.5873605947955391,56.24544498277828,0.7289719626168224,0.5342465753424658,0.616600790513834,49.08293898915872,X,X,0.0,0.029240195718294837,100+
0000086_01443_d_0000004.jpg,107,YOLOv13-X,YOLOv13-X,1,0.6859504132231405,0.7757009345794392,0.7280701754385964,76.80502196308225,0.6859504132231405,0.7757009345794392,0.7280701754385964,0.6708860759493671,0.4953271028037383,0.5698924731182796,21.45692496560514,0.5929203539823009,0.6261682242990654,0.6090909090909091,26.10800100956112,0.6046511627906976,0.7289719626168224,0.6610169491525423,61.07591598993167,0.6859504132231405,0.7757009345794392,0.7280701754385964,44.54834101488814,X,X,0.0,0.06705322628605415,100+
0000086_01954_d_0000005.jpg,173,YOLOv13-X,YOLOv13-X,1,0.7391304347826086,0.4913294797687861,0.5902777777777777,77.7350710122846,0.7391304347826086,0.4913294797687861,0.5902777777777777,0.5977011494252874,0.3005780346820809,0.4,41.3278240012005,0.7142857142857143,0.4046242774566474,0.5166051660516605,21.667828026693314,0.680672268907563,0.4682080924855491,0.5547945205479452,52.76985000818968,0.7391304347826086,0.4913294797687861,0.5902777777777777,49.25931995967403,X,X,0.0,0.03548325722983248,100+
0000103_00180_d_0000026.jpg,1,YOLOv13-L,YOLOv13-S,0,1.0,1.0,1.0,206.8315310170874,1.0,1.0,1.0,0.5,1.0,0.6666666666666666,173.96564804948866,1.0,1.0,1.0,16.13019302021712,1.0,1.0,1.0,31.26909997081384,1.0,1.0,1.0,32.076628995127976,L,S,0.0,0.0,0-5
0000103_00502_d_0000027.jpg,3,YOLOv13-N,YOLOv13-N,1,1.0,1.0,1.0,15.499797998927534,1.0,1.0,1.0,1.0,1.0,1.0,15.499797998927534,1.0,1.0,1.0,21.850422024726868,0.75,1.0,0.8571428571428571,21.048669994343072,0.6666666666666666,0.6666666666666666,0.6666666666666666,60.82123401574791,N,N,0.0,0.0,0-5
0000103_01734_d_0000028.jpg,4,YOLOv13-L,YOLOv13-N,0,0.3333333333333333,0.5,0.4,92.18070202041416,0.3,0.75,0.4285714285714285,0.3,0.75,0.4285714285714285,40.97581101814285,0.3333333333333333,0.25,0.2857142857142857,42.73640998871997,0.3333333333333333,0.5,0.4,41.08809499302879,0.3333333333333333,0.25,0.2857142857142857,62.55061598494649,L,N,0.02857142857142847,0.02857142857142847,0-5
0000103_02544_d_0000029.jpg,14,YOLOv13-L,YOLOv13-L,1,0.5625,0.6428571428571429,0.6000000000000001,74.09887399990112,0.5625,0.6428571428571429,0.6000000000000001,0.3529411764705882,0.4285714285714285,0.3870967741935484,23.51878199260682,0.3846153846153846,0.3571428571428571,0.3703703703703704,21.86779299518093,0.5625,0.6428571428571429,0.6000000000000001,22.698255954310294,0.4375,0.5,0.4666666666666667,47.23584302701056,L,L,0.0,0.13333333333333341,11-20
0000103_02964_d_0000030.jpg,10,YOLOv13-L,YOLOv13-L,1,0.5384615384615384,0.7,0.608695652173913,71.94429804803804,0.5384615384615384,0.7,0.608695652173913,0.4615384615384615,0.6,0.5217391304347826,29.12756003206596,0.3157894736842105,0.6,0.4137931034482758,25.979295023716983,0.5384615384615384,0.7,0.608695652173913,62.11672798963264,0.3076923076923077,0.4,0.3478260869565217,54.37755800085142,L,L,0.0,0.08695652173913038,6-10
0000103_03349_d_0000031.jpg,4,YOLOv13-S,YOLOv13-X,0,0.4285714285714285,0.75,0.5454545454545454,50.67021999275312,0.8,1.0,0.888888888888889,0.6666666666666666,1.0,0.8,24.316616996657103,0.4285714285714285,0.75,0.5454545454545454,20.746563968714327,0.6666666666666666,0.5,0.5714285714285715,40.1230719871819,0.8,1.0,0.888888888888889,60.86960597895086,S,X,0.34343434343434354,0.0888888888888889,0-5
0000103_03738_d_0000032.jpg,3,YOLOv13-L,YOLOv13-L,1,1.0,1.0,1.0,51.368410990107805,1.0,1.0,1.0,0.4,0.6666666666666666,0.5,22.74169097654521,0.75,1.0,0.8571428571428571,23.47075002035126,1.0,1.0,1.0,38.94697199575603,1.0,1.0,1.0,36.090235982555896,L,L,0.0,0.0,0-5
0000103_04122_d_0000033.jpg,4,YOLOv13-N,YOLOv13-L,0,0.5,0.5,0.5,23.79336499143392,0.6666666666666666,1.0,0.8,0.5,0.5,0.5,23.79336499143392,0.75,0.75,0.75,19.677608972415328,0.6666666666666666,1.0,0.8,42.84946603002027,0.6666666666666666,1.0,0.8,53.79039701074362,N,L,0.30000000000000004,0.0,0-5
0000103_04513_d_0000034.jpg,2,YOLOv13-N,YOLOv13-N,1,1.0,1.0,1.0,24.20312399044633,1.0,1.0,1.0,1.0,1.0,1.0,24.20312399044633,1.0,1.0,1.0,19.699877011589702,1.0,1.0,1.0,24.86707700882107,1.0,1.0,1.0,36.416153016034514,N,N,0.0,0.0,0-5
0000103_04948_d_0000035.jpg,1,YOLOv13-N,YOLOv13-N,1,0.0,0.0,0.0,20.46640799380839,0.0,0.0,0.0,0.0,0.0,0.0,20.46640799380839,0.0,0.0,0.0,27.560965972952545,0.0,0.0,0.0,26.50240098591894,0.0,0.0,0.0,33.5149250458926,N,N,0.0,0.0,0-5
0000115_00315_d_0000080.jpg,61,YOLOv13-L,YOLOv13-X,0,0.68,0.2786885245901639,0.3953488372093023,48.7584590446204,0.8181818181818182,0.2950819672131147,0.4337349397590361,0.75,0.2459016393442623,0.3703703703703703,18.42777401907369,0.85,0.2786885245901639,0.419753086419753,16.033073014114052,0.68,0.2786885245901639,0.3953488372093023,31.23883303487673,0.8181818181818182,0.2950819672131147,0.4337349397590361,28.43633497832343,L,X,0.03838610254973379,0.01398185333928309,51-100
0000115_00796_d_0000081.jpg,78,YOLOv13-X,YOLOv13-X,1,0.7719298245614035,0.5641025641025641,0.6518518518518518,42.16900694882497,0.7719298245614035,0.5641025641025641,0.6518518518518518,0.6444444444444445,0.3717948717948718,0.4715447154471545,15.651337977033108,0.6530612244897959,0.4102564102564102,0.5039370078740157,21.07881096890196,0.6557377049180327,0.5128205128205128,0.5755395683453238,58.40225098654628,0.7719298245614035,0.5641025641025641,0.6518518518518518,30.61062103370205,X,X,0.0,0.07631228350652797,51-100
0000115_01031_d_0000082.jpg,63,YOLOv13-X,YOLOv13-X,1,0.660377358490566,0.5555555555555556,0.6034482758620691,45.251281990204006,0.660377358490566,0.5555555555555556,0.6034482758620691,0.5,0.3809523809523809,0.4324324324324324,20.257222990039736,0.6041666666666666,0.4603174603174603,0.5225225225225225,19.977422954980284,0.6206896551724138,0.5714285714285714,0.5950413223140496,30.947451014071703,0.660377358490566,0.5555555555555556,0.6034482758620691,20.921349991112947,X,X,0.0,0.008406953548019458,51-100
0000116_00351_d_0000083.jpg,74,YOLOv13-X,YOLOv13-L,0,0.7096774193548387,0.5945945945945946,0.6470588235294118,64.48152393568307,0.7719298245614035,0.5945945945945946,0.6717557251908397,0.7,0.4729729729729729,0.5645161290322581,38.85566297685728,0.7272727272727273,0.5405405405405406,0.6201550387596899,16.95010397816077,0.7719298245614035,0.5945945945945946,0.6717557251908397,52.77806404046714,0.7096774193548387,0.5945945945945946,0.6470588235294118,41.14314599428326,X,L,0.024696901661427906,0.024696901661427906,51-100
0000116_00819_d_0000084.jpg,36,YOLOv13-L,YOLOv13-X,0,0.5384615384615384,0.5833333333333334,0.5599999999999999,65.81335002556443,0.55,0.6111111111111112,0.5789473684210527,0.5416666666666666,0.3611111111111111,0.4333333333333333,39.38099800143391,0.5151515151515151,0.4722222222222222,0.4927536231884057,37.92028600582853,0.5384615384615384,0.5833333333333334,0.5599999999999999,35.03550396999344,0.55,0.6111111111111112,0.5789473684210527,29.82294000685215,L,X,0.018947368421052713,0.018947368421052713,21-50
0000116_01059_d_0000085.jpg,70,YOLOv13-L,YOLOv13-X,0,0.7333333333333333,0.4714285714285714,0.5739130434782609,62.449457007460296,0.7555555555555555,0.4857142857142857,0.5913043478260869,0.6857142857142857,0.3428571428571428,0.4571428571428572,18.949805002193894,0.6304347826086957,0.4142857142857143,0.5000000000000001,29.725105967372656,0.7333333333333333,0.4714285714285714,0.5739130434782609,50.9350539650768,0.7555555555555555,0.4857142857142857,0.5913043478260869,40.44461500598118,L,X,0.017391304347825987,0.017391304347825987,51-100
0000116_01338_d_0000086.jpg,54,YOLOv13-X,YOLOv13-L,0,0.8461538461538461,0.4074074074074074,0.5499999999999999,50.53947295527905,0.8,0.4444444444444444,0.5714285714285714,0.6153846153846154,0.2962962962962963,0.4,27.387484966311604,0.6428571428571429,0.3333333333333333,0.4390243902439024,16.951923025771976,0.8,0.4444444444444444,0.5714285714285714,35.873992019332945,0.8461538461538461,0.4074074074074074,0.5499999999999999,28.495448001194745,X,L,0.021428571428571463,0.021428571428571463,51-100
0000117_00112_d_0000087.jpg,129,YOLOv13-L,YOLOv13-L,1,0.8513513513513513,0.4883720930232558,0.6206896551724138,52.6258010067977,0.8513513513513513,0.4883720930232558,0.6206896551724138,0.6417910447761194,0.3333333333333333,0.4387755102040815,24.04212299734354,0.7903225806451613,0.3798449612403101,0.5130890052356021,41.46109701832757,0.8513513513513513,0.4883720930232558,0.6206896551724138,32.990425999742,0.8051948051948052,0.4806201550387597,0.6019417475728156,32.127914018929005,L,L,0.0,0.018747907599598213,100+
0000117_01326_d_0000088.jpg,62,YOLOv13-X,YOLOv13-L,0,0.5,0.5967741935483871,0.5441176470588236,63.13507101731375,0.5217391304347826,0.5806451612903226,0.549618320610687,0.3098591549295774,0.3548387096774194,0.3308270676691729,19.79136501904577,0.3855421686746988,0.5161290322580645,0.4413793103448276,21.83420502115041,0.5217391304347826,0.5806451612903226,0.549618320610687,33.77780498703942,0.5,0.5967741935483871,0.5441176470588236,29.43265199428424,X,L,0.005500673551863455,0.005500673551863455,51-100
0000117_01731_d_0000089.jpg,47,YOLOv13-X,YOLOv13-S,0,0.6271186440677966,0.7872340425531915,0.6981132075471698,50.068031006958336,0.7333333333333333,0.7021276595744681,0.7173913043478262,0.5833333333333334,0.5957446808510638,0.5894736842105263,17.90288998745382,0.7333333333333333,0.7021276595744681,0.7173913043478262,37.91187499882653,0.5925925925925926,0.6808510638297872,0.6336633663366336,36.65288700722158,0.6271186440677966,0.7872340425531915,0.6981132075471698,57.1916340268217,X,S,0.019278096800656397,0.019278096800656397,21-50
0000117_02708_d_0000090.jpg,100,YOLOv13-X,YOLOv13-X,1,0.6511627906976745,0.56,0.6021505376344087,58.249062043614686,0.6511627906976745,0.56,0.6021505376344087,0.5535714285714286,0.31,0.3974358974358974,32.935233030002564,0.5970149253731343,0.4,0.4790419161676646,20.98818402737379,0.6455696202531646,0.51,0.5698324022346368,34.13909301161766,0.6511627906976745,0.56,0.6021505376344087,33.066254982259125,X,X,0.0,0.03231813539977191,51-100
0000117_03096_d_0000091.jpg,24,YOLOv13-X,YOLOv13-S,0,0.2527472527472527,0.9583333333333334,0.3999999999999999,64.04342100722715,0.2985074626865671,0.8333333333333334,0.4395604395604395,0.2638888888888889,0.7916666666666666,0.3958333333333333,20.40417998796329,0.2985074626865671,0.8333333333333334,0.4395604395604395,29.06110702315345,0.2258064516129032,0.875,0.358974358974359,63.3712779963389,0.2527472527472527,0.9583333333333334,0.3999999999999999,36.96554998168722,X,S,0.039560439560439586,0.039560439560439586,21-50
0000129_02411_d_0000138.jpg,186,YOLOv13-L,YOLOv13-L,1,0.91869918699187,0.6075268817204301,0.7313915857605178,63.71895200572908,0.91869918699187,0.6075268817204301,0.7313915857605178,0.8211382113821138,0.543010752688172,0.6537216828478963,26.30672900704667,0.8842975206611571,0.5752688172043011,0.6970684039087949,25.555072992574424,0.91869918699187,0.6075268817204301,0.7313915857605178,35.23413301445544,0.9008264462809916,0.5860215053763441,0.7100977198697068,33.73033402021974,L,L,0.0,0.021293865890810948,100+
0000153_00001_d_0000001.jpg,55,YOLOv13-L,YOLOv13-L,1,0.8181818181818182,0.4909090909090909,0.6136363636363636,80.81458503147587,0.8181818181818182,0.4909090909090909,0.6136363636363636,0.7096774193548387,0.4,0.5116279069767441,40.07322201505304,0.8571428571428571,0.4363636363636363,0.5783132530120482,20.673498045653105,0.8181818181818182,0.4909090909090909,0.6136363636363636,28.478808992076665,0.7272727272727273,0.4363636363636363,0.5454545454545455,30.35319701302797,L,L,0.0,0.03532311062431548,51-100
0000153_00401_d_0000001.jpg,59,YOLOv13-X,YOLOv13-X,1,0.6976744186046512,0.5084745762711864,0.5882352941176471,38.15980401122943,0.6976744186046512,0.5084745762711864,0.5882352941176471,0.5454545454545454,0.4067796610169492,0.4660194174757281,13.926237006671728,0.6923076923076923,0.4576271186440678,0.5510204081632654,33.963961992412806,0.6666666666666666,0.4406779661016949,0.5306122448979591,28.692385996691883,0.6976744186046512,0.5084745762711864,0.5882352941176471,26.800391962751743,X,X,0.0,0.037214885954381716,51-100
0000153_00801_d_0000001.jpg,49,YOLOv13-X,YOLOv13-S,0,0.5,0.3265306122448979,0.3950617283950617,51.09804606763646,0.6153846153846154,0.3265306122448979,0.4266666666666666,0.5,0.2244897959183673,0.3098591549295774,19.96346504893154,0.6153846153846154,0.3265306122448979,0.4266666666666666,19.220156013034284,0.5,0.3469387755102041,0.4096385542168675,29.925242997705936,0.5,0.3265306122448979,0.3950617283950617,31.249177001882344,X,S,0.03160493827160488,0.01702811244979907,21-50
0000153_01201_d_0000001.jpg,59,YOLOv13-L,YOLOv13-X,0,0.5142857142857142,0.3050847457627119,0.3829787234042552,49.90716400789097,0.6551724137931034,0.3220338983050847,0.4318181818181817,0.6521739130434783,0.2542372881355932,0.3658536585365853,11.499841988552362,0.68,0.288135593220339,0.4047619047619047,22.519098012708127,0.5142857142857142,0.3050847457627119,0.3829787234042552,23.7661559949629,0.6551724137931034,0.3220338983050847,0.4318181818181817,22.214953030925244,L,X,0.048839458413926506,0.027056277056277,51-100
0000153_01601_d_0000001.jpg,63,YOLOv13-L,YOLOv13-L,1,0.925925925925926,0.3968253968253968,0.5555555555555555,85.57676197960973,0.925925925925926,0.3968253968253968,0.5555555555555555,0.7142857142857143,0.3174603174603174,0.4395604395604395,39.3858149764128,0.75,0.2857142857142857,0.4137931034482759,21.37293398845941,0.925925925925926,0.3968253968253968,0.5555555555555555,53.357678989414126,0.8888888888888888,0.3809523809523809,0.5333333333333333,30.40808200603351,L,L,0.0,0.022222222222222143,51-100
0000153_01801_d_0000001.jpg,55,YOLOv13-L,YOLOv13-X,0,0.6551724137931034,0.3454545454545454,0.4523809523809524,53.03393403301016,0.6451612903225806,0.3636363636363636,0.4651162790697675,0.6153846153846154,0.2909090909090909,0.3950617283950617,19.09510203404352,0.6538461538461539,0.3090909090909091,0.419753086419753,24.16015398921445,0.6551724137931034,0.3454545454545454,0.4523809523809524,30.310695990920067,0.6451612903225806,0.3636363636363636,0.4651162790697675,29.889348021242768,L,X,0.012735326688815107,0.012735326688815107,51-100
0000154_00001_d_0000001.jpg,51,YOLOv13-X,YOLOv13-X,1,0.6486486486486487,0.4705882352941176,0.5454545454545454,45.1969460118562,0.6486486486486487,0.4705882352941176,0.5454545454545454,0.6071428571428571,0.3333333333333333,0.430379746835443,19.85739800147712,0.5757575757575758,0.3725490196078431,0.4523809523809524,14.335567015223203,0.6,0.4705882352941176,0.5274725274725275,45.73164001340047,0.6486486486486487,0.4705882352941176,0.5454545454545454,39.34887901414186,X,X,0.0,0.017982017982017928,51-100
0000154_00401_d_0000001.jpg,60,YOLOv13-X,YOLOv13-L,0,0.6470588235294118,0.3666666666666666,0.4680851063829787,47.081896977033466,0.696969696969697,0.3833333333333333,0.4946236559139786,0.5135135135135135,0.3166666666666666,0.3917525773195875,18.863833975046877,0.5675675675675675,0.35,0.4329896907216494,16.382897971197963,0.696969696969697,0.3833333333333333,0.4946236559139786,29.331719037145376,0.6470588235294118,0.3666666666666666,0.4680851063829787,33.398739004042,X,L,0.026538549530999933,0.026538549530999933,51-100
0000154_00801_d_0000001.jpg,72,YOLOv13-X,YOLOv13-L,0,0.6666666666666666,0.3333333333333333,0.4444444444444444,66.65072799660265,0.625,0.3472222222222222,0.4464285714285714,0.6,0.25,0.3529411764705882,34.176005981862545,0.6388888888888888,0.3194444444444444,0.4259259259259259,17.911328992340714,0.625,0.3472222222222222,0.4464285714285714,31.13516297889873,0.6666666666666666,0.3333333333333333,0.4444444444444444,29.012942977715284,X,L,0.001984126984126977,0.001984126984126977,51-100
0000154_01201_d_0000001.jpg,81,YOLOv13-L,YOLOv13-L,1,0.7115384615384616,0.4567901234567901,0.5563909774436091,51.1586430366151,0.7115384615384616,0.4567901234567901,0.5563909774436091,0.6666666666666666,0.345679012345679,0.4552845528455284,19.3754630163312,0.775,0.382716049382716,0.512396694214876,20.26077697519213,0.7115384615384616,0.4567901234567901,0.5563909774436091,60.31077902298421,0.6785714285714286,0.4691358024691358,0.5547445255474452,30.02269600983709,L,L,0.0,0.0016464518961638586,51-100
0000154_01601_d_0000001.jpg,101,YOLOv13-L,YOLOv13-X,0,0.7857142857142857,0.4356435643564356,0.5605095541401274,58.62667807377875,0.7894736842105263,0.4455445544554455,0.569620253164557,0.7083333333333334,0.3366336633663366,0.4563758389261745,19.9353180360049,0.7916666666666666,0.3762376237623762,0.5100671140939597,26.30584198050201,0.7857142857142857,0.4356435643564356,0.5605095541401274,56.92716198973358,0.7894736842105263,0.4455445544554455,0.569620253164557,54.24972798209637,L,X,0.009110699024429625,0.009110699024429625,100+
0000154_02001_d_0000001.jpg,83,YOLOv13-X,YOLOv13-X,1,0.6619718309859155,0.5662650602409639,0.6103896103896105,46.45245999563485,0.6619718309859155,0.5662650602409639,0.6103896103896105,0.6226415094339622,0.3975903614457831,0.4852941176470588,20.28019999852404,0.6379310344827587,0.4457831325301205,0.524822695035461,29.07096099806949,0.618421052631579,0.5662650602409639,0.5911949685534591,57.06081702373922,0.6619718309859155,0.5662650602409639,0.6103896103896105,21.2059750338085,X,X,0.0,0.019194641836151383,51-100
0000155_00001_d_0000001.jpg,97,YOLOv13-X,YOLOv13-X,1,0.676056338028169,0.4948453608247423,0.5714285714285714,43.29593095462769,0.676056338028169,0.4948453608247423,0.5714285714285714,0.6615384615384615,0.4432989690721649,0.5308641975308641,20.811438967939463,0.7413793103448276,0.4432989690721649,0.5548387096774193,35.620785027276725,0.6923076923076923,0.4639175257731959,0.5555555555555557,32.97258197562769,0.676056338028169,0.4948453608247423,0.5714285714285714,62.14780500158668,X,X,0.0,0.015873015873015706,51-100
0000155_00401_d_0000001.jpg,122,YOLOv13-X,YOLOv13-L,0,0.7464788732394366,0.4344262295081967,0.5492227979274611,79.30520997615531,0.691358024691358,0.4590163934426229,0.5517241379310345,0.7058823529411765,0.3934426229508196,0.5052631578947367,41.3868649629876,0.671875,0.3524590163934426,0.4623655913978494,18.516375974286348,0.691358024691358,0.4590163934426229,0.5517241379310345,52.89177299709991,0.7464788732394366,0.4344262295081967,0.5492227979274611,19.563009962439537,X,L,0.0025013400035733824,0.0025013400035733824,100+
0000155_00801_d_0000001.jpg,106,YOLOv13-X,YOLOv13-X,1,0.75,0.5660377358490566,0.6451612903225807,59.7784339915961,0.75,0.5660377358490566,0.6451612903225807,0.7076923076923077,0.4339622641509434,0.5380116959064327,23.074597993399948,0.7246376811594203,0.4716981132075472,0.5714285714285714,18.90057703712955,0.7195121951219512,0.5566037735849056,0.6276595744680851,56.93073500879109,0.75,0.5660377358490566,0.6451612903225807,30.416025954764336,X,X,0.0,0.01750171585449567,100+
0000155_01201_d_0000001.jpg,94,YOLOv13-X,YOLOv13-S,0,0.6349206349206349,0.425531914893617,0.5095541401273885,44.07173302024603,0.6949152542372882,0.4361702127659574,0.5359477124183007,0.68,0.3617021276595745,0.4722222222222222,19.7833520360291,0.6949152542372882,0.4361702127659574,0.5359477124183007,19.066224980633702,0.5285714285714286,0.3936170212765957,0.4512195121951219,31.73662698827684,0.6349206349206349,0.425531914893617,0.5095541401273885,28.441871982067823,X,S,0.026393572290912215,0.026393572290912215,51-100
0000155_01601_d_0000001.jpg,73,YOLOv13-X,YOLOv13-X,1,0.8387096774193549,0.7123287671232876,0.7703703703703705,53.09877695981413,0.8387096774193549,0.7123287671232876,0.7703703703703705,0.59375,0.5205479452054794,0.5547445255474454,19.95887397788465,0.8035714285714286,0.6164383561643836,0.6976744186046512,40.15126003650949,0.8275862068965517,0.6575342465753424,0.732824427480916,62.33307800721377,0.8387096774193549,0.7123287671232876,0.7703703703703705,40.48035998130217,X,X,0.0,0.03754594288945445,51-100
0000155_01871_d_0000001.jpg,55,YOLOv13-L,YOLOv13-X,0,0.5217391304347826,0.4363636363636363,0.4752475247524752,63.44886694569141,0.6190476190476191,0.4727272727272727,0.5360824742268041,0.5128205128205128,0.3636363636363636,0.425531914893617,20.11852595023811,0.6153846153846154,0.4363636363636363,0.5106382978723405,41.85331397457048,0.5217391304347826,0.4363636363636363,0.4752475247524752,31.133177981246263,0.6190476190476191,0.4727272727272727,0.5360824742268041,29.912177997175604,L,X,0.06083494947432888,0.02544417635446361,51-100
0000162_00001_d_0000001.jpg,34,YOLOv13-L,YOLOv13-S,0,0.8214285714285714,0.6764705882352942,0.7419354838709677,49.24731998471543,0.9166666666666666,0.6470588235294118,0.7586206896551724,0.8695652173913043,0.5882352941176471,0.7017543859649124,19.9761469848454,0.9166666666666666,0.6470588235294118,0.7586206896551724,21.56036504311487,0.8214285714285714,0.6764705882352942,0.7419354838709677,31.670770957134664,0.8461538461538461,0.6470588235294118,0.7333333333333334,29.352436016779397,L,S,0.016685205784204626,0.016685205784204626,21-50
0000162_00401_d_0000001.jpg,45,YOLOv13-X,YOLOv13-X,1,0.6764705882352942,0.5111111111111111,0.5822784810126582,53.27709898119792,0.6764705882352942,0.5111111111111111,0.5822784810126582,0.7037037037037037,0.4222222222222222,0.5277777777777777,19.877279992215332,0.75,0.4666666666666667,0.5753424657534245,30.94098501605913,0.5789473684210527,0.4888888888888889,0.5301204819277109,31.73577197594568,0.6764705882352942,0.5111111111111111,0.5822784810126582,26.4827850041911,X,X,0.0,0.006936015259233708,21-50
0000162_00801_d_0000001.jpg,30,YOLOv13-L,YOLOv13-L,1,0.6538461538461539,0.5666666666666667,0.6071428571428571,45.71484704501927,0.6538461538461539,0.5666666666666667,0.6071428571428571,0.4545454545454545,0.3333333333333333,0.3846153846153846,11.358232994098216,0.7142857142857143,0.5,0.588235294117647,16.97588403476402,0.6538461538461539,0.5666666666666667,0.6071428571428571,60.96860999241471,0.6296296296296297,0.5666666666666667,0.5964912280701755,44.47443597018719,L,L,0.0,0.010651629072681579,21-50
0000162_01058_d_0000001.jpg,57,YOLOv13-L,YOLOv13-L,1,0.5769230769230769,0.2631578947368421,0.3614457831325302,76.03367703268304,0.5769230769230769,0.2631578947368421,0.3614457831325302,0.4705882352941176,0.1403508771929824,0.2162162162162162,36.49214701727033,0.5454545454545454,0.2105263157894736,0.3037974683544304,36.09359200345352,0.5769230769230769,0.2631578947368421,0.3614457831325302,50.58219801867381,0.5217391304347826,0.2105263157894736,0.3,48.26559696812183,L,L,0.0,0.057648314778099785,51-100
0000163_00001_d_0000001.jpg,69,YOLOv13-X,YOLOv13-X,1,0.7948717948717948,0.4492753623188406,0.574074074074074,80.27700299862772,0.7948717948717948,0.4492753623188406,0.574074074074074,0.7631578947368421,0.4202898550724637,0.5420560747663552,40.855131985154,0.75,0.4347826086956521,0.5504587155963303,23.732629022561014,0.7209302325581395,0.4492753623188406,0.5535714285714285,44.484523008577526,0.7948717948717948,0.4492753623188406,0.574074074074074,43.90278598293662,X,X,0.0,0.020502645502645467,51-100
0000163_00359_d_0000001.jpg,54,YOLOv13-X,YOLOv13-X,1,0.8461538461538461,0.4074074074074074,0.5499999999999999,62.06662993645296,0.8461538461538461,0.4074074074074074,0.5499999999999999,0.8333333333333334,0.2777777777777778,0.4166666666666667,35.76681297272444,0.7727272727272727,0.3148148148148148,0.4473684210526316,21.812620980199423,0.9130434782608696,0.3888888888888889,0.5454545454545454,31.741065031383187,0.8461538461538461,0.4074074074074074,0.5499999999999999,31.13067103549838,X,X,0.0,0.004545454545454519,51-100
0000165_04325_d_0000105.jpg,29,YOLOv13-X,YOLOv13-X,1,0.7083333333333334,0.5862068965517241,0.6415094339622641,64.96258999686688,0.7083333333333334,0.5862068965517241,0.6415094339622641,0.631578947368421,0.4137931034482758,0.5,25.220276962500066,0.7272727272727273,0.5517241379310345,0.6274509803921569,18.447296984959397,0.6818181818181818,0.5172413793103449,0.5882352941176471,34.395760972984135,0.7083333333333334,0.5862068965517241,0.6415094339622641,34.08415598096326,X,X,0.0,0.014058453570107265,21-50
0000166_00558_d_0000118.jpg,71,YOLOv13-L,YOLOv13-L,1,0.56,0.3943661971830985,0.4628099173553719,62.59051698725671,0.56,0.3943661971830985,0.4628099173553719,0.5945945945945946,0.3098591549295774,0.4074074074074074,24.32676096213981,0.5277777777777778,0.2676056338028169,0.3551401869158878,21.41390199540183,0.56,0.3943661971830985,0.4628099173553719,31.55551804229617,0.5789473684210527,0.3098591549295774,0.4036697247706421,60.27942500077188,L,L,0.0,0.05540250994796453,51-100
0000193_00000_d_0000103.jpg,63,YOLOv13-L,YOLOv13-L,1,0.7884615384615384,0.6507936507936508,0.7130434782608696,45.21978198317811,0.7884615384615384,0.6507936507936508,0.7130434782608696,0.8,0.4444444444444444,0.5714285714285714,19.384496961720288,0.8095238095238095,0.5396825396825397,0.6476190476190475,36.88067296752706,0.7884615384615384,0.6507936507936508,0.7130434782608696,61.77879800088704,0.7450980392156863,0.6031746031746031,0.6666666666666666,60.48841401934624,L,L,0.0,0.04637681159420293,51-100
0000193_01497_d_0000111.jpg,87,YOLOv13-X,YOLOv13-X,1,0.5981308411214953,0.735632183908046,0.6597938144329896,69.0252099884674,0.5981308411214953,0.735632183908046,0.6597938144329896,0.5465116279069767,0.5402298850574713,0.5433526011560693,36.56586399301887,0.5529411764705883,0.5402298850574713,0.5465116279069768,41.88948101364076,0.6039603960396039,0.7011494252873564,0.648936170212766,62.2988969553262,0.5981308411214953,0.735632183908046,0.6597938144329896,30.156214023008943,X,X,0.0,0.010857644220223617,51-100
0000193_01705_d_0000112.jpg,134,YOLOv13-X,YOLOv13-X,1,0.9066666666666666,0.5074626865671642,0.6507177033492824,72.01051997253671,0.9066666666666666,0.5074626865671642,0.6507177033492824,0.6986301369863014,0.3805970149253731,0.4927536231884058,41.33984696818516,0.7837837837837838,0.4328358208955223,0.5576923076923076,17.44007901288569,0.7888888888888889,0.5298507462686567,0.6339285714285714,30.783770023845136,0.9066666666666666,0.5074626865671642,0.6507177033492824,53.1902980292216,X,X,0.0,0.016789131920710965,100+
0000193_01876_d_0000113.jpg,107,YOLOv13-X,YOLOv13-X,1,0.765625,0.4579439252336448,0.5730994152046783,85.68315801676363,0.765625,0.4579439252336448,0.5730994152046783,0.75,0.3364485981308411,0.464516129032258,42.08975000074133,0.7017543859649122,0.3738317757009345,0.4878048780487805,18.13252194551751,0.7246376811594203,0.4672897196261682,0.5681818181818182,30.242195003665984,0.765625,0.4579439252336448,0.5730994152046783,50.291956984438,X,X,0.0,0.0049175970228600985,100+
0000193_02029_d_0000114.jpg,93,YOLOv13-X,YOLOv13-X,1,0.8028169014084507,0.6129032258064516,0.6951219512195121,56.80018005659804,0.8028169014084507,0.6129032258064516,0.6951219512195121,0.6785714285714286,0.4086021505376344,0.5100671140939598,30.195586034096777,0.8448275862068966,0.5268817204301075,0.6490066225165563,16.825153026729822,0.7936507936507936,0.5376344086021505,0.6410256410256411,34.06911395723,0.8028169014084507,0.6129032258064516,0.6951219512195121,31.80790803162381,X,X,0.0,0.04611532870295587,51-100
0000193_02212_d_0000115.jpg,78,YOLOv13-X,YOLOv13-L,0,0.4285714285714285,0.3846153846153846,0.4054054054054054,55.32308894908056,0.5185185185185185,0.358974358974359,0.4242424242424242,0.5142857142857142,0.2307692307692307,0.3185840707964602,21.37866395059973,0.4629629629629629,0.3205128205128205,0.3787878787878788,19.06151504954323,0.5185185185185185,0.358974358974359,0.4242424242424242,33.049982972443104,0.4285714285714285,0.3846153846153846,0.4054054054054054,28.6271030199714,X,L,0.018837018837018826,0.018837018837018826,51-100
0000193_02416_d_0000116.jpg,50,YOLOv13-L,YOLOv13-L,1,0.7878787878787878,0.52,0.6265060240963856,69.02153103146702,0.7878787878787878,0.52,0.6265060240963856,0.5714285714285714,0.24,0.3380281690140844,27.78195502469316,0.6071428571428571,0.34,0.4358974358974359,23.10573699651286,0.7878787878787878,0.52,0.6265060240963856,49.49417803436518,0.65625,0.42,0.5121951219512195,46.20975902071223,L,L,0.0,0.11431090214516604,21-50
0000193_02606_d_0000117.jpg,49,YOLOv13-X,YOLOv13-L,0,0.7391304347826086,0.3469387755102041,0.4722222222222222,80.98600100493059,0.84,0.4285714285714285,0.5675675675675675,0.5333333333333333,0.1632653061224489,0.25,41.86511301668361,0.75,0.3061224489795918,0.4347826086956521,20.06687002722174,0.84,0.4285714285714285,0.5675675675675675,31.42657200805843,0.7391304347826086,0.3469387755102041,0.4722222222222222,30.113279994111508,X,L,0.09534534534534533,0.09534534534534533,21-50
0000193_02725_d_0000118.jpg,39,YOLOv13-L,YOLOv13-L,1,0.7241379310344828,0.5384615384615384,0.6176470588235294,64.02767694089562,0.7241379310344828,0.5384615384615384,0.6176470588235294,0.631578947368421,0.3076923076923077,0.4137931034482758,35.38207896053791,0.6956521739130435,0.4102564102564102,0.5161290322580646,14.084163994994016,0.7241379310344828,0.5384615384615384,0.6176470588235294,26.888262014836076,0.6206896551724138,0.4615384615384615,0.5294117647058824,30.33387602772564,L,L,0.0,0.08823529411764708,21-50
0000194_00000_d_0000119.jpg,54,YOLOv13-X,YOLOv13-X,1,0.6944444444444444,0.4629629629629629,0.5555555555555555,55.50721805775538,0.6944444444444444,0.4629629629629629,0.5555555555555555,0.6666666666666666,0.2962962962962963,0.4102564102564102,20.352667022962123,0.7241379310344828,0.3888888888888889,0.5060240963855421,19.323828048072755,0.6285714285714286,0.4074074074074074,0.4943820224719101,28.64962402964011,0.6944444444444444,0.4629629629629629,0.5555555555555555,28.47392502008006,X,X,0.0,0.04953145917001334,51-100
0000194_00200_d_0000120.jpg,76,YOLOv13-X,YOLOv13-X,1,0.640625,0.5394736842105263,0.5857142857142857,70.32508903648704,0.640625,0.5394736842105263,0.5857142857142857,0.6774193548387096,0.2763157894736842,0.3925233644859813,37.97499899519608,0.6071428571428571,0.4473684210526316,0.5151515151515151,20.075330045074224,0.6349206349206349,0.5263157894736842,0.5755395683453238,43.52250503143296,0.640625,0.5394736842105263,0.5857142857142857,36.800381960347295,X,X,0.0,0.010174717368961916,51-100
0000194_00399_d_0000121.jpg,143,YOLOv13-L,YOLOv13-X,0,0.7244897959183674,0.4965034965034965,0.5892116182572615,50.371651945170015,0.8061224489795918,0.5524475524475524,0.6556016597510372,0.7088607594936709,0.3916083916083916,0.5045045045045046,20.639641967136413,0.7160493827160493,0.4055944055944055,0.5178571428571429,21.765451005194336,0.7244897959183674,0.4965034965034965,0.5892116182572615,29.81340495171025,0.8061224489795918,0.5524475524475524,0.6556016597510372,43.39118202915415,L,X,0.0663900414937757,0.0663900414937757,100+
0000194_00625_d_0000122.jpg,83,YOLOv13-X,YOLOv13-L,0,0.7464788732394366,0.6385542168674698,0.6883116883116883,65.47116400906816,0.7857142857142857,0.6626506024096386,0.7189542483660131,0.7090909090909091,0.4698795180722891,0.5652173913043479,40.42246000608429,0.6865671641791045,0.5542168674698795,0.6133333333333333,15.647672000341116,0.7857142857142857,0.6626506024096386,0.7189542483660131,35.14885401818901,0.7464788732394366,0.6385542168674698,0.6883116883116883,32.26912900572643,X,L,0.030642560054324752,0.030642560054324752,51-100
0000194_00800_d_0000123.jpg,54,YOLOv13-L,YOLOv13-L,1,0.6097560975609756,0.4629629629629629,0.5263157894736843,57.7783799963072,0.6097560975609756,0.4629629629629629,0.5263157894736843,0.5666666666666667,0.3148148148148148,0.4047619047619047,21.722581994254146,0.4736842105263157,0.3333333333333333,0.391304347826087,15.346564003266394,0.6097560975609756,0.4629629629629629,0.5263157894736843,27.046352974139158,0.5952380952380952,0.4629629629629629,0.5208333333333334,27.034183964133263,L,L,0.0,0.005482456140350922,51-100
0000194_00998_d_0000124.jpg,42,YOLOv13-L,YOLOv13-L,1,0.8888888888888888,0.5714285714285714,0.6956521739130435,53.20891604060307,0.8888888888888888,0.5714285714285714,0.6956521739130435,0.8,0.3809523809523809,0.5161290322580645,20.484524022322148,0.9047619047619048,0.4523809523809524,0.6031746031746031,18.987951043527573,0.8888888888888888,0.5714285714285714,0.6956521739130435,31.64413699414581,0.8076923076923077,0.5,0.6176470588235294,26.5927990549244,L,L,0.0,0.07800511508951402,21-50
0000194_01192_d_0000125.jpg,23,YOLOv13-L,YOLOv13-X,0,0.5,0.6521739130434783,0.5660377358490566,72.51479499973357,0.6538461538461539,0.7391304347826086,0.693877551020408,0.4545454545454545,0.4347826086956521,0.4444444444444445,39.49711500899866,0.5454545454545454,0.5217391304347826,0.5333333333333332,37.38658200018108,0.5,0.6521739130434783,0.5660377358490566,34.976165974512696,0.6538461538461539,0.7391304347826086,0.693877551020408,53.05980297271162,L,X,0.12783981517135146,0.12783981517135146,21-50
0000196_04512_d_0000144.jpg,69,YOLOv13-L,YOLOv13-X,0,0.7333333333333333,0.3188405797101449,0.4444444444444444,56.67440302204341,0.8,0.3478260869565217,0.4848484848484848,0.5789473684210527,0.1594202898550724,0.2499999999999999,28.549905982799828,0.4642857142857143,0.1884057971014492,0.268041237113402,28.402899974025782,0.7333333333333333,0.3188405797101449,0.4444444444444444,49.81422802666202,0.8,0.3478260869565217,0.4848484848484848,37.90364903397858,L,X,0.04040404040404039,0.04040404040404039,51-100
0000199_01269_d_0000166.jpg,16,YOLOv13-L,YOLOv13-S,0,0.6923076923076923,0.5625,0.6206896551724138,49.32141304016113,0.8461538461538461,0.6875,0.7586206896551724,0.6428571428571429,0.5625,0.6000000000000001,20.2003070153296,0.8461538461538461,0.6875,0.7586206896551724,16.017581976484507,0.6923076923076923,0.5625,0.6206896551724138,27.84341695951298,0.6875,0.6875,0.6875,36.06783301802352,L,S,0.13793103448275856,0.07112068965517238,11-20
0000213_02500_d_0000240.jpg,94,YOLOv13-X,YOLOv13-X,1,0.7959183673469388,0.4148936170212766,0.5454545454545454,49.21282996656373,0.7959183673469388,0.4148936170212766,0.5454545454545454,0.5813953488372093,0.2659574468085106,0.364963503649635,19.917759986128655,0.6938775510204082,0.3617021276595745,0.4755244755244754,19.949580950196832,0.7450980392156863,0.4042553191489361,0.5241379310344827,32.59823896223679,0.7959183673469388,0.4148936170212766,0.5454545454545454,28.173001017421484,X,X,0.0,0.02131661442006272,51-100
0000213_02965_d_0000241.jpg,94,YOLOv13-X,YOLOv13-X,1,0.6707317073170732,0.5851063829787234,0.6250000000000001,73.35192698519677,0.6707317073170732,0.5851063829787234,0.6250000000000001,0.5942028985507246,0.4361702127659574,0.5030674846625767,22.702054993715137,0.6447368421052632,0.5212765957446809,0.5764705882352941,47.69351700088009,0.6463414634146342,0.5638297872340425,0.6022727272727272,29.014311963692307,0.6707317073170732,0.5851063829787234,0.6250000000000001,44.592635007575154,X,X,0.0,0.02272727272727293,51-100
0000213_03478_d_0000242.jpg,115,YOLOv13-X,YOLOv13-X,1,0.7553191489361702,0.6173913043478261,0.6794258373205742,50.33140996238217,0.7553191489361702,0.6173913043478261,0.6794258373205742,0.6344086021505376,0.5130434782608696,0.5673076923076923,18.66139698540792,0.6875,0.5739130434782609,0.6255924170616114,39.76372303441167,0.6764705882352942,0.6,0.6359447004608295,32.86095301155001,0.7553191489361702,0.6173913043478261,0.6794258373205742,61.24656100291759,X,X,0.0,0.04348113685974464,100+
0000213_03920_d_0000243.jpg,164,YOLOv13-L,YOLOv13-X,0,0.6153846153846154,0.5365853658536586,0.5732899022801303,69.80515300529078,0.7014925373134329,0.573170731707317,0.6308724832214765,0.6804123711340206,0.4024390243902439,0.5057471264367815,41.64559603668749,0.680672268907563,0.4939024390243902,0.5724381625441697,15.186684031505138,0.6153846153846154,0.5365853658536586,0.5732899022801303,62.66098300693557,0.7014925373134329,0.573170731707317,0.6308724832214765,54.829469008836895,L,X,0.05758258094134616,0.05758258094134616,100+
0000213_04405_d_0000244.jpg,106,YOLOv13-L,YOLOv13-X,0,0.6666666666666666,0.5094339622641509,0.5775401069518716,66.53405097313225,0.7,0.5283018867924528,0.6021505376344085,0.711864406779661,0.3962264150943396,0.5090909090909091,32.38591697299853,0.684931506849315,0.4716981132075472,0.5586592178770949,33.89293001964688,0.6666666666666666,0.5094339622641509,0.5775401069518716,33.347668999340385,0.7,0.5283018867924528,0.6021505376344085,32.183679984882474,L,X,0.024610430682536877,0.024610430682536877,100+
0000213_04998_d_0000245.jpg,137,YOLOv13-L,YOLOv13-L,1,0.7623762376237624,0.5620437956204379,0.6470588235294118,60.65437302459031,0.7623762376237624,0.5620437956204379,0.6470588235294118,0.6463414634146342,0.3868613138686131,0.4840182648401827,22.659970039967448,0.7078651685393258,0.4598540145985401,0.5575221238938053,43.35783200804144,0.7623762376237624,0.5620437956204379,0.6470588235294118,47.6597779779695,0.6896551724137931,0.583941605839416,0.6324110671936759,31.745560001581907,L,L,0.0,0.014647756335735895,100+
0000213_05340_d_0000246.jpg,138,YOLOv13-L,YOLOv13-X,0,0.7155963302752294,0.5652173913043478,0.631578947368421,66.3143300334923,0.7391304347826086,0.6159420289855072,0.6719367588932806,0.7205882352941176,0.3550724637681159,0.4757281553398059,32.63463702751324,0.7011494252873564,0.4420289855072464,0.5422222222222223,19.382931001018733,0.7155963302752294,0.5652173913043478,0.631578947368421,30.118895054329187,0.7391304347826086,0.6159420289855072,0.6719367588932806,47.51085699535906,L,X,0.04035781152485962,0.04035781152485962,100+
0000213_05745_d_0000247.jpg,101,YOLOv13-L,YOLOv13-X,0,0.7865168539325843,0.693069306930693,0.736842105263158,82.1160760242492,0.8,0.7524752475247525,0.7755102040816327,0.8095238095238095,0.504950495049505,0.6219512195121951,39.03885697945952,0.7901234567901234,0.6336633663366337,0.7032967032967031,34.81598902726546,0.7865168539325843,0.693069306930693,0.736842105263158,33.70694100158289,0.8,0.7524752475247525,0.7755102040816327,33.54102198500186,L,X,0.03866809881847477,0.03866809881847477,100+
0000215_00000_d_0000256.jpg,157,YOLOv13-X,YOLOv13-X,1,0.5494505494505495,0.3184713375796178,0.4032258064516129,50.78715493436903,0.5494505494505495,0.3184713375796178,0.4032258064516129,0.5285714285714286,0.2356687898089172,0.3259911894273127,19.683233986143023,0.625,0.286624203821656,0.3930131004366812,41.939246002584696,0.5647058823529412,0.3057324840764331,0.396694214876033,32.69199299393222,0.5494505494505495,0.3184713375796178,0.4032258064516129,34.09342997474596,X,X,0.0,0.006531591575579865,100+
0000215_00447_d_0000257.jpg,53,YOLOv13-X,YOLOv13-L,0,0.6557377049180327,0.7547169811320755,0.7017543859649122,71.84863503789529,0.6896551724137931,0.7547169811320755,0.7207207207207208,0.5909090909090909,0.7358490566037735,0.6554621848739496,37.87844401085749,0.5797101449275363,0.7547169811320755,0.6557377049180327,21.468010963872075,0.6896551724137931,0.7547169811320755,0.7207207207207208,29.98015203047544,0.6557377049180327,0.7547169811320755,0.7017543859649122,32.81812102068216,X,L,0.018966334755808556,0.018966334755808556,51-100
0000215_00909_d_0000258.jpg,93,YOLOv13-X,YOLOv13-L,0,0.78125,0.5376344086021505,0.6369426751592356,56.37319595552981,0.803030303030303,0.5698924731182796,0.6666666666666666,0.6575342465753424,0.5161290322580645,0.5783132530120482,16.867245954927057,0.7575757575757576,0.5376344086021505,0.6289308176100629,40.28603405458853,0.803030303030303,0.5698924731182796,0.6666666666666666,62.416394997853786,0.78125,0.5376344086021505,0.6369426751592356,61.66586402105168,X,L,0.02972399150743099,0.02972399150743099,51-100
0000215_01395_d_0000259.jpg,56,YOLOv13-L,YOLOv13-X,0,0.75,0.8035714285714286,0.7758620689655172,57.81151604605839,0.7666666666666667,0.8214285714285714,0.793103448275862,0.7457627118644068,0.7857142857142857,0.7652173913043477,20.599586016032845,0.7586206896551724,0.7857142857142857,0.7719298245614034,23.465756967198104,0.75,0.8035714285714286,0.7758620689655172,52.5063700042665,0.7666666666666667,0.8214285714285714,0.793103448275862,38.54863799642772,L,X,0.01724137931034475,0.01724137931034475,51-100
0000215_01869_d_0000260.jpg,78,YOLOv13-X,YOLOv13-L,0,0.75,0.6153846153846154,0.676056338028169,79.17820703005418,0.7903225806451613,0.6282051282051282,0.7000000000000001,0.7115384615384616,0.4743589743589743,0.5692307692307692,39.84243900049478,0.6935483870967742,0.5512820512820513,0.6142857142857143,41.62734095007181,0.7903225806451613,0.6282051282051282,0.7000000000000001,55.30142300995067,0.75,0.6153846153846154,0.676056338028169,59.89427899476141,X,L,0.023943661971831065,0.023943661971831065,51-100
0000215_02319_d_0000261.jpg,107,YOLOv13-L,YOLOv13-X,0,0.7205882352941176,0.4579439252336448,0.5599999999999999,74.4037579279393,0.8032786885245902,0.4579439252336448,0.5833333333333334,0.7,0.3925233644859813,0.5029940119760479,37.69180696690455,0.7627118644067796,0.4205607476635514,0.5421686746987953,21.764897042885423,0.7205882352941176,0.4579439252336448,0.5599999999999999,31.42901801038533,0.8032786885245902,0.4579439252336448,0.5833333333333334,49.30620297091082,L,X,0.023333333333333428,0.023333333333333428,100+
0000215_02667_d_0000262.jpg,83,YOLOv13-X,YOLOv13-X,1,0.6382978723404256,0.7228915662650602,0.6779661016949153,71.32538803853095,0.6382978723404256,0.7228915662650602,0.6779661016949153,0.5975609756097561,0.5903614457831325,0.593939393939394,31.261525000445545,0.6625,0.6385542168674698,0.6503067484662576,23.12353299930692,0.6292134831460674,0.6746987951807228,0.6511627906976744,44.064768007956445,0.6382978723404256,0.7228915662650602,0.6779661016949153,18.504699983168397,X,X,0.0,0.02680331099724098,51-100
0000215_02932_d_0000263.jpg,48,YOLOv13-L,YOLOv13-L,1,0.8222222222222222,0.7708333333333334,0.7956989247311829,63.83415701566264,0.8222222222222222,0.7708333333333334,0.7956989247311829,0.7837837837837838,0.6041666666666666,0.6823529411764706,25.906717986799777,0.868421052631579,0.6875,0.7674418604651162,35.87917401455343,0.8222222222222222,0.7708333333333334,0.7956989247311829,63.4707459830679,0.75,0.6875,0.717391304347826,56.625753990374506,L,L,0.0,0.028257064266066667,21-50
0000215_03226_d_0000264.jpg,23,YOLOv13-L,YOLOv13-S,0,0.7727272727272727,0.7391304347826086,0.7555555555555555,60.2065270068124,0.8421052631578947,0.6956521739130435,0.761904761904762,0.5789473684210527,0.4782608695652174,0.5238095238095238,22.386519995052367,0.8421052631578947,0.6956521739130435,0.761904761904762,36.033379030413926,0.7727272727272727,0.7391304347826086,0.7555555555555555,60.43466198025271,0.7727272727272727,0.7391304347826086,0.7555555555555555,58.5870899958536,L,S,0.006349206349206438,0.006349206349206438,21-50
0000216_00520_d_0000001.jpg,109,YOLOv13-L,YOLOv13-X,0,0.8333333333333334,0.5045871559633027,0.6285714285714286,66.03507400723174,0.8028169014084507,0.5229357798165137,0.6333333333333333,0.78125,0.4587155963302752,0.5780346820809249,26.0294409818016,0.8153846153846154,0.4862385321100917,0.6091954022988506,22.15412800433114,0.8333333333333334,0.5045871559633027,0.6285714285714286,35.15918203629553,0.8028169014084507,0.5229357798165137,0.6333333333333333,45.54618499241769,L,X,0.004761904761904745,0.004761904761904745,100+
0000220_01242_d_0000004.jpg,37,YOLOv13-X,YOLOv13-X,1,0.7619047619047619,0.4324324324324324,0.5517241379310345,57.332805066835135,0.7619047619047619,0.4324324324324324,0.5517241379310345,0.8666666666666667,0.3513513513513513,0.5000000000000001,22.72414503386244,0.7058823529411765,0.3243243243243243,0.4444444444444445,32.50972100067884,0.75,0.4054054054054054,0.5263157894736842,37.60913497535512,0.7619047619047619,0.4324324324324324,0.5517241379310345,35.139061976224184,X,X,0.0,0.025408348457350294,21-50
0000223_01802_d_0000005.jpg,64,YOLOv13-X,YOLOv13-L,0,0.8372093023255814,0.5625,0.6728971962616822,72.64788600150496,0.8604651162790697,0.578125,0.6915887850467289,0.6216216216216216,0.359375,0.4554455445544554,42.70103597082198,0.7619047619047619,0.5,0.6037735849056604,21.06548799201846,0.8604651162790697,0.578125,0.6915887850467289,33.798594027757645,0.8372093023255814,0.5625,0.6728971962616822,39.09805999137461,X,L,0.01869158878504673,0.01869158878504673,51-100
0000237_00001_d_0000001.jpg,15,YOLOv13-L,YOLOv13-X,0,0.625,0.3333333333333333,0.4347826086956521,77.80257699778304,0.8571428571428571,0.4,0.5454545454545455,0.8333333333333334,0.3333333333333333,0.4761904761904761,36.91893699578941,0.6666666666666666,0.2666666666666666,0.3809523809523809,36.29561996785924,0.625,0.3333333333333333,0.4347826086956521,54.84888103092089,0.8571428571428571,0.4,0.5454545454545455,31.15897299721837,L,X,0.11067193675889342,0.06926406926406942,11-20
0000242_00001_d_0000001.jpg,42,YOLOv13-L,YOLOv13-X,0,0.75,0.6428571428571429,0.6923076923076924,63.61205800203607,0.8125,0.6190476190476191,0.7027027027027026,0.6538461538461539,0.4047619047619047,0.5,26.168990996666253,0.7857142857142857,0.5238095238095238,0.6285714285714286,33.53880898794159,0.75,0.6428571428571429,0.6923076923076924,26.86497697141021,0.8125,0.6190476190476191,0.7027027027027026,41.13613796653226,L,X,0.010395010395010229,0.010395010395010229,21-50
0000242_00500_d_0000002.jpg,53,YOLOv13-L,YOLOv13-X,0,0.7647058823529411,0.490566037735849,0.5977011494252874,48.55847998987883,0.7878787878787878,0.490566037735849,0.6046511627906975,0.7272727272727273,0.3018867924528302,0.4266666666666667,12.638051994144917,0.6875,0.4150943396226415,0.5176470588235295,23.23718299157917,0.7647058823529411,0.490566037735849,0.5977011494252874,16.39093697303906,0.7878787878787878,0.490566037735849,0.6046511627906975,44.79113197885454,L,X,0.006950013365410124,0.006950013365410124,51-100
0000242_00627_d_0000003.jpg,45,YOLOv13-L,YOLOv13-X,0,0.7741935483870968,0.5333333333333333,0.631578947368421,85.76027298113331,0.8181818181818182,0.6,0.6923076923076923,0.8,0.4444444444444444,0.5714285714285714,39.519126003142446,0.696969696969697,0.5111111111111111,0.5897435897435898,30.84889898309484,0.7741935483870968,0.5333333333333333,0.631578947368421,58.19823103956878,0.8181818181818182,0.6,0.6923076923076923,36.423636018298566,L,X,0.06072874493927127,0.06072874493927127,21-50
0000242_00843_d_0000004.jpg,2,YOLOv13-N,YOLOv13-X,0,0.6666666666666666,1.0,0.8,36.49949899408966,1.0,1.0,1.0,0.6666666666666666,1.0,0.8,36.49949899408966,0.6666666666666666,1.0,0.8,16.665261995512992,0.6666666666666666,1.0,0.8,25.350589014124125,1.0,1.0,1.0,41.37315595289692,N,X,0.19999999999999996,0.19999999999999996,0-5
0000242_00963_d_0000005.jpg,13,YOLOv13-S,YOLOv13-L,0,0.4545454545454545,0.3846153846153846,0.4166666666666666,62.0554179768078,0.5833333333333334,0.5384615384615384,0.5599999999999999,0.6666666666666666,0.4615384615384615,0.5454545454545455,40.37930001504719,0.4545454545454545,0.3846153846153846,0.4166666666666666,19.61805997416377,0.5833333333333334,0.5384615384615384,0.5599999999999999,35.913506988435984,0.5384615384615384,0.5384615384615384,0.5384615384615384,29.62200902402401,S,L,0.14333333333333337,0.014545454545454417,11-20
0000242_01139_d_0000006.jpg,72,YOLOv13-X,YOLOv13-X,1,0.7291666666666666,0.4861111111111111,0.5833333333333334,47.467562020756304,0.7291666666666666,0.4861111111111111,0.5833333333333334,0.627906976744186,0.375,0.4695652173913043,16.320344991981983,0.7435897435897436,0.4027777777777778,0.5225225225225226,19.48018599068746,0.66,0.4583333333333333,0.540983606557377,43.76395000144839,0.7291666666666666,0.4861111111111111,0.5833333333333334,42.96893399441615,X,X,0.0,0.04234972677595639,51-100
0000242_01475_d_0000007.jpg,65,YOLOv13-L,YOLOv13-L,1,0.8771929824561403,0.7692307692307693,0.819672131147541,52.48392099747434,0.8771929824561403,0.7692307692307693,0.819672131147541,0.803921568627451,0.6307692307692307,0.7068965517241379,29.592879000119865,0.8070175438596491,0.7076923076923077,0.7540983606557378,19.296129001304507,0.8771929824561403,0.7692307692307693,0.819672131147541,59.591258992441,0.85,0.7846153846153846,0.816,44.63137499988079,L,L,0.0,0.003672131147541058,51-100
0000242_01912_d_0000008.jpg,50,YOLOv13-X,YOLOv13-L,0,0.9130434782608696,0.42,0.5753424657534246,64.86475002020597,0.9565217391304348,0.44,0.6027397260273973,0.782608695652174,0.36,0.4931506849315068,30.108459992334247,0.8260869565217391,0.38,0.5205479452054794,18.400977016426623,0.9565217391304348,0.44,0.6027397260273973,38.168955012224615,0.9130434782608696,0.42,0.5753424657534246,20.96379001159221,X,L,0.027397260273972712,0.027397260273972712,21-50
0000242_02400_d_0000009.jpg,34,YOLOv13-L,YOLOv13-L,1,0.8333333333333334,0.7352941176470589,0.78125,46.17739701643586,0.8333333333333334,0.7352941176470589,0.78125,0.75,0.5294117647058824,0.6206896551724139,20.73354402091354,0.8,0.7058823529411765,0.7500000000000001,31.92919195862487,0.8333333333333334,0.7352941176470589,0.78125,22.64083398040384,0.7878787878787878,0.7647058823529411,0.7761194029850745,32.03401900827885,L,L,0.0,0.005130597014925464,21-50
0000242_02762_d_0000010.jpg,33,YOLOv13-L,YOLOv13-S,0,0.875,0.8484848484848485,0.8615384615384615,45.66022398648784,0.9310344827586208,0.8181818181818182,0.8709677419354839,0.8571428571428571,0.7272727272727273,0.7868852459016394,20.535991992801428,0.9310344827586208,0.8181818181818182,0.8709677419354839,28.139008965808895,0.875,0.8484848484848485,0.8615384615384615,55.63496402464807,0.875,0.8484848484848485,0.8615384615384615,34.49412598274648,L,S,0.0094292803970224,0.0094292803970224,21-50
0000242_03199_d_0000011.jpg,9,YOLOv13-L,YOLOv13-L,1,1.0,0.8888888888888888,0.9411764705882352,78.13307497417554,1.0,0.8888888888888888,0.9411764705882352,0.7,0.7777777777777778,0.7368421052631577,40.73027294361964,1.0,0.7777777777777778,0.8750000000000001,19.69309104606509,1.0,0.8888888888888888,0.9411764705882352,29.40432104514912,1.0,0.8888888888888888,0.9411764705882352,30.039208009839054,L,L,0.0,0.0,6-10
0000242_03668_d_0000012.jpg,41,YOLOv13-L,YOLOv13-X,0,0.7777777777777778,0.5121951219512195,0.6176470588235294,53.50187193835154,0.7857142857142857,0.5365853658536586,0.6376811594202899,0.85,0.4146341463414634,0.5573770491803278,19.400328979827464,0.8333333333333334,0.4878048780487805,0.6153846153846153,19.64235596824437,0.7777777777777778,0.5121951219512195,0.6176470588235294,29.471231973730028,0.7857142857142857,0.5365853658536586,0.6376811594202899,49.727568984963,L,X,0.020034100596760474,0.020034100596760474,21-50
0000242_04116_d_0000013.jpg,8,YOLOv13-L,YOLOv13-X,0,0.5714285714285714,0.5,0.5333333333333333,53.01922297803685,0.8333333333333334,0.625,0.7142857142857143,0.5714285714285714,0.5,0.5333333333333333,22.34457898885012,0.5,0.375,0.4285714285714285,38.846367970108986,0.5714285714285714,0.5,0.5333333333333333,40.93445296166465,0.8333333333333334,0.625,0.7142857142857143,56.65835796389729,L,X,0.18095238095238098,0.18095238095238098,6-10
0000242_04600_d_0000014.jpg,29,YOLOv13-X,YOLOv13-S,0,0.6486486486486487,0.8275862068965517,0.7272727272727273,67.20978498924524,0.71875,0.7931034482758621,0.7540983606557378,0.6896551724137931,0.6896551724137931,0.6896551724137931,32.89039799710736,0.71875,0.7931034482758621,0.7540983606557378,21.247829019557685,0.6857142857142857,0.8275862068965517,0.75,31.212661997415125,0.6486486486486487,0.8275862068965517,0.7272727272727273,29.832655971404165,X,S,0.026825633383010472,0.004098360655737765,21-50
0000242_05059_d_0000015.jpg,37,YOLOv13-L,YOLOv13-L,1,0.875,0.3783783783783784,0.5283018867924528,49.68471702886745,0.875,0.3783783783783784,0.5283018867924528,0.75,0.2432432432432432,0.3673469387755103,18.104241986293346,0.8333333333333334,0.2702702702702703,0.4081632653061225,23.381125007290397,0.875,0.3783783783783784,0.5283018867924528,39.78868498234078,0.875,0.3783783783783784,0.5283018867924528,34.96202500537038,L,L,0.0,0.0,21-50
0000242_05570_d_0000016.jpg,32,YOLOv13-X,YOLOv13-L,0,0.8571428571428571,0.5625,0.6792452830188678,70.68477000575513,0.9,0.5625,0.6923076923076923,0.8235294117647058,0.4375,0.5714285714285714,40.10354803176597,0.7368421052631579,0.4375,0.5490196078431372,17.896893026772887,0.9,0.5625,0.6923076923076923,18.10551999369636,0.8571428571428571,0.5625,0.6792452830188678,39.715652994345874,X,L,0.013062409288824517,0.013062409288824517,21-50
0000242_06010_d_0000017.jpg,41,YOLOv13-N,YOLOv13-X,0,0.8571428571428571,0.1463414634146341,0.25,41.22482502134517,0.9,0.2195121951219512,0.3529411764705882,0.8571428571428571,0.1463414634146341,0.25,41.22482502134517,1.0,0.1463414634146341,0.2553191489361702,31.098768988158557,0.8,0.1951219512195122,0.3137254901960785,40.319001011084765,0.9,0.2195121951219512,0.3529411764705882,60.3222040226683,N,X,0.1029411764705882,0.03921568627450972,21-50
0000242_06452_d_0000018.jpg,12,YOLOv13-L,YOLOv13-X,0,0.6,0.5,0.5454545454545454,66.39095797436312,0.8,0.6666666666666666,0.7272727272727272,0.625,0.4166666666666667,0.5,34.4670380000025,0.7,0.5833333333333334,0.6363636363636365,28.84032402653247,0.6,0.5,0.5454545454545454,28.59951602295041,0.8,0.6666666666666666,0.7272727272727272,31.194836948998272,L,X,0.18181818181818177,0.09090909090909072,11-20
0000244_00001_d_0000001.jpg,46,YOLOv13-X,YOLOv13-X,1,0.717948717948718,0.6086956521739131,0.6588235294117647,54.14742900757119,0.717948717948718,0.6086956521739131,0.6588235294117647,0.7407407407407407,0.4347826086956521,0.5479452054794521,17.841938009951264,0.75,0.5217391304347826,0.6153846153846153,15.152011008467523,0.75,0.5869565217391305,0.6585365853658538,21.141535020433366,0.717948717948718,0.6086956521739131,0.6588235294117647,45.4865989740938,X,X,0.0,0.0002869440459108974,21-50
0000244_00500_d_0000002.jpg,32,YOLOv13-X,YOLOv13-L,0,0.4827586206896552,0.4375,0.4590163934426229,46.38836096273735,0.5384615384615384,0.4375,0.4827586206896552,0.5,0.34375,0.4074074074074074,20.24726598756388,0.5454545454545454,0.375,0.4444444444444444,15.467151999473572,0.5384615384615384,0.4375,0.4827586206896552,35.28122400166467,0.4827586206896552,0.4375,0.4590163934426229,31.96953801671043,X,L,0.023742227247032288,0.023742227247032288,21-50
0000244_01000_d_0000003.jpg,122,YOLOv13-X,YOLOv13-X,1,0.7111111111111111,0.2622950819672131,0.3832335329341318,48.94435202004388,0.7111111111111111,0.2622950819672131,0.3832335329341318,0.5945945945945946,0.180327868852459,0.2767295597484276,20.409593009389937,0.6153846153846154,0.1967213114754098,0.2981366459627329,41.01829300634563,0.6363636363636364,0.2295081967213114,0.3373493975903614,31.486915017012507,0.7111111111111111,0.2622950819672131,0.3832335329341318,31.264299002941694,X,X,0.0,0.045884135343770394,100+
0000244_01500_d_0000004.jpg,96,YOLOv13-X,YOLOv13-X,1,0.7647058823529411,0.40625,0.5306122448979592,47.80690505867824,0.7647058823529411,0.40625,0.5306122448979592,0.4705882352941176,0.25,0.3265306122448979,18.807239015586678,0.6111111111111112,0.34375,0.44,18.05138296913356,0.6666666666666666,0.4166666666666667,0.5128205128205129,58.810374001041055,0.7647058823529411,0.40625,0.5306122448979592,44.711880036629736,X,X,0.0,0.01779173207744633,51-100
0000244_02000_d_0000005.jpg,129,YOLOv13-X,YOLOv13-L,0,0.6666666666666666,0.3720930232558139,0.4776119402985074,66.03400298627093,0.676056338028169,0.3720930232558139,0.48,0.6507936507936508,0.3178294573643411,0.4270833333333333,19.96730698738247,0.6025641025641025,0.3643410852713178,0.4541062801932367,20.727269002236422,0.676056338028169,0.3720930232558139,0.48,31.33990097558126,0.6666666666666666,0.3720930232558139,0.4776119402985074,32.743406016379595,X,L,0.002388059701492584,0.002388059701492584,100+
0000244_02500_d_0000006.jpg,113,YOLOv13-X,YOLOv13-X,1,0.7571428571428571,0.4690265486725664,0.5792349726775956,66.4503340376541,0.7571428571428571,0.4690265486725664,0.5792349726775956,0.5614035087719298,0.2831858407079646,0.3764705882352941,20.826967025641352,0.5921052631578947,0.3982300884955752,0.4761904761904761,35.821339988615364,0.734375,0.415929203539823,0.5310734463276836,20.978150016162544,0.7571428571428571,0.4690265486725664,0.5792349726775956,45.50617799395695,X,X,0.0,0.048161526349912,100+
0000244_03000_d_0000007.jpg,44,YOLOv13-L,YOLOv13-X,0,0.7307692307692307,0.4318181818181818,0.5428571428571428,45.49695597961545,0.8076923076923077,0.4772727272727273,0.6000000000000001,0.75,0.4090909090909091,0.5294117647058824,16.3465459481813,0.7083333333333334,0.3863636363636363,0.5,18.297305970918387,0.7307692307692307,0.4318181818181818,0.5428571428571428,26.495266996789724,0.8076923076923077,0.4772727272727273,0.6000000000000001,44.019695022143424,L,X,0.05714285714285727,0.05714285714285727,21-50
0000244_03500_d_0000008.jpg,146,YOLOv13-X,YOLOv13-L,0,0.6571428571428571,0.3150684931506849,0.4259259259259259,48.44234499614686,0.7627118644067796,0.3082191780821918,0.4390243902439025,0.6060606060606061,0.136986301369863,0.2234636871508379,22.25701400311664,0.6792452830188679,0.2465753424657534,0.3618090452261306,17.6883380045183,0.7627118644067796,0.3082191780821918,0.4390243902439025,39.300221018493176,0.6571428571428571,0.3150684931506849,0.4259259259259259,34.965943021234125,X,L,0.013098464317976621,0.013098464317976621,100+
0000244_04000_d_0000009.jpg,56,YOLOv13-X,YOLOv13-S,0,0.3409090909090909,0.5357142857142857,0.4166666666666666,45.17088999273256,0.3493975903614458,0.5178571428571429,0.4172661870503598,0.32,0.4285714285714285,0.366412213740458,21.67339902371168,0.3493975903614458,0.5178571428571429,0.4172661870503598,16.133206023368984,0.2954545454545454,0.4642857142857143,0.3611111111111111,30.54609301034361,0.3409090909090909,0.5357142857142857,0.4166666666666666,32.258479041047394,X,S,0.0005995203836932084,0.0005995203836932084,51-100
0000244_04400_d_0000010.jpg,101,YOLOv13-X,YOLOv13-X,1,0.7126436781609196,0.6138613861386139,0.6595744680851064,46.91820906009525,0.7126436781609196,0.6138613861386139,0.6595744680851064,0.6666666666666666,0.4554455445544554,0.5411764705882353,20.7887000287883,0.6626506024096386,0.5445544554455446,0.5978260869565218,19.9918290018104,0.7108433734939759,0.5841584158415841,0.6413043478260868,28.880400001071397,0.7126436781609196,0.6138613861386139,0.6595744680851064,50.000682997051626,X,X,0.0,0.01827012025901964,100+
0000244_04900_d_0000011.jpg,106,YOLOv13-L,YOLOv13-X,0,0.8673469387755102,0.8018867924528302,0.8333333333333334,60.80880796071142,0.8842105263157894,0.7924528301886793,0.8358208955223881,0.7303370786516854,0.6132075471698113,0.6666666666666666,21.33787499042228,0.7551020408163265,0.6981132075471698,0.7254901960784315,21.1736029596068,0.8673469387755102,0.8018867924528302,0.8333333333333334,23.44289794564247,0.8842105263157894,0.7924528301886793,0.8358208955223881,21.10920898849145,L,X,0.0024875621890547706,0.0024875621890547706,100+
0000244_05400_d_0000012.jpg,90,YOLOv13-X,YOLOv13-S,0,0.6805555555555556,0.5444444444444444,0.6049382716049382,67.41284095915034,0.7758620689655172,0.5,0.608108108108108,0.7551020408163265,0.4111111111111111,0.5323741007194244,39.39533798256889,0.7758620689655172,0.5,0.608108108108108,39.92273099720478,0.7014925373134329,0.5222222222222223,0.5987261146496816,33.523014979436994,0.6805555555555556,0.5444444444444444,0.6049382716049382,31.97913203621283,X,S,0.0031698365031698206,0.0031698365031698206,51-100
0000244_05900_d_0000013.jpg,66,YOLOv13-L,YOLOv13-X,0,0.7297297297297297,0.4090909090909091,0.5242718446601942,42.97860804945231,0.7142857142857143,0.4545454545454545,0.5555555555555556,0.75,0.3636363636363636,0.4897959183673468,17.849798023235053,0.7714285714285715,0.4090909090909091,0.5346534653465347,21.404771017841995,0.7297297297297297,0.4090909090909091,0.5242718446601942,39.88390596350655,0.7142857142857143,0.4545454545454545,0.5555555555555556,29.43971601780504,L,X,0.031283710895361416,0.020902090209020896,51-100
0000244_06388_d_0000014.jpg,46,YOLOv13-X,YOLOv13-X,1,0.8285714285714286,0.6304347826086957,0.7160493827160495,52.462149993516505,0.8285714285714286,0.6304347826086957,0.7160493827160495,0.7692307692307693,0.4347826086956521,0.5555555555555555,19.31033201981336,0.6785714285714286,0.4130434782608695,0.5135135135135135,34.74751400062814,0.7058823529411765,0.5217391304347826,0.6,47.00382601004094,0.8285714285714286,0.6304347826086957,0.7160493827160495,29.4723539846018,X,X,0.0,0.11604938271604948,21-50
0000249_00001_d_0000001.jpg,80,YOLOv13-X,YOLOv13-X,1,0.8444444444444444,0.475,0.608,49.135415989439934,0.8444444444444444,0.475,0.608,0.7441860465116279,0.4,0.5203252032520326,20.51697799470276,0.723404255319149,0.425,0.5354330708661418,20.49917896511033,0.7346938775510204,0.45,0.5581395348837209,27.901971014216542,0.8444444444444444,0.475,0.608,30.093862034846097,X,X,0.0,0.04986046511627906,51-100
0000249_00235_d_0000002.jpg,85,YOLOv13-L,YOLOv13-X,0,0.64,0.3764705882352941,0.474074074074074,47.82345000421629,0.66,0.388235294117647,0.4888888888888889,0.5813953488372093,0.2941176470588235,0.390625,19.802491005975757,0.625,0.3529411764705882,0.4511278195488722,20.026416052132845,0.64,0.3764705882352941,0.474074074074074,30.494147969875485,0.66,0.388235294117647,0.4888888888888889,32.24803099874407,L,X,0.014814814814814892,0.014814814814814892,51-100
0000249_00603_d_0000003.jpg,48,YOLOv13-L,YOLOv13-X,0,0.6666666666666666,0.3333333333333333,0.4444444444444444,63.57601401396096,0.7391304347826086,0.3541666666666667,0.4788732394366197,0.6190476190476191,0.2708333333333333,0.3768115942028985,20.65889601362869,0.5833333333333334,0.2916666666666667,0.3888888888888889,38.939513033255935,0.6666666666666666,0.3333333333333333,0.4444444444444444,43.7705650110729,0.7391304347826086,0.3541666666666667,0.4788732394366197,27.56616601254791,L,X,0.03442879499217527,0.03442879499217527,21-50
0000249_01100_d_0000004.jpg,27,YOLOv13-X,YOLOv13-X,1,0.6875,0.8148148148148148,0.7457627118644067,78.36261799093336,0.6875,0.8148148148148148,0.7457627118644067,0.6956521739130435,0.5925925925925926,0.6399999999999999,36.51937696849927,0.6206896551724138,0.6666666666666666,0.6428571428571429,33.21870299987495,0.6129032258064516,0.7037037037037037,0.6551724137931035,63.22092999471352,0.6875,0.8148148148148148,0.7457627118644067,36.43906599609181,X,X,0.0,0.09059029807130314,21-50
0000249_01514_d_0000005.jpg,51,YOLOv13-L,YOLOv13-S,0,0.8333333333333334,0.6862745098039216,0.7526881720430109,55.25472905719653,0.8536585365853658,0.6862745098039216,0.7608695652173912,0.84375,0.5294117647058824,0.6506024096385543,20.498990023043007,0.8536585365853658,0.6862745098039216,0.7608695652173912,19.36971500981599,0.8333333333333334,0.6862745098039216,0.7526881720430109,32.61944401310757,0.8292682926829268,0.6666666666666666,0.7391304347826086,32.61291200760752,L,S,0.00818139317438038,0.00818139317438038,51-100
0000249_01635_d_0000006.jpg,80,YOLOv13-X,YOLOv13-L,0,0.7727272727272727,0.425,0.5483870967741935,51.41311802435666,0.8372093023255814,0.45,0.5853658536585366,0.75,0.3375,0.4655172413793104,19.721588003449146,0.8048780487804879,0.4125,0.5454545454545455,16.830281005240977,0.8372093023255814,0.45,0.5853658536585366,35.49235698301345,0.7727272727272727,0.425,0.5483870967741935,29.57374800462276,X,L,0.036978756884343045,0.036978756884343045,51-100
0000249_02073_d_0000007.jpg,67,YOLOv13-L,YOLOv13-S,0,0.8695652173913043,0.2985074626865671,0.4444444444444444,43.8098959857598,0.8076923076923077,0.3134328358208955,0.4516129032258065,0.7,0.208955223880597,0.3218390804597701,16.662571986671537,0.8076923076923077,0.3134328358208955,0.4516129032258065,28.40324002318084,0.8695652173913043,0.2985074626865671,0.4444444444444444,29.202439996879548,0.8333333333333334,0.2985074626865671,0.4395604395604395,30.56813299190253,L,S,0.007168458781362075,0.007168458781362075,51-100
0000249_02468_d_0000008.jpg,18,YOLOv13-L,YOLOv13-X,0,0.4375,0.3888888888888889,0.411764705882353,61.63416698109359,0.4736842105263157,0.5,0.4864864864864865,0.3846153846153846,0.2777777777777778,0.3225806451612903,20.163572975434363,0.4,0.3333333333333333,0.3636363636363636,17.7244950318709,0.4375,0.3888888888888889,0.411764705882353,30.546911992132664,0.4736842105263157,0.5,0.4864864864864865,29.924826056230813,L,X,0.07472178060413354,0.07472178060413354,11-20
0000249_02900_d_0000009.jpg,101,YOLOv13-X,YOLOv13-X,1,0.7727272727272727,0.504950495049505,0.6107784431137724,48.85368800023571,0.7727272727272727,0.504950495049505,0.6107784431137724,0.7272727272727273,0.396039603960396,0.5128205128205128,20.270515989977863,0.6984126984126984,0.4356435643564356,0.5365853658536586,16.95136196212843,0.7246376811594203,0.495049504950495,0.5882352941176471,56.12794199259952,0.7727272727272727,0.504950495049505,0.6107784431137724,40.50804302096367,X,X,0.0,0.022543148996125306,100+
0000249_03400_d_0000010.jpg,92,YOLOv13-X,YOLOv13-X,1,0.7848101265822784,0.6739130434782609,0.7251461988304092,51.12928699236363,0.7848101265822784,0.6739130434782609,0.7251461988304092,0.6428571428571429,0.4891304347826087,0.5555555555555556,24.96703201904893,0.6891891891891891,0.5543478260869565,0.6144578313253013,27.201880991924558,0.7560975609756098,0.6739130434782609,0.7126436781609194,39.70196703448892,0.7848101265822784,0.6739130434782609,0.7251461988304092,20.415620994754136,X,X,0.0,0.012502520669489758,51-100
0000249_03900_d_0000011.jpg,85,YOLOv13-X,YOLOv13-X,1,0.7450980392156863,0.4470588235294118,0.5588235294117647,73.59575497685,0.7450980392156863,0.4470588235294118,0.5588235294117647,0.6190476190476191,0.3058823529411765,0.4094488188976378,29.963254986796528,0.7619047619047619,0.3764705882352941,0.5039370078740157,34.72501703072339,0.782608695652174,0.4235294117647059,0.549618320610687,31.51483298279345,0.7450980392156863,0.4470588235294118,0.5588235294117647,29.58569803740829,X,X,0.0,0.009205208801077669,51-100
0000253_00001_d_0000001.jpg,106,YOLOv13-L,YOLOv13-L,1,0.8235294117647058,0.7924528301886793,0.8076923076923077,53.04648500168696,0.8235294117647058,0.7924528301886793,0.8076923076923077,0.7835051546391752,0.7169811320754716,0.7487684729064039,16.56965195434168,0.7864077669902912,0.7641509433962265,0.7751196172248804,21.77996898535639,0.8235294117647058,0.7924528301886793,0.8076923076923077,31.20182704878971,0.7685185185185185,0.7830188679245284,0.7757009345794392,46.0138029884547,L,L,0.0,0.03199137311286848,100+
0000256_00715_d_0000019.jpg,90,YOLOv13-X,YOLOv13-X,1,0.7333333333333333,0.4888888888888889,0.5866666666666667,59.7567210206762,0.7333333333333333,0.4888888888888889,0.5866666666666667,0.5409836065573771,0.3666666666666666,0.4370860927152318,22.96538499649614,0.6833333333333333,0.4555555555555555,0.5466666666666666,21.85747300973162,0.6935483870967742,0.4777777777777778,0.5657894736842105,32.22830803133547,0.7333333333333333,0.4888888888888889,0.5866666666666667,33.33161398768425,X,X,0.0,0.02087719298245616,51-100
0000256_02173_d_0000030.jpg,47,YOLOv13-L,YOLOv13-X,0,0.6470588235294118,0.4680851063829787,0.54320987654321,80.1256030681543,0.6578947368421053,0.5319148936170213,0.5882352941176471,0.6470588235294118,0.2340425531914893,0.34375,42.51927701989189,0.6,0.3191489361702128,0.4166666666666667,22.2593629732728,0.6470588235294118,0.4680851063829787,0.54320987654321,30.04381502978504,0.6578947368421053,0.5319148936170213,0.5882352941176471,31.589801015798,L,X,0.04502541757443712,0.04502541757443712,21-50
0000263_02401_d_0000179.jpg,17,YOLOv13-N,YOLOv13-X,0,0.8666666666666667,0.7647058823529411,0.8125,25.045676971785724,0.8823529411764706,0.8823529411764706,0.8823529411764706,0.8666666666666667,0.7647058823529411,0.8125,25.045676971785724,0.8,0.7058823529411765,0.7500000000000001,16.742278006859124,0.8571428571428571,0.7058823529411765,0.7741935483870968,37.94241597643122,0.8823529411764706,0.8823529411764706,0.8823529411764706,43.62776601919904,N,X,0.06985294117647056,0.06985294117647056,11-20
0000269_00001_d_0000348.jpg,128,YOLOv13-X,YOLOv13-L,0,0.8135593220338984,0.375,0.5133689839572193,81.80487400386482,0.8032786885245902,0.3828125,0.5185185185185185,0.8,0.34375,0.4808743169398907,40.80723400693387,0.8113207547169812,0.3359375,0.4751381215469614,39.80274603236467,0.8032786885245902,0.3828125,0.5185185185185185,33.081561035942286,0.8135593220338984,0.375,0.5133689839572193,27.085435984190557,X,L,0.005149534561299185,0.005149534561299185,100+
0000269_00201_d_0000349.jpg,47,YOLOv13-X,YOLOv13-X,1,0.640625,0.8723404255319149,0.7387387387387387,64.33321302756667,0.640625,0.8723404255319149,0.7387387387387387,0.5606060606060606,0.7872340425531915,0.6548672566371682,38.33101503551006,0.6129032258064516,0.8085106382978723,0.6972477064220183,20.9202750120312,0.5571428571428572,0.8297872340425532,0.6666666666666667,33.17602403694764,0.640625,0.8723404255319149,0.7387387387387387,59.89135598065332,X,X,0.0,0.041491032316720466,21-50
0000269_00601_d_0000351.jpg,93,YOLOv13-X,YOLOv13-X,1,0.8405797101449275,0.6236559139784946,0.7160493827160493,63.15489899134264,0.8405797101449275,0.6236559139784946,0.7160493827160493,0.746031746031746,0.5053763440860215,0.6025641025641026,32.216481980867684,0.796875,0.5483870967741935,0.6496815286624203,20.982785965316,0.7638888888888888,0.5913978494623656,0.6666666666666667,39.6013290155679,0.8405797101449275,0.6236559139784946,0.7160493827160493,41.21934896102175,X,X,0.0,0.0493827160493826,51-100
0000271_00001_d_0000374.jpg,58,YOLOv13-L,YOLOv13-X,0,0.6724137931034483,0.6724137931034483,0.6724137931034483,48.50540298502892,0.7450980392156863,0.6551724137931034,0.6972477064220184,0.5333333333333333,0.4137931034482758,0.4660194174757281,20.32633201451972,0.7291666666666666,0.603448275862069,0.6603773584905661,29.2801299947314,0.6724137931034483,0.6724137931034483,0.6724137931034483,60.06545800482854,0.7450980392156863,0.6551724137931034,0.6972477064220184,57.80691502150148,L,X,0.0248339133185701,0.0248339133185701,51-100
0000271_00201_d_0000375.jpg,75,YOLOv13-X,YOLOv13-L,0,0.65,0.6933333333333334,0.670967741935484,72.77815707493573,0.6973684210526315,0.7066666666666667,0.7019867549668874,0.6031746031746031,0.5066666666666667,0.5507246376811594,32.81360003165901,0.7076923076923077,0.6133333333333333,0.657142857142857,35.03737004939467,0.6973684210526315,0.7066666666666667,0.7019867549668874,47.45452501811087,0.65,0.6933333333333334,0.670967741935484,32.922109006904066,X,L,0.03101901303140342,0.03101901303140342,51-100
0000271_00401_d_0000376.jpg,25,YOLOv13-X,YOLOv13-X,1,0.55,0.44,0.4888888888888889,57.36343003809452,0.55,0.44,0.4888888888888889,0.4583333333333333,0.44,0.4489795918367347,22.03092904528603,0.5238095238095238,0.44,0.4782608695652174,21.914488985203207,0.4736842105263157,0.36,0.409090909090909,29.39773496473208,0.55,0.44,0.4888888888888889,40.54293700028211,X,X,0.0,0.010628019323671467,21-50
0000271_00601_d_0000377.jpg,79,YOLOv13-X,YOLOv13-X,1,0.6764705882352942,0.5822784810126582,0.6258503401360545,62.98428104491904,0.6764705882352942,0.5822784810126582,0.6258503401360545,0.6491228070175439,0.4683544303797468,0.5441176470588235,39.96922500664368,0.625,0.5063291139240507,0.5594405594405595,21.69378602411598,0.6197183098591549,0.5569620253164557,0.5866666666666667,28.04264600854367,0.6764705882352942,0.5822784810126582,0.6258503401360545,43.46184601308778,X,X,0.0,0.03918367346938778,51-100
0000271_00801_d_0000378.jpg,63,YOLOv13-L,YOLOv13-X,0,0.4861111111111111,0.5555555555555556,0.5185185185185186,53.27172705437988,0.4931506849315068,0.5714285714285714,0.5294117647058824,0.6170212765957447,0.4603174603174603,0.5272727272727272,19.035471021197736,0.4923076923076923,0.5079365079365079,0.5,33.30947400536388,0.4861111111111111,0.5555555555555556,0.5185185185185186,63.6806589900516,0.4931506849315068,0.5714285714285714,0.5294117647058824,36.98495397111401,L,X,0.010893246187363759,0.002139037433155133,51-100
0000271_01201_d_0000379.jpg,59,YOLOv13-X,YOLOv13-X,1,0.6727272727272727,0.6271186440677966,0.6491228070175439,45.26061000069603,0.6727272727272727,0.6271186440677966,0.6491228070175439,0.6153846153846154,0.4067796610169492,0.4897959183673469,21.140029013622552,0.5777777777777777,0.4406779661016949,0.5,20.5448679625988,0.6530612244897959,0.5423728813559322,0.5925925925925926,61.49035197449848,0.6727272727272727,0.6271186440677966,0.6491228070175439,59.63348498335108,X,X,0.0,0.05653021442495132,51-100
0000271_01401_d_0000380.jpg,55,YOLOv13-X,YOLOv13-X,1,0.72,0.6545454545454545,0.6857142857142857,50.93404703075066,0.72,0.6545454545454545,0.6857142857142857,0.6818181818181818,0.5454545454545454,0.6060606060606061,19.48810101021081,0.7045454545454546,0.5636363636363636,0.6262626262626263,32.23946603247896,0.6666666666666666,0.6545454545454545,0.6605504587155963,60.84339297376573,0.72,0.6545454545454545,0.6857142857142857,60.30737399123609,X,X,0.0,0.025163826998689465,51-100
0000271_01601_d_0000381.jpg,48,YOLOv13-L,YOLOv13-X,0,0.8,0.5833333333333334,0.674698795180723,80.38893504999578,0.7380952380952381,0.6458333333333334,0.6888888888888889,0.6666666666666666,0.375,0.4800000000000001,31.336821033619344,0.6111111111111112,0.4583333333333333,0.5238095238095238,22.94930600328371,0.8,0.5833333333333334,0.674698795180723,32.307718007359654,0.7380952380952381,0.6458333333333334,0.6888888888888889,31.61959297722205,L,X,0.01419009370816593,0.01419009370816593,21-50
0000271_02401_d_0000385.jpg,84,YOLOv13-X,YOLOv13-L,0,0.6607142857142857,0.4404761904761904,0.5285714285714285,69.21404803870246,0.75,0.4285714285714285,0.5454545454545454,0.5714285714285714,0.2857142857142857,0.3809523809523809,40.210383012890816,0.5625,0.3214285714285714,0.4090909090909091,23.138392018154263,0.75,0.4285714285714285,0.5454545454545454,43.28746604733169,0.6607142857142857,0.4404761904761904,0.5285714285714285,30.394851986784488,X,L,0.016883116883116944,0.016883116883116944,51-100
0000271_02601_d_0000386.jpg,79,YOLOv13-X,YOLOv13-L,0,0.703125,0.569620253164557,0.6293706293706295,52.37718502758071,0.734375,0.5949367088607594,0.6573426573426573,0.7307692307692307,0.4810126582278481,0.5801526717557252,21.73500700155273,0.7307692307692307,0.4810126582278481,0.5801526717557252,39.179659041110426,0.734375,0.5949367088607594,0.6573426573426573,62.90641298983246,0.703125,0.569620253164557,0.6293706293706295,41.109725018031895,X,L,0.027972027972027802,0.027972027972027802,51-100
0000271_03001_d_0000387.jpg,56,YOLOv13-X,YOLOv13-X,1,0.6415094339622641,0.6071428571428571,0.6238532110091742,49.54121704213321,0.6415094339622641,0.6071428571428571,0.6238532110091742,0.6578947368421053,0.4464285714285714,0.5319148936170213,21.418208023533225,0.6304347826086957,0.5178571428571429,0.5686274509803922,22.21185201779008,0.6037735849056604,0.5714285714285714,0.5871559633027522,35.54625099059194,0.6415094339622641,0.6071428571428571,0.6238532110091742,58.752416050992906,X,X,0.0,0.03669724770642202,51-100
0000271_03801_d_0000391.jpg,57,YOLOv13-X,YOLOv13-L,0,0.673469387755102,0.5789473684210527,0.6226415094339622,66.36203499510884,0.7291666666666666,0.6140350877192983,0.6666666666666667,0.6,0.4210526315789473,0.4948453608247421,24.85298301326111,0.6136363636363636,0.4736842105263157,0.5346534653465346,21.80251700337976,0.7291666666666666,0.6140350877192983,0.6666666666666667,31.489665969274935,0.673469387755102,0.5789473684210527,0.6226415094339622,33.20571000222117,X,L,0.044025157232704504,0.044025157232704504,51-100
0000271_04401_d_0000394.jpg,86,YOLOv13-X,YOLOv13-X,1,0.8852459016393442,0.627906976744186,0.7346938775510204,67.13734701042995,0.8852459016393442,0.627906976744186,0.7346938775510204,0.7924528301886793,0.4883720930232558,0.60431654676259,20.449421019293368,0.8035714285714286,0.5232558139534884,0.6338028169014085,35.980143991764635,0.7611940298507462,0.5930232558139535,0.6666666666666667,31.51083504781127,0.8852459016393442,0.627906976744186,0.7346938775510204,31.040531990583982,X,X,0.0,0.0680272108843537,51-100
0000271_04801_d_0000396.jpg,50,YOLOv13-X,YOLOv13-L,0,0.7058823529411765,0.48,0.5714285714285713,43.371845968067646,0.8,0.56,0.6588235294117648,0.7741935483870968,0.48,0.5925925925925926,20.33933496568352,0.8181818181818182,0.54,0.6506024096385542,14.867053017951548,0.8,0.56,0.6588235294117648,45.94419797649607,0.7058823529411765,0.48,0.5714285714285713,38.17082504974678,X,L,0.08739495798319352,0.008221119773210606,21-50
0000271_05001_d_0000397.jpg,90,YOLOv13-X,YOLOv13-L,0,0.6444444444444445,0.3222222222222222,0.4296296296296296,82.4939549784176,0.6595744680851063,0.3444444444444444,0.4525547445255474,0.5,0.1888888888888888,0.2741935483870967,41.12640395760536,0.525,0.2333333333333333,0.3230769230769231,41.56925401184708,0.6595744680851063,0.3444444444444444,0.4525547445255474,29.72530899569392,0.6444444444444445,0.3222222222222222,0.4296296296296296,31.58015903318301,X,L,0.02292511489591781,0.02292511489591781,51-100
0000271_05201_d_0000398.jpg,70,YOLOv13-X,YOLOv13-X,1,0.7794117647058824,0.7571428571428571,0.7681159420289856,68.1862179771997,0.7794117647058824,0.7571428571428571,0.7681159420289856,0.6666666666666666,0.5428571428571428,0.5984251968503936,22.955326014198363,0.71875,0.6571428571428571,0.6865671641791045,38.22995000518858,0.7936507936507936,0.7142857142857143,0.7518796992481204,34.531439014244825,0.7794117647058824,0.7571428571428571,0.7681159420289856,39.62031699484214,X,X,0.0,0.016236242780865218,51-100
0000271_05401_d_0000399.jpg,71,YOLOv13-X,YOLOv13-X,1,0.7741935483870968,0.676056338028169,0.7218045112781956,49.04740100027993,0.7741935483870968,0.676056338028169,0.7218045112781956,0.74,0.5211267605633803,0.6115702479338843,20.04314900841564,0.7678571428571429,0.6056338028169014,0.6771653543307087,17.802741029299796,0.7833333333333333,0.6619718309859155,0.717557251908397,30.337747011799365,0.7741935483870968,0.676056338028169,0.7218045112781956,31.630205980036408,X,X,0.0,0.004247259369798528,51-100
0000271_05601_d_0000400.jpg,86,YOLOv13-X,YOLOv13-X,1,0.8783783783783784,0.7558139534883721,0.8125,56.82980502024293,0.8783783783783784,0.7558139534883721,0.8125,0.7627118644067796,0.5232558139534884,0.6206896551724138,21.37257397407666,0.7733333333333333,0.6744186046511628,0.7204968944099379,20.74377000099048,0.8289473684210527,0.7325581395348837,0.7777777777777778,29.345326009206477,0.8783783783783784,0.7558139534883721,0.8125,34.54297303687781,X,X,0.0,0.03472222222222221,51-100
0000271_05801_d_0000401.jpg,104,YOLOv13-X,YOLOv13-L,0,0.7843137254901961,0.7692307692307693,0.7766990291262137,52.84104694146663,0.8080808080808081,0.7692307692307693,0.7881773399014778,0.7790697674418605,0.6442307692307693,0.7052631578947369,21.16994495736435,0.7934782608695652,0.7019230769230769,0.7448979591836734,42.869313969276845,0.8080808080808081,0.7692307692307693,0.7881773399014778,59.80986700160429,0.7843137254901961,0.7692307692307693,0.7766990291262137,48.1939819874242,X,L,0.011478310775264067,0.011478310775264067,100+
0000271_06001_d_0000402.jpg,158,YOLOv13-L,YOLOv13-X,0,0.9107142857142856,0.6455696202531646,0.7555555555555556,49.50293299043551,0.8833333333333333,0.6708860759493671,0.762589928057554,0.7931034482758621,0.5822784810126582,0.6715328467153284,16.19500998640433,0.7967479674796748,0.620253164556962,0.697508896797153,22.475896985270083,0.9107142857142856,0.6455696202531646,0.7555555555555556,33.4864939795807,0.8833333333333333,0.6708860759493671,0.762589928057554,40.312655037269,L,X,0.007034372501998343,0.007034372501998343,100+
0000271_06201_d_0000403.jpg,142,YOLOv13-X,YOLOv13-L,0,0.8015267175572519,0.7394366197183099,0.7692307692307692,53.3497339929454,0.7969924812030075,0.7464788732394366,0.7709090909090909,0.7478260869565218,0.6056338028169014,0.669260700389105,22.094944957643747,0.7723577235772358,0.6690140845070423,0.7169811320754719,23.00984103931114,0.7969924812030075,0.7464788732394366,0.7709090909090909,34.90356600377709,0.8015267175572519,0.7394366197183099,0.7692307692307692,29.036215972155333,X,L,0.0016783216783217147,0.0016783216783217147,100+
0000271_06401_d_0000404.jpg,128,YOLOv13-X,YOLOv13-L,0,0.8613861386138614,0.6796875,0.759825327510917,72.85868801409379,0.8679245283018868,0.71875,0.7863247863247864,0.672566371681416,0.59375,0.6307053941908713,43.12464001122862,0.7692307692307693,0.625,0.6896551724137931,33.20847899885848,0.8679245283018868,0.71875,0.7863247863247864,29.437069024425,0.8613861386138614,0.6796875,0.759825327510917,44.19657902326435,X,L,0.026499458813869392,0.026499458813869392,100+
0000271_06601_d_0000405.jpg,105,YOLOv13-X,YOLOv13-L,0,0.900990099009901,0.8666666666666667,0.8834951456310681,65.25472697103396,0.93,0.8857142857142857,0.9073170731707316,0.7551020408163265,0.7047619047619048,0.7290640394088671,22.674528998322785,0.9042553191489362,0.8095238095238095,0.8542713567839195,43.83774305460975,0.93,0.8857142857142857,0.9073170731707316,30.458040011581037,0.900990099009901,0.8666666666666667,0.8834951456310681,50.05128600168973,X,L,0.0238219275396635,0.0238219275396635,100+
0000271_06801_d_0000406.jpg,95,YOLOv13-L,YOLOv13-X,0,0.8170731707317073,0.7052631578947368,0.7570621468926554,52.4833649978973,0.8181818181818182,0.7578947368421053,0.7868852459016393,0.8289473684210527,0.6631578947368421,0.736842105263158,22.83352700760588,0.8048780487804879,0.6947368421052632,0.7457627118644067,31.68149699922651,0.8170731707317073,0.7052631578947368,0.7570621468926554,34.31939199799672,0.8181818181818182,0.7578947368421053,0.7868852459016393,26.84153895825148,L,X,0.029823099008983944,0.029823099008983944,51-100
0000271_07001_d_0000407.jpg,58,YOLOv13-L,YOLOv13-L,1,0.7073170731707317,0.5,0.5858585858585859,63.50229901727289,0.7073170731707317,0.5,0.5858585858585859,0.6904761904761905,0.5,0.58,33.586664008907974,0.65,0.4482758620689655,0.5306122448979592,18.99567298823968,0.7073170731707317,0.5,0.5858585858585859,31.634454033337533,0.7,0.4827586206896552,0.5714285714285714,31.141763960476965,L,L,0.0,0.005858585858585896,51-100
0000271_07201_d_0000408.jpg,25,YOLOv13-L,YOLOv13-S,0,0.6666666666666666,0.48,0.5581395348837209,80.07139497203752,0.9166666666666666,0.44,0.5945945945945945,0.75,0.48,0.5853658536585366,38.42282597906888,0.9166666666666666,0.44,0.5945945945945945,19.945389998611063,0.6666666666666666,0.48,0.5581395348837209,28.840802027843893,0.6875,0.44,0.5365853658536586,46.47264600498602,L,S,0.036455059710873594,0.009228740936057966,21-50
0000271_07401_d_0000409.jpg,42,YOLOv13-L,YOLOv13-S,0,0.7777777777777778,0.6666666666666666,0.717948717948718,56.17954104673117,0.9,0.6428571428571429,0.75,0.8064516129032258,0.5952380952380952,0.684931506849315,18.36674305377528,0.9,0.6428571428571429,0.75,27.48967899242416,0.7777777777777778,0.6666666666666666,0.717948717948718,62.98277102177963,0.8709677419354839,0.6428571428571429,0.7397260273972603,60.485007998067886,L,S,0.03205128205128205,0.010273972602739656,21-50
0000273_05601_d_0000466.jpg,32,YOLOv13-L,YOLOv13-X,0,0.6153846153846154,0.5,0.5517241379310345,53.59196400968358,0.7333333333333333,0.6875,0.7096774193548386,0.4761904761904761,0.3125,0.3773584905660377,31.532982015050948,0.6666666666666666,0.4375,0.5283018867924528,32.4044160079211,0.6153846153846154,0.5,0.5517241379310345,34.93693203199655,0.7333333333333333,0.6875,0.7096774193548386,31.82459803065285,L,X,0.15795328142380416,0.15795328142380416,21-50
0000276_00001_d_0000507.jpg,55,YOLOv13-X,YOLOv13-X,1,0.7027027027027027,0.4727272727272727,0.5652173913043479,48.81957097677514,0.7027027027027027,0.4727272727272727,0.5652173913043479,0.6285714285714286,0.4,0.488888888888889,19.100853009149432,0.6153846153846154,0.4363636363636363,0.5106382978723405,21.63179701892659,0.6341463414634146,0.4727272727272727,0.5416666666666666,47.066251980140805,0.7027027027027027,0.4727272727272727,0.5652173913043479,24.8789350152947,X,X,0.0,0.023550724637681264,51-100
0000276_00401_d_0000509.jpg,62,YOLOv13-X,YOLOv13-X,1,0.8285714285714286,0.4677419354838709,0.5979381443298969,65.84300700342283,0.8285714285714286,0.4677419354838709,0.5979381443298969,0.7931034482758621,0.3709677419354839,0.5054945054945055,41.06795403640717,0.8,0.4516129032258064,0.577319587628866,18.295390997081995,0.75,0.3870967741935484,0.5106382978723403,26.856199954636395,0.8285714285714286,0.4677419354838709,0.5979381443298969,32.60188101558015,X,X,0.0,0.020618556701030855,51-100
0000276_00601_d_0000510.jpg,37,YOLOv13-L,YOLOv13-L,1,0.8260869565217391,0.5135135135135135,0.6333333333333333,61.862235015723854,0.8260869565217391,0.5135135135135135,0.6333333333333333,0.8095238095238095,0.4594594594594595,0.5862068965517242,20.49539604922757,0.85,0.4594594594594595,0.5964912280701754,15.26272902265191,0.8260869565217391,0.5135135135135135,0.6333333333333333,52.977971034124494,0.75,0.4864864864864865,0.5901639344262296,31.931283010635525,L,L,0.0,0.0368421052631579,21-50
0000276_01001_d_0000512.jpg,42,YOLOv13-L,YOLOv13-X,0,0.5909090909090909,0.3095238095238095,0.40625,47.32915700878948,0.7692307692307693,0.4761904761904761,0.588235294117647,0.7142857142857143,0.238095238095238,0.3571428571428571,20.350329985376447,0.7647058823529411,0.3095238095238095,0.4406779661016949,15.361607016529888,0.5909090909090909,0.3095238095238095,0.40625,36.02822503307834,0.7692307692307693,0.4761904761904761,0.588235294117647,30.51446698373184,L,X,0.18198529411764697,0.14755732801595206,21-50
0000276_01201_d_0000513.jpg,29,YOLOv13-L,YOLOv13-X,0,0.6818181818181818,0.5172413793103449,0.5882352941176471,51.71528400387615,0.68,0.5862068965517241,0.6296296296296295,0.6666666666666666,0.3448275862068966,0.4545454545454545,18.91281799180433,0.7777777777777778,0.4827586206896552,0.5957446808510638,20.14729502843693,0.6818181818181818,0.5172413793103449,0.5882352941176471,59.64006704743952,0.68,0.5862068965517241,0.6296296296296295,35.95072700409219,L,X,0.04139433551198246,0.03388494877856574,21-50
0000276_01401_d_0000514.jpg,25,YOLOv13-L,YOLOv13-L,1,0.8333333333333334,0.4,0.5405405405405406,65.25613198755309,0.8333333333333334,0.4,0.5405405405405406,0.6666666666666666,0.24,0.3529411764705882,40.44661298394203,0.7272727272727273,0.32,0.4444444444444444,16.067764023318887,0.8333333333333334,0.4,0.5405405405405406,27.21812401432544,0.7142857142857143,0.4,0.5128205128205129,30.79089504899457,L,L,0.0,0.027720027720027685,21-50
0000276_01801_d_0000516.jpg,21,YOLOv13-N,YOLOv13-N,1,0.7142857142857143,0.238095238095238,0.3571428571428571,20.35815198905766,0.7142857142857143,0.238095238095238,0.3571428571428571,0.7142857142857143,0.238095238095238,0.3571428571428571,20.35815198905766,0.4545454545454545,0.238095238095238,0.3124999999999999,32.443233008962125,0.4545454545454545,0.238095238095238,0.3124999999999999,24.95465998072177,0.4444444444444444,0.1904761904761904,0.2666666666666666,35.602510964963585,N,N,0.0,0.044642857142857206,21-50
0000276_02001_d_0000517.jpg,15,YOLOv13-L,YOLOv13-L,1,0.4545454545454545,0.3333333333333333,0.3846153846153846,48.7239639624022,0.4545454545454545,0.3333333333333333,0.3846153846153846,0.3333333333333333,0.2,0.25,24.03142396360636,0.3333333333333333,0.2,0.25,17.739831004291773,0.4545454545454545,0.3333333333333333,0.3846153846153846,35.76653101481497,0.4545454545454545,0.3333333333333333,0.3846153846153846,31.93892497802153,L,L,0.0,0.0,11-20
0000276_02201_d_0000518.jpg,41,YOLOv13-L,YOLOv13-X,0,1.0,0.4390243902439024,0.6101694915254238,51.02581001119688,0.9523809523809524,0.4878048780487805,0.6451612903225806,0.9333333333333332,0.3414634146341463,0.5,22.858412005007267,0.9444444444444444,0.4146341463414634,0.576271186440678,41.67331702774391,1.0,0.4390243902439024,0.6101694915254238,56.614516011904925,0.9523809523809524,0.4878048780487805,0.6451612903225806,26.883486018050466,L,X,0.03499179879715686,0.03499179879715686,21-50
0000276_02401_d_0000519.jpg,48,YOLOv13-L,YOLOv13-L,1,0.8421052631578947,0.3333333333333333,0.4776119402985075,53.54066099971533,0.8421052631578947,0.3333333333333333,0.4776119402985075,0.8461538461538461,0.2291666666666666,0.360655737704918,21.958941011689603,0.8333333333333334,0.2083333333333333,0.3333333333333333,16.765873006079346,0.8421052631578947,0.3333333333333333,0.4776119402985075,26.31663403008133,1.0,0.2916666666666667,0.4516129032258064,58.364851982332766,L,L,0.0,0.025999037072701126,21-50
0000276_02601_d_0000520.jpg,32,YOLOv13-L,YOLOv13-S,0,0.7222222222222222,0.40625,0.52,66.88557495363057,0.7,0.4375,0.5384615384615384,0.631578947368421,0.375,0.4705882352941176,41.84009099844843,0.7,0.4375,0.5384615384615384,20.254412025678903,0.7222222222222222,0.40625,0.52,31.475772033445537,0.631578947368421,0.375,0.4705882352941176,34.01060600299388,L,S,0.018461538461538418,0.018461538461538418,21-50
0000276_02801_d_0000521.jpg,37,YOLOv13-L,YOLOv13-X,0,0.7142857142857143,0.4054054054054054,0.5172413793103449,68.64204502198845,0.8235294117647058,0.3783783783783784,0.5185185185185186,0.6666666666666666,0.2162162162162162,0.326530612244898,25.93735000118613,0.625,0.2702702702702703,0.3773584905660377,27.63214602600783,0.7142857142857143,0.4054054054054054,0.5172413793103449,54.99057495035231,0.8235294117647058,0.3783783783783784,0.5185185185185186,28.17677002167329,L,X,0.0012771392081737387,0.0012771392081737387,21-50
0000276_03001_d_0000522.jpg,38,YOLOv13-L,YOLOv13-L,1,0.8947368421052632,0.4473684210526316,0.5964912280701755,50.02991191577166,0.8947368421052632,0.4473684210526316,0.5964912280701755,0.7894736842105263,0.3947368421052631,0.5263157894736843,20.26845095679164,0.75,0.3947368421052631,0.5172413793103448,15.191746002528816,0.8947368421052632,0.4473684210526316,0.5964912280701755,58.39055601973087,0.7391304347826086,0.4473684210526316,0.5573770491803278,61.14036502549425,L,L,0.0,0.039114178889847695,21-50
0000276_03201_d_0000523.jpg,60,YOLOv13-L,YOLOv13-X,0,0.5,0.2166666666666666,0.3023255813953488,51.04965093778446,0.5652173913043478,0.2166666666666666,0.3132530120481928,0.5555555555555556,0.1666666666666666,0.2564102564102564,24.95108195580542,0.4166666666666667,0.1666666666666666,0.238095238095238,15.016453980933877,0.5,0.2166666666666666,0.3023255813953488,31.132945034187287,0.5652173913043478,0.2166666666666666,0.3132530120481928,33.52989396080375,L,X,0.010927430652843961,0.010927430652843961,51-100
0000276_03401_d_0000524.jpg,61,YOLOv13-L,YOLOv13-L,1,0.6666666666666666,0.360655737704918,0.4680851063829787,54.87700208323077,0.6666666666666666,0.360655737704918,0.4680851063829787,0.68,0.2786885245901639,0.3953488372093023,21.482036041561518,0.6785714285714286,0.3114754098360656,0.4269662921348314,20.407820004038516,0.6666666666666666,0.360655737704918,0.4680851063829787,33.13642501598224,0.6666666666666666,0.3278688524590163,0.4395604395604395,32.44613000424579,L,L,0.0,0.02852466682253918,51-100
0000276_03601_d_0000525.jpg,46,YOLOv13-X,YOLOv13-X,1,0.7368421052631579,0.6086956521739131,0.6666666666666666,70.23078395286575,0.7368421052631579,0.6086956521739131,0.6666666666666666,0.6363636363636364,0.4565217391304347,0.5316455696202532,35.201507969759405,0.78125,0.5434782608695652,0.641025641025641,26.29442699253559,0.6097560975609756,0.5434782608695652,0.5747126436781609,53.29587199958041,0.7368421052631579,0.6086956521739131,0.6666666666666666,26.01633098674938,X,X,0.0,0.02564102564102566,21-50
0000276_03801_d_0000526.jpg,64,YOLOv13-X,YOLOv13-L,0,0.78,0.609375,0.6842105263157895,62.15864402474836,0.7735849056603774,0.640625,0.7008547008547009,0.7567567567567568,0.4375,0.5544554455445544,20.853889000136405,0.8125,0.40625,0.5416666666666666,20.095799991395324,0.7735849056603774,0.640625,0.7008547008547009,18.739068997092545,0.78,0.609375,0.6842105263157895,18.73339299345389,X,L,0.016644174538911427,0.016644174538911427,51-100
0000276_04001_d_0000527.jpg,54,YOLOv13-X,YOLOv13-X,1,0.6875,0.4074074074074074,0.5116279069767441,61.41300994204357,0.6875,0.4074074074074074,0.5116279069767441,0.4615384615384615,0.1111111111111111,0.1791044776119403,22.14964496670291,0.5925925925925926,0.2962962962962963,0.3950617283950617,24.39426799537614,0.68,0.3148148148148148,0.430379746835443,49.06319599831477,0.6875,0.4074074074074074,0.5116279069767441,32.26125199580565,X,X,0.0,0.0812481601413011,51-100
0000276_04201_d_0000528.jpg,59,YOLOv13-L,YOLOv13-X,0,0.8245614035087719,0.7966101694915254,0.8103448275862069,52.981097949668765,0.8867924528301887,0.7966101694915254,0.8392857142857143,0.6727272727272727,0.6271186440677966,0.6491228070175439,20.637962967157364,0.7833333333333333,0.7966101694915254,0.7899159663865546,15.641232021152971,0.8245614035087719,0.7966101694915254,0.8103448275862069,28.98647001711652,0.8867924528301887,0.7966101694915254,0.8392857142857143,27.88374194642529,L,X,0.02894088669950745,0.02894088669950745,51-100
0000276_04401_d_0000529.jpg,40,YOLOv13-L,YOLOv13-L,1,0.8571428571428571,0.9,0.8780487804878048,52.08532698452473,0.8571428571428571,0.9,0.8780487804878048,0.7111111111111111,0.8,0.7529411764705882,21.586543996818364,0.7727272727272727,0.85,0.8095238095238095,37.28758200304583,0.8571428571428571,0.9,0.8780487804878048,58.48942301236093,0.8536585365853658,0.875,0.8641975308641976,32.44425100274384,L,L,0.0,0.013851249623607176,21-50
0000276_04601_d_0000530.jpg,10,YOLOv13-L,YOLOv13-L,1,0.6666666666666666,0.4,0.5,67.12006701854989,0.6666666666666666,0.4,0.5,0.6,0.3,0.4,21.78169100079685,0.5714285714285714,0.4,0.4705882352941176,25.61344701098278,0.6666666666666666,0.4,0.5,31.330581987276677,0.5714285714285714,0.4,0.4705882352941176,30.883165018167347,L,L,0.0,0.029411764705882415,6-10
0000276_04801_d_0000531.jpg,10,YOLOv13-L,YOLOv13-S,0,0.7142857142857143,0.5,0.588235294117647,70.32878801692277,1.0,0.5,0.6666666666666666,0.8333333333333334,0.5,0.625,28.85129401693121,1.0,0.5,0.6666666666666666,20.68631397560239,0.7142857142857143,0.5,0.588235294117647,33.35670800879598,0.8333333333333334,0.5,0.625,40.47562298364937,L,S,0.07843137254901966,0.04166666666666663,6-10
0000276_05001_d_0000532.jpg,7,YOLOv13-L,YOLOv13-X,0,0.8571428571428571,0.8571428571428571,0.8571428571428571,50.30268203699961,1.0,1.0,1.0,1.0,0.7142857142857143,0.8333333333333333,26.094458007719368,1.0,0.7142857142857143,0.8333333333333333,30.797774030361325,0.8571428571428571,0.8571428571428571,0.8571428571428571,37.83241001656279,1.0,1.0,1.0,59.46040700655431,L,X,0.1428571428571429,0.1428571428571429,6-10
0000276_05201_d_0000533.jpg,6,YOLOv13-N,YOLOv13-X,0,0.8,0.6666666666666666,0.7272727272727272,34.428087004926056,0.8333333333333334,0.8333333333333334,0.8333333333333334,0.8,0.6666666666666666,0.7272727272727272,34.428087004926056,0.5,0.5,0.5,19.80219699908048,0.8,0.6666666666666666,0.7272727272727272,29.35839799465612,0.8333333333333334,0.8333333333333334,0.8333333333333334,30.394319037441164,N,X,0.10606060606060619,0.10606060606060619,6-10
0000276_05601_d_0000535.jpg,10,YOLOv13-L,YOLOv13-N,0,0.0,0.0,0.0,51.30725202616304,0.0,0.0,0.0,0.0,0.0,0.0,18.513952032662928,0.0,0.0,0.0,24.61830899119377,0.0,0.0,0.0,50.455579010304064,0.0,0.0,0.0,61.58578803297132,L,N,0.0,0.0,6-10
0000276_05801_d_0000536.jpg,7,YOLOv13-N,YOLOv13-L,0,1.0,0.1428571428571428,0.25,32.61169296456501,0.6666666666666666,0.5714285714285714,0.6153846153846153,1.0,0.1428571428571428,0.25,32.61169296456501,1.0,0.1428571428571428,0.25,16.05874899541959,0.6666666666666666,0.5714285714285714,0.6153846153846153,24.65926599688828,1.0,0.2857142857142857,0.4444444444444445,48.14701300347224,N,L,0.3653846153846153,0.17094017094017083,6-10
0000276_06001_d_0000537.jpg,14,YOLOv13-S,YOLOv13-L,0,0.625,0.3571428571428571,0.4545454545454545,67.26601702393964,0.8571428571428571,0.4285714285714285,0.5714285714285714,0.8,0.2857142857142857,0.4210526315789473,42.23848099354655,0.625,0.3571428571428571,0.4545454545454545,21.97996998438612,0.8571428571428571,0.4285714285714285,0.5714285714285714,31.16645303089172,0.8571428571428571,0.4285714285714285,0.5714285714285714,37.66958904452622,S,L,0.11688311688311692,0.0,11-20
0000277_00001_d_0000539.jpg,85,YOLOv13-X,YOLOv13-X,1,0.6024096385542169,0.5882352941176471,0.5952380952380952,52.76776099344716,0.6024096385542169,0.5882352941176471,0.5952380952380952,0.4868421052631579,0.4352941176470588,0.4596273291925465,15.830733987968417,0.6081081081081081,0.5294117647058824,0.5660377358490566,27.985527995042503,0.5730337078651685,0.6,0.5862068965517241,33.1254510092549,0.6024096385542169,0.5882352941176471,0.5952380952380952,29.216444003395736,X,X,0.0,0.009031198686371145,51-100
0000277_00201_d_0000540.jpg,83,YOLOv13-X,YOLOv13-L,0,0.6666666666666666,0.6024096385542169,0.6329113924050633,57.82555800396949,0.7101449275362319,0.5903614457831325,0.6447368421052632,0.7,0.5060240963855421,0.5874125874125874,20.428709976840764,0.6575342465753424,0.5783132530120482,0.6153846153846153,21.041106956545264,0.7101449275362319,0.5903614457831325,0.6447368421052632,34.75787700153887,0.6666666666666666,0.6024096385542169,0.6329113924050633,23.35882000625133,X,L,0.01182544970019983,0.01182544970019983,51-100
0000277_00401_d_0000541.jpg,117,YOLOv13-X,YOLOv13-X,1,0.7547169811320755,0.3418803418803419,0.4705882352941177,70.3552319901064,0.7547169811320755,0.3418803418803419,0.4705882352941177,0.6744186046511628,0.2478632478632478,0.3625,30.81925498554483,0.7446808510638298,0.2991452991452991,0.4268292682926829,19.040537008550015,0.6909090909090909,0.3247863247863248,0.4418604651162791,48.51603304268792,0.7547169811320755,0.3418803418803419,0.4705882352941177,57.43755103321746,X,X,0.0,0.02872777017783862,100+
0000277_01401_d_0000546.jpg,78,YOLOv13-X,YOLOv13-X,1,0.7301587301587301,0.5897435897435898,0.6524822695035462,58.27296897768974,0.7301587301587301,0.5897435897435898,0.6524822695035462,0.6607142857142857,0.4743589743589743,0.5522388059701493,23.64597999257967,0.578125,0.4743589743589743,0.5211267605633803,41.16013000020757,0.6615384615384615,0.5512820512820513,0.6013986013986014,63.98474000161514,0.7301587301587301,0.5897435897435898,0.6524822695035462,44.98816299019381,X,X,0.0,0.0510836681049448,51-100
0000277_01601_d_0000547.jpg,78,YOLOv13-X,YOLOv13-X,1,0.7796610169491526,0.5897435897435898,0.6715328467153285,59.371759998612106,0.7796610169491526,0.5897435897435898,0.6715328467153285,0.6833333333333333,0.5256410256410257,0.5942028985507246,20.46060300199315,0.647887323943662,0.5897435897435898,0.6174496644295302,30.597986944485456,0.6865671641791045,0.5897435897435898,0.6344827586206897,31.21217101579532,0.7796610169491526,0.5897435897435898,0.6715328467153285,56.689590972382575,X,X,0.0,0.03705008809463883,51-100
0000277_01801_d_0000548.jpg,101,YOLOv13-L,YOLOv13-X,0,0.647887323943662,0.4554455445544554,0.5348837209302326,48.69338497519493,0.676056338028169,0.4752475247524752,0.5581395348837209,0.578125,0.3663366336633663,0.4484848484848485,21.937350975349545,0.5555555555555556,0.3465346534653465,0.4268292682926829,19.829306984320283,0.647887323943662,0.4554455445544554,0.5348837209302326,32.767858006991446,0.676056338028169,0.4752475247524752,0.5581395348837209,48.89618197921664,L,X,0.023255813953488302,0.023255813953488302,100+
0000277_02001_d_0000549.jpg,83,YOLOv13-L,YOLOv13-L,1,0.890625,0.6867469879518072,0.7755102040816326,57.458048046100885,0.890625,0.6867469879518072,0.7755102040816326,0.7666666666666667,0.5542168674698795,0.6433566433566433,30.26198904262856,0.8305084745762712,0.5903614457831325,0.6901408450704225,20.28058998985216,0.890625,0.6867469879518072,0.7755102040816326,31.310877006035295,0.8125,0.6265060240963856,0.7074829931972789,60.38179202005267,L,L,0.0,0.0680272108843537,51-100
0000277_02201_d_0000550.jpg,68,YOLOv13-L,YOLOv13-X,0,0.7258064516129032,0.6617647058823529,0.6923076923076922,81.01528999395669,0.7833333333333333,0.6911764705882353,0.7343749999999999,0.7924528301886793,0.6176470588235294,0.6942148760330579,35.26606399100274,0.71875,0.6764705882352942,0.696969696969697,38.80059596849605,0.7258064516129032,0.6617647058823529,0.6923076923076922,19.92051996057853,0.7833333333333333,0.6911764705882353,0.7343749999999999,30.86525696562603,L,X,0.04206730769230771,0.03740530303030287,51-100
0000277_02401_d_0000551.jpg,90,YOLOv13-X,YOLOv13-S,0,0.6714285714285714,0.5222222222222223,0.5875,60.67745905602351,0.7384615384615385,0.5333333333333333,0.6193548387096774,0.7368421052631579,0.4666666666666667,0.5714285714285714,20.73541801655665,0.7384615384615385,0.5333333333333333,0.6193548387096774,15.777561988215894,0.6619718309859155,0.5222222222222223,0.5838509316770187,31.38124302495271,0.6714285714285714,0.5222222222222223,0.5875,31.159969978034496,X,S,0.031854838709677424,0.031854838709677424,51-100
0000277_02601_d_0000552.jpg,121,YOLOv13-X,YOLOv13-X,1,0.75,0.4214876033057851,0.5396825396825398,66.71738700242713,0.75,0.4214876033057851,0.5396825396825398,0.671875,0.3553719008264462,0.4648648648648648,42.79287200188264,0.6666666666666666,0.3471074380165289,0.4565217391304347,38.03666401654482,0.6578947368421053,0.4132231404958678,0.5076142131979696,35.72653199080378,0.75,0.4214876033057851,0.5396825396825398,29.054185026325285,X,X,0.0,0.03206832648457014,100+
0000277_03201_d_0000554.jpg,85,YOLOv13-X,YOLOv13-X,1,0.8076923076923077,0.4941176470588235,0.6131386861313869,57.95447697164491,0.8076923076923077,0.4941176470588235,0.6131386861313869,0.6326530612244898,0.3647058823529411,0.4626865671641791,32.94542996445671,0.74,0.4352941176470588,0.5481481481481482,18.29306001309305,0.7547169811320755,0.4705882352941176,0.5797101449275363,61.62435299484059,0.8076923076923077,0.4941176470588235,0.6131386861313869,38.5810779989697,X,X,0.0,0.03342854120385064,51-100
0000277_03401_d_0000555.jpg,103,YOLOv13-X,YOLOv13-X,1,0.8620689655172413,0.4854368932038835,0.6211180124223602,40.06632603704929,0.8620689655172413,0.4854368932038835,0.6211180124223602,0.7142857142857143,0.4368932038834951,0.5421686746987951,19.613829033914957,0.7333333333333333,0.4271844660194174,0.5398773006134969,20.24205803172663,0.7794117647058824,0.5145631067961165,0.6198830409356724,32.34515700023621,0.8620689655172413,0.4854368932038835,0.6211180124223602,60.951218008995056,X,X,0.0,0.0012349714866878303,100+
0000277_03601_d_0000556.jpg,59,YOLOv13-X,YOLOv13-X,1,0.746031746031746,0.7966101694915254,0.7704918032786885,63.52445605443791,0.746031746031746,0.7966101694915254,0.7704918032786885,0.625,0.6779661016949152,0.6504065040650406,30.11196100851521,0.6666666666666666,0.711864406779661,0.6885245901639344,21.32804499706253,0.7272727272727273,0.8135593220338984,0.768,32.69963402999565,0.746031746031746,0.7966101694915254,0.7704918032786885,31.261925003491346,X,X,0.0,0.002491803278688476,51-100
0000277_04001_d_0000558.jpg,74,YOLOv13-X,YOLOv13-X,1,0.7761194029850746,0.7027027027027027,0.7375886524822697,50.4087180015631,0.7761194029850746,0.7027027027027027,0.7375886524822697,0.6716417910447762,0.6081081081081081,0.6382978723404256,22.74483098881319,0.6417910447761194,0.581081081081081,0.6099290780141844,20.60767897637561,0.7222222222222222,0.7027027027027027,0.7123287671232876,31.28840099088848,0.7761194029850746,0.7027027027027027,0.7375886524822697,31.113784993067384,X,X,0.0,0.025259885358982048,51-100
0000277_04201_d_0000559.jpg,67,YOLOv13-L,YOLOv13-X,0,0.8,0.7164179104477612,0.7559055118110236,57.51724005676806,0.8620689655172413,0.746268656716418,0.7999999999999999,0.8085106382978723,0.5671641791044776,0.6666666666666666,21.364657033700496,0.7678571428571429,0.6417910447761194,0.6991869918699187,17.506408970803022,0.8,0.7164179104477612,0.7559055118110236,53.920057020150125,0.8620689655172413,0.746268656716418,0.7999999999999999,53.52599499747157,L,X,0.04409448818897632,0.04409448818897632,51-100
0000277_04401_d_0000560.jpg,70,YOLOv13-X,YOLOv13-X,1,0.8305084745762712,0.7,0.7596899224806201,59.3889529700391,0.8305084745762712,0.7,0.7596899224806201,0.7321428571428571,0.5857142857142857,0.6507936507936508,20.194300974253565,0.7454545454545455,0.5857142857142857,0.656,18.42811901587993,0.7540983606557377,0.6571428571428571,0.7022900763358779,29.950561001896855,0.8305084745762712,0.7,0.7596899224806201,26.47452399833128,X,X,0.0,0.05739984614474214,51-100
0000277_04601_d_0000561.jpg,95,YOLOv13-X,YOLOv13-X,1,0.8,0.5894736842105263,0.6787878787878788,48.28446201281622,0.8,0.5894736842105263,0.6787878787878788,0.704225352112676,0.5263157894736842,0.6024096385542169,20.498126046732068,0.7424242424242424,0.5157894736842106,0.6086956521739131,21.98827499523759,0.7971014492753623,0.5789473684210527,0.6707317073170732,32.98421000363305,0.8,0.5894736842105263,0.6787878787878788,33.41357398312539,X,X,0.0,0.008056171470805618,51-100
0000277_05001_d_0000562.jpg,97,YOLOv13-X,YOLOv13-X,1,0.7439024390243902,0.6288659793814433,0.6815642458100558,64.10919199697673,0.7439024390243902,0.6288659793814433,0.6815642458100558,0.7307692307692307,0.5876288659793815,0.6514285714285714,40.99506401689723,0.7671232876712328,0.5773195876288659,0.6588235294117646,15.315410972107202,0.725,0.5979381443298969,0.655367231638418,63.44598002033308,0.7439024390243902,0.6288659793814433,0.6815642458100558,32.3749230010435,X,X,0.0,0.022740716398291227,51-100
0000280_00001_d_0000612.jpg,87,YOLOv13-X,YOLOv13-X,1,0.6986301369863014,0.5862068965517241,0.6375,53.24539600405842,0.6986301369863014,0.5862068965517241,0.6375,0.5833333333333334,0.4022988505747126,0.4761904761904762,20.249038003385067,0.676923076923077,0.5057471264367817,0.5789473684210527,21.42572798766196,0.6410256410256411,0.5747126436781609,0.6060606060606061,47.39983897889033,0.6986301369863014,0.5862068965517241,0.6375,61.283925955649465,X,X,0.0,0.03143939393939388,51-100
0000280_00201_d_0000613.jpg,47,YOLOv13-X,YOLOv13-S,0,0.6274509803921569,0.6808510638297872,0.6530612244897959,57.32821795390919,0.6956521739130435,0.6808510638297872,0.6881720430107526,0.7297297297297297,0.574468085106383,0.6428571428571429,21.294531994499263,0.6956521739130435,0.6808510638297872,0.6881720430107526,16.222962993197143,0.625,0.6382978723404256,0.631578947368421,30.492723977658898,0.6274509803921569,0.6808510638297872,0.6530612244897959,56.69117998331785,X,S,0.035110818520956766,0.035110818520956766,21-50
0000280_00401_d_0000614.jpg,59,YOLOv13-L,YOLOv13-X,0,0.6274509803921569,0.5423728813559322,0.5818181818181818,69.25797101575881,0.6226415094339622,0.559322033898305,0.5892857142857142,0.5789473684210527,0.3728813559322034,0.4536082474226804,40.973656985443085,0.6756756756756757,0.423728813559322,0.5208333333333334,20.001654978841543,0.6274509803921569,0.5423728813559322,0.5818181818181818,59.71156299347058,0.6226415094339622,0.559322033898305,0.5892857142857142,59.56171796424314,L,X,0.007467532467532401,0.007467532467532401,51-100
0000280_00601_d_0000615.jpg,74,YOLOv13-X,YOLOv13-L,0,0.6739130434782609,0.4189189189189189,0.5166666666666667,57.954783958848566,0.7380952380952381,0.4189189189189189,0.5344827586206897,0.7931034482758621,0.3108108108108108,0.4466019417475728,30.37636197404936,0.8484848484848485,0.3783783783783784,0.5233644859813085,18.676217005122453,0.7380952380952381,0.4189189189189189,0.5344827586206897,43.22302300715819,0.6739130434782609,0.4189189189189189,0.5166666666666667,43.40395797044039,X,L,0.017816091954023006,0.011118272639381255,51-100
0000280_00801_d_0000616.jpg,70,YOLOv13-X,YOLOv13-S,0,0.6551724137931034,0.5428571428571428,0.5937499999999999,71.35214901063591,0.6851851851851852,0.5285714285714286,0.5967741935483871,0.7441860465116279,0.4571428571428571,0.5663716814159292,21.61043102387339,0.6851851851851852,0.5285714285714286,0.5967741935483871,13.76311999047175,0.6031746031746031,0.5428571428571428,0.5714285714285714,17.84586801659316,0.6551724137931034,0.5428571428571428,0.5937499999999999,33.975030994042754,X,S,0.003024193548387233,0.003024193548387233,51-100
0000280_01001_d_0000617.jpg,125,YOLOv13-L,YOLOv13-L,1,0.7619047619047619,0.384,0.5106382978723404,70.53590600844473,0.7619047619047619,0.384,0.5106382978723404,0.65,0.312,0.4216216216216216,39.32420199271292,0.7049180327868853,0.344,0.4623655913978494,23.624679015483707,0.7619047619047619,0.384,0.5106382978723404,32.77653403347358,0.6944444444444444,0.4,0.5076142131979695,56.64943001465872,L,L,0.0,0.003024084674370875,100+
0000280_01201_d_0000618.jpg,134,YOLOv13-L,YOLOv13-L,1,0.726027397260274,0.3955223880597014,0.5120772946859903,71.71165704494342,0.726027397260274,0.3955223880597014,0.5120772946859903,0.6981132075471698,0.2761194029850746,0.3957219251336898,33.00797403790057,0.7333333333333333,0.3283582089552239,0.4536082474226804,44.09338295226917,0.726027397260274,0.3955223880597014,0.5120772946859903,39.10408494994044,0.7285714285714285,0.3805970149253731,0.5,33.47691003000364,L,L,0.0,0.01207729468599028,100+
0000280_01401_d_0000619.jpg,110,YOLOv13-X,YOLOv13-X,1,0.8311688311688312,0.5818181818181818,0.6844919786096256,74.4134759879671,0.8311688311688312,0.5818181818181818,0.6844919786096256,0.7454545454545455,0.3727272727272727,0.496969696969697,41.820155980531126,0.803030303030303,0.4818181818181818,0.6022727272727273,21.59681200282648,0.8051948051948052,0.5636363636363636,0.6631016042780749,33.599604037590325,0.8311688311688312,0.5818181818181818,0.6844919786096256,32.90337999351323,X,X,0.0,0.021390374331550777,100+
0000280_01601_d_0000620.jpg,103,YOLOv13-X,YOLOv13-X,1,0.8194444444444444,0.5728155339805825,0.6742857142857143,64.30770200677216,0.8194444444444444,0.5728155339805825,0.6742857142857143,0.8135593220338984,0.4660194174757281,0.5925925925925927,21.59697300521657,0.8307692307692308,0.5242718446601942,0.6428571428571429,33.39900902938098,0.8260869565217391,0.5533980582524272,0.6627906976744187,31.596683023963124,0.8194444444444444,0.5728155339805825,0.6742857142857143,28.21406396105885,X,X,0.0,0.011495016611295594,100+
0000280_01801_d_0000621.jpg,90,YOLOv13-X,YOLOv13-L,0,0.7962962962962963,0.4777777777777778,0.5972222222222222,59.006537951063365,0.8275862068965517,0.5333333333333333,0.6486486486486487,0.75,0.4333333333333333,0.5492957746478874,28.537225967738777,0.8148148148148148,0.4888888888888889,0.611111111111111,20.118147949688137,0.8275862068965517,0.5333333333333333,0.6486486486486487,33.04007102269679,0.7962962962962963,0.4777777777777778,0.5972222222222222,56.596897018607706,X,L,0.051426426426426475,0.037537537537537635,51-100
0000280_02001_d_0000622.jpg,66,YOLOv13-X,YOLOv13-X,1,0.8979591836734694,0.6666666666666666,0.7652173913043478,72.55089597310871,0.8979591836734694,0.6666666666666666,0.7652173913043478,0.8181818181818182,0.5454545454545454,0.6545454545454545,42.22157096955925,0.7916666666666666,0.5757575757575758,0.6666666666666667,18.736656988039613,0.8301886792452831,0.6666666666666666,0.7394957983193277,30.828914954327047,0.8979591836734694,0.6666666666666666,0.7652173913043478,53.92924300394952,X,X,0.0,0.025721592985020192,51-100
0000280_02201_d_0000623.jpg,80,YOLOv13-L,YOLOv13-X,0,0.8571428571428571,0.6,0.7058823529411764,65.02068502595648,0.875,0.6125,0.7205882352941178,0.8,0.45,0.5760000000000001,36.47792903939262,0.7843137254901961,0.5,0.6106870229007634,39.2494440311566,0.8571428571428571,0.6,0.7058823529411764,31.461471982765943,0.875,0.6125,0.7205882352941178,35.32156499568373,L,X,0.014705882352941346,0.014705882352941346,51-100
0000280_02401_d_0000624.jpg,92,YOLOv13-L,YOLOv13-L,1,0.5769230769230769,0.3260869565217391,0.4166666666666666,68.11752304201946,0.5769230769230769,0.3260869565217391,0.4166666666666666,0.55,0.2391304347826087,0.3333333333333333,35.67827300867066,0.5681818181818182,0.2717391304347826,0.3676470588235294,21.884945046622303,0.5769230769230769,0.3260869565217391,0.4166666666666666,29.854270978830755,0.627906976744186,0.2934782608695652,0.4,30.5570510099642,L,L,0.0,0.016666666666666552,51-100
0000280_02601_d_0000625.jpg,73,YOLOv13-X,YOLOv13-X,1,0.9387755102040816,0.6301369863013698,0.7540983606557377,46.7567719751969,0.9387755102040816,0.6301369863013698,0.7540983606557377,0.8717948717948718,0.4657534246575342,0.6071428571428571,21.83038496877998,0.9069767441860463,0.5342465753424658,0.6724137931034483,19.186496967449784,0.9375,0.6164383561643836,0.743801652892562,33.85935100959614,0.9387755102040816,0.6301369863013698,0.7540983606557377,31.99200797826052,X,X,0.0,0.010296707763175705,51-100
0000280_02801_d_0000626.jpg,55,YOLOv13-L,YOLOv13-N,0,0.7083333333333334,0.6181818181818182,0.6601941747572815,61.0531679703854,0.75,0.6,0.6666666666666665,0.75,0.6,0.6666666666666665,22.172008990310133,0.6956521739130435,0.5818181818181818,0.6336633663366337,33.27849495690316,0.7083333333333334,0.6181818181818182,0.6601941747572815,55.38604198955,0.6938775510204082,0.6181818181818182,0.6538461538461539,30.345572042278945,L,N,0.006472491909385036,0.006472491909385036,51-100
0000280_03001_d_0000627.jpg,88,YOLOv13-X,YOLOv13-L,0,0.76,0.4318181818181818,0.5507246376811594,47.224867972545326,0.7592592592592593,0.4659090909090909,0.5774647887323944,0.6808510638297872,0.3636363636363636,0.4740740740740741,20.145513000898063,0.723404255319149,0.3863636363636363,0.5037037037037038,34.5991890062578,0.7592592592592593,0.4659090909090909,0.5774647887323944,58.393527986481786,0.76,0.4318181818181818,0.5507246376811594,58.09237697394565,X,L,0.02674015105123495,0.02674015105123495,51-100
0000280_03201_d_0000628.jpg,82,YOLOv13-X,YOLOv13-X,1,0.7833333333333333,0.573170731707317,0.6619718309859154,48.636114050168544,0.7833333333333333,0.573170731707317,0.6619718309859154,0.7192982456140351,0.5,0.5899280575539568,19.238964014220983,0.8571428571428571,0.5121951219512195,0.6412213740458015,19.38804797828197,0.734375,0.573170731707317,0.6438356164383561,32.60141197824851,0.7833333333333333,0.573170731707317,0.6619718309859154,34.502029011491686,X,X,0.0,0.018136214547559315,51-100
0000280_03401_d_0000629.jpg,83,YOLOv13-X,YOLOv13-L,0,0.7777777777777778,0.5060240963855421,0.6131386861313868,47.0273929531686,0.75,0.5421686746987951,0.6293706293706293,0.72,0.4337349397590361,0.5413533834586466,20.221783954184502,0.8235294117647058,0.5060240963855421,0.6268656716417911,19.199314003344625,0.75,0.5421686746987951,0.6293706293706293,62.27245298214257,0.7777777777777778,0.5060240963855421,0.6131386861313868,62.845569977071136,X,L,0.016231943239242486,0.0025049577288381863,51-100
0000283_00401_d_0000676.jpg,6,YOLOv13-L,YOLOv13-N,0,0.8,0.6666666666666666,0.7272727272727272,54.584847996011376,1.0,0.6666666666666666,0.8,1.0,0.6666666666666666,0.8,22.25521201035008,0.8,0.6666666666666666,0.7272727272727272,22.789864044170827,0.8,0.6666666666666666,0.7272727272727272,33.303629024885595,0.6,0.5,0.5454545454545454,40.50500399898738,L,N,0.07272727272727286,0.07272727272727286,6-10
0000283_00601_d_0000677.jpg,9,YOLOv13-L,YOLOv13-S,0,0.8,0.4444444444444444,0.5714285714285714,48.07146004168317,0.8,0.4444444444444444,0.5714285714285714,0.6,0.3333333333333333,0.4285714285714285,17.116864037234336,0.8,0.4444444444444444,0.5714285714285714,26.482107990887016,0.8,0.4444444444444444,0.5714285714285714,66.15854002302513,0.8,0.4444444444444444,0.5714285714285714,40.59042001608759,L,S,0.0,0.0,6-10
0000283_00801_d_0000678.jpg,8,YOLOv13-X,YOLOv13-N,0,0.6666666666666666,0.25,0.3636363636363636,57.58807400707156,1.0,0.25,0.4,1.0,0.25,0.4,25.98344802390784,1.0,0.25,0.4,29.45174998603761,1.0,0.25,0.4,30.721720948349684,0.6666666666666666,0.25,0.3636363636363636,34.567718976177275,X,N,0.03636363636363643,0.0,6-10
0000283_01001_d_0000679.jpg,4,YOLOv13-N,YOLOv13-N,1,1.0,1.0,1.0,22.939171001780775,1.0,1.0,1.0,1.0,1.0,1.0,22.939171001780775,1.0,1.0,1.0,25.164807972032577,1.0,1.0,1.0,39.25141302170232,0.75,0.75,0.75,64.31007699575275,N,N,0.0,0.0,0-5
0000287_00001_d_0000759.jpg,52,YOLOv13-L,YOLOv13-X,0,0.7021276595744681,0.6346153846153846,0.6666666666666666,58.77139401854947,0.7083333333333334,0.6538461538461539,0.68,0.7352941176470589,0.4807692307692308,0.5813953488372092,27.341837994754314,0.6744186046511628,0.5576923076923077,0.6105263157894736,21.50328597053885,0.7021276595744681,0.6346153846153846,0.6666666666666666,29.66207399731502,0.7083333333333334,0.6538461538461539,0.68,47.758109983988106,L,X,0.01333333333333342,0.01333333333333342,51-100
0000287_00201_d_0000760.jpg,51,YOLOv13-L,YOLOv13-L,1,0.8,0.7058823529411765,0.7500000000000001,58.89911903068423,0.8,0.7058823529411765,0.7500000000000001,0.90625,0.5686274509803921,0.6987951807228915,18.916107015684247,0.8378378378378378,0.6078431372549019,0.7045454545454545,22.505611006636173,0.8,0.7058823529411765,0.7500000000000001,37.44142199866474,0.8,0.7058823529411765,0.7500000000000001,44.831271981820464,L,L,0.0,0.0,51-100
0000287_00401_d_0000761.jpg,44,YOLOv13-L,YOLOv13-L,1,0.72,0.8181818181818182,0.7659574468085107,76.42255199607462,0.72,0.8181818181818182,0.7659574468085107,0.7567567567567568,0.6363636363636364,0.691358024691358,38.61380502348766,0.775,0.7045454545454546,0.7380952380952381,21.791631006635725,0.72,0.8181818181818182,0.7659574468085107,31.398478022310883,0.7391304347826086,0.7727272727272727,0.7555555555555555,37.180532002821565,L,L,0.0,0.010401891252955209,21-50
0000287_00601_d_0000762.jpg,93,YOLOv13-X,YOLOv13-L,0,0.6470588235294118,0.3548387096774194,0.4583333333333333,50.69034697953612,0.673469387755102,0.3548387096774194,0.4647887323943662,0.6521739130434783,0.3225806451612903,0.4316546762589928,26.515078963711854,0.6666666666666666,0.3225806451612903,0.4347826086956521,37.50510502140969,0.673469387755102,0.3548387096774194,0.4647887323943662,35.9617630019784,0.6470588235294118,0.3548387096774194,0.4583333333333333,45.88262498145923,X,L,0.006455399061032874,0.006455399061032874,51-100
0000287_00801_d_0000763.jpg,58,YOLOv13-X,YOLOv13-L,0,0.7192982456140351,0.7068965517241379,0.7130434782608696,65.69776794640347,0.7454545454545455,0.7068965517241379,0.7256637168141592,0.6153846153846154,0.5517241379310345,0.5818181818181819,20.754974975716323,0.7222222222222222,0.6724137931034483,0.6964285714285714,22.38376199966297,0.7454545454545455,0.7068965517241379,0.7256637168141592,30.278358957730237,0.7192982456140351,0.7068965517241379,0.7130434782608696,33.261292963288724,X,L,0.012620238553289642,0.012620238553289642,51-100
0000287_01001_d_0000764.jpg,71,YOLOv13-X,YOLOv13-X,1,0.5531914893617021,0.3661971830985915,0.4406779661016949,75.17665304476395,0.5531914893617021,0.3661971830985915,0.4406779661016949,0.4693877551020408,0.323943661971831,0.3833333333333333,22.367065015714616,0.4318181818181818,0.2676056338028169,0.3304347826086957,41.5697600110434,0.5333333333333333,0.3380281690140845,0.4137931034482758,47.19580599339679,0.5531914893617021,0.3661971830985915,0.4406779661016949,59.071643045172095,X,X,0.0,0.026884862653419106,51-100
0000287_01201_d_0000765.jpg,68,YOLOv13-X,YOLOv13-X,1,0.7321428571428571,0.6029411764705882,0.6612903225806451,74.31752496631816,0.7321428571428571,0.6029411764705882,0.6612903225806451,0.5957446808510638,0.4117647058823529,0.4869565217391305,40.17485899385065,0.7083333333333334,0.5,0.5862068965517241,21.11849799985066,0.6333333333333333,0.5588235294117647,0.59375,31.335362000390887,0.7321428571428571,0.6029411764705882,0.6612903225806451,53.63874399336055,X,X,0.0,0.06754032258064513,51-100
0000287_01401_d_0000766.jpg,68,YOLOv13-L,YOLOv13-X,0,0.6666666666666666,0.5,0.5714285714285715,74.86978400265798,0.76,0.5588235294117647,0.6440677966101696,0.7714285714285715,0.3970588235294117,0.5242718446601942,38.959472032729536,0.7555555555555555,0.5,0.6017699115044248,22.018089017365128,0.6666666666666666,0.5,0.5714285714285715,29.925690032541752,0.76,0.5588235294117647,0.6440677966101696,32.61271701194346,L,X,0.07263922518159804,0.042297885105744726,51-100
0000287_01601_d_0000767.jpg,74,YOLOv13-L,YOLOv13-L,1,0.7906976744186046,0.4594594594594595,0.5811965811965812,68.47007700707763,0.7906976744186046,0.4594594594594595,0.5811965811965812,0.7096774193548387,0.2972972972972973,0.419047619047619,25.159805023577064,0.6744186046511628,0.3918918918918919,0.4957264957264956,38.19910500897095,0.7906976744186046,0.4594594594594595,0.5811965811965812,55.37644698051736,0.75,0.4459459459459459,0.559322033898305,32.19821199309081,L,L,0.0,0.021874547298276203,51-100
0000287_01801_d_0000768.jpg,56,YOLOv13-X,YOLOv13-X,1,0.7551020408163265,0.6607142857142857,0.7047619047619047,54.55721402540803,0.7551020408163265,0.6607142857142857,0.7047619047619047,0.6857142857142857,0.4285714285714285,0.5274725274725274,18.57725705485791,0.6956521739130435,0.5714285714285714,0.6274509803921569,36.69486398575828,0.660377358490566,0.625,0.6422018348623852,34.47078098542988,0.7551020408163265,0.6607142857142857,0.7047619047619047,32.690137973986566,X,X,0.0,0.06256006989951945,51-100
0000287_02001_d_0000769.jpg,44,YOLOv13-L,YOLOv13-L,1,0.8648648648648649,0.7272727272727273,0.7901234567901235,52.48641804791987,0.8648648648648649,0.7272727272727273,0.7901234567901235,0.7714285714285715,0.6136363636363636,0.6835443037974683,20.17031004652381,0.90625,0.6590909090909091,0.763157894736842,19.605137989856303,0.8648648648648649,0.7272727272727273,0.7901234567901235,29.170419031288475,0.8857142857142857,0.7045454545454546,0.7848101265822784,28.06962898466736,L,L,0.0,0.0053133302078450795,21-50
0000287_02201_d_0000770.jpg,27,YOLOv13-N,YOLOv13-L,0,0.9230769230769232,0.4444444444444444,0.6,21.22114301891997,0.875,0.5185185185185185,0.6511627906976744,0.9230769230769232,0.4444444444444444,0.6,21.22114301891997,0.8461538461538461,0.4074074074074074,0.5499999999999999,22.038766997866333,0.875,0.5185185185185185,0.6511627906976744,32.09053899627179,0.7058823529411765,0.4444444444444444,0.5454545454545455,32.42679301183671,N,L,0.051162790697674376,0.051162790697674376,21-50
0000287_02401_d_0000771.jpg,18,YOLOv13-S,YOLOv13-X,0,0.6842105263157895,0.7222222222222222,0.7027027027027027,42.01171797467396,0.7777777777777778,0.7777777777777778,0.7777777777777778,0.75,0.6666666666666666,0.7058823529411765,20.705903007183224,0.6842105263157895,0.7222222222222222,0.7027027027027027,15.433088992722332,0.7222222222222222,0.7222222222222222,0.7222222222222222,29.945374000817537,0.7777777777777778,0.7777777777777778,0.7777777777777778,26.000501995440573,S,X,0.07507507507507505,0.05555555555555558,11-20
0000287_02601_d_0000772.jpg,44,YOLOv13-L,YOLOv13-L,1,0.8518518518518519,0.5227272727272727,0.647887323943662,72.21964601194486,0.8518518518518519,0.5227272727272727,0.647887323943662,0.7058823529411765,0.2727272727272727,0.3934426229508196,39.8316879873164,0.6333333333333333,0.4318181818181818,0.5135135135135135,24.656256020534784,0.8518518518518519,0.5227272727272727,0.647887323943662,48.9797389600426,0.8695652173913043,0.4545454545454545,0.5970149253731344,33.22653099894524,L,L,0.0,0.05087239857052761,21-50
0000287_02801_d_0000773.jpg,60,YOLOv13-X,YOLOv13-X,1,0.84,0.7,0.7636363636363636,57.47519596479833,0.84,0.7,0.7636363636363636,0.7631578947368421,0.4833333333333333,0.5918367346938777,21.23126300284639,0.75,0.6,0.6666666666666665,37.46365697588772,0.8222222222222222,0.6166666666666667,0.7047619047619048,40.8446789951995,0.84,0.7,0.7636363636363636,33.46195601625368,X,X,0.0,0.058874458874458746,51-100
0000287_03001_d_0000774.jpg,18,YOLOv13-L,YOLOv13-X,0,0.7142857142857143,0.8333333333333334,0.7692307692307692,46.56254197470844,0.7894736842105263,0.8333333333333334,0.8108108108108109,0.75,0.8333333333333334,0.7894736842105262,20.62494697747752,0.75,0.8333333333333334,0.7894736842105262,20.41491895215586,0.7142857142857143,0.8333333333333334,0.7692307692307692,24.50820500962436,0.7894736842105263,0.8333333333333334,0.8108108108108109,57.47643200447783,L,X,0.04158004158004169,0.02133712660028464,11-20
0000287_03401_d_0000776.jpg,56,YOLOv13-L,YOLOv13-X,0,0.75,0.8035714285714286,0.7758620689655172,73.6932089785114,0.7903225806451613,0.875,0.8305084745762712,0.82,0.7321428571428571,0.7735849056603773,40.30535998754203,0.7924528301886793,0.75,0.7706422018348623,36.73461900325492,0.75,0.8035714285714286,0.7758620689655172,54.72884303890169,0.7903225806451613,0.875,0.8305084745762712,27.603400987572968,L,X,0.054646405610753956,0.054646405610753956,51-100
0000287_04601_d_0000780.jpg,88,YOLOv13-X,YOLOv13-X,1,0.8333333333333334,0.5681818181818182,0.6756756756756758,83.42885499587283,0.8333333333333334,0.5681818181818182,0.6756756756756758,0.8679245283018868,0.5227272727272727,0.6524822695035462,41.160819004289806,0.8103448275862069,0.5340909090909091,0.6438356164383561,19.83709301566705,0.8448275862068966,0.5568181818181818,0.6712328767123287,48.47782198339701,0.8333333333333334,0.5681818181818182,0.6756756756756758,32.96409599715844,X,X,0.0,0.004442798963347094,51-100
0000287_04801_d_0000781.jpg,53,YOLOv13-L,YOLOv13-X,0,0.7111111111111111,0.6037735849056604,0.6530612244897959,58.64887899952009,0.7333333333333333,0.6226415094339622,0.673469387755102,0.6944444444444444,0.4716981132075472,0.5617977528089889,20.90022398624569,0.75,0.5094339622641509,0.6067415730337078,43.34193101385608,0.7111111111111111,0.6037735849056604,0.6530612244897959,19.70193500164896,0.7333333333333333,0.6226415094339622,0.673469387755102,44.84377597691491,L,X,0.020408163265306145,0.020408163265306145,51-100
0000287_05001_d_0000782.jpg,62,YOLOv13-L,YOLOv13-X,0,0.7619047619047619,0.5161290322580645,0.6153846153846153,53.659175988286734,0.75,0.532258064516129,0.6226415094339622,0.7837837837837838,0.4677419354838709,0.5858585858585857,19.914474978577346,0.775,0.5,0.607843137254902,39.24378100782633,0.7619047619047619,0.5161290322580645,0.6153846153846153,61.160376004409045,0.75,0.532258064516129,0.6226415094339622,32.16989396605641,L,X,0.007256894049346929,0.007256894049346929,51-100
0000289_00001_d_0000811.jpg,41,YOLOv13-X,YOLOv13-L,0,0.7297297297297297,0.6585365853658537,0.6923076923076923,45.49667902756482,0.7073170731707317,0.7073170731707317,0.7073170731707317,0.75,0.5121951219512195,0.6086956521739131,19.29930498590693,0.6571428571428571,0.5609756097560976,0.605263157894737,21.359552978537977,0.7073170731707317,0.7073170731707317,0.7073170731707317,31.24167799251154,0.7297297297297297,0.6585365853658537,0.6923076923076923,30.11041000718251,X,L,0.015009380863039379,0.015009380863039379,21-50
0000289_00201_d_0000812.jpg,43,YOLOv13-X,YOLOv13-X,1,0.7692307692307693,0.6976744186046512,0.7317073170731708,73.0113600147888,0.7692307692307693,0.6976744186046512,0.7317073170731708,0.6060606060606061,0.4651162790697674,0.5263157894736842,41.7256869841367,0.5476190476190477,0.5348837209302325,0.5411764705882354,18.99160898756236,0.6956521739130435,0.7441860465116279,0.7191011235955057,32.69693499896675,0.7692307692307693,0.6976744186046512,0.7317073170731708,40.5194410122931,X,X,0.0,0.012606193477665117,21-50
0000289_00401_d_0000813.jpg,53,YOLOv13-L,YOLOv13-X,0,0.7142857142857143,0.660377358490566,0.6862745098039216,63.50007699802518,0.75,0.6792452830188679,0.712871287128713,0.6326530612244898,0.5849056603773585,0.6078431372549019,28.828611015342176,0.6226415094339622,0.6226415094339622,0.6226415094339622,28.50537101039663,0.7142857142857143,0.660377358490566,0.6862745098039216,31.625626026652757,0.75,0.6792452830188679,0.712871287128713,50.74557696934789,L,X,0.026596777324791376,0.026596777324791376,51-100
0000289_00601_d_0000814.jpg,43,YOLOv13-L,YOLOv13-L,1,0.7575757575757576,0.5813953488372093,0.6578947368421053,68.94367100903764,0.7575757575757576,0.5813953488372093,0.6578947368421053,0.6666666666666666,0.4651162790697674,0.547945205479452,37.345250020734966,0.6666666666666666,0.5581395348837209,0.6075949367088608,20.97209298517555,0.7575757575757576,0.5813953488372093,0.6578947368421053,30.129818012937903,0.7931034482758621,0.5348837209302325,0.6388888888888888,29.29872000822797,L,L,0.0,0.01900584795321647,21-50
0000289_00801_d_0000815.jpg,39,YOLOv13-L,YOLOv13-L,1,0.8214285714285714,0.5897435897435898,0.6865671641791046,57.93508404167369,0.8214285714285714,0.5897435897435898,0.6865671641791046,0.782608695652174,0.4615384615384615,0.5806451612903226,19.241747038904577,0.6333333333333333,0.4871794871794871,0.5507246376811593,20.8622119971551,0.8214285714285714,0.5897435897435898,0.6865671641791046,29.976763005834076,0.7142857142857143,0.5128205128205128,0.5970149253731343,35.68909701425582,L,L,0.0,0.0895522388059703,21-50
0000289_01001_d_0000816.jpg,33,YOLOv13-L,YOLOv13-L,1,0.8333333333333334,0.7575757575757576,0.7936507936507938,64.88543195882812,0.8333333333333334,0.7575757575757576,0.7936507936507938,0.6333333333333333,0.5757575757575758,0.6031746031746033,18.74065597075969,0.7142857142857143,0.6060606060606061,0.6557377049180327,20.73218103032559,0.8333333333333334,0.7575757575757576,0.7936507936507938,33.1808989867568,0.6666666666666666,0.7272727272727273,0.6956521739130435,29.28586298367009,L,L,0.0,0.09799861973775037,21-50
0000289_01201_d_0000817.jpg,43,YOLOv13-X,YOLOv13-X,1,0.696969696969697,0.5348837209302325,0.6052631578947368,57.13685101363808,0.696969696969697,0.5348837209302325,0.6052631578947368,0.525,0.4883720930232558,0.5060240963855422,21.21929300483316,0.5862068965517241,0.3953488372093023,0.4722222222222222,27.99931500339881,0.625,0.4651162790697674,0.5333333333333334,24.64741200674325,0.696969696969697,0.5348837209302325,0.6052631578947368,31.20868594851345,X,X,0.0,0.0719298245614034,21-50
0000289_01401_d_0000818.jpg,39,YOLOv13-X,YOLOv13-L,0,0.6904761904761905,0.7435897435897436,0.7160493827160495,55.625106964726,0.725,0.7435897435897436,0.7341772151898733,0.6666666666666666,0.5128205128205128,0.5797101449275363,20.91206598561257,0.5945945945945946,0.5641025641025641,0.5789473684210528,21.86680701561272,0.725,0.7435897435897436,0.7341772151898733,36.99804999632761,0.6904761904761905,0.7435897435897436,0.7160493827160495,47.50416899332777,X,L,0.01812783247382388,0.01812783247382388,21-50
0000289_01601_d_0000819.jpg,44,YOLOv13-L,YOLOv13-L,1,0.7647058823529411,0.5909090909090909,0.6666666666666667,54.46037999354303,0.7647058823529411,0.5909090909090909,0.6666666666666667,0.6111111111111112,0.5,0.55,21.60041697788984,0.6666666666666666,0.5454545454545454,0.6,17.18057197285816,0.7647058823529411,0.5909090909090909,0.6666666666666667,43.46928198356181,0.6341463414634146,0.5909090909090909,0.611764705882353,38.64266199525446,L,L,0.0,0.05490196078431375,21-50
0000289_02001_d_0000821.jpg,43,YOLOv13-L,YOLOv13-X,0,0.8205128205128205,0.7441860465116279,0.7804878048780488,53.199829009827226,0.8048780487804879,0.7674418604651163,0.7857142857142858,0.7631578947368421,0.6744186046511628,0.7160493827160495,16.206250991672277,0.8055555555555556,0.6744186046511628,0.7341772151898734,20.21882199915126,0.8205128205128205,0.7441860465116279,0.7804878048780488,32.65050100162625,0.8048780487804879,0.7674418604651163,0.7857142857142858,41.27568902913481,L,X,0.005226480836237002,0.005226480836237002,21-50
0000289_02201_d_0000822.jpg,29,YOLOv13-L,YOLOv13-X,0,0.8260869565217391,0.6551724137931034,0.7307692307692308,73.6589680891484,0.8695652173913043,0.6896551724137931,0.7692307692307693,0.68,0.5862068965517241,0.6296296296296295,41.783767053857446,0.76,0.6551724137931034,0.7037037037037037,23.054365999996666,0.8260869565217391,0.6551724137931034,0.7307692307692308,31.11625200835988,0.8695652173913043,0.6896551724137931,0.7692307692307693,34.033689997158945,L,X,0.038461538461538436,0.038461538461538436,21-50
0000289_02401_d_0000823.jpg,49,YOLOv13-L,YOLOv13-L,1,0.7755102040816326,0.7755102040816326,0.7755102040816326,57.801308983471245,0.7755102040816326,0.7755102040816326,0.7755102040816326,0.631578947368421,0.4897959183673469,0.5517241379310346,21.33847697405145,0.6666666666666666,0.6122448979591837,0.6382978723404255,19.459542992990464,0.7755102040816326,0.7755102040816326,0.7755102040816326,47.51179402228445,0.7358490566037735,0.7959183673469388,0.7647058823529412,18.765237007755783,L,L,0.0,0.01080432172869139,21-50
0000289_02601_d_0000824.jpg,58,YOLOv13-L,YOLOv13-X,0,0.803921568627451,0.7068965517241379,0.7522935779816514,73.36411002324894,0.8541666666666666,0.7068965517241379,0.7735849056603773,0.7647058823529411,0.4482758620689655,0.5652173913043479,21.806088043376803,0.8461538461538461,0.5689655172413793,0.6804123711340206,41.501005995087326,0.803921568627451,0.7068965517241379,0.7522935779816514,39.55557296285406,0.8541666666666666,0.7068965517241379,0.7735849056603773,30.25260497815907,L,X,0.02129132767872588,0.02129132767872588,51-100
0000289_03001_d_0000826.jpg,61,YOLOv13-X,YOLOv13-X,1,0.7551020408163265,0.6065573770491803,0.6727272727272727,63.597706030122936,0.7551020408163265,0.6065573770491803,0.6727272727272727,0.7297297297297297,0.4426229508196721,0.5510204081632653,20.271290035452694,0.6521739130434783,0.4918032786885246,0.5607476635514019,20.94740403117612,0.7307692307692307,0.6229508196721312,0.672566371681416,43.09927095891908,0.7551020408163265,0.6065573770491803,0.6727272727272727,57.42236302467063,X,X,0.0,0.0001609010458567539,51-100
0000289_03201_d_0000827.jpg,80,YOLOv13-L,YOLOv13-X,0,0.7142857142857143,0.5,0.588235294117647,48.73788898112252,0.7272727272727273,0.5,0.5925925925925926,0.6744186046511628,0.3625,0.4715447154471545,18.898423993960023,0.6792452830188679,0.45,0.5413533834586466,20.00637899618596,0.7142857142857143,0.5,0.588235294117647,29.23170302528888,0.7272727272727273,0.5,0.5925925925925926,30.061755038332198,L,X,0.004357298474945592,0.004357298474945592,51-100
0000289_03401_d_0000828.jpg,54,YOLOv13-L,YOLOv13-L,1,0.7115384615384616,0.6851851851851852,0.6981132075471698,68.32183600636199,0.7115384615384616,0.6851851851851852,0.6981132075471698,0.717948717948718,0.5185185185185185,0.6021505376344085,28.05506798904389,0.7073170731707317,0.5370370370370371,0.6105263157894738,20.041864016093317,0.7115384615384616,0.6851851851851852,0.6981132075471698,49.86924602417275,0.6101694915254238,0.6666666666666666,0.6371681415929203,61.33343098917976,L,L,0.0,0.06094506595424942,51-100
0000289_03601_d_0000829.jpg,77,YOLOv13-X,YOLOv13-X,1,0.6739130434782609,0.4025974025974026,0.5040650406504066,69.9584309477359,0.6739130434782609,0.4025974025974026,0.5040650406504066,0.5,0.2597402597402597,0.3418803418803418,41.35478299576789,0.6578947368421053,0.3246753246753247,0.4347826086956521,20.832819980569184,0.6521739130434783,0.3896103896103896,0.4878048780487804,37.27123897988349,0.6739130434782609,0.4025974025974026,0.5040650406504066,50.15634302981198,X,X,0.0,0.01626016260162616,51-100
0000289_03801_d_0000830.jpg,100,YOLOv13-L,YOLOv13-X,0,0.627906976744186,0.27,0.3776223776223776,59.5451719709672,0.6304347826086957,0.29,0.3972602739726027,0.6,0.21,0.3111111111111111,20.932398969307545,0.5945945945945946,0.22,0.3211678832116788,18.91427004011348,0.627906976744186,0.27,0.3776223776223776,44.36150204855949,0.6304347826086957,0.29,0.3972602739726027,30.244019988458604,L,X,0.019637896350225115,0.019637896350225115,51-100
0000289_04001_d_0000831.jpg,80,YOLOv13-L,YOLOv13-L,1,0.6571428571428571,0.575,0.6133333333333333,80.1953700138256,0.6571428571428571,0.575,0.6133333333333333,0.6,0.3,0.4,40.89946503518149,0.6274509803921569,0.4,0.4885496183206107,20.58323100209236,0.6571428571428571,0.575,0.6133333333333333,32.760607020463794,0.6774193548387096,0.525,0.5915492957746479,48.75198297668248,L,L,0.0,0.02178403755868541,51-100
0000289_04201_d_0000832.jpg,88,YOLOv13-X,YOLOv13-X,1,0.6933333333333334,0.5909090909090909,0.638036809815951,57.490159990265965,0.6933333333333334,0.5909090909090909,0.638036809815951,0.6153846153846154,0.3636363636363636,0.4571428571428572,19.123737991321832,0.5542168674698795,0.5227272727272727,0.5380116959064327,16.20477403048426,0.6172839506172839,0.5681818181818182,0.591715976331361,39.22005096683279,0.6933333333333334,0.5909090909090909,0.638036809815951,31.27530298661441,X,X,0.0,0.04632083348459004,51-100
0000289_04401_d_0000833.jpg,100,YOLOv13-X,YOLOv13-X,1,0.7553191489361702,0.71,0.731958762886598,49.82842900790274,0.7553191489361702,0.71,0.731958762886598,0.7049180327868853,0.43,0.5341614906832297,20.6254770164378,0.6666666666666666,0.6,0.631578947368421,21.632300049532205,0.6777777777777778,0.61,0.6421052631578946,32.44810801697895,0.7553191489361702,0.71,0.731958762886598,30.40795197011903,X,X,0.0,0.08985349972870338,51-100
0000289_04601_d_0000834.jpg,93,YOLOv13-X,YOLOv13-X,1,0.7954545454545454,0.7526881720430108,0.7734806629834253,59.69457403989509,0.7954545454545454,0.7526881720430108,0.7734806629834253,0.7125,0.6129032258064516,0.6589595375722543,24.79557500919327,0.6777777777777778,0.6559139784946236,0.6666666666666666,42.1431579743512,0.6774193548387096,0.6774193548387096,0.6774193548387096,33.794506976846606,0.7954545454545454,0.7526881720430108,0.7734806629834253,29.589226993266493,X,X,0.0,0.0960613081447157,51-100
0000289_04801_d_0000835.jpg,71,YOLOv13-X,YOLOv13-L,0,0.7678571428571429,0.6056338028169014,0.6771653543307087,53.07130300207064,0.82,0.5774647887323944,0.6776859504132231,0.7021276595744681,0.4647887323943662,0.559322033898305,18.858985975384712,0.7307692307692307,0.5352112676056338,0.6178861788617886,28.25255604693666,0.82,0.5774647887323944,0.6776859504132231,30.7876419974491,0.7678571428571429,0.6056338028169014,0.6771653543307087,52.13521100813523,X,L,0.000520596082514424,0.000520596082514424,51-100
0000289_05001_d_0000836.jpg,65,YOLOv13-L,YOLOv13-X,0,0.7419354838709677,0.7076923076923077,0.7244094488188977,66.02805701550096,0.7384615384615385,0.7384615384615385,0.7384615384615385,0.7446808510638298,0.5384615384615384,0.625,31.070814991835505,0.711864406779661,0.6461538461538462,0.6774193548387097,41.734253987669945,0.7419354838709677,0.7076923076923077,0.7244094488188977,47.18064499320462,0.7384615384615385,0.7384615384615385,0.7384615384615385,33.75834599137306,L,X,0.01405208964264082,0.01405208964264082,51-100
0000289_05201_d_0000837.jpg,79,YOLOv13-L,YOLOv13-X,0,0.7575757575757576,0.6329113924050633,0.6896551724137931,70.42093301424757,0.7727272727272727,0.6455696202531646,0.7034482758620689,0.8,0.4556962025316455,0.5806451612903226,35.833543981425464,0.6935483870967742,0.5443037974683544,0.6099290780141844,23.86329899309203,0.7575757575757576,0.6329113924050633,0.6896551724137931,34.491034981328994,0.7727272727272727,0.6455696202531646,0.7034482758620689,28.204267960973084,L,X,0.013793103448275779,0.013793103448275779,51-100
0000289_05401_d_0000838.jpg,81,YOLOv13-X,YOLOv13-X,1,0.6363636363636364,0.6049382716049383,0.6202531645569621,72.12877203710377,0.6363636363636364,0.6049382716049383,0.6202531645569621,0.5466666666666666,0.5061728395061729,0.5256410256410257,41.97481099981815,0.5180722891566265,0.5308641975308642,0.524390243902439,19.670014968141917,0.5903614457831325,0.6049382716049383,0.5975609756097562,44.35269196983427,0.6363636363636364,0.6049382716049383,0.6202531645569621,36.61895199911669,X,X,0.0,0.022692188947205927,51-100
0000289_05601_d_0000839.jpg,107,YOLOv13-X,YOLOv13-L,0,0.7045454545454546,0.5794392523364486,0.635897435897436,50.03887601196766,0.810126582278481,0.5981308411214953,0.6881720430107526,0.6666666666666666,0.3925233644859813,0.4941176470588235,27.386241010390226,0.675,0.5046728971962616,0.5775401069518715,15.10050002252683,0.810126582278481,0.5981308411214953,0.6881720430107526,55.5734729859978,0.7045454545454546,0.5794392523364486,0.635897435897436,61.34239304810762,X,L,0.05227460711331666,0.05227460711331666,100+
0000289_05801_d_0000840.jpg,78,YOLOv13-L,YOLOv13-X,0,0.6376811594202898,0.5641025641025641,0.5986394557823129,61.89615302719176,0.6716417910447762,0.5769230769230769,0.6206896551724138,0.6226415094339622,0.4230769230769231,0.5038167938931297,27.012269012629982,0.6,0.5,0.5454545454545454,18.85340898297727,0.6376811594202898,0.5641025641025641,0.5986394557823129,51.594312011729926,0.6716417910447762,0.5769230769230769,0.6206896551724138,31.218507036101077,L,X,0.02205019939010089,0.02205019939010089,51-100
0000289_06001_d_0000841.jpg,80,YOLOv13-X,YOLOv13-X,1,0.796875,0.6375,0.7083333333333333,64.54641598975286,0.796875,0.6375,0.7083333333333333,0.7843137254901961,0.5,0.6106870229007634,18.58424802776426,0.7213114754098361,0.55,0.624113475177305,34.75716698449105,0.7777777777777778,0.6125,0.6853146853146853,43.73309196671471,0.796875,0.6375,0.7083333333333333,35.5985650094226,X,X,0.0,0.023018648018647947,51-100
0000289_06201_d_0000842.jpg,79,YOLOv13-X,YOLOv13-X,1,0.8688524590163934,0.6708860759493671,0.7571428571428572,77.69844197900966,0.8688524590163934,0.6708860759493671,0.7571428571428572,0.7818181818181819,0.5443037974683544,0.6417910447761194,38.53563201846555,0.7627118644067796,0.569620253164557,0.6521739130434783,21.568483964074403,0.8548387096774194,0.6708860759493671,0.7517730496453902,34.51666998444125,0.8688524590163934,0.6708860759493671,0.7571428571428572,38.208572019357234,X,X,0.0,0.005369807497467072,51-100
0000289_06401_d_0000843.jpg,79,YOLOv13-L,YOLOv13-X,0,0.6323529411764706,0.5443037974683544,0.5850340136054422,46.93864798173309,0.7,0.5316455696202531,0.6043165467625898,0.6808510638297872,0.4050632911392405,0.5079365079365079,22.696094994898885,0.625,0.4430379746835443,0.5185185185185185,25.971530994866043,0.6323529411764706,0.5443037974683544,0.5850340136054422,48.874441999942064,0.7,0.5316455696202531,0.6043165467625898,28.38961197994649,L,X,0.019282533157147674,0.019282533157147674,51-100
0000289_06601_d_0000844.jpg,88,YOLOv13-L,YOLOv13-L,1,0.8305084745762712,0.5568181818181818,0.6666666666666666,66.47885602433234,0.8305084745762712,0.5568181818181818,0.6666666666666666,0.8125,0.4431818181818182,0.573529411764706,31.356488005258143,0.7894736842105263,0.5113636363636364,0.6206896551724137,25.41379199828953,0.8305084745762712,0.5568181818181818,0.6666666666666666,21.08898595906794,0.7868852459016393,0.5454545454545454,0.6442953020134228,53.37184097152203,L,L,0.0,0.022371364653243853,51-100
0000289_06801_d_0000845.jpg,98,YOLOv13-L,YOLOv13-X,0,0.726027397260274,0.5408163265306123,0.6198830409356725,56.45703297341242,0.7571428571428571,0.5408163265306123,0.6309523809523809,0.782608695652174,0.3673469387755102,0.5,21.113727998454124,0.7966101694915254,0.4795918367346938,0.5987261146496815,29.7657490009442,0.726027397260274,0.5408163265306123,0.6198830409356725,55.06344500463456,0.7571428571428571,0.5408163265306123,0.6309523809523809,28.74757099198177,L,X,0.011069340016708451,0.011069340016708451,51-100
0000289_07001_d_0000846.jpg,74,YOLOv13-L,YOLOv13-X,0,0.7954545454545454,0.4729729729729729,0.5932203389830508,64.0010759816505,0.8478260869565217,0.527027027027027,0.6499999999999999,0.9032258064516128,0.3783783783783784,0.5333333333333333,22.54892699420452,0.8378378378378378,0.4189189189189189,0.5585585585585585,32.29982202174142,0.7954545454545454,0.4729729729729729,0.5932203389830508,31.071360979694877,0.8478260869565217,0.527027027027027,0.6499999999999999,48.53064700728282,L,X,0.05677966101694909,0.05677966101694909,51-100
0000289_07201_d_0000847.jpg,40,YOLOv13-L,YOLOv13-S,0,0.75,0.6,0.6666666666666665,74.83055198099464,0.8387096774193549,0.65,0.7323943661971831,0.7692307692307693,0.5,0.6060606060606061,42.2501330031082,0.8387096774193549,0.65,0.7323943661971831,29.06272397376597,0.75,0.6,0.6666666666666665,63.6834500473924,0.6904761904761905,0.725,0.7073170731707318,29.97043600771576,L,S,0.0657276995305166,0.02507729302645134,21-50
0000290_04001_d_0000867.jpg,79,YOLOv13-L,YOLOv13-X,0,0.8656716417910447,0.7341772151898734,0.7945205479452054,68.0830380297266,0.8939393939393939,0.7468354430379747,0.8137931034482758,0.8064516129032258,0.6329113924050633,0.7092198581560284,20.456831029150635,0.835820895522388,0.7088607594936709,0.7671232876712328,26.7894949647598,0.8656716417910447,0.7341772151898734,0.7945205479452054,32.4758859933354,0.8939393939393939,0.7468354430379747,0.8137931034482758,36.1463229637593,L,X,0.019272555503070388,0.019272555503070388,51-100
0000291_00001_d_0000868.jpg,178,YOLOv13-L,YOLOv13-X,0,0.3953488372093023,0.1910112359550561,0.2575757575757575,61.3898120354861,0.5238095238095238,0.247191011235955,0.3358778625954198,0.5,0.1348314606741573,0.2123893805309734,29.406734043732285,0.4307692307692308,0.1573033707865168,0.2304526748971193,14.766312029678376,0.3953488372093023,0.1910112359550561,0.2575757575757575,25.640391977503896,0.5238095238095238,0.247191011235955,0.3358778625954198,27.63216098537669,L,X,0.07830210501966228,0.07830210501966228,100+
0000291_00201_d_0000869.jpg,113,YOLOv13-L,YOLOv13-X,0,0.618421052631579,0.415929203539823,0.4973544973544974,46.15543503314257,0.7083333333333334,0.4513274336283185,0.5513513513513514,0.5,0.2212389380530973,0.3067484662576687,24.006550025660545,0.6065573770491803,0.3274336283185841,0.425287356321839,19.031477975659072,0.618421052631579,0.415929203539823,0.4973544973544974,40.84063699701801,0.7083333333333334,0.4513274336283185,0.5513513513513514,60.03334699198604,L,X,0.053996853996854,0.053996853996854,100+
0000291_00401_d_0000870.jpg,166,YOLOv13-X,YOLOv13-X,1,0.6046511627906976,0.3132530120481928,0.4126984126984127,65.38217095658183,0.6046511627906976,0.3132530120481928,0.4126984126984127,0.4677419354838709,0.1746987951807229,0.2543859649122807,32.47148200171068,0.5308641975308642,0.2590361445783132,0.3481781376518219,38.15308504272252,0.5280898876404494,0.2831325301204819,0.3686274509803922,27.298121945932508,0.6046511627906976,0.3132530120481928,0.4126984126984127,31.41819400480017,X,X,0.0,0.044070961718020496,100+
0000291_00601_d_0000871.jpg,120,YOLOv13-X,YOLOv13-X,1,0.6989247311827957,0.5416666666666666,0.6103286384976525,60.32841000705957,0.6989247311827957,0.5416666666666666,0.6103286384976525,0.6031746031746031,0.3166666666666666,0.4153005464480874,24.68333597062156,0.6296296296296297,0.425,0.5074626865671642,37.84096497111023,0.6666666666666666,0.55,0.6027397260273972,33.78050000173971,0.6989247311827957,0.5416666666666666,0.6103286384976525,31.140728038735688,X,X,0.0,0.007588912470255282,100+
0000291_01001_d_0000873.jpg,159,YOLOv13-X,YOLOv13-X,1,0.6862745098039216,0.440251572327044,0.5363984674329502,57.014416030142456,0.6862745098039216,0.440251572327044,0.5363984674329502,0.5373134328358209,0.2264150943396226,0.3185840707964602,23.414194001816213,0.5955056179775281,0.3333333333333333,0.4274193548387096,12.952378019690514,0.6422018348623854,0.440251572327044,0.5223880597014926,49.70142000820488,0.6862745098039216,0.440251572327044,0.5363984674329502,44.734483992215246,X,X,0.0,0.014010407731457564,100+
0000291_01201_d_0000874.jpg,212,YOLOv13-X,YOLOv13-X,1,0.6438356164383562,0.4433962264150943,0.5251396648044692,66.24490598915145,0.6438356164383562,0.4433962264150943,0.5251396648044692,0.5288461538461539,0.2594339622641509,0.3481012658227848,39.91209901869297,0.5298507462686567,0.3349056603773584,0.4104046242774566,37.49270603293553,0.6275862068965518,0.4292452830188679,0.5098039215686275,62.75103002553806,0.6438356164383562,0.4433962264150943,0.5251396648044692,59.83887502225116,X,X,0.0,0.015335743235841637,100+
0000291_01401_d_0000875.jpg,154,YOLOv13-X,YOLOv13-L,0,0.6363636363636364,0.4090909090909091,0.4980237154150198,52.43439105106518,0.7010309278350515,0.4415584415584415,0.5418326693227091,0.5294117647058824,0.2922077922077922,0.3765690376569037,15.10692003648728,0.7078651685393258,0.4090909090909091,0.5185185185185185,20.202977990265936,0.7010309278350515,0.4415584415584415,0.5418326693227091,23.98380800150335,0.6363636363636364,0.4090909090909091,0.4980237154150198,57.81206698156893,X,L,0.04380895390768935,0.023314150804190636,100+
0000291_01601_d_0000876.jpg,87,YOLOv13-L,YOLOv13-L,1,0.6805555555555556,0.5632183908045977,0.6163522012578615,68.89277300797403,0.6805555555555556,0.5632183908045977,0.6163522012578615,0.5555555555555556,0.4022988505747126,0.4666666666666666,34.4566410058178,0.5974025974025974,0.5287356321839081,0.5609756097560975,22.06612000009045,0.6805555555555556,0.5632183908045977,0.6163522012578615,45.33605399774388,0.6527777777777778,0.5402298850574713,0.5911949685534591,29.9127500038594,L,L,0.0,0.0251572327044024,51-100
0000291_01801_d_0000877.jpg,113,YOLOv13-L,YOLOv13-S,0,0.4797297297297297,0.6283185840707964,0.5440613026819923,57.217614084947854,0.5555555555555556,0.6194690265486725,0.5857740585774059,0.504424778761062,0.504424778761062,0.504424778761062,21.18089603027329,0.5555555555555556,0.6194690265486725,0.5857740585774059,23.717359988950196,0.4797297297297297,0.6283185840707964,0.5440613026819923,34.87568604759872,0.5144927536231884,0.6283185840707964,0.5657370517928287,47.35687503125519,L,S,0.04171275589541368,0.020037006784577205,100+
0000291_02001_d_0000878.jpg,172,YOLOv13-L,YOLOv13-X,0,0.5918367346938775,0.5058139534883721,0.5454545454545454,67.81003094511107,0.6716417910447762,0.5232558139534884,0.5882352941176472,0.6320754716981132,0.3895348837209302,0.4820143884892086,36.644087987951934,0.6076923076923076,0.4593023255813953,0.5231788079470198,19.9988370295614,0.5918367346938775,0.5058139534883721,0.5454545454545454,30.195729981642216,0.6716417910447762,0.5232558139534884,0.5882352941176472,34.09842896508053,L,X,0.042780748663101775,0.042780748663101775,100+
0000291_02201_d_0000879.jpg,149,YOLOv13-L,YOLOv13-X,0,0.5833333333333334,0.5167785234899329,0.5480427046263346,64.88739693304524,0.6124031007751938,0.5302013422818792,0.5683453237410072,0.525,0.4228187919463087,0.4684014869888475,30.76344297733158,0.5609756097560976,0.4630872483221476,0.5073529411764707,22.656361979898065,0.5833333333333334,0.5167785234899329,0.5480427046263346,33.28661300474778,0.6124031007751938,0.5302013422818792,0.5683453237410072,32.429983955807984,L,X,0.02030261911467257,0.02030261911467257,100+
0000291_02601_d_0000881.jpg,178,YOLOv13-X,YOLOv13-X,1,0.6666666666666666,0.5617977528089888,0.6097560975609757,45.027356070932,0.6666666666666666,0.5617977528089888,0.6097560975609757,0.5597014925373134,0.4213483146067415,0.4807692307692306,16.521720041055232,0.6598639455782312,0.5449438202247191,0.5969230769230769,21.052828000392765,0.6303030303030303,0.5842696629213483,0.6064139941690961,31.494071008637547,0.6666666666666666,0.5617977528089888,0.6097560975609757,34.77305802516639,X,X,0.0,0.0033421033918795695,100+
0000291_03201_d_0000884.jpg,229,YOLOv13-X,YOLOv13-X,1,0.7012195121951219,0.5021834061135371,0.5852417302798981,48.10828703921288,0.7012195121951219,0.5021834061135371,0.5852417302798981,0.5658914728682171,0.3187772925764192,0.4078212290502793,22.53832400310785,0.6,0.4323144104803493,0.5025380710659899,32.8825680189766,0.6470588235294118,0.4803493449781659,0.5513784461152883,29.390554991550744,0.7012195121951219,0.5021834061135371,0.5852417302798981,47.735504049342126,X,X,0.0,0.03386328416460982,100+
0000291_03401_d_0000885.jpg,187,YOLOv13-L,YOLOv13-X,0,0.6666666666666666,0.5347593582887701,0.5934718100890207,39.1891659819521,0.6933333333333334,0.5561497326203209,0.6172106824925816,0.7294117647058823,0.3315508021390374,0.4558823529411764,14.059967012144623,0.6902654867256637,0.4171122994652406,0.5199999999999999,39.91520096315071,0.6666666666666666,0.5347593582887701,0.5934718100890207,32.98021701630205,0.6933333333333334,0.5561497326203209,0.6172106824925816,29.45756004191935,L,X,0.023738872403560873,0.023738872403560873,100+
0000291_03601_d_0000886.jpg,112,YOLOv13-X,YOLOv13-X,1,0.4296296296296296,0.5178571428571429,0.4696356275303643,48.46057400573045,0.4296296296296296,0.5178571428571429,0.4696356275303643,0.4383561643835616,0.2857142857142857,0.3459459459459459,21.800988994073123,0.3608247422680412,0.3125,0.3349282296650717,25.62009502435103,0.3846153846153846,0.4464285714285714,0.4132231404958678,20.36678500007838,0.4296296296296296,0.5178571428571429,0.4696356275303643,29.018941044341773,X,X,0.0,0.05641248703449653,100+
0000291_03801_d_0000887.jpg,191,YOLOv13-X,YOLOv13-X,1,0.6518518518518519,0.4607329842931937,0.5398773006134969,70.01003198092803,0.6518518518518519,0.4607329842931937,0.5398773006134969,0.4461538461538462,0.1518324607329843,0.2265624999999999,40.33708799397573,0.4782608695652174,0.2303664921465968,0.3109540636042402,42.41149901645258,0.6134453781512605,0.3821989528795811,0.4709677419354839,37.96968900132924,0.6518518518518519,0.4607329842931937,0.5398773006134969,32.4572499957867,X,X,0.0,0.06890955867801302,100+
0000291_04001_d_0000888.jpg,108,YOLOv13-X,YOLOv13-X,1,0.5307692307692308,0.6388888888888888,0.5798319327731093,47.59655403904617,0.5307692307692308,0.6388888888888888,0.5798319327731093,0.4845360824742268,0.4351851851851852,0.4585365853658536,21.08858700376004,0.5233644859813084,0.5185185185185185,0.5209302325581395,26.57988795544952,0.5565217391304348,0.5925925925925926,0.5739910313901346,63.37353400886059,0.5307692307692308,0.6388888888888888,0.5798319327731093,41.89277999103069,X,X,0.0,0.0058409013829746614,100+
0000291_04201_d_0000889.jpg,111,YOLOv13-X,YOLOv13-X,1,0.6698113207547169,0.6396396396396397,0.6543778801843319,53.1428320100531,0.6698113207547169,0.6396396396396397,0.6543778801843319,0.4912280701754385,0.5045045045045045,0.4977777777777777,22.3253250005655,0.6355140186915887,0.6126126126126126,0.6238532110091742,19.163160992320627,0.5905511811023622,0.6756756756756757,0.630252100840336,57.691191032063216,0.6698113207547169,0.6396396396396397,0.6543778801843319,28.474296967033297,X,X,0.0,0.024125779343995846,100+
0000291_04401_d_0000890.jpg,126,YOLOv13-X,YOLOv13-X,1,0.7017543859649122,0.6349206349206349,0.6666666666666666,51.49881006218493,0.7017543859649122,0.6349206349206349,0.6666666666666666,0.5084745762711864,0.4761904761904761,0.4918032786885246,21.194838045630604,0.6355140186915887,0.5396825396825397,0.5836909871244635,22.33421098208055,0.6324786324786325,0.5873015873015873,0.6090534979423867,32.96146698994562,0.7017543859649122,0.6349206349206349,0.6666666666666666,33.572827000170946,X,X,0.0,0.057613168724279906,100+
0000291_05001_d_0000892.jpg,135,YOLOv13-X,YOLOv13-X,1,0.6792452830188679,0.5333333333333333,0.5975103734439834,72.3735989886336,0.6792452830188679,0.5333333333333333,0.5975103734439834,0.5520833333333334,0.3925925925925926,0.4588744588744589,41.207433969248086,0.6509433962264151,0.5111111111111111,0.5726141078838174,22.524280997458845,0.6186440677966102,0.5407407407407407,0.5770750988142292,33.472684037406,0.6792452830188679,0.5333333333333333,0.5975103734439834,29.591562983114272,X,X,0.0,0.02043527462975414,100+
0000291_05201_d_0000893.jpg,207,YOLOv13-X,YOLOv13-X,1,0.659217877094972,0.5700483091787439,0.6113989637305699,60.86300895549357,0.659217877094972,0.5700483091787439,0.6113989637305699,0.5766423357664233,0.3816425120772946,0.4593023255813953,27.54009299678728,0.6242038216560509,0.4734299516908212,0.5384615384615384,22.67894404940307,0.6111111111111112,0.5314009661835749,0.5684754521963824,32.67843497451395,0.659217877094972,0.5700483091787439,0.6113989637305699,35.371416015550494,X,X,0.0,0.0429235115341875,100+
0000293_03601_d_0000940.jpg,117,YOLOv13-X,YOLOv13-L,0,0.7532467532467533,0.4957264957264957,0.5979381443298969,57.42080003255978,0.7922077922077922,0.5213675213675214,0.6288659793814434,0.75,0.3846153846153846,0.5084745762711865,23.86484900489449,0.8253968253968254,0.4444444444444444,0.5777777777777777,20.77696897322312,0.7922077922077922,0.5213675213675214,0.6288659793814434,31.32373100379482,0.7532467532467533,0.4957264957264957,0.5979381443298969,33.65719999419525,X,L,0.030927835051546504,0.030927835051546504,100+
0000295_00000_d_0000021.jpg,130,YOLOv13-X,YOLOv13-X,1,0.8253968253968254,0.4,0.5388601036269429,54.13768702419475,0.8253968253968254,0.4,0.5388601036269429,0.7241379310344828,0.3230769230769231,0.4468085106382978,20.476575009524822,0.7457627118644068,0.3384615384615385,0.4656084656084656,41.83941800147295,0.8,0.3692307692307692,0.5052631578947369,38.19697099970654,0.8253968253968254,0.4,0.5388601036269429,31.9636240019463,X,X,0.0,0.03359694573220606,100+
0000295_00200_d_0000022.jpg,78,YOLOv13-X,YOLOv13-L,0,0.6823529411764706,0.7435897435897436,0.7116564417177913,43.98111201589927,0.7307692307692307,0.7307692307692307,0.7307692307692306,0.5208333333333334,0.6410256410256411,0.5747126436781609,18.67271400988102,0.6179775280898876,0.7051282051282052,0.6586826347305389,35.67066398682073,0.7307692307692307,0.7307692307692307,0.7307692307692306,32.744493044447154,0.6823529411764706,0.7435897435897436,0.7116564417177913,32.850057003088295,X,L,0.019112789051439316,0.019112789051439316,51-100
0000295_00600_d_0000024.jpg,186,YOLOv13-X,YOLOv13-X,1,0.8117647058823529,0.3709677419354839,0.5092250922509226,46.15425498923287,0.8117647058823529,0.3709677419354839,0.5092250922509226,0.8235294117647058,0.3010752688172043,0.4409448818897638,16.33612101431936,0.7567567567567568,0.3010752688172043,0.4307692307692308,34.98098399722949,0.7931034482758621,0.3709677419354839,0.5054945054945055,31.095908023417,0.8117647058823529,0.3709677419354839,0.5092250922509226,32.25185599876568,X,X,0.0,0.0037305867564171313,100+
0000295_00800_d_0000025.jpg,147,YOLOv13-X,YOLOv13-X,1,0.69,0.4693877551020408,0.5587044534412955,51.60601495299488,0.69,0.4693877551020408,0.5587044534412955,0.7777777777777778,0.3809523809523809,0.5114155251141552,21.914310986176133,0.6703296703296703,0.4149659863945578,0.5126050420168067,21.95090096211061,0.6095238095238096,0.4353741496598639,0.5079365079365079,33.7499079760164,0.69,0.4693877551020408,0.5587044534412955,61.59911397844553,X,X,0.0,0.04609941142448881,100+
0000295_01000_d_0000026.jpg,251,YOLOv13-X,YOLOv13-X,1,0.8260869565217391,0.3027888446215139,0.4431486880466472,49.82398799620569,0.8260869565217391,0.3027888446215139,0.4431486880466472,0.8378378378378378,0.247011952191235,0.3815384615384615,21.208452992141247,0.8024691358024691,0.2589641434262948,0.3915662650602409,22.97087700571865,0.7894736842105263,0.298804780876494,0.4335260115606936,47.05019301036373,0.8260869565217391,0.3027888446215139,0.4431486880466472,24.851724971085787,X,X,0.0,0.009622676485953607,100+
0000295_01200_d_0000027.jpg,200,YOLOv13-X,YOLOv13-X,1,0.6198347107438017,0.375,0.4672897196261683,75.37944597424939,0.6198347107438017,0.375,0.4672897196261683,0.6551724137931034,0.285,0.397212543554007,39.093528990633786,0.6388888888888888,0.345,0.448051948051948,22.51652302220464,0.5983606557377049,0.365,0.453416149068323,32.436267007142305,0.6198347107438017,0.375,0.4672897196261683,30.927437997888774,X,X,0.0,0.013873570557845272,100+
0000295_01400_d_0000028.jpg,189,YOLOv13-X,YOLOv13-L,0,0.7593984962406015,0.5343915343915344,0.6273291925465838,44.17423397535458,0.7803030303030303,0.544973544973545,0.6417445482866043,0.5772357723577236,0.3756613756613756,0.455128205128205,21.97342098224908,0.7063492063492064,0.4708994708994709,0.5650793650793651,39.69940700335428,0.7803030303030303,0.544973544973545,0.6417445482866043,62.90811602957547,0.7593984962406015,0.5343915343915344,0.6273291925465838,52.7199570205994,X,L,0.014415355740020508,0.014415355740020508,100+
0000295_01600_d_0000029.jpg,138,YOLOv13-X,YOLOv13-X,1,0.6962962962962963,0.6811594202898551,0.6886446886446886,79.44666704861447,0.6962962962962963,0.6811594202898551,0.6886446886446886,0.628099173553719,0.5507246376811594,0.5868725868725869,43.82897802861408,0.6842105263157895,0.6594202898550725,0.6715867158671587,24.06318299472332,0.6764705882352942,0.6666666666666666,0.6715328467153284,31.035711988806725,0.6962962962962963,0.6811594202898551,0.6886446886446886,60.11726404540241,X,X,0.0,0.01705797277752996,100+
0000295_01800_d_0000030.jpg,306,YOLOv13-X,YOLOv13-X,1,0.7716049382716049,0.4084967320261438,0.5341880341880342,51.1510280193761,0.7716049382716049,0.4084967320261438,0.5341880341880342,0.6758620689655173,0.3202614379084967,0.4345898004434589,15.76525199925527,0.6866666666666666,0.3366013071895425,0.4517543859649123,21.358641039114445,0.7741935483870968,0.392156862745098,0.5206073752711496,32.20261604292318,0.7716049382716049,0.4084967320261438,0.5341880341880342,47.35211899969727,X,X,0.0,0.013580658916884536,100+
0000295_02000_d_0000031.jpg,311,YOLOv13-X,YOLOv13-X,1,0.8518518518518519,0.4437299035369775,0.5835095137420718,57.28403199464083,0.8518518518518519,0.4437299035369775,0.5835095137420718,0.6928104575163399,0.3408360128617363,0.4568965517241379,28.84160401299596,0.7159763313609467,0.3890675241157556,0.5041666666666667,27.70732098724693,0.8170731707317073,0.4308681672025723,0.5642105263157895,61.89003598410636,0.8518518518518519,0.4437299035369775,0.5835095137420718,28.867635992355645,X,X,0.0,0.019298987426282332,100+
0000295_02200_d_0000032.jpg,193,YOLOv13-X,YOLOv13-X,1,0.5873015873015873,0.5751295336787565,0.5811518324607331,79.77557700360194,0.5873015873015873,0.5751295336787565,0.5811518324607331,0.6506849315068494,0.4922279792746113,0.5604719764011798,42.5358850043267,0.6158536585365854,0.5233160621761658,0.5658263305322129,22.1883209887892,0.6,0.5595854922279793,0.579088471849866,57.16760997893289,0.5873015873015873,0.5751295336787565,0.5811518324607331,34.57725601037964,X,X,0.0,0.002063360610867093,100+
0000295_02400_d_0000033.jpg,317,YOLOv13-X,YOLOv13-X,1,0.6699507389162561,0.4290220820189274,0.523076923076923,59.135033981874585,0.6699507389162561,0.4290220820189274,0.523076923076923,0.6575342465753424,0.3028391167192429,0.4146868250539957,21.16405195556581,0.6298342541436464,0.3596214511041009,0.4578313253012048,37.53080801106989,0.6261682242990654,0.4227129337539432,0.5047080979284368,43.130963982548565,0.6699507389162561,0.4290220820189274,0.523076923076923,34.383944992441684,X,X,0.0,0.018368825148486145,100+
0000295_02900_d_0000034.jpg,212,YOLOv13-X,YOLOv13-L,0,0.8345864661654135,0.5235849056603774,0.6434782608695652,62.121731985826045,0.8527131782945736,0.5188679245283019,0.6451612903225806,0.7913043478260869,0.4292452830188679,0.5565749235474007,35.63889500219375,0.8,0.4716981132075472,0.5934718100890208,23.377320962026715,0.8527131782945736,0.5188679245283019,0.6451612903225806,34.30670499801636,0.8345864661654135,0.5235849056603774,0.6434782608695652,33.64689904265106,X,L,0.001683029453015461,0.001683029453015461,100+
0000296_00601_d_0000038.jpg,91,YOLOv13-X,YOLOv13-L,0,0.7142857142857143,0.5494505494505495,0.6211180124223603,77.67389301443473,0.6842105263157895,0.5714285714285714,0.622754491017964,0.7872340425531915,0.4065934065934066,0.536231884057971,33.16364699276164,0.7457627118644068,0.4835164835164835,0.5866666666666667,34.08369101816788,0.6842105263157895,0.5714285714285714,0.622754491017964,59.32968499837443,0.7142857142857143,0.5494505494505495,0.6211180124223603,47.728041012305766,X,L,0.0016364785956036743,0.0016364785956036743,51-100
0000296_01001_d_0000040.jpg,181,YOLOv13-L,YOLOv13-X,0,0.7163120567375887,0.5580110497237569,0.6273291925465839,69.46792104281485,0.7894736842105263,0.580110497237569,0.6687898089171974,0.6814159292035398,0.425414364640884,0.5238095238095238,36.99033701559529,0.7007874015748031,0.4917127071823204,0.577922077922078,25.473661022260785,0.7163120567375887,0.5580110497237569,0.6273291925465839,64.51472401386127,0.7894736842105263,0.580110497237569,0.6687898089171974,35.37137695821002,L,X,0.04146061637061349,0.04146061637061349,100+
0000300_03201_d_0000154.jpg,66,YOLOv13-X,YOLOv13-L,0,0.7818181818181819,0.6515151515151515,0.7107438016528926,81.32903394289315,0.8214285714285714,0.696969696969697,0.7540983606557378,0.6226415094339622,0.5,0.5546218487394957,38.56057894881815,0.7446808510638298,0.5303030303030303,0.6194690265486724,30.32161999726668,0.8214285714285714,0.696969696969697,0.7540983606557378,31.32534300675616,0.7818181818181819,0.6515151515151515,0.7107438016528926,30.374057998415083,X,L,0.04335455900284513,0.04335455900284513,51-100
0000301_00001_d_0000156.jpg,96,YOLOv13-L,YOLOv13-L,1,0.8,0.5416666666666666,0.6459627329192547,82.84549997188151,0.8,0.5416666666666666,0.6459627329192547,0.6923076923076923,0.375,0.4864864864864864,42.5197189906612,0.7049180327868853,0.4479166666666667,0.5477707006369427,26.65864198934287,0.8,0.5416666666666666,0.6459627329192547,20.212762989103798,0.78125,0.5208333333333334,0.625,50.951665034517646,L,L,0.0,0.020962732919254656,51-100
0000301_00201_d_0000157.jpg,90,YOLOv13-L,YOLOv13-S,0,0.8,0.4888888888888889,0.6068965517241379,51.54285102616996,0.8333333333333334,0.5,0.625,0.7254901960784313,0.4111111111111111,0.524822695035461,19.63109103962779,0.8333333333333334,0.5,0.625,22.29796897154301,0.8,0.4888888888888889,0.6068965517241379,49.854508019052446,0.7586206896551724,0.4888888888888889,0.5945945945945945,57.35155998263508,L,S,0.018103448275862077,0.018103448275862077,51-100
0000301_01001_d_0000161.jpg,64,YOLOv13-L,YOLOv13-L,1,0.7317073170731707,0.46875,0.5714285714285714,63.02118406165391,0.7317073170731707,0.46875,0.5714285714285714,0.6551724137931034,0.296875,0.4086021505376344,21.60089905373752,0.6944444444444444,0.390625,0.5,25.3372109727934,0.7317073170731707,0.46875,0.5714285714285714,32.4351720046252,0.65,0.40625,0.5000000000000001,32.671706983819604,L,L,0.0,0.07142857142857129,51-100
0000301_01201_d_0000162.jpg,61,YOLOv13-L,YOLOv13-L,1,0.6888888888888889,0.5081967213114754,0.5849056603773585,42.62024303898215,0.6888888888888889,0.5081967213114754,0.5849056603773585,0.4680851063829787,0.360655737704918,0.4074074074074074,19.897543010301888,0.625,0.4098360655737705,0.4950495049504951,27.68691501114517,0.6888888888888889,0.5081967213114754,0.5849056603773585,60.76099496567622,0.6595744680851063,0.5081967213114754,0.5740740740740742,53.36870398605242,L,L,0.0,0.01083158630328429,51-100
0000303_03401_d_0000200.jpg,82,YOLOv13-X,YOLOv13-X,1,0.8125,0.4756097560975609,0.6,61.11302296631038,0.8125,0.4756097560975609,0.6,0.7777777777777778,0.3414634146341463,0.4745762711864407,25.367169990204275,0.8823529411764706,0.3658536585365853,0.5172413793103449,19.977905962150544,0.8,0.3902439024390244,0.5245901639344263,30.20917397225276,0.8125,0.4756097560975609,0.6,65.44457300333306,X,X,0.0,0.07540983606557372,51-100
0000308_04401_d_0000327.jpg,98,YOLOv13-L,YOLOv13-L,1,0.735632183908046,0.6530612244897959,0.6918918918918919,56.71956902369857,0.735632183908046,0.6530612244897959,0.6918918918918919,0.8253968253968254,0.5306122448979592,0.6459627329192548,22.46258599916473,0.7692307692307693,0.6122448979591837,0.6818181818181818,21.15139103261754,0.735632183908046,0.6530612244897959,0.6918918918918919,46.4388849795796,0.759493670886076,0.6122448979591837,0.6779661016949152,47.10565402638167,L,L,0.0,0.010073710073710163,51-100
0000312_00001_d_0000414.jpg,112,YOLOv13-L,YOLOv13-X,0,0.8191489361702128,0.6875,0.7475728155339806,90.13425902230664,0.8333333333333334,0.7142857142857143,0.7692307692307692,0.717391304347826,0.5892857142857143,0.6470588235294118,38.905111025087535,0.7368421052631579,0.625,0.6763285024154588,27.242524025496092,0.8191489361702128,0.6875,0.7475728155339806,62.0430430280976,0.8333333333333334,0.7142857142857143,0.7692307692307692,50.902150047477335,L,X,0.02165795369678858,0.02165795369678858,100+
0000312_00201_d_0000415.jpg,108,YOLOv13-L,YOLOv13-X,0,0.851063829787234,0.7407407407407407,0.7920792079207921,80.8072499348782,0.8155339805825242,0.7777777777777778,0.7962085308056872,0.7613636363636364,0.6203703703703703,0.6836734693877551,41.11318796640262,0.8314606741573034,0.6851851851851852,0.751269035532995,22.680896043311805,0.851063829787234,0.7407407407407407,0.7920792079207921,49.96734898304567,0.8155339805825242,0.7777777777777778,0.7962085308056872,32.14673500042409,L,X,0.0041293228848950925,0.0041293228848950925,100+
0000312_00601_d_0000417.jpg,59,YOLOv13-L,YOLOv13-X,0,0.8444444444444444,0.6440677966101694,0.7307692307692307,67.34882097225636,0.9148936170212766,0.7288135593220338,0.8113207547169811,0.8611111111111112,0.5254237288135594,0.6526315789473686,24.838266021106392,0.7872340425531915,0.6271186440677966,0.6981132075471698,37.7651079907082,0.8444444444444444,0.6440677966101694,0.7307692307692307,47.5460080197081,0.9148936170212766,0.7288135593220338,0.8113207547169811,39.22150901053101,L,X,0.08055152394775034,0.08055152394775034,51-100
0000312_01001_d_0000419.jpg,80,YOLOv13-L,YOLOv13-X,0,0.7183098591549296,0.6375,0.6754966887417218,73.95339704817161,0.7611940298507462,0.6375,0.6938775510204082,0.8103448275862069,0.5875,0.6811594202898551,40.39270203793421,0.7538461538461538,0.6125,0.6758620689655173,22.895211004652083,0.7183098591549296,0.6375,0.6754966887417218,32.98970696050674,0.7611940298507462,0.6375,0.6938775510204082,31.982044980395585,L,X,0.018380862278686405,0.012718130730553057,51-100
0000312_01201_d_0000420.jpg,82,YOLOv13-L,YOLOv13-X,0,0.7662337662337663,0.7195121951219512,0.7421383647798743,61.94130796939135,0.7763157894736842,0.7195121951219512,0.7468354430379746,0.7205882352941176,0.5975609756097561,0.6533333333333333,30.751187005080283,0.782608695652174,0.6585365853658537,0.7152317880794703,25.33473598305136,0.7662337662337663,0.7195121951219512,0.7421383647798743,37.11472096620128,0.7763157894736842,0.7195121951219512,0.7468354430379746,48.88728598598391,L,X,0.0046970782581002846,0.0046970782581002846,51-100
0000312_02201_d_0000425.jpg,78,YOLOv13-X,YOLOv13-X,1,0.7638888888888888,0.7051282051282052,0.7333333333333334,50.102361070457846,0.7638888888888888,0.7051282051282052,0.7333333333333334,0.6911764705882353,0.6025641025641025,0.6438356164383562,19.484536023810502,0.7323943661971831,0.6666666666666666,0.697986577181208,22.086234006565064,0.7605633802816901,0.6923076923076923,0.7248322147651006,23.782147967722267,0.7638888888888888,0.7051282051282052,0.7333333333333334,36.018231010530144,X,X,0.0,0.008501118568232768,51-100
0000312_02401_d_0000426.jpg,80,YOLOv13-L,YOLOv13-S,0,0.819672131147541,0.625,0.7092198581560285,52.40552499890328,0.8727272727272727,0.6,0.711111111111111,0.7540983606557377,0.575,0.652482269503546,20.61688201501965,0.8727272727272727,0.6,0.711111111111111,17.044581996742636,0.819672131147541,0.625,0.7092198581560285,39.20181398279965,0.7761194029850746,0.65,0.7074829931972789,47.39153600530699,L,S,0.001891252955082523,0.001891252955082523,51-100
0000312_04201_d_0000435.jpg,80,YOLOv13-L,YOLOv13-L,1,0.8208955223880597,0.6875,0.7482993197278912,56.02570198243484,0.8208955223880597,0.6875,0.7482993197278912,0.8103448275862069,0.5875,0.6811594202898551,21.63935196585953,0.8307692307692308,0.675,0.7448275862068966,39.40418298589066,0.8208955223880597,0.6875,0.7482993197278912,31.81983804097399,0.7605633802816901,0.675,0.7152317880794701,56.35840800823644,L,L,0.0,0.003471733520994613,51-100
0000313_06401_d_0000468.jpg,91,YOLOv13-X,YOLOv13-X,1,0.7446808510638298,0.3846153846153846,0.5072463768115941,51.4023809810169,0.7446808510638298,0.3846153846153846,0.5072463768115941,0.8125,0.2857142857142857,0.4227642276422764,23.606196977198124,0.7435897435897436,0.3186813186813186,0.4461538461538461,24.700150010176003,0.717391304347826,0.3626373626373626,0.4817518248175182,34.01492000557482,0.7446808510638298,0.3846153846153846,0.5072463768115941,32.92689600493759,X,X,0.0,0.02549455199407591,51-100
0000313_06601_d_0000469.jpg,165,YOLOv13-X,YOLOv13-L,0,0.7536231884057971,0.3151515151515151,0.4444444444444444,54.4450810411945,0.7746478873239436,0.3333333333333333,0.4661016949152541,0.6981132075471698,0.2242424242424242,0.3394495412844037,27.864309027791023,0.7076923076923077,0.2787878787878788,0.4,21.125296014361084,0.7746478873239436,0.3333333333333333,0.4661016949152541,42.95916896080598,0.7536231884057971,0.3151515151515151,0.4444444444444444,29.77636503055692,X,L,0.021657250470809686,0.021657250470809686,100+
0000313_07001_d_0000471.jpg,5,YOLOv13-N,YOLOv13-X,0,1.0,0.2,0.3333333333333333,22.01527904253453,1.0,1.0,1.0,1.0,0.2,0.3333333333333333,22.01527904253453,1.0,0.2,0.3333333333333333,29.74417596124113,0.75,0.6,0.6666666666666665,50.5362719995901,1.0,1.0,1.0,57.99383798148483,N,X,0.6666666666666667,0.3333333333333335,0-5
0000315_01601_d_0000509.jpg,98,YOLOv13-X,YOLOv13-L,0,0.6666666666666666,0.4693877551020408,0.5508982035928144,64.89309296011925,0.7377049180327869,0.4591836734693877,0.5660377358490566,0.62,0.3163265306122449,0.4189189189189189,31.75954398466274,0.6379310344827587,0.3775510204081632,0.4743589743589743,39.74311001366004,0.7377049180327869,0.4591836734693877,0.5660377358490566,62.544015992898494,0.6666666666666666,0.4693877551020408,0.5508982035928144,41.12608201103285,X,L,0.015139532256242205,0.015139532256242205,51-100
0000316_00001_d_0000519.jpg,69,YOLOv13-X,YOLOv13-X,1,0.875,0.3043478260869565,0.4516129032258065,64.80278092203662,0.875,0.3043478260869565,0.4516129032258065,0.5263157894736842,0.144927536231884,0.2272727272727273,32.279946957714856,0.7058823529411765,0.1739130434782608,0.2790697674418604,30.35324701340869,0.696969696969697,0.3333333333333333,0.4509803921568627,52.82256798818708,0.875,0.3043478260869565,0.4516129032258065,48.11244801385328,X,X,0.0,0.0006325110689437974,51-100
0000316_00201_d_0000520.jpg,54,YOLOv13-X,YOLOv13-L,0,0.7586206896551724,0.4074074074074074,0.5301204819277108,78.0014330521226,0.8275862068965517,0.4444444444444444,0.5783132530120482,0.5357142857142857,0.2777777777777778,0.3658536585365853,40.77514604432508,0.6571428571428571,0.4259259259259259,0.5168539325842697,25.618066953029484,0.8275862068965517,0.4444444444444444,0.5783132530120482,34.880806982982904,0.7586206896551724,0.4074074074074074,0.5301204819277108,47.12733702035621,X,L,0.048192771084337394,0.048192771084337394,51-100
0000316_00401_d_0000521.jpg,23,YOLOv13-L,YOLOv13-L,1,0.75,0.391304347826087,0.5142857142857143,56.77931901300326,0.75,0.391304347826087,0.5142857142857143,0.5882352941176471,0.4347826086956521,0.5,27.02181000495329,0.5625,0.391304347826087,0.4615384615384615,20.866479026153684,0.75,0.391304347826087,0.5142857142857143,62.27284995839,0.6,0.391304347826087,0.4736842105263157,61.23824999667704,L,L,0.0,0.014285714285714346,21-50
0000316_00601_d_0000522.jpg,35,YOLOv13-X,YOLOv13-X,1,0.7647058823529411,0.3714285714285714,0.5,64.79857099475339,0.7647058823529411,0.3714285714285714,0.5,0.6111111111111112,0.3142857142857143,0.4150943396226415,40.465673024300486,0.75,0.3428571428571428,0.4705882352941175,19.513648003339767,0.7222222222222222,0.3714285714285714,0.490566037735849,31.9270909531042,0.7647058823529411,0.3714285714285714,0.5,32.514389022253454,X,X,0.0,0.009433962264150997,21-50
0000316_00801_d_0000523.jpg,27,YOLOv13-L,YOLOv13-S,0,0.3571428571428571,0.3703703703703703,0.3636363636363636,54.07580902101472,0.4285714285714285,0.3333333333333333,0.375,0.4375,0.2592592592592592,0.3255813953488372,20.15897602541372,0.4285714285714285,0.3333333333333333,0.375,28.92024803441018,0.3571428571428571,0.3703703703703703,0.3636363636363636,30.450292048044503,0.3214285714285714,0.3333333333333333,0.3272727272727272,32.77851297752932,L,S,0.011363636363636409,0.011363636363636409,21-50
0000316_01001_d_0000524.jpg,18,YOLOv13-L,YOLOv13-L,1,0.7857142857142857,0.6111111111111112,0.6875000000000001,54.26414799876511,0.7857142857142857,0.6111111111111112,0.6875000000000001,0.5714285714285714,0.2222222222222222,0.32,21.28691296093166,0.5833333333333334,0.3888888888888889,0.4666666666666666,17.863271001260728,0.7857142857142857,0.6111111111111112,0.6875000000000001,26.31281898356974,0.5714285714285714,0.4444444444444444,0.5,30.30498302541673,L,L,0.0,0.1875000000000001,11-20
0000316_01201_d_0000525.jpg,43,YOLOv13-X,YOLOv13-X,1,0.7647058823529411,0.6046511627906976,0.6753246753246753,70.32087905099615,0.7647058823529411,0.6046511627906976,0.6753246753246753,0.7307692307692307,0.4418604651162791,0.5507246376811594,39.95127702364698,0.696969696969697,0.5348837209302325,0.6052631578947368,16.34316600393504,0.7297297297297297,0.627906976744186,0.675,49.97382900910452,0.7647058823529411,0.6046511627906976,0.6753246753246753,24.103550997097045,X,X,0.0,0.00032467532467528315,21-50
0000316_01401_d_0000526.jpg,34,YOLOv13-X,YOLOv13-L,0,0.7647058823529411,0.7647058823529411,0.7647058823529412,50.39718397893012,0.7647058823529411,0.7647058823529411,0.7647058823529412,0.6666666666666666,0.5882352941176471,0.625,21.189143997617062,0.7272727272727273,0.7058823529411765,0.7164179104477613,15.604924992658198,0.7647058823529411,0.7647058823529411,0.7647058823529412,31.35312598897144,0.7647058823529411,0.7647058823529411,0.7647058823529412,32.010244962293655,X,L,0.0,0.0,21-50
0000316_01601_d_0000527.jpg,29,YOLOv13-L,YOLOv13-L,1,0.7916666666666666,0.6551724137931034,0.7169811320754716,65.07734698243439,0.7916666666666666,0.6551724137931034,0.7169811320754716,0.5789473684210527,0.3793103448275862,0.4583333333333333,21.723454003222287,0.782608695652174,0.6206896551724138,0.6923076923076923,19.69167497009039,0.7916666666666666,0.6551724137931034,0.7169811320754716,44.25750800874084,0.6538461538461539,0.5862068965517241,0.6181818181818182,33.36318500805646,L,L,0.0,0.02467343976777936,21-50
0000316_01801_d_0000528.jpg,11,YOLOv13-L,YOLOv13-S,0,0.8888888888888888,0.7272727272727273,0.7999999999999999,53.9715580525808,0.8181818181818182,0.8181818181818182,0.8181818181818182,0.8,0.7272727272727273,0.761904761904762,20.98946302430704,0.8181818181818182,0.8181818181818182,0.8181818181818182,16.6496800375171,0.8888888888888888,0.7272727272727273,0.7999999999999999,32.367844018153846,0.8888888888888888,0.7272727272727273,0.7999999999999999,31.2775379861705,L,S,0.0181818181818183,0.0181818181818183,11-20
0000316_02001_d_0000529.jpg,9,YOLOv13-S,YOLOv13-S,1,0.8,0.4444444444444444,0.5714285714285714,40.16328905709088,0.8,0.4444444444444444,0.5714285714285714,0.6,0.3333333333333333,0.4285714285714285,21.588610019534823,0.8,0.4444444444444444,0.5714285714285714,25.04430804401636,0.8,0.4444444444444444,0.5714285714285714,59.02489501750097,0.5,0.5555555555555556,0.5263157894736842,36.76773700863123,S,S,0.0,0.0,6-10
0000316_02201_d_0000530.jpg,7,YOLOv13-L,YOLOv13-S,0,0.875,1.0,0.9333333333333332,68.1038309703581,0.875,1.0,0.9333333333333332,0.8571428571428571,0.8571428571428571,0.8571428571428571,29.53119296580553,0.875,1.0,0.9333333333333332,22.23307196982205,0.875,1.0,0.9333333333333332,35.33314203377813,0.8571428571428571,0.8571428571428571,0.8571428571428571,61.00807397160679,L,S,0.0,0.0,6-10
0000323_02601_d_0000645.jpg,91,YOLOv13-X,YOLOv13-X,1,0.8472222222222222,0.6703296703296703,0.7484662576687117,75.28933399589732,0.8472222222222222,0.6703296703296703,0.7484662576687117,0.7166666666666667,0.4725274725274725,0.5695364238410596,26.261196995619684,0.7567567567567568,0.6153846153846154,0.6787878787878788,19.08860099501908,0.8333333333333334,0.6593406593406593,0.736196319018405,54.0119229699485,0.8472222222222222,0.6703296703296703,0.7484662576687117,33.33477902924642,X,X,0.0,0.012269938650306678,51-100
0000327_00001_d_0000711.jpg,70,YOLOv13-X,YOLOv13-L,0,0.8148148148148148,0.6285714285714286,0.7096774193548386,59.01939200703055,0.8301886792452831,0.6285714285714286,0.7154471544715448,0.7692307692307693,0.5714285714285714,0.6557377049180327,18.76789197558537,0.7222222222222222,0.5571428571428572,0.6290322580645162,20.70782397640869,0.8301886792452831,0.6285714285714286,0.7154471544715448,29.05603899853304,0.8148148148148148,0.6285714285714286,0.7096774193548386,54.95053296908736,X,L,0.005769735116706198,0.005769735116706198,51-100
0000327_00201_d_0000712.jpg,60,YOLOv13-L,YOLOv13-L,1,0.875,0.7,0.7777777777777777,78.72480200603604,0.875,0.7,0.7777777777777777,0.7254901960784313,0.6166666666666667,0.6666666666666666,40.351898001972586,0.78,0.65,0.709090909090909,24.22038104850799,0.875,0.7,0.7777777777777777,32.32815198134631,0.6909090909090909,0.6333333333333333,0.6608695652173913,30.728387006092817,L,L,0.0,0.06868686868686869,51-100
0000327_00401_d_0000713.jpg,64,YOLOv13-X,YOLOv13-X,1,0.8297872340425532,0.609375,0.7027027027027027,58.65215801168233,0.8297872340425532,0.609375,0.7027027027027027,0.7209302325581395,0.484375,0.5794392523364486,34.094778005965054,0.7272727272727273,0.5,0.5925925925925926,15.73252200614661,0.782608695652174,0.5625,0.6545454545454547,65.34381699748337,0.8297872340425532,0.609375,0.7027027027027027,59.262057999148965,X,X,0.0,0.04815724815724809,51-100
0000327_00601_d_0000714.jpg,84,YOLOv13-L,YOLOv13-L,1,0.7027027027027027,0.6190476190476191,0.6582278481012659,44.732688984368,0.7027027027027027,0.6190476190476191,0.6582278481012659,0.7,0.5,0.5833333333333334,21.897338039707392,0.734375,0.5595238095238095,0.6351351351351351,30.655255017336454,0.7027027027027027,0.6190476190476191,0.6582278481012659,35.144638968631625,0.6891891891891891,0.6071428571428571,0.6455696202531644,52.846280043013394,L,L,0.0,0.012658227848101444,51-100
0000327_00801_d_0000715.jpg,84,YOLOv13-X,YOLOv13-X,1,0.8354430379746836,0.7857142857142857,0.8098159509202455,72.28867401136085,0.8354430379746836,0.7857142857142857,0.8098159509202455,0.717948717948718,0.6666666666666666,0.691358024691358,30.903303006198257,0.8108108108108109,0.7142857142857143,0.759493670886076,40.9619269776158,0.8076923076923077,0.75,0.7777777777777779,48.46430796897039,0.8354430379746836,0.7857142857142857,0.8098159509202455,30.275656026788056,X,X,0.0,0.032038173142467596,51-100
0000327_01001_d_0000716.jpg,83,YOLOv13-L,YOLOv13-X,0,0.8059701492537313,0.6506024096385542,0.7200000000000001,78.93353200051934,0.8235294117647058,0.6746987951807228,0.7417218543046358,0.7164179104477612,0.5783132530120482,0.64,40.67486297572032,0.8307692307692308,0.6506024096385542,0.7297297297297298,19.513367966283116,0.8059701492537313,0.6506024096385542,0.7200000000000001,31.46263700909913,0.8235294117647058,0.6746987951807228,0.7417218543046358,30.44710896210745,L,X,0.02172185430463569,0.011992124574905949,51-100
0000327_01201_d_0000717.jpg,69,YOLOv13-L,YOLOv13-X,0,0.7419354838709677,0.6666666666666666,0.7022900763358778,64.93528903229162,0.765625,0.7101449275362319,0.736842105263158,0.75,0.6521739130434783,0.6976744186046512,25.8178660296835,0.6825396825396826,0.6231884057971014,0.6515151515151516,41.45511001115665,0.7419354838709677,0.6666666666666666,0.7022900763358778,26.50087501388043,0.765625,0.7101449275362319,0.736842105263158,49.6303669642657,L,X,0.034552028927280154,0.034552028927280154,51-100
0000327_01401_d_0000718.jpg,93,YOLOv13-X,YOLOv13-X,1,0.8245614035087719,0.5053763440860215,0.6266666666666667,67.43973703123629,0.8245614035087719,0.5053763440860215,0.6266666666666667,0.7924528301886793,0.4516129032258064,0.5753424657534246,34.08068703720346,0.7818181818181819,0.4623655913978494,0.5810810810810811,20.586528000421826,0.7931034482758621,0.4946236559139785,0.609271523178808,32.83953497884795,0.8245614035087719,0.5053763440860215,0.6266666666666667,29.995609016623348,X,X,0.0,0.017395143487858755,51-100
0000327_01801_d_0000720.jpg,62,YOLOv13-X,YOLOv13-L,0,0.7872340425531915,0.5967741935483871,0.6788990825688074,50.43912696419284,0.78,0.6290322580645161,0.6964285714285714,0.6304347826086957,0.4677419354838709,0.5370370370370371,22.319348994642496,0.717391304347826,0.532258064516129,0.6111111111111109,38.3617400075309,0.78,0.6290322580645161,0.6964285714285714,50.31866498757154,0.7872340425531915,0.5967741935483871,0.6788990825688074,24.40509997541085,X,L,0.01752948885976402,0.01752948885976402,51-100
0000327_02601_d_0000724.jpg,57,YOLOv13-X,YOLOv13-X,1,0.7450980392156863,0.6666666666666666,0.7037037037037038,70.07184106623754,0.7450980392156863,0.6666666666666666,0.7037037037037038,0.5238095238095238,0.3859649122807017,0.4444444444444444,42.91939304675907,0.6415094339622641,0.5964912280701754,0.6181818181818182,15.289634000509976,0.72,0.631578947368421,0.6728971962616822,30.68699297728017,0.7450980392156863,0.6666666666666666,0.7037037037037038,48.53180900681764,X,X,0.0,0.030806507442021624,51-100
0000327_02801_d_0000725.jpg,73,YOLOv13-X,YOLOv13-L,0,0.9183673469387756,0.6164383561643836,0.7377049180327868,40.73116800282151,0.9090909090909092,0.684931506849315,0.78125,0.7959183673469388,0.5342465753424658,0.6393442622950819,19.777853973209854,0.8333333333333334,0.547945205479452,0.6611570247933883,26.031415967736397,0.9090909090909092,0.684931506849315,0.78125,58.09575197054073,0.9183673469387756,0.6164383561643836,0.7377049180327868,29.85956898191944,X,L,0.043545081967213184,0.043545081967213184,51-100
0000327_03001_d_0000726.jpg,75,YOLOv13-X,YOLOv13-X,1,0.8837209302325582,0.5066666666666667,0.6440677966101697,65.63775101676583,0.8837209302325582,0.5066666666666667,0.6440677966101697,0.8048780487804879,0.44,0.5689655172413793,32.082441030070186,0.8421052631578947,0.4266666666666667,0.5663716814159292,41.14286997355521,0.8636363636363636,0.5066666666666667,0.638655462184874,54.46602200390771,0.8837209302325582,0.5066666666666667,0.6440677966101697,32.026298984419554,X,X,0.0,0.005412334425295651,51-100
0000327_03201_d_0000727.jpg,110,YOLOv13-X,YOLOv13-L,0,0.6571428571428571,0.209090909090909,0.3172413793103448,58.41950298054144,0.6486486486486487,0.2181818181818181,0.326530612244898,0.4838709677419355,0.1363636363636363,0.2127659574468085,20.99113800795749,0.6,0.1909090909090909,0.2896551724137931,20.8495159749873,0.6486486486486487,0.2181818181818181,0.326530612244898,31.538124021608382,0.6571428571428571,0.209090909090909,0.3172413793103448,29.7423439915292,X,L,0.009289232934553193,0.009289232934553193,100+
0000327_03401_d_0000728.jpg,75,YOLOv13-X,YOLOv13-X,1,0.7142857142857143,0.4666666666666667,0.5645161290322581,60.90627395315096,0.7142857142857143,0.4666666666666667,0.5645161290322581,0.6666666666666666,0.2666666666666666,0.3809523809523809,32.99343696562573,0.6666666666666666,0.32,0.4324324324324324,18.075703992508352,0.725,0.3866666666666666,0.5043478260869565,36.54833603650332,0.7142857142857143,0.4666666666666667,0.5645161290322581,41.74749203957617,X,X,0.0,0.06016830294530162,51-100
0000327_03601_d_0000729.jpg,60,YOLOv13-X,YOLOv13-X,1,0.75,0.65,0.6964285714285715,46.83891701279208,0.75,0.65,0.6964285714285715,0.7777777777777778,0.4666666666666667,0.5833333333333334,16.948295990005136,0.7391304347826086,0.5666666666666667,0.6415094339622641,16.87312900321558,0.7090909090909091,0.65,0.6782608695652174,49.56411098828539,0.75,0.65,0.6964285714285715,53.91440802486613,X,X,0.0,0.018167701863354146,51-100
0000327_03801_d_0000730.jpg,103,YOLOv13-X,YOLOv13-X,1,0.84,0.6116504854368932,0.7078651685393258,82.5698550324887,0.84,0.6116504854368932,0.7078651685393258,0.7049180327868853,0.4174757281553398,0.524390243902439,39.50067301047966,0.7464788732394366,0.5145631067961165,0.6091954022988505,22.66546199098229,0.759493670886076,0.5825242718446602,0.6593406593406593,32.49490796588361,0.84,0.6116504854368932,0.7078651685393258,56.12708302214742,X,X,0.0,0.048524509198666466,100+
0000327_04001_d_0000731.jpg,136,YOLOv13-X,YOLOv13-X,1,0.7808219178082192,0.4191176470588235,0.5454545454545455,56.95158499293029,0.7808219178082192,0.4191176470588235,0.5454545454545455,0.6774193548387096,0.3088235294117647,0.4242424242424242,30.93757998431101,0.7903225806451613,0.3602941176470588,0.4949494949494949,41.01401899242774,0.72,0.3970588235294117,0.5118483412322274,38.03945903200656,0.7808219178082192,0.4191176470588235,0.5454545454545455,33.058877976145595,X,X,0.0,0.03360620422231808,100+
0000327_04201_d_0000732.jpg,110,YOLOv13-X,YOLOv13-X,1,0.7710843373493976,0.5818181818181818,0.6632124352331606,47.49064100906253,0.7710843373493976,0.5818181818181818,0.6632124352331606,0.6428571428571429,0.4090909090909091,0.5000000000000001,21.09426399692893,0.6666666666666666,0.4727272727272727,0.553191489361702,39.16368400678039,0.6818181818181818,0.5454545454545454,0.6060606060606061,32.30654000071809,0.7710843373493976,0.5818181818181818,0.6632124352331606,32.74309396510944,X,X,0.0,0.05715182917255457,100+
0000330_00001_d_0000800.jpg,80,YOLOv13-X,YOLOv13-X,1,0.8709677419354839,0.675,0.7605633802816901,65.88959094369784,0.8709677419354839,0.675,0.7605633802816901,0.8125,0.4875,0.6093749999999999,21.347472968045626,0.7627118644067796,0.5625,0.6474820143884892,20.227373985107988,0.7936507936507936,0.625,0.6993006993006993,24.310183944180608,0.8709677419354839,0.675,0.7605633802816901,45.200021006166935,X,X,0.0,0.06126268098099086,51-100
0000330_00201_d_0000801.jpg,130,YOLOv13-X,YOLOv13-X,1,0.6779661016949152,0.3076923076923077,0.4232804232804233,66.37289898935705,0.6779661016949152,0.3076923076923077,0.4232804232804233,0.5740740740740741,0.2384615384615384,0.3369565217391304,35.41478101396933,0.631578947368421,0.2769230769230769,0.3850267379679144,42.08420001668856,0.6307692307692307,0.3153846153846154,0.4205128205128205,40.44661100488156,0.6779661016949152,0.3076923076923077,0.4232804232804233,43.40386501280591,X,X,0.0,0.0027676027676027948,100+
0000330_00401_d_0000802.jpg,112,YOLOv13-L,YOLOv13-X,0,0.7538461538461538,0.4375,0.5536723163841808,61.91693898290396,0.7910447761194029,0.4732142857142857,0.5921787709497206,0.8444444444444444,0.3392857142857143,0.4840764331210191,21.116274991072714,0.7719298245614035,0.3928571428571428,0.5207100591715976,17.434940033126622,0.7538461538461538,0.4375,0.5536723163841808,64.59207501029596,0.7910447761194029,0.4732142857142857,0.5921787709497206,38.54168899124488,L,X,0.038506454565539805,0.038506454565539805,100+
0000330_00601_d_0000803.jpg,94,YOLOv13-X,YOLOv13-X,1,0.7833333333333333,0.5,0.6103896103896105,64.92147804237902,0.7833333333333333,0.5,0.6103896103896105,0.7115384615384616,0.3936170212765957,0.5068493150684932,21.749790001194924,0.7924528301886793,0.4468085106382978,0.5714285714285714,41.52288002660498,0.7894736842105263,0.4787234042553192,0.5960264900662251,51.79950897581875,0.7833333333333333,0.5,0.6103896103896105,32.80586801702157,X,X,0.0,0.014363120323385381,51-100
0000330_00801_d_0000804.jpg,93,YOLOv13-X,YOLOv13-L,0,0.7611940298507462,0.5483870967741935,0.6375,56.132736906874925,0.7571428571428571,0.5698924731182796,0.6503067484662578,0.7101449275362319,0.5268817204301075,0.6049382716049383,20.359833957627416,0.7285714285714285,0.5483870967741935,0.6257668711656441,21.151644992642105,0.7571428571428571,0.5698924731182796,0.6503067484662578,39.50347501086071,0.7611940298507462,0.5483870967741935,0.6375,56.32553104078397,X,L,0.012806748466257845,0.012806748466257845,51-100
0000330_01001_d_0000805.jpg,93,YOLOv13-X,YOLOv13-L,0,0.7833333333333333,0.5053763440860215,0.6143790849673203,52.01539903646335,0.7777777777777778,0.5268817204301075,0.6282051282051282,0.6842105263157895,0.4193548387096774,0.5200000000000001,23.66691001225263,0.6833333333333333,0.4408602150537634,0.5359477124183006,30.666064005345103,0.7777777777777778,0.5268817204301075,0.6282051282051282,30.60652397107333,0.7833333333333333,0.5053763440860215,0.6143790849673203,34.298254002351314,X,L,0.013826043237807895,0.013826043237807895,51-100
0000330_01201_d_0000806.jpg,110,YOLOv13-X,YOLOv13-X,1,0.8307692307692308,0.4909090909090909,0.6171428571428572,82.34515500953421,0.8307692307692308,0.4909090909090909,0.6171428571428572,0.7407407407407407,0.3636363636363636,0.4878048780487805,37.2645549941808,0.8823529411764706,0.4090909090909091,0.5590062111801242,21.39215002534911,0.8153846153846154,0.4818181818181818,0.6057142857142858,62.70310602849349,0.8307692307692308,0.4909090909090909,0.6171428571428572,41.581756027881056,X,X,0.0,0.011428571428571455,100+
0000330_01401_d_0000807.jpg,161,YOLOv13-X,YOLOv13-L,0,0.822429906542056,0.546583850931677,0.6567164179104478,65.3696579975076,0.8256880733944955,0.5590062111801242,0.6666666666666667,0.8,0.4472049689440994,0.5737051792828686,21.353273012209684,0.78,0.484472049689441,0.5977011494252874,21.67320396983996,0.8256880733944955,0.5590062111801242,0.6666666666666667,54.1154490201734,0.822429906542056,0.546583850931677,0.6567164179104478,40.077176003251225,X,L,0.009950248756218971,0.009950248756218971,100+
0000330_01601_d_0000808.jpg,99,YOLOv13-X,YOLOv13-X,1,0.873015873015873,0.5555555555555556,0.6790123456790124,45.24508799659088,0.873015873015873,0.5555555555555556,0.6790123456790124,0.75,0.4545454545454545,0.5660377358490566,19.53922602115199,0.7741935483870968,0.4848484848484848,0.5962732919254659,15.514098049607128,0.8115942028985508,0.5656565656565656,0.6666666666666666,61.146727995947,0.873015873015873,0.5555555555555556,0.6790123456790124,57.23731900798157,X,X,0.0,0.012345679012345734,51-100
0000330_01801_d_0000809.jpg,64,YOLOv13-X,YOLOv13-X,1,0.8275862068965517,0.75,0.7868852459016394,53.242307039909065,0.8275862068965517,0.75,0.7868852459016394,0.782608695652174,0.5625,0.6545454545454547,19.78640299057588,0.8125,0.609375,0.6964285714285714,16.16331603145227,0.7288135593220338,0.671875,0.6991869918699187,40.79401696799323,0.8275862068965517,0.75,0.7868852459016394,26.40748099656776,X,X,0.0,0.08769825403172071,51-100
0000330_02001_d_0000810.jpg,57,YOLOv13-L,YOLOv13-X,0,0.8333333333333334,0.6140350877192983,0.7070707070707071,45.48853501910344,0.8333333333333334,0.7017543859649122,0.7619047619047619,0.8409090909090909,0.6491228070175439,0.7326732673267327,19.71700700232759,0.7777777777777778,0.6140350877192983,0.6862745098039216,37.41779603296891,0.8333333333333334,0.6140350877192983,0.7070707070707071,23.463735997211188,0.8333333333333334,0.7017543859649122,0.7619047619047619,32.67808601958677,L,X,0.05483405483405479,0.029231494578029205,51-100
0000330_02201_d_0000811.jpg,44,YOLOv13-X,YOLOv13-L,0,0.7073170731707317,0.6590909090909091,0.6823529411764706,47.52304597059265,0.7368421052631579,0.6363636363636364,0.6829268292682926,0.7105263157894737,0.6136363636363636,0.6585365853658537,20.693539991043508,0.7272727272727273,0.5454545454545454,0.6233766233766234,19.445694983005524,0.7368421052631579,0.6363636363636364,0.6829268292682926,41.48661199724302,0.7073170731707317,0.6590909090909091,0.6823529411764706,48.3036800287664,X,L,0.0005738880918220168,0.0005738880918220168,21-50
0000330_02801_d_0000814.jpg,45,YOLOv13-X,YOLOv13-X,1,0.7551020408163265,0.8222222222222222,0.7872340425531914,59.58406097488478,0.7551020408163265,0.8222222222222222,0.7872340425531914,0.6585365853658537,0.6,0.627906976744186,16.893412976060063,0.7857142857142857,0.7333333333333333,0.7586206896551724,20.510220958385617,0.673469387755102,0.7333333333333333,0.702127659574468,27.18300704145804,0.7551020408163265,0.8222222222222222,0.7872340425531914,33.14459201646969,X,X,0.0,0.02861335289801903,21-50
0000330_03001_d_0000815.jpg,45,YOLOv13-X,YOLOv13-X,1,0.8333333333333334,0.7777777777777778,0.8045977011494253,62.09040200337768,0.8333333333333334,0.7777777777777778,0.8045977011494253,0.7435897435897436,0.6444444444444445,0.6904761904761906,38.38180500315502,0.8611111111111112,0.6888888888888889,0.7654320987654321,21.14624198293313,0.7727272727272727,0.7555555555555555,0.7640449438202247,27.36801200080663,0.8333333333333334,0.7777777777777778,0.8045977011494253,37.29525802191347,X,X,0.0,0.03916560238399325,21-50
0000330_03201_d_0000816.jpg,69,YOLOv13-L,YOLOv13-S,0,0.6756756756756757,0.7246376811594203,0.6993006993006994,51.9777029985562,0.7868852459016393,0.6956521739130435,0.7384615384615385,0.8,0.5797101449275363,0.6722689075630253,15.579782018903645,0.7868852459016393,0.6956521739130435,0.7384615384615385,21.190487954299897,0.6756756756756757,0.7246376811594203,0.6993006993006994,35.526563005987555,0.7,0.7101449275362319,0.7050359712230215,34.97533104382455,L,S,0.03916083916083912,0.03342556723851697,51-100
0000330_04001_d_0000820.jpg,38,YOLOv13-L,YOLOv13-L,1,0.7948717948717948,0.8157894736842105,0.8051948051948051,54.5531659736298,0.7948717948717948,0.8157894736842105,0.8051948051948051,0.7073170731707317,0.7631578947368421,0.7341772151898733,20.68513596896082,0.7435897435897436,0.7631578947368421,0.7532467532467534,40.48160900129005,0.7948717948717948,0.8157894736842105,0.8051948051948051,40.51931097637862,0.7894736842105263,0.7894736842105263,0.7894736842105263,26.69675502693281,L,L,0.0,0.015721120984278802,21-50
0000330_04201_d_0000821.jpg,162,YOLOv13-X,YOLOv13-X,1,0.7798165137614679,0.5246913580246914,0.6273062730627306,58.58053400879726,0.7798165137614679,0.5246913580246914,0.6273062730627306,0.6413043478260869,0.3641975308641975,0.4645669291338582,20.716777013149112,0.7727272727272727,0.419753086419753,0.544,25.70227399701253,0.7226890756302521,0.5308641975308642,0.6120996441281139,32.49949699966237,0.7798165137614679,0.5246913580246914,0.6273062730627306,32.41688996786252,X,X,0.0,0.015206628934616662,100+
0000330_04401_d_0000822.jpg,38,YOLOv13-L,YOLOv13-L,1,0.7419354838709677,0.6052631578947368,0.6666666666666666,51.38786003226414,0.7419354838709677,0.6052631578947368,0.6666666666666666,0.5862068965517241,0.4473684210526316,0.5074626865671642,21.065273031126708,0.6774193548387096,0.5526315789473685,0.6086956521739131,19.10381898051128,0.7419354838709677,0.6052631578947368,0.6666666666666666,32.216195948421955,0.696969696969697,0.6052631578947368,0.6478873239436619,31.05158597463742,L,L,0.0,0.018779342723004744,21-50
0000330_04601_d_0000823.jpg,62,YOLOv13-X,YOLOv13-L,0,0.7111111111111111,0.5161290322580645,0.5981308411214953,65.51068596309051,0.75,0.5806451612903226,0.6545454545454547,0.7777777777777778,0.4516129032258064,0.5714285714285714,21.10333100426942,0.7441860465116279,0.5161290322580645,0.6095238095238095,21.37173799565062,0.75,0.5806451612903226,0.6545454545454547,55.3550299955532,0.7111111111111111,0.5161290322580645,0.5981308411214953,36.07876296155155,X,L,0.05641461342395937,0.045021645021645185,51-100
0000333_00001_d_0000001.jpg,68,YOLOv13-L,YOLOv13-X,0,0.5757575757575758,0.5588235294117647,0.5671641791044776,64.32070699520409,0.640625,0.6029411764705882,0.6212121212121211,0.6078431372549019,0.4558823529411764,0.5210084033613445,21.30649099126458,0.6206896551724138,0.5294117647058824,0.5714285714285715,22.790668008383363,0.5757575757575758,0.5588235294117647,0.5671641791044776,31.9737900281325,0.640625,0.6029411764705882,0.6212121212121211,30.48702300293371,L,X,0.05404794210764352,0.0497835497835496,51-100
0000333_01765_d_0000010.jpg,120,YOLOv13-L,YOLOv13-X,0,0.8333333333333334,0.4583333333333333,0.5913978494623655,56.04762805160135,0.9166666666666666,0.4583333333333333,0.611111111111111,0.8518518518518519,0.3833333333333333,0.5287356321839081,20.805194042623043,0.8688524590163934,0.4416666666666666,0.585635359116022,22.75260805618018,0.8333333333333334,0.4583333333333333,0.5913978494623655,38.27758901752532,0.9166666666666666,0.4583333333333333,0.611111111111111,60.39714301005006,L,X,0.01971326164874554,0.01971326164874554,100+
0000333_01961_d_0000011.jpg,65,YOLOv13-L,YOLOv13-X,0,0.8867924528301887,0.7230769230769231,0.7966101694915254,66.00246904417872,0.9245283018867924,0.7538461538461538,0.8305084745762712,0.8958333333333334,0.6615384615384615,0.7610619469026548,38.02331903716549,0.8363636363636363,0.7076923076923077,0.7666666666666666,19.33309098239988,0.8867924528301887,0.7230769230769231,0.7966101694915254,62.11355997947976,0.9245283018867924,0.7538461538461538,0.8305084745762712,45.47931102570146,L,X,0.03389830508474578,0.03389830508474578,51-100
0000333_02157_d_0000012.jpg,67,YOLOv13-L,YOLOv13-X,0,0.8888888888888888,0.7164179104477612,0.793388429752066,60.35302497912198,0.8928571428571429,0.746268656716418,0.8130081300813009,0.851063829787234,0.5970149253731343,0.7017543859649124,35.085192997939885,0.8627450980392157,0.6567164179104478,0.7457627118644067,32.0905779954046,0.8888888888888888,0.7164179104477612,0.793388429752066,54.86869404558093,0.8928571428571429,0.746268656716418,0.8130081300813009,34.69753998797387,L,X,0.01961970032923488,0.01961970032923488,51-100
0000333_02353_d_0000013.jpg,70,YOLOv13-L,YOLOv13-L,1,0.9534883720930232,0.5857142857142857,0.7256637168141594,62.552522984333336,0.9534883720930232,0.5857142857142857,0.7256637168141594,0.902439024390244,0.5285714285714286,0.6666666666666666,20.95406298758462,0.9047619047619048,0.5428571428571428,0.6785714285714285,42.15881100390106,0.9534883720930232,0.5857142857142857,0.7256637168141594,51.40396300703287,0.975609756097561,0.5714285714285714,0.7207207207207207,60.04699302138761,L,L,0.0,0.004942996093438734,51-100
0000333_02549_d_0000014.jpg,91,YOLOv13-L,YOLOv13-L,1,0.82,0.4505494505494505,0.5815602836879432,66.01900199893862,0.82,0.4505494505494505,0.5815602836879432,0.7291666666666666,0.3846153846153846,0.5035971223021583,37.56189800333232,0.7708333333333334,0.4065934065934066,0.5323741007194245,18.017594993580133,0.82,0.4505494505494505,0.5815602836879432,64.96976799098775,0.7169811320754716,0.4175824175824176,0.5277777777777778,39.41559401573613,L,L,0.0,0.04918618296851873,51-100
0000333_02745_d_0000015.jpg,52,YOLOv13-L,YOLOv13-X,0,0.8823529411764706,0.5769230769230769,0.6976744186046512,67.92992103146389,0.8421052631578947,0.6153846153846154,0.7111111111111111,0.8235294117647058,0.5384615384615384,0.6511627906976744,36.90497798379511,0.8529411764705882,0.5576923076923077,0.6744186046511628,29.045947012491524,0.8823529411764706,0.5769230769230769,0.6976744186046512,23.3466750360094,0.8421052631578947,0.6153846153846154,0.7111111111111111,52.13179899146781,L,X,0.013436692506459957,0.013436692506459957,51-100
0000333_02941_d_0000016.jpg,44,YOLOv13-L,YOLOv13-S,0,0.8666666666666667,0.5909090909090909,0.7027027027027029,60.56018703384325,0.8666666666666667,0.5909090909090909,0.7027027027027029,0.8571428571428571,0.5454545454545454,0.6666666666666665,35.11251899180934,0.8666666666666667,0.5909090909090909,0.7027027027027029,15.372293011751026,0.8666666666666667,0.5909090909090909,0.7027027027027029,35.18091997830197,0.7878787878787878,0.5909090909090909,0.6753246753246752,27.20838296227157,L,S,0.0,0.0,21-50
0000333_03137_d_0000017.jpg,39,YOLOv13-L,YOLOv13-S,0,0.7777777777777778,0.5384615384615384,0.6363636363636364,51.65089893853292,0.84,0.5384615384615384,0.6562499999999999,0.7692307692307693,0.5128205128205128,0.6153846153846154,20.5146039952524,0.84,0.5384615384615384,0.6562499999999999,22.055174980778247,0.7777777777777778,0.5384615384615384,0.6363636363636364,32.763175026047975,0.84,0.5384615384615384,0.6562499999999999,32.41040895227343,L,S,0.019886363636363535,0.0,21-50
0000333_03333_d_0000018.jpg,62,YOLOv13-L,YOLOv13-L,1,0.903846153846154,0.7580645161290323,0.8245614035087719,60.977126006037,0.903846153846154,0.7580645161290323,0.8245614035087719,0.7818181818181819,0.6935483870967742,0.7350427350427351,26.823549007531252,0.8461538461538461,0.7096774193548387,0.7719298245614036,17.480003007221967,0.903846153846154,0.7580645161290323,0.8245614035087719,32.27716503897682,0.8846153846153846,0.7419354838709677,0.8070175438596492,50.446090986952186,L,L,0.0,0.01754385964912275,51-100
0000333_03529_d_0000019.jpg,95,YOLOv13-L,YOLOv13-X,0,0.7391304347826086,0.5368421052631579,0.6219512195121951,65.44182100333273,0.7910447761194029,0.5578947368421052,0.654320987654321,0.7758620689655172,0.4736842105263157,0.588235294117647,21.828513010405004,0.7419354838709677,0.4842105263157895,0.5859872611464969,13.997961999848483,0.7391304347826086,0.5368421052631579,0.6219512195121951,34.50088296085596,0.7910447761194029,0.5578947368421052,0.654320987654321,60.25486701400951,L,X,0.03236976814212589,0.03236976814212589,51-100
0000333_03725_d_0000020.jpg,83,YOLOv13-L,YOLOv13-L,1,0.75,0.5783132530120482,0.6530612244897958,63.21276898961514,0.75,0.5783132530120482,0.6530612244897958,0.6984126984126984,0.5301204819277109,0.6027397260273972,30.800345994066447,0.7413793103448276,0.5180722891566265,0.6099290780141845,23.16303999396041,0.75,0.5783132530120482,0.6530612244897958,33.22622098494321,0.7301587301587301,0.5542168674698795,0.6301369863013699,60.508316033519804,L,L,0.0,0.022924238188425816,51-100
0000335_00001_d_0000043.jpg,41,YOLOv13-L,YOLOv13-X,0,0.8,0.6829268292682927,0.736842105263158,64.95806499151513,0.9375,0.7317073170731707,0.821917808219178,0.8333333333333334,0.6097560975609756,0.7042253521126761,38.1909980205819,0.8787878787878788,0.7073170731707317,0.7837837837837839,16.77168399328366,0.8,0.6829268292682927,0.736842105263158,30.731576960533857,0.9375,0.7317073170731707,0.821917808219178,28.45639100996777,L,X,0.08507570295602007,0.038134024435394154,21-50
0000335_00197_d_0000044.jpg,37,YOLOv13-X,YOLOv13-X,1,0.7142857142857143,0.5405405405405406,0.6153846153846154,57.12225998286158,0.7142857142857143,0.5405405405405406,0.6153846153846154,0.76,0.5135135135135135,0.6129032258064517,19.86213499912992,0.7037037037037037,0.5135135135135135,0.59375,26.7264400026761,0.5588235294117647,0.5135135135135135,0.5352112676056339,22.630186984315515,0.7142857142857143,0.5405405405405406,0.6153846153846154,49.29587303195149,X,X,0.0,0.002481389578163684,21-50
0000335_00393_d_0000045.jpg,34,YOLOv13-L,YOLOv13-X,0,0.71875,0.6764705882352942,0.696969696969697,57.22937500104308,0.8,0.7058823529411765,0.7500000000000001,0.6923076923076923,0.5294117647058824,0.5999999999999999,28.43144698999822,0.7692307692307693,0.5882352941176471,0.6666666666666667,39.775884011760354,0.71875,0.6764705882352942,0.696969696969697,53.93785302294418,0.8,0.7058823529411765,0.7500000000000001,31.36749000987038,L,X,0.053030303030303094,0.053030303030303094,21-50
0000335_00589_d_0000046.jpg,21,YOLOv13-L,YOLOv13-X,0,0.9,0.8571428571428571,0.8780487804878048,52.94687103014439,0.9047619047619048,0.9047619047619048,0.9047619047619048,0.8421052631578947,0.7619047619047619,0.8,20.393992017488927,0.75,0.7142857142857143,0.7317073170731706,41.90492600901053,0.9,0.8571428571428571,0.8780487804878048,55.36767700687051,0.9047619047619048,0.9047619047619048,0.9047619047619048,31.725352979265157,L,X,0.026713124274099997,0.026713124274099997,21-50
0000335_00785_d_0000047.jpg,34,YOLOv13-L,YOLOv13-X,0,0.8148148148148148,0.6470588235294118,0.7213114754098361,70.66714600659907,0.875,0.6176470588235294,0.7241379310344829,0.7307692307692307,0.5588235294117647,0.6333333333333334,39.66867801500484,0.7777777777777778,0.6176470588235294,0.6885245901639345,29.176951036788523,0.8148148148148148,0.6470588235294118,0.7213114754098361,55.858030973467976,0.875,0.6176470588235294,0.7241379310344829,34.84890697291121,L,X,0.0028264556246467842,0.0028264556246467842,21-50
0000335_00981_d_0000048.jpg,78,YOLOv13-X,YOLOv13-X,1,0.8125,0.3333333333333333,0.4727272727272727,54.219936951994896,0.8125,0.3333333333333333,0.4727272727272727,0.8636363636363636,0.2435897435897435,0.38,20.467337977606803,0.8148148148148148,0.282051282051282,0.419047619047619,35.92297399882227,0.8571428571428571,0.3076923076923077,0.4528301886792453,52.10160103160888,0.8125,0.3333333333333333,0.4727272727272727,27.2419200045988,X,X,0.0,0.019897084048027425,51-100
0000335_01765_d_0000052.jpg,61,YOLOv13-X,YOLOv13-X,1,0.8936170212765957,0.6885245901639344,0.7777777777777777,62.473004043567926,0.8936170212765957,0.6885245901639344,0.7777777777777777,0.8048780487804879,0.5409836065573771,0.6470588235294118,38.37168903555721,0.8604651162790697,0.6065573770491803,0.7115384615384615,26.706885953899477,0.8163265306122449,0.6557377049180327,0.7272727272727273,30.796019011177123,0.8936170212765957,0.6885245901639344,0.7777777777777777,32.47523098252714,X,X,0.0,0.050505050505050386,51-100
0000335_01961_d_0000053.jpg,69,YOLOv13-X,YOLOv13-L,0,0.875,0.6086956521739131,0.717948717948718,80.39596502203494,0.8823529411764706,0.6521739130434783,0.75,0.8378378378378378,0.4492753623188406,0.5849056603773585,41.8256190023385,0.8541666666666666,0.5942028985507246,0.7008547008547009,35.13510501943529,0.8823529411764706,0.6521739130434783,0.75,63.86608898174018,0.875,0.6086956521739131,0.717948717948718,33.21980097098276,X,L,0.03205128205128205,0.03205128205128205,51-100
0000335_02353_d_0000055.jpg,82,YOLOv13-X,YOLOv13-X,1,0.8823529411764706,0.5487804878048781,0.6766917293233083,91.0379349370487,0.8823529411764706,0.5487804878048781,0.6766917293233083,0.8,0.3902439024390244,0.5245901639344263,41.06844397028908,0.8461538461538461,0.4024390243902439,0.5454545454545454,41.510591050609946,0.803921568627451,0.5,0.6165413533834586,20.23753896355629,0.8823529411764706,0.5487804878048781,0.6766917293233083,54.88140304805711,X,X,0.0,0.06015037593984973,51-100
0000335_02549_d_0000056.jpg,87,YOLOv13-X,YOLOv13-X,1,0.8695652173913043,0.4597701149425287,0.6015037593984962,52.22567298915237,0.8695652173913043,0.4597701149425287,0.6015037593984962,0.7954545454545454,0.4022988505747126,0.5343511450381679,25.226917990949005,0.851063829787234,0.4597701149425287,0.5970149253731344,19.718626979738477,0.82,0.4712643678160919,0.5985401459854015,30.774974962696437,0.8695652173913043,0.4597701149425287,0.6015037593984962,42.915075027849525,X,X,0.0,0.002963613413094701,51-100
0000335_02745_d_0000057.jpg,99,YOLOv13-X,YOLOv13-X,1,0.8771929824561403,0.5050505050505051,0.641025641025641,75.8311259560287,0.8771929824561403,0.5050505050505051,0.641025641025641,0.7924528301886793,0.4242424242424242,0.5526315789473685,41.60421498818323,0.8363636363636363,0.4646464646464646,0.5974025974025974,21.25233400147408,0.875,0.494949494949495,0.6322580645161291,31.30656300345436,0.8771929824561403,0.5050505050505051,0.641025641025641,50.45364599209279,X,X,0.0,0.008767576509511876,51-100
0000335_03137_d_0000059.jpg,103,YOLOv13-X,YOLOv13-L,0,0.8823529411764706,0.4368932038834951,0.5844155844155844,46.14989005494863,0.8679245283018868,0.4466019417475728,0.5897435897435898,0.7037037037037037,0.3689320388349514,0.484076433121019,16.026372031774372,0.8,0.4271844660194174,0.5569620253164557,14.565329998731611,0.8679245283018868,0.4466019417475728,0.5897435897435898,33.1806669710204,0.8823529411764706,0.4368932038834951,0.5844155844155844,26.71799302333966,X,L,0.00532800532800537,0.00532800532800537,100+
0000335_03333_d_0000060.jpg,40,YOLOv13-L,YOLOv13-X,0,0.8292682926829268,0.85,0.8395061728395061,51.27777101006359,0.868421052631579,0.825,0.8461538461538461,0.7567567567567568,0.7,0.7272727272727273,17.365644976962358,0.7560975609756098,0.775,0.7654320987654322,14.593147032428533,0.8292682926829268,0.85,0.8395061728395061,29.09734298009425,0.868421052631579,0.825,0.8461538461538461,55.33465702319518,L,X,0.006647673314340019,0.006647673314340019,21-50
0000335_03725_d_0000062.jpg,27,YOLOv13-L,YOLOv13-L,1,0.88,0.8148148148148148,0.8461538461538461,55.02191203413531,0.88,0.8148148148148148,0.8461538461538461,0.875,0.7777777777777778,0.823529411764706,19.08161502797157,0.8461538461538461,0.8148148148148148,0.830188679245283,20.06139600416645,0.88,0.8148148148148148,0.8461538461538461,35.77934397617355,0.8461538461538461,0.8148148148148148,0.830188679245283,32.29149500839412,L,L,0.0,0.0159651669085632,21-50
0000335_03921_d_0000063.jpg,44,YOLOv13-L,YOLOv13-L,1,0.9047619047619048,0.8636363636363636,0.8837209302325582,60.95905799884349,0.9047619047619048,0.8636363636363636,0.8837209302325582,0.8717948717948718,0.7727272727272727,0.8192771084337349,21.61380200413987,0.8571428571428571,0.8181818181818182,0.8372093023255814,18.938863999210295,0.9047619047619048,0.8636363636363636,0.8837209302325582,51.84232996543869,0.9,0.8181818181818182,0.8571428571428572,36.79092798847705,L,L,0.0,0.02657807308970095,21-50
0000335_04117_d_0000064.jpg,28,YOLOv13-L,YOLOv13-X,0,0.8666666666666667,0.9285714285714286,0.896551724137931,52.5870620040223,0.896551724137931,0.9285714285714286,0.912280701754386,0.8846153846153846,0.8214285714285714,0.8518518518518519,21.362480998504907,0.8571428571428571,0.8571428571428571,0.8571428571428571,13.94908595830202,0.8666666666666667,0.9285714285714286,0.896551724137931,57.39947402616963,0.896551724137931,0.9285714285714286,0.912280701754386,31.136097968555987,L,X,0.015728977616454975,0.015728977616454975,21-50
0000335_04313_d_0000065.jpg,38,YOLOv13-L,YOLOv13-X,0,0.8888888888888888,0.8421052631578947,0.8648648648648649,46.28041601972655,0.9142857142857144,0.8421052631578947,0.8767123287671234,0.8787878787878788,0.7631578947368421,0.8169014084507042,20.980507018975917,0.8823529411764706,0.7894736842105263,0.8333333333333333,20.69662202848121,0.8888888888888888,0.8421052631578947,0.8648648648648649,32.759180990979075,0.9142857142857144,0.8421052631578947,0.8767123287671234,31.77586803212762,L,X,0.011847463902258437,0.011847463902258437,21-50
0000335_05097_d_0000069.jpg,20,YOLOv13-L,YOLOv13-S,0,0.7647058823529411,0.65,0.7027027027027027,65.19277999177575,0.8823529411764706,0.75,0.8108108108108107,0.8125,0.65,0.7222222222222223,21.10246801748872,0.8823529411764706,0.75,0.8108108108108107,20.33372601727024,0.7647058823529411,0.65,0.7027027027027027,33.380376000422984,0.7647058823529411,0.65,0.7027027027027027,33.32577698165551,L,S,0.108108108108108,0.08858858858858842,11-20
0000335_05685_d_0000072.jpg,15,YOLOv13-S,YOLOv13-L,0,0.9285714285714286,0.8666666666666667,0.896551724137931,45.42266699718312,0.875,0.9333333333333332,0.9032258064516128,0.8666666666666667,0.8666666666666667,0.8666666666666667,20.517796045169234,0.9285714285714286,0.8666666666666667,0.896551724137931,20.63336403807625,0.875,0.9333333333333332,0.9032258064516128,49.96439005481079,0.8,0.8,0.8000000000000002,58.91624698415399,S,L,0.006674082313681717,0.006674082313681717,11-20
0000335_06469_d_0000076.jpg,8,YOLOv13-N,YOLOv13-X,0,0.8333333333333334,0.625,0.7142857142857143,41.790727991610765,0.8571428571428571,0.75,0.7999999999999999,0.8333333333333334,0.625,0.7142857142857143,41.790727991610765,0.6666666666666666,0.75,0.7058823529411765,31.459780992008746,0.75,0.75,0.75,20.49486397299916,0.8571428571428571,0.75,0.7999999999999999,29.713245981838558,N,X,0.08571428571428563,0.04999999999999993,6-10
0000335_06665_d_0000077.jpg,21,YOLOv13-L,YOLOv13-X,0,0.8181818181818182,0.8571428571428571,0.8372093023255814,71.1863290052861,1.0,0.9523809523809524,0.975609756097561,0.8421052631578947,0.7619047619047619,0.8,30.98605200648308,0.9047619047619048,0.9047619047619048,0.9047619047619048,24.54894402762875,0.8181818181818182,0.8571428571428571,0.8372093023255814,42.55604499485344,1.0,0.9523809523809524,0.975609756097561,39.59703404689208,L,X,0.13840045377197951,0.07084785133565619,21-50
0000335_06861_d_0000078.jpg,24,YOLOv13-L,YOLOv13-X,0,0.7692307692307693,0.8333333333333334,0.8,56.82407203130424,0.875,0.875,0.875,0.9090909090909092,0.8333333333333334,0.8695652173913043,18.601104035042223,0.9090909090909092,0.8333333333333334,0.8695652173913043,21.88320003915578,0.7692307692307693,0.8333333333333334,0.8,33.361451991368085,0.875,0.875,0.875,37.31426398735493,L,X,0.07499999999999996,0.005434782608695676,21-50
0000342_00393_d_0000244.jpg,133,YOLOv13-X,YOLOv13-X,1,0.8461538461538461,0.4962406015037593,0.6255924170616114,50.26146699674428,0.8461538461538461,0.4962406015037593,0.6255924170616114,0.6268656716417911,0.3157894736842105,0.42,21.1423360160552,0.7361111111111112,0.3984962406015037,0.5170731707317073,32.046081963926554,0.775,0.4661654135338345,0.5821596244131455,34.6153790014796,0.8461538461538461,0.4962406015037593,0.6255924170616114,48.03594696568325,X,X,0.0,0.04343279264846589,100+
0000345_07057_d_0000345.jpg,108,YOLOv13-L,YOLOv13-X,0,0.8,0.4814814814814814,0.6011560693641619,51.39729002257809,0.7971014492753623,0.5092592592592593,0.6214689265536724,0.6964285714285714,0.3611111111111111,0.4756097560975609,21.30834897980094,0.7627118644067796,0.4166666666666667,0.5389221556886227,13.60513299005106,0.8,0.4814814814814814,0.6011560693641619,43.40081801638007,0.7971014492753623,0.5092592592592593,0.6214689265536724,32.026575005147606,L,X,0.02031285718951048,0.02031285718951048,100+
0000346_00001_d_0000346.jpg,82,YOLOv13-L,YOLOv13-L,1,0.7692307692307693,0.7317073170731707,0.7499999999999999,48.87021298054606,0.7692307692307693,0.7317073170731707,0.7499999999999999,0.7101449275362319,0.5975609756097561,0.6490066225165563,14.080280961934475,0.7571428571428571,0.6463414634146342,0.6973684210526315,14.119712985120714,0.7692307692307693,0.7317073170731707,0.7499999999999999,33.14697096357122,0.75,0.6951219512195121,0.721518987341772,30.848900030832738,L,L,0.0,0.02848101265822789,51-100
0000346_01961_d_0000356.jpg,71,YOLOv13-L,YOLOv13-X,0,0.6440677966101694,0.5352112676056338,0.5846153846153846,62.11261299904436,0.6727272727272727,0.5211267605633803,0.5873015873015874,0.5714285714285714,0.4507042253521127,0.5039370078740156,19.97322699753568,0.6607142857142857,0.5211267605633803,0.5826771653543307,14.518924988806248,0.6440677966101694,0.5352112676056338,0.5846153846153846,52.546528982929885,0.6727272727272727,0.5211267605633803,0.5873015873015874,29.547279002144933,L,X,0.0026862026862027877,0.0026862026862027877,51-100
0000346_02549_d_0000359.jpg,59,YOLOv13-X,YOLOv13-X,1,0.7142857142857143,0.7627118644067796,0.7377049180327869,55.8853370603174,0.7142857142857143,0.7627118644067796,0.7377049180327869,0.6842105263157895,0.6610169491525424,0.6724137931034484,20.348368037957695,0.6363636363636364,0.711864406779661,0.672,41.57710500294343,0.6515151515151515,0.7288135593220338,0.688,39.6943090017885,0.7142857142857143,0.7627118644067796,0.7377049180327869,33.453149953857064,X,X,0.0,0.04970491803278698,51-100
0000346_03921_d_0000366.jpg,50,YOLOv13-L,YOLOv13-X,0,0.6346153846153846,0.66,0.6470588235294118,57.23935202695429,0.6730769230769231,0.7,0.6862745098039216,0.6666666666666666,0.6,0.631578947368421,21.294838981702924,0.6976744186046512,0.6,0.6451612903225806,19.760794995818287,0.6346153846153846,0.66,0.6470588235294118,32.41366002475843,0.6730769230769231,0.7,0.6862745098039216,29.45495001040399,L,X,0.039215686274509776,0.039215686274509776,21-50
0000346_07057_d_0000382.jpg,87,YOLOv13-X,YOLOv13-X,1,0.8840579710144928,0.7011494252873564,0.782051282051282,54.1306939558126,0.8840579710144928,0.7011494252873564,0.782051282051282,0.6625,0.6091954022988506,0.6347305389221558,21.106475964188576,0.8309859154929577,0.6781609195402298,0.7468354430379747,24.54890497028828,0.8571428571428571,0.6896551724137931,0.7643312101910829,31.467855034861717,0.8840579710144928,0.7011494252873564,0.782051282051282,32.63003099709749,X,X,0.0,0.017720071860199194,51-100
0000348_00589_d_0000409.jpg,34,YOLOv13-L,YOLOv13-L,1,0.6774193548387096,0.6176470588235294,0.6461538461538462,69.78241703473032,0.6774193548387096,0.6176470588235294,0.6461538461538462,0.64,0.4705882352941176,0.5423728813559322,37.14374103583396,0.6333333333333333,0.5588235294117647,0.59375,20.39955899817869,0.6774193548387096,0.6176470588235294,0.6461538461538462,29.406623041722924,0.6896551724137931,0.5882352941176471,0.6349206349206349,30.76492599211633,L,L,0.0,0.011233211233211304,21-50
0000348_03333_d_0000423.jpg,15,YOLOv13-S,YOLOv13-X,0,0.7692307692307693,0.6666666666666666,0.7142857142857142,50.63797999173403,0.8125,0.8666666666666667,0.8387096774193549,0.9090909090909092,0.6666666666666666,0.7692307692307692,20.3029919648543,0.7692307692307693,0.6666666666666666,0.7142857142857142,25.638450984843075,0.7647058823529411,0.8666666666666667,0.8125,34.48482399107888,0.8125,0.8666666666666667,0.8387096774193549,31.380778003949672,S,X,0.12442396313364068,0.02620967741935487,11-20
0000356_00589_d_0000632.jpg,121,YOLOv13-X,YOLOv13-X,1,0.7920792079207921,0.6611570247933884,0.7207207207207208,50.42581900488585,0.7920792079207921,0.6611570247933884,0.7207207207207208,0.7432432432432432,0.4545454545454545,0.5641025641025641,19.83841398032382,0.7368421052631579,0.5785123966942148,0.6481481481481481,27.31775701977313,0.7821782178217822,0.6528925619834711,0.7117117117117117,39.600877033080906,0.7920792079207921,0.6611570247933884,0.7207207207207208,38.75609999522567,X,X,0.0,0.009009009009009139,100+
0000356_01177_d_0000635.jpg,88,YOLOv13-L,YOLOv13-X,0,0.7073170731707317,0.6590909090909091,0.6823529411764706,46.33815900888294,0.7564102564102564,0.6704545454545454,0.7108433734939757,0.7115384615384616,0.4204545454545454,0.5285714285714285,20.598281000275165,0.6811594202898551,0.5340909090909091,0.5987261146496815,19.494545995257795,0.7073170731707317,0.6590909090909091,0.6823529411764706,31.95529500953853,0.7564102564102564,0.6704545454545454,0.7108433734939757,31.340904999524355,L,X,0.028490432317505143,0.028490432317505143,51-100
0000356_01569_d_0000637.jpg,100,YOLOv13-X,YOLOv13-X,1,0.7424242424242424,0.49,0.5903614457831325,66.98675802908838,0.7424242424242424,0.49,0.5903614457831325,0.492063492063492,0.31,0.3803680981595091,35.751660994719714,0.6142857142857143,0.43,0.5058823529411766,18.9779510255903,0.6153846153846154,0.4,0.4848484848484849,45.5888289725408,0.7424242424242424,0.49,0.5903614457831325,18.963034031912684,X,X,0.0,0.08447909284195598,51-100
0000356_01765_d_0000638.jpg,84,YOLOv13-L,YOLOv13-X,0,0.7777777777777778,0.5833333333333334,0.6666666666666666,48.79227705532685,0.8032786885245902,0.5833333333333334,0.6758620689655173,0.8095238095238095,0.4047619047619047,0.5396825396825397,20.882296026684344,0.6666666666666666,0.5,0.5714285714285715,21.03926002746448,0.7777777777777778,0.5833333333333334,0.6666666666666666,32.48890198301524,0.8032786885245902,0.5833333333333334,0.6758620689655173,61.19877303717658,L,X,0.00919540229885063,0.00919540229885063,51-100
0000356_01961_d_0000639.jpg,111,YOLOv13-X,YOLOv13-L,0,0.6956521739130435,0.4324324324324324,0.5333333333333333,65.72851707460359,0.7230769230769231,0.4234234234234234,0.5340909090909091,0.6,0.3243243243243243,0.4210526315789474,34.86717003397644,0.5857142857142857,0.3693693693693693,0.4530386740331492,29.63726903544739,0.7230769230769231,0.4234234234234234,0.5340909090909091,31.08260803855956,0.6956521739130435,0.4324324324324324,0.5333333333333333,31.317100976593792,X,L,0.0007575757575757347,0.0007575757575757347,100+
0000356_02157_d_0000640.jpg,54,YOLOv13-X,YOLOv13-X,1,0.6129032258064516,0.7037037037037037,0.6551724137931035,43.022129975724965,0.6129032258064516,0.7037037037037037,0.6551724137931035,0.4838709677419355,0.5555555555555556,0.5172413793103449,19.784664968028665,0.5423728813559322,0.5925925925925926,0.5663716814159292,18.92326603410765,0.5441176470588235,0.6851851851851852,0.6065573770491803,33.83402404142544,0.6129032258064516,0.7037037037037037,0.6551724137931035,47.55295399809256,X,X,0.0,0.0486150367439232,51-100
0000356_02353_d_0000641.jpg,106,YOLOv13-X,YOLOv13-X,1,0.7571428571428571,0.5,0.6022727272727273,50.93286698684096,0.7571428571428571,0.5,0.6022727272727273,0.6101694915254238,0.3396226415094339,0.4363636363636363,21.345607994589955,0.6615384615384615,0.4056603773584906,0.5029239766081871,21.185827965382487,0.7142857142857143,0.4716981132075472,0.5681818181818181,32.37081499537453,0.7571428571428571,0.5,0.6022727272727273,34.30486097931862,X,X,0.0,0.03409090909090917,100+
0000356_02745_d_0000643.jpg,97,YOLOv13-X,YOLOv13-X,1,0.8088235294117647,0.5670103092783505,0.6666666666666666,77.87577999988571,0.8088235294117647,0.5670103092783505,0.6666666666666666,0.6756756756756757,0.2577319587628865,0.3731343283582089,35.41813598712906,0.54,0.2783505154639175,0.3673469387755101,29.25972902448848,0.7384615384615385,0.4948453608247423,0.5925925925925927,47.25200496613979,0.8088235294117647,0.5670103092783505,0.6666666666666666,42.54994698567316,X,X,0.0,0.07407407407407396,51-100
0000356_02941_d_0000644.jpg,108,YOLOv13-X,YOLOv13-X,1,0.5,0.3333333333333333,0.4,42.34636900946498,0.5,0.3333333333333333,0.4,0.4054054054054054,0.1388888888888889,0.2068965517241379,19.55405401531607,0.4423076923076923,0.2129629629629629,0.2875,42.41157398791984,0.5079365079365079,0.2962962962962963,0.3742690058479532,59.96715999208391,0.5,0.3333333333333333,0.4,29.757587995845824,X,X,0.0,0.025730994152046827,100+
0000356_03333_d_0000646.jpg,80,YOLOv13-X,YOLOv13-X,1,0.7611940298507462,0.6375,0.6938775510204082,61.456438968889415,0.7611940298507462,0.6375,0.6938775510204082,0.7037037037037037,0.475,0.5671641791044776,32.43324998766184,0.6896551724137931,0.5,0.5797101449275363,28.270674985833463,0.639344262295082,0.4875,0.5531914893617021,31.53059701435268,0.7611940298507462,0.6375,0.6938775510204082,29.49462598189712,X,X,0.0,0.1141674060928719,51-100
0000356_03529_d_0000647.jpg,81,YOLOv13-X,YOLOv13-X,1,0.7125,0.7037037037037037,0.7080745341614907,53.11303603230044,0.7125,0.7037037037037037,0.7080745341614907,0.5714285714285714,0.4938271604938271,0.5298013245033113,21.48305403534323,0.7066666666666667,0.654320987654321,0.6794871794871794,20.025231002364308,0.6744186046511628,0.7160493827160493,0.6946107784431137,31.19105199584737,0.7125,0.7037037037037037,0.7080745341614907,29.987854009959847,X,X,0.0,0.01346375571837699,51-100
0000356_03725_d_0000648.jpg,94,YOLOv13-X,YOLOv13-L,0,0.7543859649122807,0.4574468085106383,0.5695364238410595,49.20854506781325,0.7719298245614035,0.4680851063829787,0.5827814569536424,0.6222222222222222,0.2978723404255319,0.4028776978417266,19.17426905129105,0.578125,0.3936170212765957,0.4683544303797469,26.272530027199537,0.7719298245614035,0.4680851063829787,0.5827814569536424,32.73064398672432,0.7543859649122807,0.4574468085106383,0.5695364238410595,31.568125006742772,X,L,0.013245033112582849,0.013245033112582849,51-100
0000356_03921_d_0000649.jpg,72,YOLOv13-X,YOLOv13-X,1,0.6615384615384615,0.5972222222222222,0.6277372262773723,61.49669794831425,0.6615384615384615,0.5972222222222222,0.6277372262773723,0.6612903225806451,0.5694444444444444,0.6119402985074627,32.48615498887375,0.6428571428571429,0.5,0.5625000000000001,22.088994970545173,0.6964285714285714,0.5416666666666666,0.6093749999999999,29.410194023512304,0.6615384615384615,0.5972222222222222,0.6277372262773723,29.440463986247774,X,X,0.0,0.015796927769909597,51-100
0000356_04117_d_0000650.jpg,93,YOLOv13-X,YOLOv13-L,0,0.7719298245614035,0.4731182795698925,0.5866666666666667,46.27089499263093,0.903846153846154,0.5053763440860215,0.6482758620689656,0.7254901960784313,0.3978494623655914,0.5138888888888888,21.05396002298221,0.7924528301886793,0.4516129032258064,0.5753424657534246,25.418367004022,0.903846153846154,0.5053763440860215,0.6482758620689656,17.895834986120462,0.7719298245614035,0.4731182795698925,0.5866666666666667,36.87624103622511,X,L,0.06160919540229892,0.06160919540229892,51-100
0000356_04313_d_0000651.jpg,99,YOLOv13-X,YOLOv13-L,0,0.7285714285714285,0.5151515151515151,0.603550295857988,68.83940391708165,0.7941176470588235,0.5454545454545454,0.6467065868263473,0.7037037037037037,0.3838383838383838,0.4967320261437908,39.26705894991756,0.7424242424242424,0.494949494949495,0.5939393939393939,15.620168996974826,0.7941176470588235,0.5454545454545454,0.6467065868263473,31.11059596994892,0.7285714285714285,0.5151515151515151,0.603550295857988,30.130777042359117,X,L,0.04315629096835927,0.04315629096835927,51-100
0000356_04705_d_0000653.jpg,70,YOLOv13-X,YOLOv13-X,1,0.7352941176470589,0.7142857142857143,0.7246376811594202,86.05864201672375,0.7352941176470589,0.7142857142857143,0.7246376811594202,0.6,0.4714285714285714,0.528,40.72977101895958,0.6515151515151515,0.6142857142857143,0.6323529411764707,21.624251967296004,0.6533333333333333,0.7,0.6758620689655173,29.03080894611776,0.7352941176470589,0.7142857142857143,0.7246376811594202,30.5491560138762,X,X,0.0,0.04877561219390292,51-100
0000356_04901_d_0000654.jpg,102,YOLOv13-X,YOLOv13-X,1,0.746268656716418,0.4901960784313725,0.591715976331361,49.56360097276047,0.746268656716418,0.4901960784313725,0.591715976331361,0.6481481481481481,0.3431372549019608,0.4487179487179487,19.752407970372587,0.6206896551724138,0.3529411764705882,0.45,35.687437979504466,0.6716417910447762,0.4411764705882353,0.5325443786982248,30.95447894884273,0.746268656716418,0.4901960784313725,0.591715976331361,54.14537998149172,X,X,0.0,0.059171597633136175,100+
0000356_05097_d_0000655.jpg,114,YOLOv13-X,YOLOv13-X,1,0.7702702702702703,0.5,0.6063829787234043,81.81058499030769,0.7702702702702703,0.5,0.6063829787234043,0.6851851851851852,0.3245614035087719,0.4404761904761905,39.81997998198494,0.7647058823529411,0.4561403508771929,0.5714285714285713,21.33657201193273,0.7283950617283951,0.5175438596491229,0.6051282051282051,30.19140800461173,0.7702702702702703,0.5,0.6063829787234043,50.87144102435559,X,X,0.0,0.00125477359519921,100+
0000358_03333_d_0000697.jpg,93,YOLOv13-X,YOLOv13-X,1,0.8727272727272727,0.5161290322580645,0.6486486486486487,43.7303549842909,0.8727272727272727,0.5161290322580645,0.6486486486486487,0.7708333333333334,0.3978494623655914,0.524822695035461,13.593663985375317,0.78,0.4193548387096774,0.5454545454545455,16.676683037076145,0.8035714285714286,0.4838709677419355,0.6040268456375839,53.41388698434457,0.8727272727272727,0.5161290322580645,0.6486486486486487,43.77469402970746,X,X,0.0,0.044621803011064776,51-100
0000359_00393_d_0000701.jpg,39,YOLOv13-L,YOLOv13-L,1,0.7777777777777778,0.717948717948718,0.7466666666666666,47.62061598012224,0.7777777777777778,0.717948717948718,0.7466666666666666,0.7692307692307693,0.5128205128205128,0.6153846153846154,20.87410999229178,0.7692307692307693,0.5128205128205128,0.6153846153846154,17.65097101451829,0.7777777777777778,0.717948717948718,0.7466666666666666,46.11517197918147,0.8333333333333334,0.6410256410256411,0.7246376811594204,60.8871869626455,L,L,0.0,0.02202898550724619,21-50
0000359_00589_d_0000702.jpg,39,YOLOv13-L,YOLOv13-X,0,0.6976744186046512,0.7692307692307693,0.7317073170731708,57.68090498168021,0.7692307692307693,0.7692307692307693,0.7692307692307693,0.7567567567567568,0.717948717948718,0.736842105263158,32.96125598717481,0.6590909090909091,0.7435897435897436,0.6987951807228915,24.4661410106346,0.6976744186046512,0.7692307692307693,0.7317073170731708,30.237721977755427,0.7692307692307693,0.7692307692307693,0.7692307692307693,30.31937900232151,L,X,0.03752345215759845,0.03238866396761131,21-50
0000359_00785_d_0000703.jpg,30,YOLOv13-L,YOLOv13-S,0,0.6153846153846154,0.8,0.6956521739130435,46.51494004065171,0.7575757575757576,0.8333333333333334,0.7936507936507938,0.6052631578947368,0.7666666666666667,0.676470588235294,20.532684051431715,0.7575757575757576,0.8333333333333334,0.7936507936507938,15.070886991452426,0.6153846153846154,0.8,0.6956521739130435,22.556329029612243,0.696969696969697,0.7666666666666667,0.7301587301587302,26.988523022737358,L,S,0.09799861973775037,0.0634920634920636,21-50
0000359_00981_d_0000704.jpg,33,YOLOv13-L,YOLOv13-L,1,0.5833333333333334,0.8484848484848485,0.691358024691358,50.9897269657813,0.5833333333333334,0.8484848484848485,0.691358024691358,0.4482758620689655,0.7878787878787878,0.5714285714285714,21.17897401330993,0.5,0.8181818181818182,0.6206896551724137,22.37639599479735,0.5833333333333334,0.8484848484848485,0.691358024691358,30.83678398979828,0.574468085106383,0.8181818181818182,0.675,32.40506997099146,L,L,0.0,0.016358024691357942,21-50
0000359_01177_d_0000705.jpg,59,YOLOv13-X,YOLOv13-X,1,0.6811594202898551,0.7966101694915254,0.7343750000000001,52.13421699590981,0.6811594202898551,0.7966101694915254,0.7343750000000001,0.5454545454545454,0.711864406779661,0.6176470588235294,21.311389980837703,0.5641025641025641,0.7457627118644068,0.6423357664233577,15.347075008321552,0.6571428571428571,0.7796610169491526,0.7131782945736433,34.125850012060255,0.6811594202898551,0.7966101694915254,0.7343750000000001,31.12380404490977,X,X,0.0,0.021196705426356766,51-100
0000359_01373_d_0000706.jpg,12,YOLOv13-S,YOLOv13-S,1,0.9166666666666666,0.9166666666666666,0.9166666666666666,55.54552201647312,0.9166666666666666,0.9166666666666666,0.9166666666666666,0.7692307692307693,0.8333333333333334,0.8,26.605452003423125,0.9166666666666666,0.9166666666666666,0.9166666666666666,31.43601497868076,0.8461538461538461,0.9166666666666666,0.8799999999999999,33.9867600123398,0.7857142857142857,0.9166666666666666,0.8461538461538461,58.553606970235705,S,S,0.0,0.036666666666666736,11-20
0000359_01961_d_0000707.jpg,18,YOLOv13-L,YOLOv13-L,1,0.8235294117647058,0.7777777777777778,0.7999999999999999,71.32909906795248,0.8235294117647058,0.7777777777777778,0.7999999999999999,0.65,0.7222222222222222,0.6842105263157895,32.77206904022023,0.6521739130434783,0.8333333333333334,0.7317073170731708,23.4541529789567,0.8235294117647058,0.7777777777777778,0.7999999999999999,57.22595402039588,0.7777777777777778,0.7777777777777778,0.7777777777777778,30.012332019396126,L,L,0.0,0.022222222222222143,11-20
0000359_02353_d_0000708.jpg,31,YOLOv13-L,YOLOv13-L,1,0.7391304347826086,0.5483870967741935,0.6296296296296297,46.49939498631284,0.7391304347826086,0.5483870967741935,0.6296296296296297,0.6842105263157895,0.4193548387096774,0.5200000000000001,20.787101006135345,0.6818181818181818,0.4838709677419355,0.5660377358490567,13.81282595684752,0.7391304347826086,0.5483870967741935,0.6296296296296297,60.67685002926737,0.8,0.5161290322580645,0.6274509803921569,21.6506120050326,L,L,0.0,0.002178649237472796,21-50
0000359_02549_d_0000709.jpg,21,YOLOv13-L,YOLOv13-X,0,0.9444444444444444,0.8095238095238095,0.8717948717948718,59.30505704600364,1.0,0.9047619047619048,0.95,0.9444444444444444,0.8095238095238095,0.8717948717948718,22.51650602556765,0.9473684210526316,0.8571428571428571,0.9,42.64691099524498,0.9444444444444444,0.8095238095238095,0.8717948717948718,33.39177794987336,1.0,0.9047619047619048,0.95,30.88950499659404,L,X,0.07820512820512815,0.04999999999999993,21-50
0000359_03333_d_0000711.jpg,13,YOLOv13-L,YOLOv13-L,1,0.7692307692307693,0.7692307692307693,0.7692307692307693,78.14319099998102,0.7692307692307693,0.7692307692307693,0.7692307692307693,0.7142857142857143,0.7692307692307693,0.7407407407407408,31.765290012117475,0.75,0.6923076923076923,0.7199999999999999,41.48157499730587,0.7692307692307693,0.7692307692307693,0.7692307692307693,33.03895296994597,0.7692307692307693,0.7692307692307693,0.7692307692307693,33.36983098415658,L,L,0.0,0.0,11-20
0000359_03529_d_0000712.jpg,16,YOLOv13-L,YOLOv13-X,0,0.7058823529411765,0.75,0.7272727272727272,66.43165700370446,0.8,0.75,0.7741935483870969,0.5294117647058824,0.5625,0.5454545454545455,32.63389499625191,0.631578947368421,0.75,0.6857142857142857,15.195504005532712,0.7058823529411765,0.75,0.7272727272727272,31.10346000175923,0.8,0.75,0.7741935483870969,44.96959899552167,L,X,0.04692082111436968,0.04692082111436968,11-20
0000360_00001_d_0000713.jpg,80,YOLOv13-X,YOLOv13-L,0,0.7666666666666667,0.575,0.6571428571428571,75.81827096873894,0.746268656716418,0.625,0.6802721088435375,0.6842105263157895,0.4875,0.5693430656934307,36.1512919771485,0.7924528301886793,0.525,0.631578947368421,17.544288013596088,0.746268656716418,0.625,0.6802721088435375,64.77580801583827,0.7666666666666667,0.575,0.6571428571428571,51.27705103950575,X,L,0.023129251700680364,0.023129251700680364,51-100
0000360_00197_d_0000714.jpg,79,YOLOv13-X,YOLOv13-L,0,0.7164179104477612,0.6075949367088608,0.6575342465753424,50.89463904732838,0.7384615384615385,0.6075949367088608,0.6666666666666666,0.6727272727272727,0.4683544303797468,0.5522388059701493,26.871755020692945,0.7454545454545455,0.5189873417721519,0.6119402985074627,17.85848697181791,0.7384615384615385,0.6075949367088608,0.6666666666666666,46.86817800393328,0.7164179104477612,0.6075949367088608,0.6575342465753424,56.140943022910506,X,L,0.0091324200913242,0.0091324200913242,51-100
0000360_00393_d_0000715.jpg,79,YOLOv13-X,YOLOv13-X,1,0.7704918032786885,0.5949367088607594,0.6714285714285714,71.91431301180273,0.7704918032786885,0.5949367088607594,0.6714285714285714,0.8,0.4556962025316455,0.5806451612903226,37.50969504471868,0.8,0.5063291139240507,0.6201550387596899,27.02358301030472,0.7457627118644068,0.5569620253164557,0.6376811594202898,30.188030970748517,0.7704918032786885,0.5949367088607594,0.6714285714285714,32.116742979269475,X,X,0.0,0.033747412008281574,51-100
0000360_00589_d_0000716.jpg,60,YOLOv13-X,YOLOv13-L,0,0.7450980392156863,0.6333333333333333,0.6846846846846847,54.02402998879552,0.7755102040816326,0.6333333333333333,0.6972477064220183,0.6521739130434783,0.5,0.5660377358490566,25.872174999676645,0.7333333333333333,0.55,0.6285714285714286,20.56055597495288,0.7755102040816326,0.6333333333333333,0.6972477064220183,60.25518197566271,0.7450980392156863,0.6333333333333333,0.6846846846846847,49.59453898482025,X,L,0.01256302173733359,0.01256302173733359,51-100
0000360_00785_d_0000717.jpg,59,YOLOv13-L,YOLOv13-L,1,0.6842105263157895,0.6610169491525424,0.6724137931034484,55.439364979974926,0.6842105263157895,0.6610169491525424,0.6724137931034484,0.5116279069767442,0.3728813559322034,0.4313725490196078,32.583321968559176,0.6041666666666666,0.4915254237288136,0.5420560747663552,14.240221993532032,0.6842105263157895,0.6610169491525424,0.6724137931034484,42.61722095543519,0.6481481481481481,0.5932203389830508,0.6194690265486725,62.41203297395259,L,L,0.0,0.05294476655477587,51-100
0000360_00981_d_0000718.jpg,65,YOLOv13-X,YOLOv13-L,0,0.7,0.6461538461538462,0.6719999999999999,71.95414998568594,0.7678571428571429,0.6615384615384615,0.7107438016528925,0.717391304347826,0.5076923076923077,0.5945945945945945,41.75240296171978,0.7307692307692307,0.5846153846153846,0.6495726495726495,19.617470039520413,0.7678571428571429,0.6615384615384615,0.7107438016528925,34.48466304689646,0.7,0.6461538461538462,0.6719999999999999,31.789536005817357,X,L,0.038743801652892595,0.038743801652892595,51-100
0000360_02353_d_0000725.jpg,72,YOLOv13-L,YOLOv13-X,0,0.78125,0.6944444444444444,0.7352941176470588,58.256658958271146,0.8064516129032258,0.6944444444444444,0.746268656716418,0.7959183673469388,0.5416666666666666,0.6446280991735536,16.476143966428936,0.7857142857142857,0.6111111111111112,0.6875000000000001,39.00115599390119,0.78125,0.6944444444444444,0.7352941176470588,32.620963000226766,0.8064516129032258,0.6944444444444444,0.746268656716418,32.52996399533004,L,X,0.01097453906935919,0.01097453906935919,51-100
0000360_02745_d_0000727.jpg,81,YOLOv13-L,YOLOv13-X,0,0.8076923076923077,0.5185185185185185,0.6315789473684211,54.49984996812418,0.7931034482758621,0.5679012345679012,0.6618705035971224,0.6666666666666666,0.3950617283950617,0.4961240310077519,21.27502695657313,0.8113207547169812,0.5308641975308642,0.6417910447761194,40.25910602649674,0.8076923076923077,0.5185185185185185,0.6315789473684211,41.015258990228176,0.7931034482758621,0.5679012345679012,0.6618705035971224,23.563683032989506,L,X,0.030291556228701277,0.020079458821003038,51-100
0000360_02941_d_0000728.jpg,45,YOLOv13-L,YOLOv13-L,1,0.7111111111111111,0.7111111111111111,0.7111111111111111,55.28263503219932,0.7111111111111111,0.7111111111111111,0.7111111111111111,0.5869565217391305,0.6,0.5934065934065934,19.726589031051844,0.725,0.6444444444444445,0.6823529411764706,21.524764015339315,0.7111111111111111,0.7111111111111111,0.7111111111111111,32.9806890222244,0.7209302325581395,0.6888888888888889,0.7045454545454545,33.652354031801224,L,L,0.0,0.0065656565656566634,21-50
0000360_03137_d_0000729.jpg,56,YOLOv13-L,YOLOv13-X,0,0.7884615384615384,0.7321428571428571,0.7592592592592592,58.00064100185409,0.84,0.75,0.7924528301886793,0.8181818181818182,0.6428571428571429,0.7200000000000001,21.344760025385767,0.8666666666666667,0.6964285714285714,0.7722772277227722,17.047761008143425,0.7884615384615384,0.7321428571428571,0.7592592592592592,60.09502802044153,0.84,0.75,0.7924528301886793,34.175552951637655,L,X,0.0331935709294201,0.020175602465907105,51-100
0000360_03333_d_0000730.jpg,56,YOLOv13-L,YOLOv13-X,0,0.7083333333333334,0.6071428571428571,0.6538461538461539,53.07546001859009,0.7446808510638298,0.625,0.6796116504854368,0.6078431372549019,0.5535714285714286,0.5794392523364487,18.313655979000032,0.6976744186046512,0.5357142857142857,0.6060606060606061,22.050444036722183,0.7083333333333334,0.6071428571428571,0.6538461538461539,31.446370005141944,0.7446808510638298,0.625,0.6796116504854368,29.17461795732379,L,X,0.02576549663928296,0.02576549663928296,51-100
0000360_03529_d_0000731.jpg,31,YOLOv13-L,YOLOv13-L,1,0.92,0.7419354838709677,0.8214285714285714,69.40469000255689,0.92,0.7419354838709677,0.8214285714285714,0.7692307692307693,0.6451612903225806,0.7017543859649122,29.64502602117136,0.7407407407407407,0.6451612903225806,0.689655172413793,17.210001999046654,0.92,0.7419354838709677,0.8214285714285714,36.87203797744587,0.8518518518518519,0.7419354838709677,0.7931034482758621,29.134054959286004,L,L,0.0,0.028325123152709297,21-50
0000360_03921_d_0000733.jpg,52,YOLOv13-X,YOLOv13-S,0,0.625,0.4807692307692308,0.5434782608695652,50.11392006417736,0.7142857142857143,0.4807692307692308,0.5747126436781609,0.6129032258064516,0.3653846153846153,0.4578313253012048,21.190470026340336,0.7142857142857143,0.4807692307692308,0.5747126436781609,17.917455988936126,0.7058823529411765,0.4615384615384615,0.558139534883721,28.38346199132502,0.625,0.4807692307692308,0.5434782608695652,28.357825009152293,X,S,0.031234382808595695,0.01657310879443985,51-100
0000360_04117_d_0000734.jpg,18,YOLOv13-S,YOLOv13-L,0,0.8333333333333334,0.8333333333333334,0.8333333333333334,45.54901900701225,0.9411764705882352,0.8888888888888888,0.9142857142857144,0.7333333333333333,0.6111111111111112,0.6666666666666666,20.26203798595816,0.8333333333333334,0.8333333333333334,0.8333333333333334,15.857699036132544,0.9411764705882352,0.8888888888888888,0.9142857142857144,33.11924199806526,0.8421052631578947,0.8888888888888888,0.8648648648648649,32.26044698385522,S,L,0.080952380952381,0.049420849420849455,11-20
0000360_04705_d_0000737.jpg,9,YOLOv13-L,YOLOv13-N,0,0.8,0.8888888888888888,0.8421052631578948,46.00020899670199,0.75,1.0,0.8571428571428571,0.75,1.0,0.8571428571428571,15.628585999365896,0.8,0.8888888888888888,0.8421052631578948,18.52846296969801,0.8,0.8888888888888888,0.8421052631578948,38.822470989543945,0.7272727272727273,0.8888888888888888,0.7999999999999999,58.617760019842535,L,N,0.015037593984962294,0.015037593984962294,6-10
0000360_05293_d_0000740.jpg,70,YOLOv13-L,YOLOv13-X,0,0.82,0.5857142857142857,0.6833333333333333,73.62792198546231,0.8627450980392157,0.6285714285714286,0.7272727272727274,0.6923076923076923,0.5142857142857142,0.5901639344262295,36.407047999091446,0.7692307692307693,0.5714285714285714,0.6557377049180327,15.623159997630864,0.82,0.5857142857142857,0.6833333333333333,31.3656649668701,0.8627450980392157,0.6285714285714286,0.7272727272727274,30.91747796861455,L,X,0.043939393939394056,0.043939393939394056,51-100
0000360_05685_d_0000742.jpg,60,YOLOv13-X,YOLOv13-X,1,0.8571428571428571,0.7,0.7706422018348624,62.05148296430707,0.8571428571428571,0.7,0.7706422018348624,0.6511627906976745,0.4666666666666667,0.5436893203883496,19.829333992674947,0.7441860465116279,0.5333333333333333,0.6213592233009709,26.40001598047093,0.8723404255319149,0.6833333333333333,0.766355140186916,33.53402198990807,0.8571428571428571,0.7,0.7706422018348624,38.99784298846498,X,X,0.0,0.004287061647946455,51-100
0000360_06273_d_0000745.jpg,17,YOLOv13-X,YOLOv13-X,1,0.56,0.8235294117647058,0.6666666666666666,48.365853959694505,0.56,0.8235294117647058,0.6666666666666666,0.3823529411764705,0.7647058823529411,0.5098039215686274,20.17827797681093,0.4333333333333333,0.7647058823529411,0.5531914893617021,19.23691300908104,0.4482758620689655,0.7647058823529411,0.5652173913043479,35.575961985159665,0.56,0.8235294117647058,0.6666666666666666,22.206835041288286,X,X,0.0,0.10144927536231874,11-20
0000360_06665_d_0000747.jpg,48,YOLOv13-L,YOLOv13-X,0,0.8372093023255814,0.75,0.7912087912087912,51.326695014722645,0.8974358974358975,0.7291666666666666,0.8045977011494253,0.7297297297297297,0.5625,0.6352941176470588,20.91075002681464,0.7441860465116279,0.6666666666666666,0.7032967032967034,20.431662967894223,0.8372093023255814,0.75,0.7912087912087912,30.570729984901845,0.8974358974358975,0.7291666666666666,0.8045977011494253,31.45954298088327,L,X,0.01338890994063413,0.01338890994063413,21-50
0000360_06861_d_0000748.jpg,25,YOLOv13-L,YOLOv13-S,0,0.8846153846153846,0.92,0.9019607843137256,50.29558000387624,0.9230769230769232,0.96,0.9411764705882352,0.8888888888888888,0.96,0.923076923076923,17.887951980810612,0.9230769230769232,0.96,0.9411764705882352,32.57958899484947,0.8846153846153846,0.92,0.9019607843137256,38.14867301844061,0.8888888888888888,0.96,0.923076923076923,43.94035297445953,L,S,0.039215686274509554,0.018099547511312153,21-50
0000360_07057_d_0000749.jpg,15,YOLOv13-X,YOLOv13-L,0,0.5789473684210527,0.7333333333333333,0.6470588235294117,60.09135500062257,0.7222222222222222,0.8666666666666667,0.7878787878787877,0.3793103448275862,0.7333333333333333,0.5,32.48490102123469,0.5,0.6666666666666666,0.5714285714285715,19.49858898296952,0.7222222222222222,0.8666666666666667,0.7878787878787877,28.36464100982994,0.5789473684210527,0.7333333333333333,0.6470588235294117,61.4143869606778,X,L,0.14081996434937605,0.14081996434937605,11-20
0000360_07253_d_0000750.jpg,28,YOLOv13-L,YOLOv13-L,1,0.8,0.8571428571428571,0.8275862068965518,56.50853901170194,0.8,0.8571428571428571,0.8275862068965518,0.7586206896551724,0.7857142857142857,0.7719298245614034,26.098498958162963,0.6875,0.7857142857142857,0.7333333333333334,19.763963005971164,0.8,0.8571428571428571,0.8275862068965518,33.61854702234268,0.8214285714285714,0.8214285714285714,0.8214285714285714,29.414125019684437,L,L,0.0,0.006157635467980427,21-50
0000360_07645_d_0000752.jpg,16,YOLOv13-L,YOLOv13-L,1,0.8421052631578947,1.0,0.9142857142857144,60.08931598626077,0.8421052631578947,1.0,0.9142857142857144,0.6190476190476191,0.8125,0.7027027027027026,18.355419975705445,0.8235294117647058,0.875,0.8484848484848485,19.436875998508185,0.8421052631578947,1.0,0.9142857142857144,43.4991079964675,0.8421052631578947,1.0,0.9142857142857144,26.766180992126465,L,L,0.0,0.0,11-20
0000364_00589_d_0000798.jpg,62,YOLOv13-L,YOLOv13-X,0,0.5357142857142857,0.4838709677419355,0.5084745762711865,44.29263999918476,0.6037735849056604,0.5161290322580645,0.5565217391304349,0.5588235294117647,0.3064516129032258,0.3958333333333333,20.52360901143402,0.5588235294117647,0.3064516129032258,0.3958333333333333,16.21847104979679,0.5357142857142857,0.4838709677419355,0.5084745762711865,30.61430796515197,0.6037735849056604,0.5161290322580645,0.5565217391304349,29.76677101105452,L,X,0.04804716285924837,0.04804716285924837,51-100
0000364_01177_d_0000799.jpg,80,YOLOv13-L,YOLOv13-L,1,0.6909090909090909,0.475,0.5629629629629629,59.42549603059888,0.6909090909090909,0.475,0.5629629629629629,0.6585365853658537,0.3375,0.4462809917355372,19.47125600418076,0.7567567567567568,0.35,0.4786324786324787,19.281346001662317,0.6909090909090909,0.475,0.5629629629629629,33.18460297305137,0.6610169491525424,0.4875,0.5611510791366906,30.72589001385495,L,L,0.0,0.001811883826272287,51-100
0000364_01373_d_0000780.jpg,64,YOLOv13-L,YOLOv13-X,0,0.4629629629629629,0.390625,0.423728813559322,53.55543404584751,0.576271186440678,0.53125,0.5528455284552846,0.5,0.3125,0.3846153846153846,19.45886202156544,0.5681818181818182,0.390625,0.4629629629629629,16.74899796489626,0.4629629629629629,0.390625,0.423728813559322,30.859658028930426,0.576271186440678,0.53125,0.5528455284552846,28.24436000082642,L,X,0.12911671489596255,0.08988256549232165,51-100
0000364_01569_d_0000781.jpg,97,YOLOv13-X,YOLOv13-L,0,0.711864406779661,0.4329896907216495,0.5384615384615384,40.00988497864455,0.7704918032786885,0.4845360824742268,0.5949367088607594,0.7567567567567568,0.2886597938144329,0.4179104477611939,14.737028977833688,0.78,0.4020618556701031,0.5306122448979592,14.046814001630992,0.7704918032786885,0.4845360824742268,0.5949367088607594,26.55936498194933,0.711864406779661,0.4329896907216495,0.5384615384615384,31.60244395257905,X,L,0.05647517039922101,0.05647517039922101,51-100
0000364_01765_d_0000782.jpg,81,YOLOv13-X,YOLOv13-L,0,0.5441176470588235,0.4567901234567901,0.4966442953020133,46.98495502816513,0.5970149253731343,0.4938271604938271,0.5405405405405405,0.5217391304347826,0.2962962962962963,0.3779527559055118,19.2242760094814,0.6,0.4444444444444444,0.5106382978723405,12.985993002075702,0.5970149253731343,0.4938271604938271,0.5405405405405405,30.25126998545602,0.5441176470588235,0.4567901234567901,0.4966442953020133,29.62959097931161,X,L,0.04389624523852714,0.029902242668199963,51-100
